=== GETT-Matrix: 36 Faelle | Stufen: ['teir_sa', 'teir_ga', 'teir_random'] | Start 2026-08-01 12:49:31 ===
    Budgets: TEIR=30 Trials, TVM=200 Trials
    Timeouts[s]: torch=300 teir=1800 tvm=1800

----- Stufe TEIR_SA -> teir_sa.csv (0 bereits erledigt) @ 2026-08-01 12:49:31 -----
  [teir_sa]  1/36 contraction_abc_bda_dc                 ... START @ 2026-08-01 12:49:31
        · teir_sa:contraction_abc_bda_dc laeuft [   30s] … [NEW BEST] Trial #1 | SF=2, Parallel=a -> Zeit: 74.7992 ms (36.3361 GFLOPS)
        · teir_sa:contraction_abc_bda_dc laeuft [   60s] … [NEW BEST] Trial #1 | SF=2, Parallel=a -> Zeit: 74.7992 ms (36.3361 GFLOPS)
        · teir_sa:contraction_abc_bda_dc laeuft [   90s] … [NEW BEST] Trial #1 | SF=2, Parallel=a -> Zeit: 74.7992 ms (36.3361 GFLOPS)
        · teir_sa:contraction_abc_bda_dc laeuft [  120s] … [NEW BEST] Trial #1 | SF=2, Parallel=a -> Zeit: 74.7992 ms (36.3361 GFLOPS)
        · teir_sa:contraction_abc_bda_dc laeuft [  150s] … [NEW BEST] Trial #1 | SF=2, Parallel=a -> Zeit: 74.7992 ms (36.3361 GFLOPS)
        · teir_sa:contraction_abc_bda_dc laeuft [  180s] … [NEW BEST] Trial #1 | SF=2, Parallel=a -> Zeit: 74.7992 ms (36.3361 GFLOPS)
        · teir_sa:contraction_abc_bda_dc laeuft [  210s] … [NEW BEST] Trial #1 | SF=2, Parallel=a -> Zeit: 74.7992 ms (36.3361 GFLOPS)
        · teir_sa:contraction_abc_bda_dc laeuft [  240s] … [NEW BEST] Trial #1 | SF=2, Parallel=a -> Zeit: 74.7992 ms (36.3361 GFLOPS)
        · teir_sa:contraction_abc_bda_dc laeuft [  270s] … [NEW BEST] Trial #1 | SF=2, Parallel=a -> Zeit: 74.7992 ms (36.3361 GFLOPS)
        · teir_sa:contraction_abc_bda_dc laeuft [  300s] … [NEW BEST] Trial #1 | SF=2, Parallel=a -> Zeit: 74.7992 ms (36.3361 GFLOPS)
        · teir_sa:contraction_abc_bda_dc laeuft [  330s] … [NEW BEST] Trial #1 | SF=2, Parallel=a -> Zeit: 74.7992 ms (36.3361 GFLOPS)
        · teir_sa:contraction_abc_bda_dc laeuft [  360s] … [NEW BEST] Trial #1 | SF=2, Parallel=a -> Zeit: 74.7992 ms (36.3361 GFLOPS)
        · teir_sa:contraction_abc_bda_dc laeuft [  390s] … [NEW BEST] Trial #1 | SF=2, Parallel=a -> Zeit: 74.7992 ms (36.3361 GFLOPS)
        · teir_sa:contraction_abc_bda_dc laeuft [  420s] … [NEW BEST] Trial #1 | SF=2, Parallel=a -> Zeit: 74.7992 ms (36.3361 GFLOPS)
        · teir_sa:contraction_abc_bda_dc laeuft [  450s] … [NEW BEST] Trial #1 | SF=2, Parallel=a -> Zeit: 74.7992 ms (36.3361 GFLOPS)
        · teir_sa:contraction_abc_bda_dc laeuft [  480s] … [NEW BEST] Trial #1 | SF=2, Parallel=a -> Zeit: 74.7992 ms (36.3361 GFLOPS)
        · teir_sa:contraction_abc_bda_dc laeuft [  510s] … [NEW BEST] Trial #1 | SF=2, Parallel=a -> Zeit: 74.7992 ms (36.3361 GFLOPS)
        · teir_sa:contraction_abc_bda_dc laeuft [  540s] … [NEW BEST] Trial #1 | SF=2, Parallel=a -> Zeit: 74.7992 ms (36.3361 GFLOPS)
        · teir_sa:contraction_abc_bda_dc laeuft [  570s] … [NEW BEST] Trial #1 | SF=2, Parallel=a -> Zeit: 74.7992 ms (36.3361 GFLOPS)
        · teir_sa:contraction_abc_bda_dc laeuft [  600s] … [NEW BEST] Trial #1 | SF=2, Parallel=a -> Zeit: 74.7992 ms (36.3361 GFLOPS)
        · teir_sa:contraction_abc_bda_dc laeuft [  630s] … [NEW BEST] Trial #1 | SF=2, Parallel=a -> Zeit: 74.7992 ms (36.3361 GFLOPS)
  [teir_sa]  1/36 contraction_abc_bda_dc                 30.3 GFLOPS [ok]                634s  DONE @ 2026-08-01 13:00:06
  [teir_sa]  2/36 contraction_abc_dca_bd                 ... START @ 2026-08-01 13:00:06
        · teir_sa:contraction_abc_dca_bd laeuft [   30s] … [NEW BEST] Trial #7 | SF=2, Parallel=c -> Zeit: 140.485 ms (18.9435 GFLOPS)
        · teir_sa:contraction_abc_dca_bd laeuft [   60s] … [NEW BEST] Trial #7 | SF=2, Parallel=c -> Zeit: 140.485 ms (18.9435 GFLOPS)
        · teir_sa:contraction_abc_dca_bd laeuft [   90s] … [NEW BEST] Trial #7 | SF=2, Parallel=c -> Zeit: 140.485 ms (18.9435 GFLOPS)
        · teir_sa:contraction_abc_dca_bd laeuft [  120s] … [NEW BEST] Trial #7 | SF=2, Parallel=c -> Zeit: 140.485 ms (18.9435 GFLOPS)
        · teir_sa:contraction_abc_dca_bd laeuft [  150s] … [NEW BEST] Trial #7 | SF=2, Parallel=c -> Zeit: 140.485 ms (18.9435 GFLOPS)
        · teir_sa:contraction_abc_dca_bd laeuft [  180s] … [NEW BEST] Trial #7 | SF=2, Parallel=c -> Zeit: 140.485 ms (18.9435 GFLOPS)
        · teir_sa:contraction_abc_dca_bd laeuft [  210s] … [NEW BEST] Trial #7 | SF=2, Parallel=c -> Zeit: 140.485 ms (18.9435 GFLOPS)
        · teir_sa:contraction_abc_dca_bd laeuft [  240s] … [NEW BEST] Trial #7 | SF=2, Parallel=c -> Zeit: 140.485 ms (18.9435 GFLOPS)
        · teir_sa:contraction_abc_dca_bd laeuft [  270s] … [NEW BEST] Trial #7 | SF=2, Parallel=c -> Zeit: 140.485 ms (18.9435 GFLOPS)
        · teir_sa:contraction_abc_dca_bd laeuft [  300s] … [NEW BEST] Trial #7 | SF=2, Parallel=c -> Zeit: 140.485 ms (18.9435 GFLOPS)
        · teir_sa:contraction_abc_dca_bd laeuft [  330s] … [NEW BEST] Trial #7 | SF=2, Parallel=c -> Zeit: 140.485 ms (18.9435 GFLOPS)
        · teir_sa:contraction_abc_dca_bd laeuft [  360s] … [NEW BEST] Trial #7 | SF=2, Parallel=c -> Zeit: 140.485 ms (18.9435 GFLOPS)
        · teir_sa:contraction_abc_dca_bd laeuft [  390s] … [NEW BEST] Trial #7 | SF=2, Parallel=c -> Zeit: 140.485 ms (18.9435 GFLOPS)
        · teir_sa:contraction_abc_dca_bd laeuft [  420s] … [NEW BEST] Trial #7 | SF=2, Parallel=c -> Zeit: 140.485 ms (18.9435 GFLOPS)
        · teir_sa:contraction_abc_dca_bd laeuft [  450s] … [NEW BEST] Trial #7 | SF=2, Parallel=c -> Zeit: 140.485 ms (18.9435 GFLOPS)
        · teir_sa:contraction_abc_dca_bd laeuft [  480s] … [NEW BEST] Trial #7 | SF=2, Parallel=c -> Zeit: 140.485 ms (18.9435 GFLOPS)
        · teir_sa:contraction_abc_dca_bd laeuft [  510s] … [NEW BEST] Trial #7 | SF=2, Parallel=c -> Zeit: 140.485 ms (18.9435 GFLOPS)
        · teir_sa:contraction_abc_dca_bd laeuft [  540s] … [NEW BEST] Trial #7 | SF=2, Parallel=c -> Zeit: 140.485 ms (18.9435 GFLOPS)
        · teir_sa:contraction_abc_dca_bd laeuft [  570s] … [NEW BEST] Trial #7 | SF=2, Parallel=c -> Zeit: 140.485 ms (18.9435 GFLOPS)
        · teir_sa:contraction_abc_dca_bd laeuft [  600s] … [NEW BEST] Trial #7 | SF=2, Parallel=c -> Zeit: 140.485 ms (18.9435 GFLOPS)
        · teir_sa:contraction_abc_dca_bd laeuft [  630s] … [NEW BEST] Trial #7 | SF=2, Parallel=c -> Zeit: 140.485 ms (18.9435 GFLOPS)
        · teir_sa:contraction_abc_dca_bd laeuft [  660s] … [NEW BEST] Trial #7 | SF=2, Parallel=c -> Zeit: 140.485 ms (18.9435 GFLOPS)
        · teir_sa:contraction_abc_dca_bd laeuft [  690s] … [NEW BEST] Trial #7 | SF=2, Parallel=c -> Zeit: 140.485 ms (18.9435 GFLOPS)
        · teir_sa:contraction_abc_dca_bd laeuft [  720s] … [JIT] Kompiliere Kernel...
  [teir_sa]  2/36 contraction_abc_dca_bd                 18.0 GFLOPS [ok]                722s  DONE @ 2026-08-01 13:12:07
  [teir_sa]  3/36 contraction_abcd_dbea_ec               ... START @ 2026-08-01 13:12:07
        · teir_sa:contraction_abcd_dbea_ec laeuft [   30s] … [NEW BEST] Trial #1 | SF=2, Parallel=a -> Zeit: 161.766 ms (22.0519 GFLOPS)
        · teir_sa:contraction_abcd_dbea_ec laeuft [   60s] … [NEW BEST] Trial #1 | SF=2, Parallel=a -> Zeit: 161.766 ms (22.0519 GFLOPS)
        · teir_sa:contraction_abcd_dbea_ec laeuft [   90s] … [NEW BEST] Trial #1 | SF=2, Parallel=a -> Zeit: 161.766 ms (22.0519 GFLOPS)
        · teir_sa:contraction_abcd_dbea_ec laeuft [  120s] … [NEW BEST] Trial #1 | SF=2, Parallel=a -> Zeit: 161.766 ms (22.0519 GFLOPS)
        · teir_sa:contraction_abcd_dbea_ec laeuft [  150s] … [NEW BEST] Trial #1 | SF=2, Parallel=a -> Zeit: 161.766 ms (22.0519 GFLOPS)
        · teir_sa:contraction_abcd_dbea_ec laeuft [  180s] … [NEW BEST] Trial #1 | SF=2, Parallel=a -> Zeit: 161.766 ms (22.0519 GFLOPS)
        · teir_sa:contraction_abcd_dbea_ec laeuft [  210s] … [NEW BEST] Trial #1 | SF=2, Parallel=a -> Zeit: 161.766 ms (22.0519 GFLOPS)
        · teir_sa:contraction_abcd_dbea_ec laeuft [  240s] … [NEW BEST] Trial #1 | SF=2, Parallel=a -> Zeit: 161.766 ms (22.0519 GFLOPS)
        · teir_sa:contraction_abcd_dbea_ec laeuft [  270s] … [NEW BEST] Trial #1 | SF=2, Parallel=a -> Zeit: 161.766 ms (22.0519 GFLOPS)
        · teir_sa:contraction_abcd_dbea_ec laeuft [  300s] … [NEW BEST] Trial #1 | SF=2, Parallel=a -> Zeit: 161.766 ms (22.0519 GFLOPS)
        · teir_sa:contraction_abcd_dbea_ec laeuft [  330s] … [NEW BEST] Trial #1 | SF=2, Parallel=a -> Zeit: 161.766 ms (22.0519 GFLOPS)
        · teir_sa:contraction_abcd_dbea_ec laeuft [  360s] … [NEW BEST] Trial #1 | SF=2, Parallel=a -> Zeit: 161.766 ms (22.0519 GFLOPS)
        · teir_sa:contraction_abcd_dbea_ec laeuft [  777s] … [NEW BEST] Trial #1 | SF=2, Parallel=a -> Zeit: 161.766 ms (22.0519 GFLOPS)
        · teir_sa:contraction_abcd_dbea_ec laeuft [  779s] … [NEW BEST] Trial #1 | SF=2, Parallel=a -> Zeit: 161.766 ms (22.0519 GFLOPS)
        · teir_sa:contraction_abcd_dbea_ec laeuft [  781s] … [NEW BEST] Trial #1 | SF=2, Parallel=a -> Zeit: 161.766 ms (22.0519 GFLOPS)
        · teir_sa:contraction_abcd_dbea_ec laeuft [  783s] … [NEW BEST] Trial #1 | SF=2, Parallel=a -> Zeit: 161.766 ms (22.0519 GFLOPS)
        · teir_sa:contraction_abcd_dbea_ec laeuft [ 1027s] … [NEW BEST] Trial #1 | SF=2, Parallel=a -> Zeit: 161.766 ms (22.0519 GFLOPS)
        · teir_sa:contraction_abcd_dbea_ec laeuft [ 1029s] … [NEW BEST] Trial #1 | SF=2, Parallel=a -> Zeit: 161.766 ms (22.0519 GFLOPS)
        · teir_sa:contraction_abcd_dbea_ec laeuft [ 1031s] … [NEW BEST] Trial #1 | SF=2, Parallel=a -> Zeit: 161.766 ms (22.0519 GFLOPS)
        · teir_sa:contraction_abcd_dbea_ec laeuft [ 1033s] … [NEW BEST] Trial #1 | SF=2, Parallel=a -> Zeit: 161.766 ms (22.0519 GFLOPS)
        · teir_sa:contraction_abcd_dbea_ec laeuft [ 1035s] … [NEW BEST] Trial #1 | SF=2, Parallel=a -> Zeit: 161.766 ms (22.0519 GFLOPS)
        · teir_sa:contraction_abcd_dbea_ec laeuft [ 1037s] … [NEW BEST] Trial #1 | SF=2, Parallel=a -> Zeit: 161.766 ms (22.0519 GFLOPS)
        · teir_sa:contraction_abcd_dbea_ec laeuft [ 1039s] … [NEW BEST] Trial #1 | SF=2, Parallel=a -> Zeit: 161.766 ms (22.0519 GFLOPS)
        · teir_sa:contraction_abcd_dbea_ec laeuft [ 1041s] … [NEW BEST] Trial #1 | SF=2, Parallel=a -> Zeit: 161.766 ms (22.0519 GFLOPS)
        · teir_sa:contraction_abcd_dbea_ec laeuft [ 1043s] … [NEW BEST] Trial #1 | SF=2, Parallel=a -> Zeit: 161.766 ms (22.0519 GFLOPS)
        · teir_sa:contraction_abcd_dbea_ec laeuft [ 1045s] … [NEW BEST] Trial #1 | SF=2, Parallel=a -> Zeit: 161.766 ms (22.0519 GFLOPS)
        · teir_sa:contraction_abcd_dbea_ec laeuft [ 1047s] … [NEW BEST] Trial #1 | SF=2, Parallel=a -> Zeit: 161.766 ms (22.0519 GFLOPS)
        · teir_sa:contraction_abcd_dbea_ec laeuft [ 1049s] … [NEW BEST] Trial #1 | SF=2, Parallel=a -> Zeit: 161.766 ms (22.0519 GFLOPS)
        · teir_sa:contraction_abcd_dbea_ec laeuft [ 1051s] … [NEW BEST] Trial #1 | SF=2, Parallel=a -> Zeit: 161.766 ms (22.0519 GFLOPS)
        · teir_sa:contraction_abcd_dbea_ec laeuft [ 1053s] … [NEW BEST] Trial #1 | SF=2, Parallel=a -> Zeit: 161.766 ms (22.0519 GFLOPS)
        · teir_sa:contraction_abcd_dbea_ec laeuft [ 1055s] … [NEW BEST] Trial #1 | SF=2, Parallel=a -> Zeit: 161.766 ms (22.0519 GFLOPS)
        · teir_sa:contraction_abcd_dbea_ec laeuft [ 1057s] … [NEW BEST] Trial #1 | SF=2, Parallel=a -> Zeit: 161.766 ms (22.0519 GFLOPS)
        · teir_sa:contraction_abcd_dbea_ec laeuft [ 1059s] … [NEW BEST] Trial #1 | SF=2, Parallel=a -> Zeit: 161.766 ms (22.0519 GFLOPS)
        · teir_sa:contraction_abcd_dbea_ec laeuft [ 1061s] … [NEW BEST] Trial #1 | SF=2, Parallel=a -> Zeit: 161.766 ms (22.0519 GFLOPS)
        · teir_sa:contraction_abcd_dbea_ec laeuft [ 1063s] … [NEW BEST] Trial #1 | SF=2, Parallel=a -> Zeit: 161.766 ms (22.0519 GFLOPS)
        · teir_sa:contraction_abcd_dbea_ec laeuft [ 1081s] … [NEW BEST] Trial #1 | SF=2, Parallel=a -> Zeit: 161.766 ms (22.0519 GFLOPS)
        · teir_sa:contraction_abcd_dbea_ec laeuft [ 1111s] … [NEW BEST] Trial #1 | SF=2, Parallel=a -> Zeit: 161.766 ms (22.0519 GFLOPS)
        · teir_sa:contraction_abcd_dbea_ec laeuft [ 1141s] … [NEW BEST] Trial #1 | SF=2, Parallel=a -> Zeit: 161.766 ms (22.0519 GFLOPS)
        · teir_sa:contraction_abcd_dbea_ec laeuft [ 1419s] … [NEW BEST] Trial #1 | SF=2, Parallel=a -> Zeit: 161.766 ms (22.0519 GFLOPS)
        · teir_sa:contraction_abcd_dbea_ec laeuft [ 1421s] … [NEW BEST] Trial #1 | SF=2, Parallel=a -> Zeit: 161.766 ms (22.0519 GFLOPS)
        · teir_sa:contraction_abcd_dbea_ec laeuft [ 1423s] … [NEW BEST] Trial #1 | SF=2, Parallel=a -> Zeit: 161.766 ms (22.0519 GFLOPS)
        · teir_sa:contraction_abcd_dbea_ec laeuft [ 1425s] … [NEW BEST] Trial #1 | SF=2, Parallel=a -> Zeit: 161.766 ms (22.0519 GFLOPS)
        · teir_sa:contraction_abcd_dbea_ec laeuft [ 1427s] … [NEW BEST] Trial #1 | SF=2, Parallel=a -> Zeit: 161.766 ms (22.0519 GFLOPS)
        · teir_sa:contraction_abcd_dbea_ec laeuft [ 1713s] … [NEW BEST] Trial #1 | SF=2, Parallel=a -> Zeit: 161.766 ms (22.0519 GFLOPS)
        · teir_sa:contraction_abcd_dbea_ec laeuft [ 1715s] … [NEW BEST] Trial #1 | SF=2, Parallel=a -> Zeit: 161.766 ms (22.0519 GFLOPS)
        · teir_sa:contraction_abcd_dbea_ec laeuft [ 1717s] … [NEW BEST] Trial #1 | SF=2, Parallel=a -> Zeit: 161.766 ms (22.0519 GFLOPS)
        · teir_sa:contraction_abcd_dbea_ec laeuft [ 1719s] … [NEW BEST] Trial #1 | SF=2, Parallel=a -> Zeit: 161.766 ms (22.0519 GFLOPS)
        · teir_sa:contraction_abcd_dbea_ec laeuft [ 2088s] … [NEW BEST] Trial #1 | SF=2, Parallel=a -> Zeit: 161.766 ms (22.0519 GFLOPS)
  [teir_sa]  3/36 contraction_abcd_dbea_ec               22.1 GFLOPS [partial-timeout]   2088s  DONE @ 2026-08-01 13:46:55
  [teir_sa]  4/36 contraction_abcd_deca_be               ... START @ 2026-08-01 13:46:55
        · teir_sa:contraction_abcd_deca_be laeuft [  844s] … [NEW BEST] Trial #1 | SF=2, Parallel=a -> Zeit: 2036.01 ms (1.53307 GFLOPS)
        · teir_sa:contraction_abcd_deca_be laeuft [  846s] … [NEW BEST] Trial #1 | SF=2, Parallel=a -> Zeit: 2036.01 ms (1.53307 GFLOPS)
        · teir_sa:contraction_abcd_deca_be laeuft [  848s] … [NEW BEST] Trial #1 | SF=2, Parallel=a -> Zeit: 2036.01 ms (1.53307 GFLOPS)
        · teir_sa:contraction_abcd_deca_be laeuft [  850s] … [NEW BEST] Trial #1 | SF=2, Parallel=a -> Zeit: 2036.01 ms (1.53307 GFLOPS)
        · teir_sa:contraction_abcd_deca_be laeuft [  852s] … [NEW BEST] Trial #1 | SF=2, Parallel=a -> Zeit: 2036.01 ms (1.53307 GFLOPS)
        · teir_sa:contraction_abcd_deca_be laeuft [  854s] … [NEW BEST] Trial #1 | SF=2, Parallel=a -> Zeit: 2036.01 ms (1.53307 GFLOPS)
        · teir_sa:contraction_abcd_deca_be laeuft [  856s] … [NEW BEST] Trial #1 | SF=2, Parallel=a -> Zeit: 2036.01 ms (1.53307 GFLOPS)
        · teir_sa:contraction_abcd_deca_be laeuft [  858s] … [NEW BEST] Trial #1 | SF=2, Parallel=a -> Zeit: 2036.01 ms (1.53307 GFLOPS)
        · teir_sa:contraction_abcd_deca_be laeuft [  860s] … [NEW BEST] Trial #1 | SF=2, Parallel=a -> Zeit: 2036.01 ms (1.53307 GFLOPS)
        · teir_sa:contraction_abcd_deca_be laeuft [  862s] … [NEW BEST] Trial #1 | SF=2, Parallel=a -> Zeit: 2036.01 ms (1.53307 GFLOPS)
        · teir_sa:contraction_abcd_deca_be laeuft [  864s] … [NEW BEST] Trial #1 | SF=2, Parallel=a -> Zeit: 2036.01 ms (1.53307 GFLOPS)
        · teir_sa:contraction_abcd_deca_be laeuft [  866s] … [NEW BEST] Trial #1 | SF=2, Parallel=a -> Zeit: 2036.01 ms (1.53307 GFLOPS)
        · teir_sa:contraction_abcd_deca_be laeuft [  868s] … [NEW BEST] Trial #1 | SF=2, Parallel=a -> Zeit: 2036.01 ms (1.53307 GFLOPS)
        · teir_sa:contraction_abcd_deca_be laeuft [  870s] … [NEW BEST] Trial #1 | SF=2, Parallel=a -> Zeit: 2036.01 ms (1.53307 GFLOPS)
        · teir_sa:contraction_abcd_deca_be laeuft [  872s] … [NEW BEST] Trial #1 | SF=2, Parallel=a -> Zeit: 2036.01 ms (1.53307 GFLOPS)
        · teir_sa:contraction_abcd_deca_be laeuft [  874s] … [NEW BEST] Trial #1 | SF=2, Parallel=a -> Zeit: 2036.01 ms (1.53307 GFLOPS)
        · teir_sa:contraction_abcd_deca_be laeuft [  876s] … [NEW BEST] Trial #1 | SF=2, Parallel=a -> Zeit: 2036.01 ms (1.53307 GFLOPS)
        · teir_sa:contraction_abcd_deca_be laeuft [  878s] … [NEW BEST] Trial #1 | SF=2, Parallel=a -> Zeit: 2036.01 ms (1.53307 GFLOPS)
        · teir_sa:contraction_abcd_deca_be laeuft [  880s] … [NEW BEST] Trial #1 | SF=2, Parallel=a -> Zeit: 2036.01 ms (1.53307 GFLOPS)
        · teir_sa:contraction_abcd_deca_be laeuft [  882s] … [NEW BEST] Trial #1 | SF=2, Parallel=a -> Zeit: 2036.01 ms (1.53307 GFLOPS)
        · teir_sa:contraction_abcd_deca_be laeuft [  884s] … [NEW BEST] Trial #1 | SF=2, Parallel=a -> Zeit: 2036.01 ms (1.53307 GFLOPS)
        · teir_sa:contraction_abcd_deca_be laeuft [  886s] … [NEW BEST] Trial #1 | SF=2, Parallel=a -> Zeit: 2036.01 ms (1.53307 GFLOPS)
        · teir_sa:contraction_abcd_deca_be laeuft [  888s] … [NEW BEST] Trial #1 | SF=2, Parallel=a -> Zeit: 2036.01 ms (1.53307 GFLOPS)
        · teir_sa:contraction_abcd_deca_be laeuft [  890s] … [NEW BEST] Trial #1 | SF=2, Parallel=a -> Zeit: 2036.01 ms (1.53307 GFLOPS)
        · teir_sa:contraction_abcd_deca_be laeuft [  892s] … [NEW BEST] Trial #1 | SF=2, Parallel=a -> Zeit: 2036.01 ms (1.53307 GFLOPS)
        · teir_sa:contraction_abcd_deca_be laeuft [  894s] … [NEW BEST] Trial #1 | SF=2, Parallel=a -> Zeit: 2036.01 ms (1.53307 GFLOPS)
        · teir_sa:contraction_abcd_deca_be laeuft [  896s] … [NEW BEST] Trial #1 | SF=2, Parallel=a -> Zeit: 2036.01 ms (1.53307 GFLOPS)
        · teir_sa:contraction_abcd_deca_be laeuft [  898s] … [NEW BEST] Trial #1 | SF=2, Parallel=a -> Zeit: 2036.01 ms (1.53307 GFLOPS)
        · teir_sa:contraction_abcd_deca_be laeuft [  900s] … [NEW BEST] Trial #1 | SF=2, Parallel=a -> Zeit: 2036.01 ms (1.53307 GFLOPS)
        · teir_sa:contraction_abcd_deca_be laeuft [  902s] … [NEW BEST] Trial #1 | SF=2, Parallel=a -> Zeit: 2036.01 ms (1.53307 GFLOPS)
        · teir_sa:contraction_abcd_deca_be laeuft [  930s] … [NEW BEST] Trial #1 | SF=2, Parallel=a -> Zeit: 2036.01 ms (1.53307 GFLOPS)
        · teir_sa:contraction_abcd_deca_be laeuft [  960s] … [NEW BEST] Trial #1 | SF=2, Parallel=a -> Zeit: 2036.01 ms (1.53307 GFLOPS)
        · teir_sa:contraction_abcd_deca_be laeuft [  990s] … [NEW BEST] Trial #1 | SF=2, Parallel=a -> Zeit: 2036.01 ms (1.53307 GFLOPS)
        · teir_sa:contraction_abcd_deca_be laeuft [ 1021s] … [NEW BEST] Trial #1 | SF=2, Parallel=a -> Zeit: 2036.01 ms (1.53307 GFLOPS)
        · teir_sa:contraction_abcd_deca_be laeuft [ 1051s] … [NEW BEST] Trial #1 | SF=2, Parallel=a -> Zeit: 2036.01 ms (1.53307 GFLOPS)
        · teir_sa:contraction_abcd_deca_be laeuft [ 1081s] … [NEW BEST] Trial #1 | SF=2, Parallel=a -> Zeit: 2036.01 ms (1.53307 GFLOPS)
        · teir_sa:contraction_abcd_deca_be laeuft [ 1111s] … [NEW BEST] Trial #1 | SF=2, Parallel=a -> Zeit: 2036.01 ms (1.53307 GFLOPS)
=== GETT-Matrix: 36 Faelle | Stufen: ['teir_sa', 'teir_ga', 'teir_random'] | Start 2026-08-01 14:05:54 ===
    Budgets: TEIR=15 Trials, TVM=200 Trials
    Timeouts[s]: torch=300 teir=1800 tvm=1800

----- Stufe TEIR_SA -> teir_sa.csv (0 bereits erledigt) @ 2026-08-01 14:05:54 -----
  [teir_sa]  1/36 contraction_abc_bda_dc                 ... START @ 2026-08-01 14:05:54
        · teir_sa:contraction_abc_bda_dc laeuft [   30s] … [NEW BEST] Trial #1 | SF=2, Parallel=a -> Zeit: 74.4205 ms (36.521 GFLOPS)
        · teir_sa:contraction_abc_bda_dc laeuft [   60s] … [NEW BEST] Trial #1 | SF=2, Parallel=a -> Zeit: 74.4205 ms (36.521 GFLOPS)
        · teir_sa:contraction_abc_bda_dc laeuft [   90s] … [NEW BEST] Trial #1 | SF=2, Parallel=a -> Zeit: 74.4205 ms (36.521 GFLOPS)
        · teir_sa:contraction_abc_bda_dc laeuft [  120s] … [NEW BEST] Trial #1 | SF=2, Parallel=a -> Zeit: 74.4205 ms (36.521 GFLOPS)
        · teir_sa:contraction_abc_bda_dc laeuft [  246s] … [NEW BEST] Trial #1 | SF=2, Parallel=a -> Zeit: 74.4205 ms (36.521 GFLOPS)
        · teir_sa:contraction_abc_bda_dc laeuft [  248s] … [NEW BEST] Trial #1 | SF=2, Parallel=a -> Zeit: 74.4205 ms (36.521 GFLOPS)
        · teir_sa:contraction_abc_bda_dc laeuft [  250s] … [NEW BEST] Trial #1 | SF=2, Parallel=a -> Zeit: 74.4205 ms (36.521 GFLOPS)
        · teir_sa:contraction_abc_bda_dc laeuft [  252s] … [NEW BEST] Trial #1 | SF=2, Parallel=a -> Zeit: 74.4205 ms (36.521 GFLOPS)
        · teir_sa:contraction_abc_bda_dc laeuft [  272s] … [NEW BEST] Trial #1 | SF=2, Parallel=a -> Zeit: 74.4205 ms (36.521 GFLOPS)
        · teir_sa:contraction_abc_bda_dc laeuft [  302s] … [NEW BEST] Trial #1 | SF=2, Parallel=a -> Zeit: 74.4205 ms (36.521 GFLOPS)
        · teir_sa:contraction_abc_bda_dc laeuft [  332s] … [NEW BEST] Trial #1 | SF=2, Parallel=a -> Zeit: 74.4205 ms (36.521 GFLOPS)
        · teir_sa:contraction_abc_bda_dc laeuft [  362s] … [NEW BEST] Trial #1 | SF=2, Parallel=a -> Zeit: 74.4205 ms (36.521 GFLOPS)
        · teir_sa:contraction_abc_bda_dc laeuft [  392s] … [NEW BEST] Trial #1 | SF=2, Parallel=a -> Zeit: 74.4205 ms (36.521 GFLOPS)
        · teir_sa:contraction_abc_bda_dc laeuft [  899s] … [NEW BEST] Trial #1 | SF=2, Parallel=a -> Zeit: 74.4205 ms (36.521 GFLOPS)
        · teir_sa:contraction_abc_bda_dc laeuft [  901s] … [NEW BEST] Trial #1 | SF=2, Parallel=a -> Zeit: 74.4205 ms (36.521 GFLOPS)
        · teir_sa:contraction_abc_bda_dc laeuft [  903s] … [NEW BEST] Trial #1 | SF=2, Parallel=a -> Zeit: 74.4205 ms (36.521 GFLOPS)
        · teir_sa:contraction_abc_bda_dc laeuft [  905s] … [NEW BEST] Trial #1 | SF=2, Parallel=a -> Zeit: 74.4205 ms (36.521 GFLOPS)
        · teir_sa:contraction_abc_bda_dc laeuft [  907s] … [NEW BEST] Trial #1 | SF=2, Parallel=a -> Zeit: 74.4205 ms (36.521 GFLOPS)
        · teir_sa:contraction_abc_bda_dc laeuft [  909s] … [NEW BEST] Trial #1 | SF=2, Parallel=a -> Zeit: 74.4205 ms (36.521 GFLOPS)
        · teir_sa:contraction_abc_bda_dc laeuft [  911s] … [NEW BEST] Trial #1 | SF=2, Parallel=a -> Zeit: 74.4205 ms (36.521 GFLOPS)
        · teir_sa:contraction_abc_bda_dc laeuft [  913s] … [NEW BEST] Trial #1 | SF=2, Parallel=a -> Zeit: 74.4205 ms (36.521 GFLOPS)
        · teir_sa:contraction_abc_bda_dc laeuft [  915s] … [NEW BEST] Trial #1 | SF=2, Parallel=a -> Zeit: 74.4205 ms (36.521 GFLOPS)
        · teir_sa:contraction_abc_bda_dc laeuft [  918s] … [NEW BEST] Trial #1 | SF=2, Parallel=a -> Zeit: 74.4205 ms (36.521 GFLOPS)
        · teir_sa:contraction_abc_bda_dc laeuft [  920s] … [NEW BEST] Trial #1 | SF=2, Parallel=a -> Zeit: 74.4205 ms (36.521 GFLOPS)
        · teir_sa:contraction_abc_bda_dc laeuft [  922s] … [NEW BEST] Trial #1 | SF=2, Parallel=a -> Zeit: 74.4205 ms (36.521 GFLOPS)
        · teir_sa:contraction_abc_bda_dc laeuft [  924s] … [NEW BEST] Trial #1 | SF=2, Parallel=a -> Zeit: 74.4205 ms (36.521 GFLOPS)
        · teir_sa:contraction_abc_bda_dc laeuft [  926s] … [NEW BEST] Trial #1 | SF=2, Parallel=a -> Zeit: 74.4205 ms (36.521 GFLOPS)
        · teir_sa:contraction_abc_bda_dc laeuft [  928s] … [NEW BEST] Trial #1 | SF=2, Parallel=a -> Zeit: 74.4205 ms (36.521 GFLOPS)
        · teir_sa:contraction_abc_bda_dc laeuft [  930s] … [NEW BEST] Trial #1 | SF=2, Parallel=a -> Zeit: 74.4205 ms (36.521 GFLOPS)
        · teir_sa:contraction_abc_bda_dc laeuft [  932s] … [NEW BEST] Trial #1 | SF=2, Parallel=a -> Zeit: 74.4205 ms (36.521 GFLOPS)
        · teir_sa:contraction_abc_bda_dc laeuft [  934s] … [NEW BEST] Trial #1 | SF=2, Parallel=a -> Zeit: 74.4205 ms (36.521 GFLOPS)
        · teir_sa:contraction_abc_bda_dc laeuft [  960s] … [NEW BEST] Trial #1 | SF=2, Parallel=a -> Zeit: 74.4205 ms (36.521 GFLOPS)
        · teir_sa:contraction_abc_bda_dc laeuft [ 1114s] … [NEW BEST] Trial #1 | SF=2, Parallel=a -> Zeit: 74.4205 ms (36.521 GFLOPS)
        · teir_sa:contraction_abc_bda_dc laeuft [ 1116s] … [NEW BEST] Trial #1 | SF=2, Parallel=a -> Zeit: 74.4205 ms (36.521 GFLOPS)
        · teir_sa:contraction_abc_bda_dc laeuft [ 1118s] … [NEW BEST] Trial #1 | SF=2, Parallel=a -> Zeit: 74.4205 ms (36.521 GFLOPS)
        · teir_sa:contraction_abc_bda_dc laeuft [ 1120s] … [NEW BEST] Trial #1 | SF=2, Parallel=a -> Zeit: 74.4205 ms (36.521 GFLOPS)
        · teir_sa:contraction_abc_bda_dc laeuft [ 1122s] … [NEW BEST] Trial #1 | SF=2, Parallel=a -> Zeit: 74.4205 ms (36.521 GFLOPS)
        · teir_sa:contraction_abc_bda_dc laeuft [ 1140s] … [NEW BEST] Trial #1 | SF=2, Parallel=a -> Zeit: 74.4205 ms (36.521 GFLOPS)
        · teir_sa:contraction_abc_bda_dc laeuft [ 2062s] … [NEW BEST] Trial #1 | SF=2, Parallel=a -> Zeit: 74.4205 ms (36.521 GFLOPS)
  [teir_sa]  1/36 contraction_abc_bda_dc                 36.5 GFLOPS [partial-timeout]   2062s  DONE @ 2026-08-01 14:40:17
  [teir_sa]  2/36 contraction_abc_dca_bd                 ... START @ 2026-08-01 14:40:17
        · teir_sa:contraction_abc_dca_bd laeuft [   30s] … [NEW BEST] Trial #5 | SF=2, Parallel=b -> Zeit: 270.562 ms (9.83616 GFLOPS)
        · teir_sa:contraction_abc_dca_bd laeuft [   60s] … [NEW BEST] Trial #5 | SF=2, Parallel=b -> Zeit: 270.562 ms (9.83616 GFLOPS)
        · teir_sa:contraction_abc_dca_bd laeuft [   90s] … [NEW BEST] Trial #5 | SF=2, Parallel=b -> Zeit: 270.562 ms (9.83616 GFLOPS)
        · teir_sa:contraction_abc_dca_bd laeuft [  120s] … [NEW BEST] Trial #5 | SF=2, Parallel=b -> Zeit: 270.562 ms (9.83616 GFLOPS)
        · teir_sa:contraction_abc_dca_bd laeuft [  151s] … [NEW BEST] Trial #5 | SF=2, Parallel=b -> Zeit: 270.562 ms (9.83616 GFLOPS)
        · teir_sa:contraction_abc_dca_bd laeuft [  181s] … [NEW BEST] Trial #5 | SF=2, Parallel=b -> Zeit: 270.562 ms (9.83616 GFLOPS)
        · teir_sa:contraction_abc_dca_bd laeuft [  211s] … [NEW BEST] Trial #5 | SF=2, Parallel=b -> Zeit: 270.562 ms (9.83616 GFLOPS)
        · teir_sa:contraction_abc_dca_bd laeuft [  241s] … [NEW BEST] Trial #5 | SF=2, Parallel=b -> Zeit: 270.562 ms (9.83616 GFLOPS)
        · teir_sa:contraction_abc_dca_bd laeuft [  271s] … [NEW BEST] Trial #5 | SF=2, Parallel=b -> Zeit: 270.562 ms (9.83616 GFLOPS)
        · teir_sa:contraction_abc_dca_bd laeuft [  301s] … [NEW BEST] Trial #5 | SF=2, Parallel=b -> Zeit: 270.562 ms (9.83616 GFLOPS)
        · teir_sa:contraction_abc_dca_bd laeuft [  331s] … [NEW BEST] Trial #12 | SF=2, Parallel=c -> Zeit: 142.993 ms (18.6112 GFLOPS)
        · teir_sa:contraction_abc_dca_bd laeuft [  361s] … [NEW BEST] Trial #12 | SF=2, Parallel=c -> Zeit: 142.993 ms (18.6112 GFLOPS)
        · teir_sa:contraction_abc_dca_bd laeuft [  391s] … [NEW BEST] Trial #12 | SF=2, Parallel=c -> Zeit: 142.993 ms (18.6112 GFLOPS)
        · teir_sa:contraction_abc_dca_bd laeuft [  421s] … [NEW BEST] Trial #12 | SF=2, Parallel=c -> Zeit: 142.993 ms (18.6112 GFLOPS)
        · teir_sa:contraction_abc_dca_bd laeuft [  451s] … [NEW BEST] Trial #12 | SF=2, Parallel=c -> Zeit: 142.993 ms (18.6112 GFLOPS)
        · teir_sa:contraction_abc_dca_bd laeuft [  481s] … [NEW BEST] Trial #12 | SF=2, Parallel=c -> Zeit: 142.993 ms (18.6112 GFLOPS)
        · teir_sa:contraction_abc_dca_bd laeuft [  511s] … [NEW BEST] Trial #12 | SF=2, Parallel=c -> Zeit: 142.993 ms (18.6112 GFLOPS)
  [teir_sa]  2/36 contraction_abc_dca_bd                 19.6 GFLOPS [ok]                538s  DONE @ 2026-08-01 14:49:14
  [teir_sa]  3/36 contraction_abcd_dbea_ec               ... START @ 2026-08-01 14:49:14
        · teir_sa:contraction_abcd_dbea_ec laeuft [   30s] … [NEW BEST] Trial #1 | SF=2, Parallel=a -> Zeit: 118.52 ms (30.0983 GFLOPS)
        · teir_sa:contraction_abcd_dbea_ec laeuft [   60s] … [NEW BEST] Trial #1 | SF=2, Parallel=a -> Zeit: 118.52 ms (30.0983 GFLOPS)
        · teir_sa:contraction_abcd_dbea_ec laeuft [   90s] … [NEW BEST] Trial #1 | SF=2, Parallel=a -> Zeit: 118.52 ms (30.0983 GFLOPS)
        · teir_sa:contraction_abcd_dbea_ec laeuft [  120s] … [NEW BEST] Trial #1 | SF=2, Parallel=a -> Zeit: 118.52 ms (30.0983 GFLOPS)
        · teir_sa:contraction_abcd_dbea_ec laeuft [  150s] … [NEW BEST] Trial #1 | SF=2, Parallel=a -> Zeit: 118.52 ms (30.0983 GFLOPS)
        · teir_sa:contraction_abcd_dbea_ec laeuft [  180s] … [NEW BEST] Trial #1 | SF=2, Parallel=a -> Zeit: 118.52 ms (30.0983 GFLOPS)
        · teir_sa:contraction_abcd_dbea_ec laeuft [  210s] … [NEW BEST] Trial #1 | SF=2, Parallel=a -> Zeit: 118.52 ms (30.0983 GFLOPS)
        · teir_sa:contraction_abcd_dbea_ec laeuft [  241s] … [NEW BEST] Trial #1 | SF=2, Parallel=a -> Zeit: 118.52 ms (30.0983 GFLOPS)
        · teir_sa:contraction_abcd_dbea_ec laeuft [  271s] … [NEW BEST] Trial #1 | SF=2, Parallel=a -> Zeit: 118.52 ms (30.0983 GFLOPS)
        · teir_sa:contraction_abcd_dbea_ec laeuft [  301s] … [NEW BEST] Trial #1 | SF=2, Parallel=a -> Zeit: 118.52 ms (30.0983 GFLOPS)
        · teir_sa:contraction_abcd_dbea_ec laeuft [  331s] … [NEW BEST] Trial #1 | SF=2, Parallel=a -> Zeit: 118.52 ms (30.0983 GFLOPS)
        · teir_sa:contraction_abcd_dbea_ec laeuft [  361s] … [NEW BEST] Trial #1 | SF=2, Parallel=a -> Zeit: 118.52 ms (30.0983 GFLOPS)
        · teir_sa:contraction_abcd_dbea_ec laeuft [  391s] … [NEW BEST] Trial #1 | SF=2, Parallel=a -> Zeit: 118.52 ms (30.0983 GFLOPS)
        · teir_sa:contraction_abcd_dbea_ec laeuft [  421s] … [NEW BEST] Trial #1 | SF=2, Parallel=a -> Zeit: 118.52 ms (30.0983 GFLOPS)
        · teir_sa:contraction_abcd_dbea_ec laeuft [  451s] … [NEW BEST] Trial #1 | SF=2, Parallel=a -> Zeit: 118.52 ms (30.0983 GFLOPS)
        · teir_sa:contraction_abcd_dbea_ec laeuft [  481s] … [NEW BEST] Trial #1 | SF=2, Parallel=a -> Zeit: 118.52 ms (30.0983 GFLOPS)
        · teir_sa:contraction_abcd_dbea_ec laeuft [  512s] … [NEW BEST] Trial #1 | SF=2, Parallel=a -> Zeit: 118.52 ms (30.0983 GFLOPS)
        · teir_sa:contraction_abcd_dbea_ec laeuft [  542s] … [NEW BEST] Trial #1 | SF=2, Parallel=a -> Zeit: 118.52 ms (30.0983 GFLOPS)
        · teir_sa:contraction_abcd_dbea_ec laeuft [  572s] … [NEW BEST] Trial #1 | SF=2, Parallel=a -> Zeit: 118.52 ms (30.0983 GFLOPS)
        · teir_sa:contraction_abcd_dbea_ec laeuft [  602s] … [NEW BEST] Trial #1 | SF=2, Parallel=a -> Zeit: 118.52 ms (30.0983 GFLOPS)
        · teir_sa:contraction_abcd_dbea_ec laeuft [  630s] … [NEW BEST] Trial #1 | SF=2, Parallel=a -> Zeit: 118.52 ms (30.0983 GFLOPS)
        · teir_sa:contraction_abcd_dbea_ec laeuft [  660s] … [NEW BEST] Trial #1 | SF=2, Parallel=a -> Zeit: 118.52 ms (30.0983 GFLOPS)
        · teir_sa:contraction_abcd_dbea_ec laeuft [  690s] … [NEW BEST] Trial #1 | SF=2, Parallel=a -> Zeit: 118.52 ms (30.0983 GFLOPS)
        · teir_sa:contraction_abcd_dbea_ec laeuft [  720s] … [NEW BEST] Trial #1 | SF=2, Parallel=a -> Zeit: 118.52 ms (30.0983 GFLOPS)
        · teir_sa:contraction_abcd_dbea_ec laeuft [  751s] … [NEW BEST] Trial #1 | SF=2, Parallel=a -> Zeit: 118.52 ms (30.0983 GFLOPS)
        · teir_sa:contraction_abcd_dbea_ec laeuft [  781s] … [NEW BEST] Trial #1 | SF=2, Parallel=a -> Zeit: 118.52 ms (30.0983 GFLOPS)
        · teir_sa:contraction_abcd_dbea_ec laeuft [  811s] … [NEW BEST] Trial #1 | SF=2, Parallel=a -> Zeit: 118.52 ms (30.0983 GFLOPS)
  [teir_sa]  3/36 contraction_abcd_dbea_ec               28.5 GFLOPS [ok]                830s  DONE @ 2026-08-01 15:03:04
  [teir_sa]  4/36 contraction_abcd_deca_be               ... START @ 2026-08-01 15:03:04
        · teir_sa:contraction_abcd_deca_be laeuft [   30s] … [NEW BEST] Trial #1 | SF=2, Parallel=a -> Zeit: 559.785 ms (5.57598 GFLOPS)
        · teir_sa:contraction_abcd_deca_be laeuft [   60s] … [NEW BEST] Trial #1 | SF=2, Parallel=a -> Zeit: 559.785 ms (5.57598 GFLOPS)
        · teir_sa:contraction_abcd_deca_be laeuft [   90s] … [NEW BEST] Trial #1 | SF=2, Parallel=a -> Zeit: 559.785 ms (5.57598 GFLOPS)
        · teir_sa:contraction_abcd_deca_be laeuft [  120s] … [NEW BEST] Trial #1 | SF=2, Parallel=a -> Zeit: 559.785 ms (5.57598 GFLOPS)
        · teir_sa:contraction_abcd_deca_be laeuft [  151s] … [NEW BEST] Trial #1 | SF=2, Parallel=a -> Zeit: 559.785 ms (5.57598 GFLOPS)
        · teir_sa:contraction_abcd_deca_be laeuft [  181s] … [NEW BEST] Trial #1 | SF=2, Parallel=a -> Zeit: 559.785 ms (5.57598 GFLOPS)
        · teir_sa:contraction_abcd_deca_be laeuft [  211s] … [NEW BEST] Trial #1 | SF=2, Parallel=a -> Zeit: 559.785 ms (5.57598 GFLOPS)
        · teir_sa:contraction_abcd_deca_be laeuft [  241s] … [NEW BEST] Trial #1 | SF=2, Parallel=a -> Zeit: 559.785 ms (5.57598 GFLOPS)
        · teir_sa:contraction_abcd_deca_be laeuft [  271s] … [NEW BEST] Trial #1 | SF=2, Parallel=a -> Zeit: 559.785 ms (5.57598 GFLOPS)
        · teir_sa:contraction_abcd_deca_be laeuft [  301s] … [NEW BEST] Trial #1 | SF=2, Parallel=a -> Zeit: 559.785 ms (5.57598 GFLOPS)
        · teir_sa:contraction_abcd_deca_be laeuft [  331s] … [NEW BEST] Trial #1 | SF=2, Parallel=a -> Zeit: 559.785 ms (5.57598 GFLOPS)
        · teir_sa:contraction_abcd_deca_be laeuft [  361s] … [NEW BEST] Trial #1 | SF=2, Parallel=a -> Zeit: 559.785 ms (5.57598 GFLOPS)
        · teir_sa:contraction_abcd_deca_be laeuft [  391s] … [NEW BEST] Trial #1 | SF=2, Parallel=a -> Zeit: 559.785 ms (5.57598 GFLOPS)
        · teir_sa:contraction_abcd_deca_be laeuft [  421s] … [NEW BEST] Trial #1 | SF=2, Parallel=a -> Zeit: 559.785 ms (5.57598 GFLOPS)
        · teir_sa:contraction_abcd_deca_be laeuft [  451s] … [NEW BEST] Trial #1 | SF=2, Parallel=a -> Zeit: 559.785 ms (5.57598 GFLOPS)
        · teir_sa:contraction_abcd_deca_be laeuft [  481s] … [NEW BEST] Trial #1 | SF=2, Parallel=a -> Zeit: 559.785 ms (5.57598 GFLOPS)
        · teir_sa:contraction_abcd_deca_be laeuft [  512s] … [NEW BEST] Trial #1 | SF=2, Parallel=a -> Zeit: 559.785 ms (5.57598 GFLOPS)
        · teir_sa:contraction_abcd_deca_be laeuft [  542s] … [NEW BEST] Trial #1 | SF=2, Parallel=a -> Zeit: 559.785 ms (5.57598 GFLOPS)
        · teir_sa:contraction_abcd_deca_be laeuft [  572s] … [NEW BEST] Trial #1 | SF=2, Parallel=a -> Zeit: 559.785 ms (5.57598 GFLOPS)
        · teir_sa:contraction_abcd_deca_be laeuft [  602s] … [NEW BEST] Trial #1 | SF=2, Parallel=a -> Zeit: 559.785 ms (5.57598 GFLOPS)
        · teir_sa:contraction_abcd_deca_be laeuft [  632s] … [NEW BEST] Trial #1 | SF=2, Parallel=a -> Zeit: 559.785 ms (5.57598 GFLOPS)
        · teir_sa:contraction_abcd_deca_be laeuft [  662s] … [NEW BEST] Trial #1 | SF=2, Parallel=a -> Zeit: 559.785 ms (5.57598 GFLOPS)
        · teir_sa:contraction_abcd_deca_be laeuft [  692s] … [NEW BEST] Trial #1 | SF=2, Parallel=a -> Zeit: 559.785 ms (5.57598 GFLOPS)
        · teir_sa:contraction_abcd_deca_be laeuft [  720s] … [NEW BEST] Trial #1 | SF=2, Parallel=a -> Zeit: 559.785 ms (5.57598 GFLOPS)
        · teir_sa:contraction_abcd_deca_be laeuft [  750s] … [NEW BEST] Trial #1 | SF=2, Parallel=a -> Zeit: 559.785 ms (5.57598 GFLOPS)
        · teir_sa:contraction_abcd_deca_be laeuft [  780s] … [NEW BEST] Trial #1 | SF=2, Parallel=a -> Zeit: 559.785 ms (5.57598 GFLOPS)
        · teir_sa:contraction_abcd_deca_be laeuft [  810s] … [NEW BEST] Trial #1 | SF=2, Parallel=a -> Zeit: 559.785 ms (5.57598 GFLOPS)
        · teir_sa:contraction_abcd_deca_be laeuft [  840s] … [NEW BEST] Trial #1 | SF=2, Parallel=a -> Zeit: 559.785 ms (5.57598 GFLOPS)
        · teir_sa:contraction_abcd_deca_be laeuft [  870s] … [NEW BEST] Trial #1 | SF=2, Parallel=a -> Zeit: 559.785 ms (5.57598 GFLOPS)
  [teir_sa]  4/36 contraction_abcd_deca_be               5.0 GFLOPS [ok]                 899s  DONE @ 2026-08-01 15:18:03
  [teir_sa]  5/36 contraction_abcd_ebad_ce               ... START @ 2026-08-01 15:18:03
        · teir_sa:contraction_abcd_ebad_ce laeuft [   30s] … [NEW BEST] Trial #1 | SF=2, Parallel=a -> Zeit: 83.2212 ms (37.5066 GFLOPS)
        · teir_sa:contraction_abcd_ebad_ce laeuft [   60s] … [NEW BEST] Trial #1 | SF=2, Parallel=a -> Zeit: 83.2212 ms (37.5066 GFLOPS)
        · teir_sa:contraction_abcd_ebad_ce laeuft [   90s] … [NEW BEST] Trial #1 | SF=2, Parallel=a -> Zeit: 83.2212 ms (37.5066 GFLOPS)
        · teir_sa:contraction_abcd_ebad_ce laeuft [  120s] … [NEW BEST] Trial #1 | SF=2, Parallel=a -> Zeit: 83.2212 ms (37.5066 GFLOPS)
        · teir_sa:contraction_abcd_ebad_ce laeuft [  150s] … [NEW BEST] Trial #1 | SF=2, Parallel=a -> Zeit: 83.2212 ms (37.5066 GFLOPS)
        · teir_sa:contraction_abcd_ebad_ce laeuft [  180s] … [NEW BEST] Trial #1 | SF=2, Parallel=a -> Zeit: 83.2212 ms (37.5066 GFLOPS)
        · teir_sa:contraction_abcd_ebad_ce laeuft [  211s] … [NEW BEST] Trial #1 | SF=2, Parallel=a -> Zeit: 83.2212 ms (37.5066 GFLOPS)
        · teir_sa:contraction_abcd_ebad_ce laeuft [  241s] … [NEW BEST] Trial #1 | SF=2, Parallel=a -> Zeit: 83.2212 ms (37.5066 GFLOPS)
        · teir_sa:contraction_abcd_ebad_ce laeuft [  271s] … [NEW BEST] Trial #1 | SF=2, Parallel=a -> Zeit: 83.2212 ms (37.5066 GFLOPS)
        · teir_sa:contraction_abcd_ebad_ce laeuft [  301s] … [NEW BEST] Trial #1 | SF=2, Parallel=a -> Zeit: 83.2212 ms (37.5066 GFLOPS)
        · teir_sa:contraction_abcd_ebad_ce laeuft [  331s] … [NEW BEST] Trial #1 | SF=2, Parallel=a -> Zeit: 83.2212 ms (37.5066 GFLOPS)
        · teir_sa:contraction_abcd_ebad_ce laeuft [  361s] … [NEW BEST] Trial #1 | SF=2, Parallel=a -> Zeit: 83.2212 ms (37.5066 GFLOPS)
        · teir_sa:contraction_abcd_ebad_ce laeuft [  391s] … [NEW BEST] Trial #1 | SF=2, Parallel=a -> Zeit: 83.2212 ms (37.5066 GFLOPS)
        · teir_sa:contraction_abcd_ebad_ce laeuft [  421s] … [NEW BEST] Trial #1 | SF=2, Parallel=a -> Zeit: 83.2212 ms (37.5066 GFLOPS)
        · teir_sa:contraction_abcd_ebad_ce laeuft [  451s] … [NEW BEST] Trial #1 | SF=2, Parallel=a -> Zeit: 83.2212 ms (37.5066 GFLOPS)
        · teir_sa:contraction_abcd_ebad_ce laeuft [  481s] … [NEW BEST] Trial #1 | SF=2, Parallel=a -> Zeit: 83.2212 ms (37.5066 GFLOPS)
        · teir_sa:contraction_abcd_ebad_ce laeuft [  511s] … [NEW BEST] Trial #1 | SF=2, Parallel=a -> Zeit: 83.2212 ms (37.5066 GFLOPS)
        · teir_sa:contraction_abcd_ebad_ce laeuft [  541s] … [NEW BEST] Trial #1 | SF=2, Parallel=a -> Zeit: 83.2212 ms (37.5066 GFLOPS)
        · teir_sa:contraction_abcd_ebad_ce laeuft [  572s] … [NEW BEST] Trial #1 | SF=2, Parallel=a -> Zeit: 83.2212 ms (37.5066 GFLOPS)
        · teir_sa:contraction_abcd_ebad_ce laeuft [  602s] … [NEW BEST] Trial #1 | SF=2, Parallel=a -> Zeit: 83.2212 ms (37.5066 GFLOPS)
        · teir_sa:contraction_abcd_ebad_ce laeuft [  632s] … [NEW BEST] Trial #1 | SF=2, Parallel=a -> Zeit: 83.2212 ms (37.5066 GFLOPS)
        · teir_sa:contraction_abcd_ebad_ce laeuft [  662s] … [NEW BEST] Trial #1 | SF=2, Parallel=a -> Zeit: 83.2212 ms (37.5066 GFLOPS)
        · teir_sa:contraction_abcd_ebad_ce laeuft [  692s] … [NEW BEST] Trial #1 | SF=2, Parallel=a -> Zeit: 83.2212 ms (37.5066 GFLOPS)
        · teir_sa:contraction_abcd_ebad_ce laeuft [  722s] … [NEW BEST] Trial #1 | SF=2, Parallel=a -> Zeit: 83.2212 ms (37.5066 GFLOPS)
        · teir_sa:contraction_abcd_ebad_ce laeuft [  752s] … [NEW BEST] Trial #1 | SF=2, Parallel=a -> Zeit: 83.2212 ms (37.5066 GFLOPS)
        · teir_sa:contraction_abcd_ebad_ce laeuft [  782s] … [NEW BEST] Trial #1 | SF=2, Parallel=a -> Zeit: 83.2212 ms (37.5066 GFLOPS)
        · teir_sa:contraction_abcd_ebad_ce laeuft [  810s] … [NEW BEST] Trial #1 | SF=2, Parallel=a -> Zeit: 83.2212 ms (37.5066 GFLOPS)
        · teir_sa:contraction_abcd_ebad_ce laeuft [  840s] … [NEW BEST] Trial #1 | SF=2, Parallel=a -> Zeit: 83.2212 ms (37.5066 GFLOPS)
        · teir_sa:contraction_abcd_ebad_ce laeuft [  870s] … [NEW BEST] Trial #1 | SF=2, Parallel=a -> Zeit: 83.2212 ms (37.5066 GFLOPS)
        · teir_sa:contraction_abcd_ebad_ce laeuft [  900s] … [NEW BEST] Trial #1 | SF=2, Parallel=a -> Zeit: 83.2212 ms (37.5066 GFLOPS)
        · teir_sa:contraction_abcd_ebad_ce laeuft [  930s] … [NEW BEST] Trial #1 | SF=2, Parallel=a -> Zeit: 83.2212 ms (37.5066 GFLOPS)
        · teir_sa:contraction_abcd_ebad_ce laeuft [  960s] … [NEW BEST] Trial #1 | SF=2, Parallel=a -> Zeit: 83.2212 ms (37.5066 GFLOPS)
        · teir_sa:contraction_abcd_ebad_ce laeuft [  991s] … [NEW BEST] Trial #1 | SF=2, Parallel=a -> Zeit: 83.2212 ms (37.5066 GFLOPS)
  [teir_sa]  5/36 contraction_abcd_ebad_ce               38.0 GFLOPS [ok]               1009s  DONE @ 2026-08-01 15:34:52
  [teir_sa]  6/36 contraction_abcde_efbad_cf             ... START @ 2026-08-01 15:34:52
  [teir_sa]  6/36 contraction_abcde_efbad_cf             FAIL:no-success                   6s  DONE @ 2026-08-01 15:34:58
  [teir_sa]  7/36 contraction_abcde_ecbfa_fd             ... START @ 2026-08-01 15:34:58
  [teir_sa]  7/36 contraction_abcde_ecbfa_fd             FAIL:no-success                   6s  DONE @ 2026-08-01 15:35:04
  [teir_sa]  8/36 contraction_abcde_efcad_bf             ... START @ 2026-08-01 15:35:04
  [teir_sa]  8/36 contraction_abcde_efcad_bf             FAIL:no-success                   6s  DONE @ 2026-08-01 15:35:11
  [teir_sa]  9/36 contraction_abcd_ea_ebcd               ... START @ 2026-08-01 15:35:11
        · teir_sa:contraction_abcd_ea_ebcd laeuft [   30s] … [NEW BEST] Trial #1 | SF=2, Parallel=a -> Zeit: 193.945 ms (56.329 GFLOPS)
        · teir_sa:contraction_abcd_ea_ebcd laeuft [   60s] … [NEW BEST] Trial #1 | SF=2, Parallel=a -> Zeit: 193.945 ms (56.329 GFLOPS)
        · teir_sa:contraction_abcd_ea_ebcd laeuft [   90s] … [NEW BEST] Trial #1 | SF=2, Parallel=a -> Zeit: 193.945 ms (56.329 GFLOPS)
        · teir_sa:contraction_abcd_ea_ebcd laeuft [  120s] … [NEW BEST] Trial #1 | SF=2, Parallel=a -> Zeit: 193.945 ms (56.329 GFLOPS)
        · teir_sa:contraction_abcd_ea_ebcd laeuft [  150s] … [NEW BEST] Trial #1 | SF=2, Parallel=a -> Zeit: 193.945 ms (56.329 GFLOPS)
        · teir_sa:contraction_abcd_ea_ebcd laeuft [  180s] … [NEW BEST] Trial #1 | SF=2, Parallel=a -> Zeit: 193.945 ms (56.329 GFLOPS)
        · teir_sa:contraction_abcd_ea_ebcd laeuft [  211s] … [NEW BEST] Trial #1 | SF=2, Parallel=a -> Zeit: 193.945 ms (56.329 GFLOPS)
        · teir_sa:contraction_abcd_ea_ebcd laeuft [  241s] … [NEW BEST] Trial #1 | SF=2, Parallel=a -> Zeit: 193.945 ms (56.329 GFLOPS)
        · teir_sa:contraction_abcd_ea_ebcd laeuft [  271s] … [NEW BEST] Trial #1 | SF=2, Parallel=a -> Zeit: 193.945 ms (56.329 GFLOPS)
        · teir_sa:contraction_abcd_ea_ebcd laeuft [  301s] … [NEW BEST] Trial #1 | SF=2, Parallel=a -> Zeit: 193.945 ms (56.329 GFLOPS)
        · teir_sa:contraction_abcd_ea_ebcd laeuft [  331s] … [NEW BEST] Trial #1 | SF=2, Parallel=a -> Zeit: 193.945 ms (56.329 GFLOPS)
        · teir_sa:contraction_abcd_ea_ebcd laeuft [  361s] … [NEW BEST] Trial #1 | SF=2, Parallel=a -> Zeit: 193.945 ms (56.329 GFLOPS)
        · teir_sa:contraction_abcd_ea_ebcd laeuft [  391s] … [NEW BEST] Trial #1 | SF=2, Parallel=a -> Zeit: 193.945 ms (56.329 GFLOPS)
        · teir_sa:contraction_abcd_ea_ebcd laeuft [  421s] … [NEW BEST] Trial #1 | SF=2, Parallel=a -> Zeit: 193.945 ms (56.329 GFLOPS)
        · teir_sa:contraction_abcd_ea_ebcd laeuft [  451s] … [NEW BEST] Trial #1 | SF=2, Parallel=a -> Zeit: 193.945 ms (56.329 GFLOPS)
        · teir_sa:contraction_abcd_ea_ebcd laeuft [  481s] … [NEW BEST] Trial #1 | SF=2, Parallel=a -> Zeit: 193.945 ms (56.329 GFLOPS)
        · teir_sa:contraction_abcd_ea_ebcd laeuft [  511s] … [NEW BEST] Trial #1 | SF=2, Parallel=a -> Zeit: 193.945 ms (56.329 GFLOPS)
        · teir_sa:contraction_abcd_ea_ebcd laeuft [  541s] … [NEW BEST] Trial #1 | SF=2, Parallel=a -> Zeit: 193.945 ms (56.329 GFLOPS)
        · teir_sa:contraction_abcd_ea_ebcd laeuft [  571s] … [NEW BEST] Trial #1 | SF=2, Parallel=a -> Zeit: 193.945 ms (56.329 GFLOPS)
        · teir_sa:contraction_abcd_ea_ebcd laeuft [  601s] … [NEW BEST] Trial #1 | SF=2, Parallel=a -> Zeit: 193.945 ms (56.329 GFLOPS)
        · teir_sa:contraction_abcd_ea_ebcd laeuft [  631s] … [NEW BEST] Trial #1 | SF=2, Parallel=a -> Zeit: 193.945 ms (56.329 GFLOPS)
        · teir_sa:contraction_abcd_ea_ebcd laeuft [  662s] … [NEW BEST] Trial #1 | SF=2, Parallel=a -> Zeit: 193.945 ms (56.329 GFLOPS)
        · teir_sa:contraction_abcd_ea_ebcd laeuft [  692s] … [NEW BEST] Trial #1 | SF=2, Parallel=a -> Zeit: 193.945 ms (56.329 GFLOPS)
        · teir_sa:contraction_abcd_ea_ebcd laeuft [  722s] … [NEW BEST] Trial #1 | SF=2, Parallel=a -> Zeit: 193.945 ms (56.329 GFLOPS)
        · teir_sa:contraction_abcd_ea_ebcd laeuft [  752s] … [NEW BEST] Trial #1 | SF=2, Parallel=a -> Zeit: 193.945 ms (56.329 GFLOPS)
        · teir_sa:contraction_abcd_ea_ebcd laeuft [  782s] … [NEW BEST] Trial #1 | SF=2, Parallel=a -> Zeit: 193.945 ms (56.329 GFLOPS)
        · teir_sa:contraction_abcd_ea_ebcd laeuft [  812s] … [NEW BEST] Trial #1 | SF=2, Parallel=a -> Zeit: 193.945 ms (56.329 GFLOPS)
        · teir_sa:contraction_abcd_ea_ebcd laeuft [  842s] … [NEW BEST] Trial #1 | SF=2, Parallel=a -> Zeit: 193.945 ms (56.329 GFLOPS)
        · teir_sa:contraction_abcd_ea_ebcd laeuft [  872s] … [NEW BEST] Trial #1 | SF=2, Parallel=a -> Zeit: 193.945 ms (56.329 GFLOPS)
        · teir_sa:contraction_abcd_ea_ebcd laeuft [  902s] … [NEW BEST] Trial #1 | SF=2, Parallel=a -> Zeit: 193.945 ms (56.329 GFLOPS)
        · teir_sa:contraction_abcd_ea_ebcd laeuft [  932s] … [NEW BEST] Trial #1 | SF=2, Parallel=a -> Zeit: 193.945 ms (56.329 GFLOPS)
        · teir_sa:contraction_abcd_ea_ebcd laeuft [  962s] … [NEW BEST] Trial #1 | SF=2, Parallel=a -> Zeit: 193.945 ms (56.329 GFLOPS)
        · teir_sa:contraction_abcd_ea_ebcd laeuft [  992s] … [NEW BEST] Trial #1 | SF=2, Parallel=a -> Zeit: 193.945 ms (56.329 GFLOPS)
        · teir_sa:contraction_abcd_ea_ebcd laeuft [ 1020s] … [NEW BEST] Trial #1 | SF=2, Parallel=a -> Zeit: 193.945 ms (56.329 GFLOPS)
        · teir_sa:contraction_abcd_ea_ebcd laeuft [ 1050s] … [NEW BEST] Trial #1 | SF=2, Parallel=a -> Zeit: 193.945 ms (56.329 GFLOPS)
        · teir_sa:contraction_abcd_ea_ebcd laeuft [ 1080s] … [NEW BEST] Trial #1 | SF=2, Parallel=a -> Zeit: 193.945 ms (56.329 GFLOPS)
        · teir_sa:contraction_abcd_ea_ebcd laeuft [ 1110s] … [NEW BEST] Trial #1 | SF=2, Parallel=a -> Zeit: 193.945 ms (56.329 GFLOPS)
        · teir_sa:contraction_abcd_ea_ebcd laeuft [ 1141s] … [NEW BEST] Trial #1 | SF=2, Parallel=a -> Zeit: 193.945 ms (56.329 GFLOPS)
        · teir_sa:contraction_abcd_ea_ebcd laeuft [ 1171s] … [NEW BEST] Trial #1 | SF=2, Parallel=a -> Zeit: 193.945 ms (56.329 GFLOPS)
        · teir_sa:contraction_abcd_ea_ebcd laeuft [ 1201s] … [NEW BEST] Trial #1 | SF=2, Parallel=a -> Zeit: 193.945 ms (56.329 GFLOPS)
        · teir_sa:contraction_abcd_ea_ebcd laeuft [ 1231s] … [NEW BEST] Trial #1 | SF=2, Parallel=a -> Zeit: 193.945 ms (56.329 GFLOPS)
        · teir_sa:contraction_abcd_ea_ebcd laeuft [ 1261s] … [NEW BEST] Trial #1 | SF=2, Parallel=a -> Zeit: 193.945 ms (56.329 GFLOPS)
        · teir_sa:contraction_abcd_ea_ebcd laeuft [ 1291s] … [NEW BEST] Trial #1 | SF=2, Parallel=a -> Zeit: 193.945 ms (56.329 GFLOPS)
        · teir_sa:contraction_abcd_ea_ebcd laeuft [ 1321s] … [NEW BEST] Trial #1 | SF=2, Parallel=a -> Zeit: 193.945 ms (56.329 GFLOPS)
        · teir_sa:contraction_abcd_ea_ebcd laeuft [ 1351s] … [NEW BEST] Trial #1 | SF=2, Parallel=a -> Zeit: 193.945 ms (56.329 GFLOPS)
        · teir_sa:contraction_abcd_ea_ebcd laeuft [ 1382s] … [NEW BEST] Trial #1 | SF=2, Parallel=a -> Zeit: 193.945 ms (56.329 GFLOPS)
        · teir_sa:contraction_abcd_ea_ebcd laeuft [ 1412s] … [NEW BEST] Trial #1 | SF=2, Parallel=a -> Zeit: 193.945 ms (56.329 GFLOPS)
        · teir_sa:contraction_abcd_ea_ebcd laeuft [ 1442s] … [NEW BEST] Trial #1 | SF=2, Parallel=a -> Zeit: 193.945 ms (56.329 GFLOPS)
        · teir_sa:contraction_abcd_ea_ebcd laeuft [ 1472s] … [NEW BEST] Trial #1 | SF=2, Parallel=a -> Zeit: 193.945 ms (56.329 GFLOPS)
        · teir_sa:contraction_abcd_ea_ebcd laeuft [ 1500s] … [NEW BEST] Trial #1 | SF=2, Parallel=a -> Zeit: 193.945 ms (56.329 GFLOPS)
        · teir_sa:contraction_abcd_ea_ebcd laeuft [ 1530s] … [NEW BEST] Trial #1 | SF=2, Parallel=a -> Zeit: 193.945 ms (56.329 GFLOPS)
        · teir_sa:contraction_abcd_ea_ebcd laeuft [ 1560s] … [NEW BEST] Trial #1 | SF=2, Parallel=a -> Zeit: 193.945 ms (56.329 GFLOPS)
        · teir_sa:contraction_abcd_ea_ebcd laeuft [ 1590s] … [NEW BEST] Trial #1 | SF=2, Parallel=a -> Zeit: 193.945 ms (56.329 GFLOPS)
        · teir_sa:contraction_abcd_ea_ebcd laeuft [ 1621s] … [NEW BEST] Trial #1 | SF=2, Parallel=a -> Zeit: 193.945 ms (56.329 GFLOPS)
        · teir_sa:contraction_abcd_ea_ebcd laeuft [ 1651s] … [NEW BEST] Trial #1 | SF=2, Parallel=a -> Zeit: 193.945 ms (56.329 GFLOPS)
        · teir_sa:contraction_abcd_ea_ebcd laeuft [ 1681s] … [NEW BEST] Trial #1 | SF=2, Parallel=a -> Zeit: 193.945 ms (56.329 GFLOPS)
        · teir_sa:contraction_abcd_ea_ebcd laeuft [ 1711s] … [NEW BEST] Trial #1 | SF=2, Parallel=a -> Zeit: 193.945 ms (56.329 GFLOPS)
        · teir_sa:contraction_abcd_ea_ebcd laeuft [ 1741s] … [NEW BEST] Trial #1 | SF=2, Parallel=a -> Zeit: 193.945 ms (56.329 GFLOPS)
        · teir_sa:contraction_abcd_ea_ebcd laeuft [ 1771s] … [NEW BEST] Trial #1 | SF=2, Parallel=a -> Zeit: 193.945 ms (56.329 GFLOPS)
        · teir_sa:contraction_abcd_ea_ebcd laeuft [ 1801s] … [NEW BEST] Trial #1 | SF=2, Parallel=a -> Zeit: 193.945 ms (56.329 GFLOPS)
  [teir_sa]  9/36 contraction_abcd_ea_ebcd               56.3 GFLOPS [partial-timeout]   1801s  DONE @ 2026-08-01 16:05:12
  [teir_sa] 10/36 contraction_abcd_eb_aecd               ... START @ 2026-08-01 16:05:12
        · teir_sa:contraction_abcd_eb_aecd laeuft [   30s] … [NEW BEST] Trial #1 | SF=2, Parallel=a -> Zeit: 143.189 ms (76.2956 GFLOPS)
        · teir_sa:contraction_abcd_eb_aecd laeuft [   60s] … [NEW BEST] Trial #1 | SF=2, Parallel=a -> Zeit: 143.189 ms (76.2956 GFLOPS)
        · teir_sa:contraction_abcd_eb_aecd laeuft [   90s] … [NEW BEST] Trial #1 | SF=2, Parallel=a -> Zeit: 143.189 ms (76.2956 GFLOPS)
        · teir_sa:contraction_abcd_eb_aecd laeuft [  120s] … [NEW BEST] Trial #1 | SF=2, Parallel=a -> Zeit: 143.189 ms (76.2956 GFLOPS)
        · teir_sa:contraction_abcd_eb_aecd laeuft [  150s] … [NEW BEST] Trial #1 | SF=2, Parallel=a -> Zeit: 143.189 ms (76.2956 GFLOPS)
        · teir_sa:contraction_abcd_eb_aecd laeuft [  181s] … [NEW BEST] Trial #1 | SF=2, Parallel=a -> Zeit: 143.189 ms (76.2956 GFLOPS)
        · teir_sa:contraction_abcd_eb_aecd laeuft [  211s] … [NEW BEST] Trial #1 | SF=2, Parallel=a -> Zeit: 143.189 ms (76.2956 GFLOPS)
        · teir_sa:contraction_abcd_eb_aecd laeuft [  241s] … [NEW BEST] Trial #1 | SF=2, Parallel=a -> Zeit: 143.189 ms (76.2956 GFLOPS)
        · teir_sa:contraction_abcd_eb_aecd laeuft [  271s] … [NEW BEST] Trial #1 | SF=2, Parallel=a -> Zeit: 143.189 ms (76.2956 GFLOPS)
        · teir_sa:contraction_abcd_eb_aecd laeuft [  301s] … [NEW BEST] Trial #1 | SF=2, Parallel=a -> Zeit: 143.189 ms (76.2956 GFLOPS)
        · teir_sa:contraction_abcd_eb_aecd laeuft [  331s] … [NEW BEST] Trial #1 | SF=2, Parallel=a -> Zeit: 143.189 ms (76.2956 GFLOPS)
        · teir_sa:contraction_abcd_eb_aecd laeuft [  361s] … [NEW BEST] Trial #1 | SF=2, Parallel=a -> Zeit: 143.189 ms (76.2956 GFLOPS)
        · teir_sa:contraction_abcd_eb_aecd laeuft [  391s] … [NEW BEST] Trial #1 | SF=2, Parallel=a -> Zeit: 143.189 ms (76.2956 GFLOPS)
        · teir_sa:contraction_abcd_eb_aecd laeuft [  421s] … [NEW BEST] Trial #1 | SF=2, Parallel=a -> Zeit: 143.189 ms (76.2956 GFLOPS)
        · teir_sa:contraction_abcd_eb_aecd laeuft [  451s] … [NEW BEST] Trial #1 | SF=2, Parallel=a -> Zeit: 143.189 ms (76.2956 GFLOPS)
        · teir_sa:contraction_abcd_eb_aecd laeuft [  481s] … [NEW BEST] Trial #1 | SF=2, Parallel=a -> Zeit: 143.189 ms (76.2956 GFLOPS)
        · teir_sa:contraction_abcd_eb_aecd laeuft [  511s] … [NEW BEST] Trial #1 | SF=2, Parallel=a -> Zeit: 143.189 ms (76.2956 GFLOPS)
        · teir_sa:contraction_abcd_eb_aecd laeuft [  541s] … [NEW BEST] Trial #1 | SF=2, Parallel=a -> Zeit: 143.189 ms (76.2956 GFLOPS)
        · teir_sa:contraction_abcd_eb_aecd laeuft [  571s] … [NEW BEST] Trial #1 | SF=2, Parallel=a -> Zeit: 143.189 ms (76.2956 GFLOPS)
        · teir_sa:contraction_abcd_eb_aecd laeuft [  602s] … [NEW BEST] Trial #1 | SF=2, Parallel=a -> Zeit: 143.189 ms (76.2956 GFLOPS)
        · teir_sa:contraction_abcd_eb_aecd laeuft [  632s] … [NEW BEST] Trial #1 | SF=2, Parallel=a -> Zeit: 143.189 ms (76.2956 GFLOPS)
        · teir_sa:contraction_abcd_eb_aecd laeuft [  662s] … [NEW BEST] Trial #1 | SF=2, Parallel=a -> Zeit: 143.189 ms (76.2956 GFLOPS)
        · teir_sa:contraction_abcd_eb_aecd laeuft [  692s] … [NEW BEST] Trial #1 | SF=2, Parallel=a -> Zeit: 143.189 ms (76.2956 GFLOPS)
        · teir_sa:contraction_abcd_eb_aecd laeuft [  722s] … [NEW BEST] Trial #1 | SF=2, Parallel=a -> Zeit: 143.189 ms (76.2956 GFLOPS)
        · teir_sa:contraction_abcd_eb_aecd laeuft [  752s] … [NEW BEST] Trial #1 | SF=2, Parallel=a -> Zeit: 143.189 ms (76.2956 GFLOPS)
        · teir_sa:contraction_abcd_eb_aecd laeuft [  782s] … [NEW BEST] Trial #1 | SF=2, Parallel=a -> Zeit: 143.189 ms (76.2956 GFLOPS)
        · teir_sa:contraction_abcd_eb_aecd laeuft [  810s] … [NEW BEST] Trial #1 | SF=2, Parallel=a -> Zeit: 143.189 ms (76.2956 GFLOPS)
        · teir_sa:contraction_abcd_eb_aecd laeuft [  840s] … [NEW BEST] Trial #1 | SF=2, Parallel=a -> Zeit: 143.189 ms (76.2956 GFLOPS)
        · teir_sa:contraction_abcd_eb_aecd laeuft [  870s] … [NEW BEST] Trial #1 | SF=2, Parallel=a -> Zeit: 143.189 ms (76.2956 GFLOPS)
        · teir_sa:contraction_abcd_eb_aecd laeuft [  900s] … [NEW BEST] Trial #1 | SF=2, Parallel=a -> Zeit: 143.189 ms (76.2956 GFLOPS)
        · teir_sa:contraction_abcd_eb_aecd laeuft [  930s] … [NEW BEST] Trial #1 | SF=2, Parallel=a -> Zeit: 143.189 ms (76.2956 GFLOPS)
        · teir_sa:contraction_abcd_eb_aecd laeuft [  960s] … [NEW BEST] Trial #1 | SF=2, Parallel=a -> Zeit: 143.189 ms (76.2956 GFLOPS)
        · teir_sa:contraction_abcd_eb_aecd laeuft [  990s] … [NEW BEST] Trial #1 | SF=2, Parallel=a -> Zeit: 143.189 ms (76.2956 GFLOPS)
        · teir_sa:contraction_abcd_eb_aecd laeuft [ 1020s] … [NEW BEST] Trial #1 | SF=2, Parallel=a -> Zeit: 143.189 ms (76.2956 GFLOPS)
        · teir_sa:contraction_abcd_eb_aecd laeuft [ 1050s] … [NEW BEST] Trial #1 | SF=2, Parallel=a -> Zeit: 143.189 ms (76.2956 GFLOPS)
        · teir_sa:contraction_abcd_eb_aecd laeuft [ 1080s] … [NEW BEST] Trial #1 | SF=2, Parallel=a -> Zeit: 143.189 ms (76.2956 GFLOPS)
        · teir_sa:contraction_abcd_eb_aecd laeuft [ 1110s] … [NEW BEST] Trial #1 | SF=2, Parallel=a -> Zeit: 143.189 ms (76.2956 GFLOPS)
        · teir_sa:contraction_abcd_eb_aecd laeuft [ 1141s] … [NEW BEST] Trial #1 | SF=2, Parallel=a -> Zeit: 143.189 ms (76.2956 GFLOPS)
        · teir_sa:contraction_abcd_eb_aecd laeuft [ 1171s] … [NEW BEST] Trial #1 | SF=2, Parallel=a -> Zeit: 143.189 ms (76.2956 GFLOPS)
        · teir_sa:contraction_abcd_eb_aecd laeuft [ 1201s] … [NEW BEST] Trial #1 | SF=2, Parallel=a -> Zeit: 143.189 ms (76.2956 GFLOPS)
        · teir_sa:contraction_abcd_eb_aecd laeuft [ 1231s] … [NEW BEST] Trial #1 | SF=2, Parallel=a -> Zeit: 143.189 ms (76.2956 GFLOPS)
        · teir_sa:contraction_abcd_eb_aecd laeuft [ 1261s] … [NEW BEST] Trial #1 | SF=2, Parallel=a -> Zeit: 143.189 ms (76.2956 GFLOPS)
        · teir_sa:contraction_abcd_eb_aecd laeuft [ 1291s] … [NEW BEST] Trial #1 | SF=2, Parallel=a -> Zeit: 143.189 ms (76.2956 GFLOPS)
        · teir_sa:contraction_abcd_eb_aecd laeuft [ 1321s] … [NEW BEST] Trial #1 | SF=2, Parallel=a -> Zeit: 143.189 ms (76.2956 GFLOPS)
        · teir_sa:contraction_abcd_eb_aecd laeuft [ 1351s] … [NEW BEST] Trial #1 | SF=2, Parallel=a -> Zeit: 143.189 ms (76.2956 GFLOPS)
        · teir_sa:contraction_abcd_eb_aecd laeuft [ 1381s] … [NEW BEST] Trial #1 | SF=2, Parallel=a -> Zeit: 143.189 ms (76.2956 GFLOPS)
        · teir_sa:contraction_abcd_eb_aecd laeuft [ 1411s] … [NEW BEST] Trial #1 | SF=2, Parallel=a -> Zeit: 143.189 ms (76.2956 GFLOPS)
        · teir_sa:contraction_abcd_eb_aecd laeuft [ 1441s] … [NEW BEST] Trial #1 | SF=2, Parallel=a -> Zeit: 143.189 ms (76.2956 GFLOPS)
        · teir_sa:contraction_abcd_eb_aecd laeuft [ 1471s] … [NEW BEST] Trial #1 | SF=2, Parallel=a -> Zeit: 143.189 ms (76.2956 GFLOPS)
        · teir_sa:contraction_abcd_eb_aecd laeuft [ 1501s] … [NEW BEST] Trial #1 | SF=2, Parallel=a -> Zeit: 143.189 ms (76.2956 GFLOPS)
        · teir_sa:contraction_abcd_eb_aecd laeuft [ 1532s] … [NEW BEST] Trial #1 | SF=2, Parallel=a -> Zeit: 143.189 ms (76.2956 GFLOPS)
        · teir_sa:contraction_abcd_eb_aecd laeuft [ 1562s] … [NEW BEST] Trial #1 | SF=2, Parallel=a -> Zeit: 143.189 ms (76.2956 GFLOPS)
        · teir_sa:contraction_abcd_eb_aecd laeuft [ 1592s] … [NEW BEST] Trial #1 | SF=2, Parallel=a -> Zeit: 143.189 ms (76.2956 GFLOPS)
        · teir_sa:contraction_abcd_eb_aecd laeuft [ 1622s] … [NEW BEST] Trial #1 | SF=2, Parallel=a -> Zeit: 143.189 ms (76.2956 GFLOPS)
        · teir_sa:contraction_abcd_eb_aecd laeuft [ 1650s] … [NEW BEST] Trial #1 | SF=2, Parallel=a -> Zeit: 143.189 ms (76.2956 GFLOPS)
        · teir_sa:contraction_abcd_eb_aecd laeuft [ 1680s] … [NEW BEST] Trial #1 | SF=2, Parallel=a -> Zeit: 143.189 ms (76.2956 GFLOPS)
        · teir_sa:contraction_abcd_eb_aecd laeuft [ 1710s] … [NEW BEST] Trial #1 | SF=2, Parallel=a -> Zeit: 143.189 ms (76.2956 GFLOPS)
        · teir_sa:contraction_abcd_eb_aecd laeuft [ 1740s] … [NEW BEST] Trial #1 | SF=2, Parallel=a -> Zeit: 143.189 ms (76.2956 GFLOPS)
        · teir_sa:contraction_abcd_eb_aecd laeuft [ 1771s] … [NEW BEST] Trial #1 | SF=2, Parallel=a -> Zeit: 143.189 ms (76.2956 GFLOPS)
        · teir_sa:contraction_abcd_eb_aecd laeuft [ 1801s] … [NEW BEST] Trial #1 | SF=2, Parallel=a -> Zeit: 143.189 ms (76.2956 GFLOPS)
  [teir_sa] 10/36 contraction_abcd_eb_aecd               76.3 GFLOPS [partial-timeout]   1801s  DONE @ 2026-08-01 16:35:13
  [teir_sa] 11/36 contraction_abcd_ec_abed               ... START @ 2026-08-01 16:35:13
        · teir_sa:contraction_abcd_ec_abed laeuft [   30s] … [NEW BEST] Trial #1 | SF=2, Parallel=a -> Zeit: 167.759 ms (65.1215 GFLOPS)
        · teir_sa:contraction_abcd_ec_abed laeuft [   60s] … [NEW BEST] Trial #1 | SF=2, Parallel=a -> Zeit: 167.759 ms (65.1215 GFLOPS)
        · teir_sa:contraction_abcd_ec_abed laeuft [   90s] … [NEW BEST] Trial #1 | SF=2, Parallel=a -> Zeit: 167.759 ms (65.1215 GFLOPS)
        · teir_sa:contraction_abcd_ec_abed laeuft [  121s] … [NEW BEST] Trial #1 | SF=2, Parallel=a -> Zeit: 167.759 ms (65.1215 GFLOPS)
        · teir_sa:contraction_abcd_ec_abed laeuft [  151s] … [NEW BEST] Trial #1 | SF=2, Parallel=a -> Zeit: 167.759 ms (65.1215 GFLOPS)
        · teir_sa:contraction_abcd_ec_abed laeuft [  181s] … [NEW BEST] Trial #1 | SF=2, Parallel=a -> Zeit: 167.759 ms (65.1215 GFLOPS)
        · teir_sa:contraction_abcd_ec_abed laeuft [  211s] … [NEW BEST] Trial #1 | SF=2, Parallel=a -> Zeit: 167.759 ms (65.1215 GFLOPS)
        · teir_sa:contraction_abcd_ec_abed laeuft [  241s] … [NEW BEST] Trial #1 | SF=2, Parallel=a -> Zeit: 167.759 ms (65.1215 GFLOPS)
        · teir_sa:contraction_abcd_ec_abed laeuft [  271s] … [NEW BEST] Trial #1 | SF=2, Parallel=a -> Zeit: 167.759 ms (65.1215 GFLOPS)
        · teir_sa:contraction_abcd_ec_abed laeuft [  301s] … [NEW BEST] Trial #1 | SF=2, Parallel=a -> Zeit: 167.759 ms (65.1215 GFLOPS)
        · teir_sa:contraction_abcd_ec_abed laeuft [  331s] … [NEW BEST] Trial #1 | SF=2, Parallel=a -> Zeit: 167.759 ms (65.1215 GFLOPS)
        · teir_sa:contraction_abcd_ec_abed laeuft [  362s] … [NEW BEST] Trial #1 | SF=2, Parallel=a -> Zeit: 167.759 ms (65.1215 GFLOPS)
        · teir_sa:contraction_abcd_ec_abed laeuft [  392s] … [NEW BEST] Trial #1 | SF=2, Parallel=a -> Zeit: 167.759 ms (65.1215 GFLOPS)
        · teir_sa:contraction_abcd_ec_abed laeuft [  422s] … [NEW BEST] Trial #1 | SF=2, Parallel=a -> Zeit: 167.759 ms (65.1215 GFLOPS)
        · teir_sa:contraction_abcd_ec_abed laeuft [  452s] … [NEW BEST] Trial #1 | SF=2, Parallel=a -> Zeit: 167.759 ms (65.1215 GFLOPS)
        · teir_sa:contraction_abcd_ec_abed laeuft [  482s] … [NEW BEST] Trial #1 | SF=2, Parallel=a -> Zeit: 167.759 ms (65.1215 GFLOPS)
        · teir_sa:contraction_abcd_ec_abed laeuft [  512s] … [NEW BEST] Trial #1 | SF=2, Parallel=a -> Zeit: 167.759 ms (65.1215 GFLOPS)
        · teir_sa:contraction_abcd_ec_abed laeuft [  542s] … [NEW BEST] Trial #1 | SF=2, Parallel=a -> Zeit: 167.759 ms (65.1215 GFLOPS)
        · teir_sa:contraction_abcd_ec_abed laeuft [  570s] … [NEW BEST] Trial #1 | SF=2, Parallel=a -> Zeit: 167.759 ms (65.1215 GFLOPS)
        · teir_sa:contraction_abcd_ec_abed laeuft [  600s] … [NEW BEST] Trial #1 | SF=2, Parallel=a -> Zeit: 167.759 ms (65.1215 GFLOPS)
        · teir_sa:contraction_abcd_ec_abed laeuft [  630s] … [NEW BEST] Trial #1 | SF=2, Parallel=a -> Zeit: 167.759 ms (65.1215 GFLOPS)
        · teir_sa:contraction_abcd_ec_abed laeuft [  660s] … [NEW BEST] Trial #1 | SF=2, Parallel=a -> Zeit: 167.759 ms (65.1215 GFLOPS)
        · teir_sa:contraction_abcd_ec_abed laeuft [  690s] … [NEW BEST] Trial #1 | SF=2, Parallel=a -> Zeit: 167.759 ms (65.1215 GFLOPS)
        · teir_sa:contraction_abcd_ec_abed laeuft [  720s] … [NEW BEST] Trial #1 | SF=2, Parallel=a -> Zeit: 167.759 ms (65.1215 GFLOPS)
        · teir_sa:contraction_abcd_ec_abed laeuft [  750s] … [NEW BEST] Trial #1 | SF=2, Parallel=a -> Zeit: 167.759 ms (65.1215 GFLOPS)
        · teir_sa:contraction_abcd_ec_abed laeuft [  781s] … [NEW BEST] Trial #1 | SF=2, Parallel=a -> Zeit: 167.759 ms (65.1215 GFLOPS)
        · teir_sa:contraction_abcd_ec_abed laeuft [  811s] … [NEW BEST] Trial #1 | SF=2, Parallel=a -> Zeit: 167.759 ms (65.1215 GFLOPS)
        · teir_sa:contraction_abcd_ec_abed laeuft [  841s] … [NEW BEST] Trial #1 | SF=2, Parallel=a -> Zeit: 167.759 ms (65.1215 GFLOPS)
        · teir_sa:contraction_abcd_ec_abed laeuft [  871s] … [NEW BEST] Trial #1 | SF=2, Parallel=a -> Zeit: 167.759 ms (65.1215 GFLOPS)
        · teir_sa:contraction_abcd_ec_abed laeuft [  901s] … [NEW BEST] Trial #1 | SF=2, Parallel=a -> Zeit: 167.759 ms (65.1215 GFLOPS)
        · teir_sa:contraction_abcd_ec_abed laeuft [  931s] … [NEW BEST] Trial #1 | SF=2, Parallel=a -> Zeit: 167.759 ms (65.1215 GFLOPS)
        · teir_sa:contraction_abcd_ec_abed laeuft [  961s] … [NEW BEST] Trial #1 | SF=2, Parallel=a -> Zeit: 167.759 ms (65.1215 GFLOPS)
        · teir_sa:contraction_abcd_ec_abed laeuft [  991s] … [NEW BEST] Trial #1 | SF=2, Parallel=a -> Zeit: 167.759 ms (65.1215 GFLOPS)
        · teir_sa:contraction_abcd_ec_abed laeuft [ 1021s] … [NEW BEST] Trial #1 | SF=2, Parallel=a -> Zeit: 167.759 ms (65.1215 GFLOPS)
        · teir_sa:contraction_abcd_ec_abed laeuft [ 1051s] … [NEW BEST] Trial #1 | SF=2, Parallel=a -> Zeit: 167.759 ms (65.1215 GFLOPS)
        · teir_sa:contraction_abcd_ec_abed laeuft [ 1081s] … [NEW BEST] Trial #1 | SF=2, Parallel=a -> Zeit: 167.759 ms (65.1215 GFLOPS)
        · teir_sa:contraction_abcd_ec_abed laeuft [ 1111s] … [NEW BEST] Trial #1 | SF=2, Parallel=a -> Zeit: 167.759 ms (65.1215 GFLOPS)
        · teir_sa:contraction_abcd_ec_abed laeuft [ 1141s] … [NEW BEST] Trial #1 | SF=2, Parallel=a -> Zeit: 167.759 ms (65.1215 GFLOPS)
        · teir_sa:contraction_abcd_ec_abed laeuft [ 1171s] … [NEW BEST] Trial #1 | SF=2, Parallel=a -> Zeit: 167.759 ms (65.1215 GFLOPS)
        · teir_sa:contraction_abcd_ec_abed laeuft [ 1202s] … [NEW BEST] Trial #1 | SF=2, Parallel=a -> Zeit: 167.759 ms (65.1215 GFLOPS)
        · teir_sa:contraction_abcd_ec_abed laeuft [ 1232s] … [NEW BEST] Trial #1 | SF=2, Parallel=a -> Zeit: 167.759 ms (65.1215 GFLOPS)
        · teir_sa:contraction_abcd_ec_abed laeuft [ 1262s] … [NEW BEST] Trial #1 | SF=2, Parallel=a -> Zeit: 167.759 ms (65.1215 GFLOPS)
        · teir_sa:contraction_abcd_ec_abed laeuft [ 1292s] … [NEW BEST] Trial #1 | SF=2, Parallel=a -> Zeit: 167.759 ms (65.1215 GFLOPS)
        · teir_sa:contraction_abcd_ec_abed laeuft [ 1322s] … [NEW BEST] Trial #1 | SF=2, Parallel=a -> Zeit: 167.759 ms (65.1215 GFLOPS)
        · teir_sa:contraction_abcd_ec_abed laeuft [ 1352s] … [NEW BEST] Trial #1 | SF=2, Parallel=a -> Zeit: 167.759 ms (65.1215 GFLOPS)
        · teir_sa:contraction_abcd_ec_abed laeuft [ 1382s] … [NEW BEST] Trial #1 | SF=2, Parallel=a -> Zeit: 167.759 ms (65.1215 GFLOPS)
        · teir_sa:contraction_abcd_ec_abed laeuft [ 1410s] … [NEW BEST] Trial #1 | SF=2, Parallel=a -> Zeit: 167.759 ms (65.1215 GFLOPS)
        · teir_sa:contraction_abcd_ec_abed laeuft [ 1440s] … [NEW BEST] Trial #1 | SF=2, Parallel=a -> Zeit: 167.759 ms (65.1215 GFLOPS)
        · teir_sa:contraction_abcd_ec_abed laeuft [ 1470s] … [NEW BEST] Trial #1 | SF=2, Parallel=a -> Zeit: 167.759 ms (65.1215 GFLOPS)
        · teir_sa:contraction_abcd_ec_abed laeuft [ 1500s] … [NEW BEST] Trial #1 | SF=2, Parallel=a -> Zeit: 167.759 ms (65.1215 GFLOPS)
        · teir_sa:contraction_abcd_ec_abed laeuft [ 1530s] … [NEW BEST] Trial #1 | SF=2, Parallel=a -> Zeit: 167.759 ms (65.1215 GFLOPS)
        · teir_sa:contraction_abcd_ec_abed laeuft [ 1560s] … [NEW BEST] Trial #1 | SF=2, Parallel=a -> Zeit: 167.759 ms (65.1215 GFLOPS)
        · teir_sa:contraction_abcd_ec_abed laeuft [ 1591s] … [NEW BEST] Trial #1 | SF=2, Parallel=a -> Zeit: 167.759 ms (65.1215 GFLOPS)
        · teir_sa:contraction_abcd_ec_abed laeuft [ 1621s] … [NEW BEST] Trial #1 | SF=2, Parallel=a -> Zeit: 167.759 ms (65.1215 GFLOPS)
        · teir_sa:contraction_abcd_ec_abed laeuft [ 1651s] … [NEW BEST] Trial #1 | SF=2, Parallel=a -> Zeit: 167.759 ms (65.1215 GFLOPS)
        · teir_sa:contraction_abcd_ec_abed laeuft [ 1681s] … [NEW BEST] Trial #1 | SF=2, Parallel=a -> Zeit: 167.759 ms (65.1215 GFLOPS)
        · teir_sa:contraction_abcd_ec_abed laeuft [ 1711s] … [NEW BEST] Trial #1 | SF=2, Parallel=a -> Zeit: 167.759 ms (65.1215 GFLOPS)
        · teir_sa:contraction_abcd_ec_abed laeuft [ 1741s] … [NEW BEST] Trial #1 | SF=2, Parallel=a -> Zeit: 167.759 ms (65.1215 GFLOPS)
        · teir_sa:contraction_abcd_ec_abed laeuft [ 1771s] … [NEW BEST] Trial #1 | SF=2, Parallel=a -> Zeit: 167.759 ms (65.1215 GFLOPS)
        · teir_sa:contraction_abcd_ec_abed laeuft [ 1801s] … [NEW BEST] Trial #1 | SF=2, Parallel=a -> Zeit: 167.759 ms (65.1215 GFLOPS)
  [teir_sa] 11/36 contraction_abcd_ec_abed               65.1 GFLOPS [partial-timeout]   1801s  DONE @ 2026-08-01 17:05:14
  [teir_sa] 12/36 contraction_ab_acd_dbc                 ... START @ 2026-08-01 17:05:14
        · teir_sa:contraction_ab_acd_dbc laeuft [   30s] … [NEW BEST] Trial #1 | SF=1, Parallel=a -> Zeit: 1471.52 ms (28.3337 GFLOPS)
        · teir_sa:contraction_ab_acd_dbc laeuft [   60s] … [NEW BEST] Trial #1 | SF=1, Parallel=a -> Zeit: 1471.52 ms (28.3337 GFLOPS)
        · teir_sa:contraction_ab_acd_dbc laeuft [   90s] … [NEW BEST] Trial #1 | SF=1, Parallel=a -> Zeit: 1471.52 ms (28.3337 GFLOPS)
        · teir_sa:contraction_ab_acd_dbc laeuft [  120s] … [NEW BEST] Trial #7 | SF=1, Parallel=b -> Zeit: 1456.24 ms (28.6309 GFLOPS)
  [teir_sa] 12/36 contraction_ab_acd_dbc                 26.4 GFLOPS [ok]                142s  DONE @ 2026-08-01 17:07:36
  [teir_sa] 13/36 contraction_ab_cad_dcb                 ... START @ 2026-08-01 17:07:36
        · teir_sa:contraction_ab_cad_dcb laeuft [   30s] … [NEW BEST] Trial #1 | SF=1, Parallel=a -> Zeit: 11183.4 ms (3.80749 GFLOPS)
        · teir_sa:contraction_ab_cad_dcb laeuft [   60s] … [NEW BEST] Trial #1 | SF=1, Parallel=a -> Zeit: 11183.4 ms (3.80749 GFLOPS)
        · teir_sa:contraction_ab_cad_dcb laeuft [   90s] … [NEW BEST] Trial #1 | SF=1, Parallel=a -> Zeit: 11183.4 ms (3.80749 GFLOPS)
        · teir_sa:contraction_ab_cad_dcb laeuft [  120s] … [NEW BEST] Trial #3 | SF=2, Parallel=a -> Zeit: 9781.9 ms (4.353 GFLOPS)
        · teir_sa:contraction_ab_cad_dcb laeuft [  151s] … [NEW BEST] Trial #4 | SF=2, Parallel=a -> Zeit: 6419 ms (6.63352 GFLOPS)
        · teir_sa:contraction_ab_cad_dcb laeuft [  181s] … [NEW BEST] Trial #4 | SF=2, Parallel=a -> Zeit: 6419 ms (6.63352 GFLOPS)
        · teir_sa:contraction_ab_cad_dcb laeuft [  211s] … [NEW BEST] Trial #4 | SF=2, Parallel=a -> Zeit: 6419 ms (6.63352 GFLOPS)
        · teir_sa:contraction_ab_cad_dcb laeuft [  241s] … [NEW BEST] Trial #4 | SF=2, Parallel=a -> Zeit: 6419 ms (6.63352 GFLOPS)
        · teir_sa:contraction_ab_cad_dcb laeuft [  271s] … [NEW BEST] Trial #4 | SF=2, Parallel=a -> Zeit: 6419 ms (6.63352 GFLOPS)
        · teir_sa:contraction_ab_cad_dcb laeuft [  301s] … [NEW BEST] Trial #4 | SF=2, Parallel=a -> Zeit: 6419 ms (6.63352 GFLOPS)
        · teir_sa:contraction_ab_cad_dcb laeuft [  331s] … [NEW BEST] Trial #4 | SF=2, Parallel=a -> Zeit: 6419 ms (6.63352 GFLOPS)
        · teir_sa:contraction_ab_cad_dcb laeuft [  361s] … [NEW BEST] Trial #4 | SF=2, Parallel=a -> Zeit: 6419 ms (6.63352 GFLOPS)
        · teir_sa:contraction_ab_cad_dcb laeuft [  391s] … [NEW BEST] Trial #4 | SF=2, Parallel=a -> Zeit: 6419 ms (6.63352 GFLOPS)
        · teir_sa:contraction_ab_cad_dcb laeuft [  422s] … [SUCCESS] Validation passed.
  [teir_sa] 13/36 contraction_ab_cad_dcb                 6.5 GFLOPS [ok]                 452s  DONE @ 2026-08-01 17:15:08
  [teir_sa] 14/36 contraction_abc_acd_db                 ... START @ 2026-08-01 17:15:08
        · teir_sa:contraction_abc_acd_db laeuft [   30s] … [NEW BEST] Trial #1 | SF=2, Parallel=a -> Zeit: 859.341 ms (48.518 GFLOPS)
        · teir_sa:contraction_abc_acd_db laeuft [   60s] … [NEW BEST] Trial #1 | SF=2, Parallel=a -> Zeit: 859.341 ms (48.518 GFLOPS)
        · teir_sa:contraction_abc_acd_db laeuft [   90s] … [NEW BEST] Trial #1 | SF=2, Parallel=a -> Zeit: 859.341 ms (48.518 GFLOPS)
        · teir_sa:contraction_abc_acd_db laeuft [  120s] … [NEW BEST] Trial #1 | SF=2, Parallel=a -> Zeit: 859.341 ms (48.518 GFLOPS)
        · teir_sa:contraction_abc_acd_db laeuft [  150s] … [NEW BEST] Trial #1 | SF=2, Parallel=a -> Zeit: 859.341 ms (48.518 GFLOPS)
        · teir_sa:contraction_abc_acd_db laeuft [  180s] … [NEW BEST] Trial #1 | SF=2, Parallel=a -> Zeit: 859.341 ms (48.518 GFLOPS)
        · teir_sa:contraction_abc_acd_db laeuft [  211s] … [NEW BEST] Trial #1 | SF=2, Parallel=a -> Zeit: 859.341 ms (48.518 GFLOPS)
        · teir_sa:contraction_abc_acd_db laeuft [  241s] … [NEW BEST] Trial #1 | SF=2, Parallel=a -> Zeit: 859.341 ms (48.518 GFLOPS)
        · teir_sa:contraction_abc_acd_db laeuft [  271s] … [NEW BEST] Trial #1 | SF=2, Parallel=a -> Zeit: 859.341 ms (48.518 GFLOPS)
        · teir_sa:contraction_abc_acd_db laeuft [  301s] … [NEW BEST] Trial #1 | SF=2, Parallel=a -> Zeit: 859.341 ms (48.518 GFLOPS)
        · teir_sa:contraction_abc_acd_db laeuft [  331s] … [NEW BEST] Trial #1 | SF=2, Parallel=a -> Zeit: 859.341 ms (48.518 GFLOPS)
        · teir_sa:contraction_abc_acd_db laeuft [  361s] … [NEW BEST] Trial #1 | SF=2, Parallel=a -> Zeit: 859.341 ms (48.518 GFLOPS)
        · teir_sa:contraction_abc_acd_db laeuft [  391s] … [NEW BEST] Trial #1 | SF=2, Parallel=a -> Zeit: 859.341 ms (48.518 GFLOPS)
        · teir_sa:contraction_abc_acd_db laeuft [  421s] … [NEW BEST] Trial #1 | SF=2, Parallel=a -> Zeit: 859.341 ms (48.518 GFLOPS)
        · teir_sa:contraction_abc_acd_db laeuft [  451s] … [NEW BEST] Trial #1 | SF=2, Parallel=a -> Zeit: 859.341 ms (48.518 GFLOPS)
        · teir_sa:contraction_abc_acd_db laeuft [  481s] … [NEW BEST] Trial #1 | SF=2, Parallel=a -> Zeit: 859.341 ms (48.518 GFLOPS)
        · teir_sa:contraction_abc_acd_db laeuft [  511s] … [NEW BEST] Trial #1 | SF=2, Parallel=a -> Zeit: 859.341 ms (48.518 GFLOPS)
        · teir_sa:contraction_abc_acd_db laeuft [  542s] … [NEW BEST] Trial #1 | SF=2, Parallel=a -> Zeit: 859.341 ms (48.518 GFLOPS)
        · teir_sa:contraction_abc_acd_db laeuft [  572s] … [NEW BEST] Trial #1 | SF=2, Parallel=a -> Zeit: 859.341 ms (48.518 GFLOPS)
        · teir_sa:contraction_abc_acd_db laeuft [  602s] … [NEW BEST] Trial #1 | SF=2, Parallel=a -> Zeit: 859.341 ms (48.518 GFLOPS)
        · teir_sa:contraction_abc_acd_db laeuft [  632s] … [NEW BEST] Trial #1 | SF=2, Parallel=a -> Zeit: 859.341 ms (48.518 GFLOPS)
        · teir_sa:contraction_abc_acd_db laeuft [  660s] … [NEW BEST] Trial #1 | SF=2, Parallel=a -> Zeit: 859.341 ms (48.518 GFLOPS)
        · teir_sa:contraction_abc_acd_db laeuft [  690s] … [NEW BEST] Trial #1 | SF=2, Parallel=a -> Zeit: 859.341 ms (48.518 GFLOPS)
        · teir_sa:contraction_abc_acd_db laeuft [  720s] … [NEW BEST] Trial #1 | SF=2, Parallel=a -> Zeit: 859.341 ms (48.518 GFLOPS)
        · teir_sa:contraction_abc_acd_db laeuft [  751s] … [NEW BEST] Trial #1 | SF=2, Parallel=a -> Zeit: 859.341 ms (48.518 GFLOPS)
        · teir_sa:contraction_abc_acd_db laeuft [  781s] … [NEW BEST] Trial #1 | SF=2, Parallel=a -> Zeit: 859.341 ms (48.518 GFLOPS)
        · teir_sa:contraction_abc_acd_db laeuft [  811s] … [NEW BEST] Trial #1 | SF=2, Parallel=a -> Zeit: 859.341 ms (48.518 GFLOPS)
        · teir_sa:contraction_abc_acd_db laeuft [  841s] … [NEW BEST] Trial #1 | SF=2, Parallel=a -> Zeit: 859.341 ms (48.518 GFLOPS)
        · teir_sa:contraction_abc_acd_db laeuft [  871s] … [NEW BEST] Trial #1 | SF=2, Parallel=a -> Zeit: 859.341 ms (48.518 GFLOPS)
        · teir_sa:contraction_abc_acd_db laeuft [  901s] … [NEW BEST] Trial #1 | SF=2, Parallel=a -> Zeit: 859.341 ms (48.518 GFLOPS)
        · teir_sa:contraction_abc_acd_db laeuft [  931s] … [NEW BEST] Trial #1 | SF=2, Parallel=a -> Zeit: 859.341 ms (48.518 GFLOPS)
        · teir_sa:contraction_abc_acd_db laeuft [  961s] … [NEW BEST] Trial #1 | SF=2, Parallel=a -> Zeit: 859.341 ms (48.518 GFLOPS)
        · teir_sa:contraction_abc_acd_db laeuft [  992s] … [NEW BEST] Trial #1 | SF=2, Parallel=a -> Zeit: 859.341 ms (48.518 GFLOPS)
        · teir_sa:contraction_abc_acd_db laeuft [ 1022s] … [NEW BEST] Trial #1 | SF=2, Parallel=a -> Zeit: 859.341 ms (48.518 GFLOPS)
        · teir_sa:contraction_abc_acd_db laeuft [ 1052s] … [NEW BEST] Trial #1 | SF=2, Parallel=a -> Zeit: 859.341 ms (48.518 GFLOPS)
        · teir_sa:contraction_abc_acd_db laeuft [ 1082s] … [NEW BEST] Trial #1 | SF=2, Parallel=a -> Zeit: 859.341 ms (48.518 GFLOPS)
        · teir_sa:contraction_abc_acd_db laeuft [ 1110s] … [NEW BEST] Trial #1 | SF=2, Parallel=a -> Zeit: 859.341 ms (48.518 GFLOPS)
        · teir_sa:contraction_abc_acd_db laeuft [ 1140s] … [NEW BEST] Trial #1 | SF=2, Parallel=a -> Zeit: 859.341 ms (48.518 GFLOPS)
        · teir_sa:contraction_abc_acd_db laeuft [ 1170s] … [NEW BEST] Trial #1 | SF=2, Parallel=a -> Zeit: 859.341 ms (48.518 GFLOPS)
        · teir_sa:contraction_abc_acd_db laeuft [ 1200s] … [NEW BEST] Trial #1 | SF=2, Parallel=a -> Zeit: 859.341 ms (48.518 GFLOPS)
        · teir_sa:contraction_abc_acd_db laeuft [ 1231s] … [NEW BEST] Trial #1 | SF=2, Parallel=a -> Zeit: 859.341 ms (48.518 GFLOPS)
        · teir_sa:contraction_abc_acd_db laeuft [ 1261s] … [NEW BEST] Trial #1 | SF=2, Parallel=a -> Zeit: 859.341 ms (48.518 GFLOPS)
        · teir_sa:contraction_abc_acd_db laeuft [ 1291s] … [NEW BEST] Trial #1 | SF=2, Parallel=a -> Zeit: 859.341 ms (48.518 GFLOPS)
        · teir_sa:contraction_abc_acd_db laeuft [ 1321s] … [NEW BEST] Trial #1 | SF=2, Parallel=a -> Zeit: 859.341 ms (48.518 GFLOPS)
        · teir_sa:contraction_abc_acd_db laeuft [ 1351s] … [NEW BEST] Trial #1 | SF=2, Parallel=a -> Zeit: 859.341 ms (48.518 GFLOPS)
        · teir_sa:contraction_abc_acd_db laeuft [ 1381s] … [NEW BEST] Trial #1 | SF=2, Parallel=a -> Zeit: 859.341 ms (48.518 GFLOPS)
        · teir_sa:contraction_abc_acd_db laeuft [ 1411s] … [NEW BEST] Trial #1 | SF=2, Parallel=a -> Zeit: 859.341 ms (48.518 GFLOPS)
        · teir_sa:contraction_abc_acd_db laeuft [ 1442s] … [NEW BEST] Trial #1 | SF=2, Parallel=a -> Zeit: 859.341 ms (48.518 GFLOPS)
        · teir_sa:contraction_abc_acd_db laeuft [ 1472s] … [NEW BEST] Trial #1 | SF=2, Parallel=a -> Zeit: 859.341 ms (48.518 GFLOPS)
        · teir_sa:contraction_abc_acd_db laeuft [ 1502s] … [NEW BEST] Trial #1 | SF=2, Parallel=a -> Zeit: 859.341 ms (48.518 GFLOPS)
        · teir_sa:contraction_abc_acd_db laeuft [ 1532s] … [NEW BEST] Trial #1 | SF=2, Parallel=a -> Zeit: 859.341 ms (48.518 GFLOPS)
        · teir_sa:contraction_abc_acd_db laeuft [ 1560s] … [NEW BEST] Trial #1 | SF=2, Parallel=a -> Zeit: 859.341 ms (48.518 GFLOPS)
        · teir_sa:contraction_abc_acd_db laeuft [ 1590s] … [NEW BEST] Trial #1 | SF=2, Parallel=a -> Zeit: 859.341 ms (48.518 GFLOPS)
        · teir_sa:contraction_abc_acd_db laeuft [ 1620s] … [NEW BEST] Trial #1 | SF=2, Parallel=a -> Zeit: 859.341 ms (48.518 GFLOPS)
        · teir_sa:contraction_abc_acd_db laeuft [ 1650s] … [NEW BEST] Trial #1 | SF=2, Parallel=a -> Zeit: 859.341 ms (48.518 GFLOPS)
        · teir_sa:contraction_abc_acd_db laeuft [ 1681s] … [NEW BEST] Trial #1 | SF=2, Parallel=a -> Zeit: 859.341 ms (48.518 GFLOPS)
        · teir_sa:contraction_abc_acd_db laeuft [ 1711s] … [NEW BEST] Trial #1 | SF=2, Parallel=a -> Zeit: 859.341 ms (48.518 GFLOPS)
        · teir_sa:contraction_abc_acd_db laeuft [ 1741s] … [NEW BEST] Trial #1 | SF=2, Parallel=a -> Zeit: 859.341 ms (48.518 GFLOPS)
        · teir_sa:contraction_abc_acd_db laeuft [ 1771s] … [NEW BEST] Trial #1 | SF=2, Parallel=a -> Zeit: 859.341 ms (48.518 GFLOPS)
        · teir_sa:contraction_abc_acd_db laeuft [ 1801s] … [NEW BEST] Trial #1 | SF=2, Parallel=a -> Zeit: 859.341 ms (48.518 GFLOPS)
  [teir_sa] 14/36 contraction_abc_acd_db                 48.5 GFLOPS [partial-timeout]   1801s  DONE @ 2026-08-01 17:45:09
  [teir_sa] 15/36 contraction_abc_ad_bdc                 ... START @ 2026-08-01 17:45:09
        · teir_sa:contraction_abc_ad_bdc laeuft [   30s] … [NEW BEST] Trial #5 | SF=4, Parallel=b -> Zeit: 809.524 ms (51.5037 GFLOPS)
        · teir_sa:contraction_abc_ad_bdc laeuft [   60s] … [NEW BEST] Trial #5 | SF=4, Parallel=b -> Zeit: 809.524 ms (51.5037 GFLOPS)
        · teir_sa:contraction_abc_ad_bdc laeuft [   90s] … [NEW BEST] Trial #5 | SF=4, Parallel=b -> Zeit: 809.524 ms (51.5037 GFLOPS)
        · teir_sa:contraction_abc_ad_bdc laeuft [  121s] … [NEW BEST] Trial #5 | SF=4, Parallel=b -> Zeit: 809.524 ms (51.5037 GFLOPS)
        · teir_sa:contraction_abc_ad_bdc laeuft [  151s] … [NEW BEST] Trial #5 | SF=4, Parallel=b -> Zeit: 809.524 ms (51.5037 GFLOPS)
        · teir_sa:contraction_abc_ad_bdc laeuft [  181s] … [NEW BEST] Trial #5 | SF=4, Parallel=b -> Zeit: 809.524 ms (51.5037 GFLOPS)
        · teir_sa:contraction_abc_ad_bdc laeuft [  211s] … [NEW BEST] Trial #5 | SF=4, Parallel=b -> Zeit: 809.524 ms (51.5037 GFLOPS)
        · teir_sa:contraction_abc_ad_bdc laeuft [  241s] … [NEW BEST] Trial #5 | SF=4, Parallel=b -> Zeit: 809.524 ms (51.5037 GFLOPS)
        · teir_sa:contraction_abc_ad_bdc laeuft [  271s] … [NEW BEST] Trial #5 | SF=4, Parallel=b -> Zeit: 809.524 ms (51.5037 GFLOPS)
        · teir_sa:contraction_abc_ad_bdc laeuft [  301s] … [NEW BEST] Trial #5 | SF=4, Parallel=b -> Zeit: 809.524 ms (51.5037 GFLOPS)
        · teir_sa:contraction_abc_ad_bdc laeuft [  331s] … [NEW BEST] Trial #5 | SF=4, Parallel=b -> Zeit: 809.524 ms (51.5037 GFLOPS)
        · teir_sa:contraction_abc_ad_bdc laeuft [  362s] … [NEW BEST] Trial #5 | SF=4, Parallel=b -> Zeit: 809.524 ms (51.5037 GFLOPS)
        · teir_sa:contraction_abc_ad_bdc laeuft [  392s] … [NEW BEST] Trial #5 | SF=4, Parallel=b -> Zeit: 809.524 ms (51.5037 GFLOPS)
        · teir_sa:contraction_abc_ad_bdc laeuft [  422s] … [NEW BEST] Trial #5 | SF=4, Parallel=b -> Zeit: 809.524 ms (51.5037 GFLOPS)
        · teir_sa:contraction_abc_ad_bdc laeuft [  452s] … [NEW BEST] Trial #5 | SF=4, Parallel=b -> Zeit: 809.524 ms (51.5037 GFLOPS)
        · teir_sa:contraction_abc_ad_bdc laeuft [  480s] … [NEW BEST] Trial #5 | SF=4, Parallel=b -> Zeit: 809.524 ms (51.5037 GFLOPS)
        · teir_sa:contraction_abc_ad_bdc laeuft [  510s] … [NEW BEST] Trial #5 | SF=4, Parallel=b -> Zeit: 809.524 ms (51.5037 GFLOPS)
        · teir_sa:contraction_abc_ad_bdc laeuft [  540s] … [NEW BEST] Trial #5 | SF=4, Parallel=b -> Zeit: 809.524 ms (51.5037 GFLOPS)
        · teir_sa:contraction_abc_ad_bdc laeuft [  570s] … [NEW BEST] Trial #5 | SF=4, Parallel=b -> Zeit: 809.524 ms (51.5037 GFLOPS)
        · teir_sa:contraction_abc_ad_bdc laeuft [  600s] … [NEW BEST] Trial #5 | SF=4, Parallel=b -> Zeit: 809.524 ms (51.5037 GFLOPS)
        · teir_sa:contraction_abc_ad_bdc laeuft [  630s] … [NEW BEST] Trial #5 | SF=4, Parallel=b -> Zeit: 809.524 ms (51.5037 GFLOPS)
        · teir_sa:contraction_abc_ad_bdc laeuft [  660s] … [NEW BEST] Trial #5 | SF=4, Parallel=b -> Zeit: 809.524 ms (51.5037 GFLOPS)
        · teir_sa:contraction_abc_ad_bdc laeuft [  690s] … [NEW BEST] Trial #5 | SF=4, Parallel=b -> Zeit: 809.524 ms (51.5037 GFLOPS)
        · teir_sa:contraction_abc_ad_bdc laeuft [  721s] … [NEW BEST] Trial #5 | SF=4, Parallel=b -> Zeit: 809.524 ms (51.5037 GFLOPS)
        · teir_sa:contraction_abc_ad_bdc laeuft [  751s] … [NEW BEST] Trial #5 | SF=4, Parallel=b -> Zeit: 809.524 ms (51.5037 GFLOPS)
        · teir_sa:contraction_abc_ad_bdc laeuft [  781s] … [NEW BEST] Trial #5 | SF=4, Parallel=b -> Zeit: 809.524 ms (51.5037 GFLOPS)
        · teir_sa:contraction_abc_ad_bdc laeuft [  811s] … [NEW BEST] Trial #5 | SF=4, Parallel=b -> Zeit: 809.524 ms (51.5037 GFLOPS)
        · teir_sa:contraction_abc_ad_bdc laeuft [  841s] … [NEW BEST] Trial #5 | SF=4, Parallel=b -> Zeit: 809.524 ms (51.5037 GFLOPS)
        · teir_sa:contraction_abc_ad_bdc laeuft [  871s] … [NEW BEST] Trial #5 | SF=4, Parallel=b -> Zeit: 809.524 ms (51.5037 GFLOPS)
        · teir_sa:contraction_abc_ad_bdc laeuft [  901s] … [NEW BEST] Trial #5 | SF=4, Parallel=b -> Zeit: 809.524 ms (51.5037 GFLOPS)
        · teir_sa:contraction_abc_ad_bdc laeuft [  931s] … [NEW BEST] Trial #5 | SF=4, Parallel=b -> Zeit: 809.524 ms (51.5037 GFLOPS)
        · teir_sa:contraction_abc_ad_bdc laeuft [  961s] … [NEW BEST] Trial #5 | SF=4, Parallel=b -> Zeit: 809.524 ms (51.5037 GFLOPS)
        · teir_sa:contraction_abc_ad_bdc laeuft [  991s] … [NEW BEST] Trial #5 | SF=4, Parallel=b -> Zeit: 809.524 ms (51.5037 GFLOPS)
        · teir_sa:contraction_abc_ad_bdc laeuft [ 1021s] … [NEW BEST] Trial #5 | SF=4, Parallel=b -> Zeit: 809.524 ms (51.5037 GFLOPS)
        · teir_sa:contraction_abc_ad_bdc laeuft [ 1051s] … [NEW BEST] Trial #5 | SF=4, Parallel=b -> Zeit: 809.524 ms (51.5037 GFLOPS)
        · teir_sa:contraction_abc_ad_bdc laeuft [ 1082s] … [NEW BEST] Trial #5 | SF=4, Parallel=b -> Zeit: 809.524 ms (51.5037 GFLOPS)
        · teir_sa:contraction_abc_ad_bdc laeuft [ 1112s] … [NEW BEST] Trial #5 | SF=4, Parallel=b -> Zeit: 809.524 ms (51.5037 GFLOPS)
        · teir_sa:contraction_abc_ad_bdc laeuft [ 1142s] … [NEW BEST] Trial #5 | SF=4, Parallel=b -> Zeit: 809.524 ms (51.5037 GFLOPS)
        · teir_sa:contraction_abc_ad_bdc laeuft [ 1172s] … [NEW BEST] Trial #5 | SF=4, Parallel=b -> Zeit: 809.524 ms (51.5037 GFLOPS)
        · teir_sa:contraction_abc_ad_bdc laeuft [ 1202s] … [NEW BEST] Trial #5 | SF=4, Parallel=b -> Zeit: 809.524 ms (51.5037 GFLOPS)
        · teir_sa:contraction_abc_ad_bdc laeuft [ 1232s] … [NEW BEST] Trial #5 | SF=4, Parallel=b -> Zeit: 809.524 ms (51.5037 GFLOPS)
        · teir_sa:contraction_abc_ad_bdc laeuft [ 1262s] … [NEW BEST] Trial #5 | SF=4, Parallel=b -> Zeit: 809.524 ms (51.5037 GFLOPS)
        · teir_sa:contraction_abc_ad_bdc laeuft [ 1292s] … [NEW BEST] Trial #5 | SF=4, Parallel=b -> Zeit: 809.524 ms (51.5037 GFLOPS)
        · teir_sa:contraction_abc_ad_bdc laeuft [ 1322s] … [NEW BEST] Trial #5 | SF=4, Parallel=b -> Zeit: 809.524 ms (51.5037 GFLOPS)
        · teir_sa:contraction_abc_ad_bdc laeuft [ 1352s] … [NEW BEST] Trial #5 | SF=4, Parallel=b -> Zeit: 809.524 ms (51.5037 GFLOPS)
        · teir_sa:contraction_abc_ad_bdc laeuft [ 1382s] … [NEW BEST] Trial #5 | SF=4, Parallel=b -> Zeit: 809.524 ms (51.5037 GFLOPS)
        · teir_sa:contraction_abc_ad_bdc laeuft [ 1412s] … [NEW BEST] Trial #5 | SF=4, Parallel=b -> Zeit: 809.524 ms (51.5037 GFLOPS)
        · teir_sa:contraction_abc_ad_bdc laeuft [ 1442s] … [NEW BEST] Trial #5 | SF=4, Parallel=b -> Zeit: 809.524 ms (51.5037 GFLOPS)
        · teir_sa:contraction_abc_ad_bdc laeuft [ 1470s] … [NEW BEST] Trial #5 | SF=4, Parallel=b -> Zeit: 809.524 ms (51.5037 GFLOPS)
        · teir_sa:contraction_abc_ad_bdc laeuft [ 1500s] … [NEW BEST] Trial #5 | SF=4, Parallel=b -> Zeit: 809.524 ms (51.5037 GFLOPS)
        · teir_sa:contraction_abc_ad_bdc laeuft [ 1530s] … [NEW BEST] Trial #5 | SF=4, Parallel=b -> Zeit: 809.524 ms (51.5037 GFLOPS)
        · teir_sa:contraction_abc_ad_bdc laeuft [ 1560s] … [NEW BEST] Trial #5 | SF=4, Parallel=b -> Zeit: 809.524 ms (51.5037 GFLOPS)
        · teir_sa:contraction_abc_ad_bdc laeuft [ 1591s] … [NEW BEST] Trial #5 | SF=4, Parallel=b -> Zeit: 809.524 ms (51.5037 GFLOPS)
        · teir_sa:contraction_abc_ad_bdc laeuft [ 1621s] … [NEW BEST] Trial #5 | SF=4, Parallel=b -> Zeit: 809.524 ms (51.5037 GFLOPS)
        · teir_sa:contraction_abc_ad_bdc laeuft [ 1651s] … [NEW BEST] Trial #5 | SF=4, Parallel=b -> Zeit: 809.524 ms (51.5037 GFLOPS)
        · teir_sa:contraction_abc_ad_bdc laeuft [ 1681s] … [NEW BEST] Trial #5 | SF=4, Parallel=b -> Zeit: 809.524 ms (51.5037 GFLOPS)
        · teir_sa:contraction_abc_ad_bdc laeuft [ 1711s] … [NEW BEST] Trial #5 | SF=4, Parallel=b -> Zeit: 809.524 ms (51.5037 GFLOPS)
        · teir_sa:contraction_abc_ad_bdc laeuft [ 1741s] … [NEW BEST] Trial #5 | SF=4, Parallel=b -> Zeit: 809.524 ms (51.5037 GFLOPS)
        · teir_sa:contraction_abc_ad_bdc laeuft [ 1771s] … [NEW BEST] Trial #5 | SF=4, Parallel=b -> Zeit: 809.524 ms (51.5037 GFLOPS)
        · teir_sa:contraction_abc_ad_bdc laeuft [ 1801s] … [NEW BEST] Trial #5 | SF=4, Parallel=b -> Zeit: 809.524 ms (51.5037 GFLOPS)
  [teir_sa] 15/36 contraction_abc_ad_bdc                 51.5 GFLOPS [partial-timeout]   1801s  DONE @ 2026-08-01 18:15:10
  [teir_sa] 16/36 contraction_abc_adc_bd                 ... START @ 2026-08-01 18:15:10
        · teir_sa:contraction_abc_adc_bd laeuft [   30s] … [NEW BEST] Trial #5 | SF=4, Parallel=a -> Zeit: 739.812 ms (56.3568 GFLOPS)
  [teir_sa] 16/36 contraction_abc_adc_bd                 48.7 GFLOPS [ok]                 57s  DONE @ 2026-08-01 18:16:07
  [teir_sa] 17/36 contraction_abc_adc_db                 ... START @ 2026-08-01 18:16:07
        · teir_sa:contraction_abc_adc_db laeuft [   30s] … [NEW BEST] Trial #1 | SF=2, Parallel=a -> Zeit: 1011.81 ms (41.2067 GFLOPS)
        · teir_sa:contraction_abc_adc_db laeuft [   60s] … [NEW BEST] Trial #1 | SF=2, Parallel=a -> Zeit: 1011.81 ms (41.2067 GFLOPS)
        · teir_sa:contraction_abc_adc_db laeuft [   90s] … [NEW BEST] Trial #1 | SF=2, Parallel=a -> Zeit: 1011.81 ms (41.2067 GFLOPS)
        · teir_sa:contraction_abc_adc_db laeuft [  120s] … [NEW BEST] Trial #1 | SF=2, Parallel=a -> Zeit: 1011.81 ms (41.2067 GFLOPS)
        · teir_sa:contraction_abc_adc_db laeuft [  151s] … [NEW BEST] Trial #1 | SF=2, Parallel=a -> Zeit: 1011.81 ms (41.2067 GFLOPS)
        · teir_sa:contraction_abc_adc_db laeuft [  181s] … [NEW BEST] Trial #1 | SF=2, Parallel=a -> Zeit: 1011.81 ms (41.2067 GFLOPS)
        · teir_sa:contraction_abc_adc_db laeuft [  211s] … [NEW BEST] Trial #1 | SF=2, Parallel=a -> Zeit: 1011.81 ms (41.2067 GFLOPS)
        · teir_sa:contraction_abc_adc_db laeuft [  241s] … [NEW BEST] Trial #1 | SF=2, Parallel=a -> Zeit: 1011.81 ms (41.2067 GFLOPS)
        · teir_sa:contraction_abc_adc_db laeuft [  271s] … [NEW BEST] Trial #1 | SF=2, Parallel=a -> Zeit: 1011.81 ms (41.2067 GFLOPS)
        · teir_sa:contraction_abc_adc_db laeuft [  301s] … [NEW BEST] Trial #1 | SF=2, Parallel=a -> Zeit: 1011.81 ms (41.2067 GFLOPS)
        · teir_sa:contraction_abc_adc_db laeuft [  331s] … [NEW BEST] Trial #1 | SF=2, Parallel=a -> Zeit: 1011.81 ms (41.2067 GFLOPS)
        · teir_sa:contraction_abc_adc_db laeuft [  362s] … [NEW BEST] Trial #1 | SF=2, Parallel=a -> Zeit: 1011.81 ms (41.2067 GFLOPS)
        · teir_sa:contraction_abc_adc_db laeuft [  392s] … [NEW BEST] Trial #1 | SF=2, Parallel=a -> Zeit: 1011.81 ms (41.2067 GFLOPS)
        · teir_sa:contraction_abc_adc_db laeuft [  422s] … [NEW BEST] Trial #1 | SF=2, Parallel=a -> Zeit: 1011.81 ms (41.2067 GFLOPS)
        · teir_sa:contraction_abc_adc_db laeuft [  452s] … [NEW BEST] Trial #1 | SF=2, Parallel=a -> Zeit: 1011.81 ms (41.2067 GFLOPS)
        · teir_sa:contraction_abc_adc_db laeuft [  480s] … [NEW BEST] Trial #1 | SF=2, Parallel=a -> Zeit: 1011.81 ms (41.2067 GFLOPS)
        · teir_sa:contraction_abc_adc_db laeuft [  510s] … [NEW BEST] Trial #1 | SF=2, Parallel=a -> Zeit: 1011.81 ms (41.2067 GFLOPS)
        · teir_sa:contraction_abc_adc_db laeuft [  540s] … [NEW BEST] Trial #1 | SF=2, Parallel=a -> Zeit: 1011.81 ms (41.2067 GFLOPS)
        · teir_sa:contraction_abc_adc_db laeuft [  570s] … [NEW BEST] Trial #1 | SF=2, Parallel=a -> Zeit: 1011.81 ms (41.2067 GFLOPS)
        · teir_sa:contraction_abc_adc_db laeuft [  600s] … [NEW BEST] Trial #1 | SF=2, Parallel=a -> Zeit: 1011.81 ms (41.2067 GFLOPS)
        · teir_sa:contraction_abc_adc_db laeuft [  630s] … [NEW BEST] Trial #1 | SF=2, Parallel=a -> Zeit: 1011.81 ms (41.2067 GFLOPS)
        · teir_sa:contraction_abc_adc_db laeuft [  661s] … [NEW BEST] Trial #1 | SF=2, Parallel=a -> Zeit: 1011.81 ms (41.2067 GFLOPS)
        · teir_sa:contraction_abc_adc_db laeuft [  691s] … [NEW BEST] Trial #1 | SF=2, Parallel=a -> Zeit: 1011.81 ms (41.2067 GFLOPS)
        · teir_sa:contraction_abc_adc_db laeuft [  721s] … [NEW BEST] Trial #1 | SF=2, Parallel=a -> Zeit: 1011.81 ms (41.2067 GFLOPS)
        · teir_sa:contraction_abc_adc_db laeuft [  751s] … [NEW BEST] Trial #1 | SF=2, Parallel=a -> Zeit: 1011.81 ms (41.2067 GFLOPS)
        · teir_sa:contraction_abc_adc_db laeuft [  781s] … [NEW BEST] Trial #1 | SF=2, Parallel=a -> Zeit: 1011.81 ms (41.2067 GFLOPS)
        · teir_sa:contraction_abc_adc_db laeuft [  811s] … [NEW BEST] Trial #1 | SF=2, Parallel=a -> Zeit: 1011.81 ms (41.2067 GFLOPS)
        · teir_sa:contraction_abc_adc_db laeuft [  841s] … [NEW BEST] Trial #1 | SF=2, Parallel=a -> Zeit: 1011.81 ms (41.2067 GFLOPS)
        · teir_sa:contraction_abc_adc_db laeuft [  871s] … [NEW BEST] Trial #1 | SF=2, Parallel=a -> Zeit: 1011.81 ms (41.2067 GFLOPS)
        · teir_sa:contraction_abc_adc_db laeuft [  901s] … [NEW BEST] Trial #1 | SF=2, Parallel=a -> Zeit: 1011.81 ms (41.2067 GFLOPS)
        · teir_sa:contraction_abc_adc_db laeuft [  931s] … [NEW BEST] Trial #1 | SF=2, Parallel=a -> Zeit: 1011.81 ms (41.2067 GFLOPS)
        · teir_sa:contraction_abc_adc_db laeuft [  961s] … [NEW BEST] Trial #1 | SF=2, Parallel=a -> Zeit: 1011.81 ms (41.2067 GFLOPS)
        · teir_sa:contraction_abc_adc_db laeuft [  991s] … [NEW BEST] Trial #1 | SF=2, Parallel=a -> Zeit: 1011.81 ms (41.2067 GFLOPS)
        · teir_sa:contraction_abc_adc_db laeuft [ 1022s] … [NEW BEST] Trial #1 | SF=2, Parallel=a -> Zeit: 1011.81 ms (41.2067 GFLOPS)
        · teir_sa:contraction_abc_adc_db laeuft [ 1052s] … [NEW BEST] Trial #1 | SF=2, Parallel=a -> Zeit: 1011.81 ms (41.2067 GFLOPS)
        · teir_sa:contraction_abc_adc_db laeuft [ 1082s] … [NEW BEST] Trial #1 | SF=2, Parallel=a -> Zeit: 1011.81 ms (41.2067 GFLOPS)
        · teir_sa:contraction_abc_adc_db laeuft [ 1112s] … [NEW BEST] Trial #1 | SF=2, Parallel=a -> Zeit: 1011.81 ms (41.2067 GFLOPS)
        · teir_sa:contraction_abc_adc_db laeuft [ 1142s] … [NEW BEST] Trial #1 | SF=2, Parallel=a -> Zeit: 1011.81 ms (41.2067 GFLOPS)
        · teir_sa:contraction_abc_adc_db laeuft [ 1172s] … [NEW BEST] Trial #1 | SF=2, Parallel=a -> Zeit: 1011.81 ms (41.2067 GFLOPS)
        · teir_sa:contraction_abc_adc_db laeuft [ 1202s] … [NEW BEST] Trial #1 | SF=2, Parallel=a -> Zeit: 1011.81 ms (41.2067 GFLOPS)
        · teir_sa:contraction_abc_adc_db laeuft [ 1230s] … [NEW BEST] Trial #1 | SF=2, Parallel=a -> Zeit: 1011.81 ms (41.2067 GFLOPS)
        · teir_sa:contraction_abc_adc_db laeuft [ 1260s] … [NEW BEST] Trial #1 | SF=2, Parallel=a -> Zeit: 1011.81 ms (41.2067 GFLOPS)
        · teir_sa:contraction_abc_adc_db laeuft [ 1290s] … [NEW BEST] Trial #1 | SF=2, Parallel=a -> Zeit: 1011.81 ms (41.2067 GFLOPS)
        · teir_sa:contraction_abc_adc_db laeuft [ 1320s] … [NEW BEST] Trial #1 | SF=2, Parallel=a -> Zeit: 1011.81 ms (41.2067 GFLOPS)
        · teir_sa:contraction_abc_adc_db laeuft [ 1350s] … [NEW BEST] Trial #1 | SF=2, Parallel=a -> Zeit: 1011.81 ms (41.2067 GFLOPS)
        · teir_sa:contraction_abc_adc_db laeuft [ 1380s] … [NEW BEST] Trial #1 | SF=2, Parallel=a -> Zeit: 1011.81 ms (41.2067 GFLOPS)
        · teir_sa:contraction_abc_adc_db laeuft [ 1410s] … [NEW BEST] Trial #1 | SF=2, Parallel=a -> Zeit: 1011.81 ms (41.2067 GFLOPS)
        · teir_sa:contraction_abc_adc_db laeuft [ 1441s] … [NEW BEST] Trial #1 | SF=2, Parallel=a -> Zeit: 1011.81 ms (41.2067 GFLOPS)
        · teir_sa:contraction_abc_adc_db laeuft [ 1471s] … [NEW BEST] Trial #1 | SF=2, Parallel=a -> Zeit: 1011.81 ms (41.2067 GFLOPS)
        · teir_sa:contraction_abc_adc_db laeuft [ 1501s] … [NEW BEST] Trial #1 | SF=2, Parallel=a -> Zeit: 1011.81 ms (41.2067 GFLOPS)
        · teir_sa:contraction_abc_adc_db laeuft [ 1531s] … [NEW BEST] Trial #1 | SF=2, Parallel=a -> Zeit: 1011.81 ms (41.2067 GFLOPS)
        · teir_sa:contraction_abc_adc_db laeuft [ 1561s] … [NEW BEST] Trial #1 | SF=2, Parallel=a -> Zeit: 1011.81 ms (41.2067 GFLOPS)
        · teir_sa:contraction_abc_adc_db laeuft [ 1591s] … [NEW BEST] Trial #1 | SF=2, Parallel=a -> Zeit: 1011.81 ms (41.2067 GFLOPS)
        · teir_sa:contraction_abc_adc_db laeuft [ 1621s] … [NEW BEST] Trial #1 | SF=2, Parallel=a -> Zeit: 1011.81 ms (41.2067 GFLOPS)
        · teir_sa:contraction_abc_adc_db laeuft [ 1651s] … [NEW BEST] Trial #1 | SF=2, Parallel=a -> Zeit: 1011.81 ms (41.2067 GFLOPS)
        · teir_sa:contraction_abc_adc_db laeuft [ 1681s] … [NEW BEST] Trial #1 | SF=2, Parallel=a -> Zeit: 1011.81 ms (41.2067 GFLOPS)
        · teir_sa:contraction_abc_adc_db laeuft [ 1711s] … [NEW BEST] Trial #1 | SF=2, Parallel=a -> Zeit: 1011.81 ms (41.2067 GFLOPS)
        · teir_sa:contraction_abc_adc_db laeuft [ 1741s] … [NEW BEST] Trial #1 | SF=2, Parallel=a -> Zeit: 1011.81 ms (41.2067 GFLOPS)
        · teir_sa:contraction_abc_adc_db laeuft [ 1771s] … [NEW BEST] Trial #1 | SF=2, Parallel=a -> Zeit: 1011.81 ms (41.2067 GFLOPS)
        · teir_sa:contraction_abc_adc_db laeuft [ 1801s] … [NEW BEST] Trial #1 | SF=2, Parallel=a -> Zeit: 1011.81 ms (41.2067 GFLOPS)
  [teir_sa] 17/36 contraction_abc_adc_db                 41.2 GFLOPS [partial-timeout]   1801s  DONE @ 2026-08-01 18:46:09
  [teir_sa] 18/36 contraction_abc_adec_ebd               ... START @ 2026-08-01 18:46:09
        · teir_sa:contraction_abc_adec_ebd laeuft [   30s] … [NEW BEST] Trial #1 | SF=1, Parallel=a -> Zeit: 416.731 ms (26.2153 GFLOPS)
        · teir_sa:contraction_abc_adec_ebd laeuft [   60s] … [NEW BEST] Trial #1 | SF=1, Parallel=a -> Zeit: 416.731 ms (26.2153 GFLOPS)
        · teir_sa:contraction_abc_adec_ebd laeuft [   90s] … [NEW BEST] Trial #1 | SF=1, Parallel=a -> Zeit: 416.731 ms (26.2153 GFLOPS)
  [teir_sa] 18/36 contraction_abc_adec_ebd               24.6 GFLOPS [ok]                106s  DONE @ 2026-08-01 18:47:55
  [teir_sa] 19/36 contraction_abcdef_dega_gfbc           ... START @ 2026-08-01 18:47:55
        · teir_sa:contraction_abcdef_dega_gfbc laeuft [   30s] … [NEW BEST] Trial #1 | SF=2, Parallel=a -> Zeit: 70.7303 ms (62.5429 GFLOPS)
        · teir_sa:contraction_abcdef_dega_gfbc laeuft [   60s] … [NEW BEST] Trial #1 | SF=2, Parallel=a -> Zeit: 70.7303 ms (62.5429 GFLOPS)
        · teir_sa:contraction_abcdef_dega_gfbc laeuft [   90s] … [NEW BEST] Trial #1 | SF=2, Parallel=a -> Zeit: 70.7303 ms (62.5429 GFLOPS)
        · teir_sa:contraction_abcdef_dega_gfbc laeuft [  120s] … [NEW BEST] Trial #1 | SF=2, Parallel=a -> Zeit: 70.7303 ms (62.5429 GFLOPS)
        · teir_sa:contraction_abcdef_dega_gfbc laeuft [  150s] … [NEW BEST] Trial #1 | SF=2, Parallel=a -> Zeit: 70.7303 ms (62.5429 GFLOPS)
        · teir_sa:contraction_abcdef_dega_gfbc laeuft [  180s] … [NEW BEST] Trial #1 | SF=2, Parallel=a -> Zeit: 70.7303 ms (62.5429 GFLOPS)
        · teir_sa:contraction_abcdef_dega_gfbc laeuft [  210s] … [NEW BEST] Trial #1 | SF=2, Parallel=a -> Zeit: 70.7303 ms (62.5429 GFLOPS)
        · teir_sa:contraction_abcdef_dega_gfbc laeuft [  240s] … [NEW BEST] Trial #1 | SF=2, Parallel=a -> Zeit: 70.7303 ms (62.5429 GFLOPS)
        · teir_sa:contraction_abcdef_dega_gfbc laeuft [  270s] … [NEW BEST] Trial #1 | SF=2, Parallel=a -> Zeit: 70.7303 ms (62.5429 GFLOPS)
        · teir_sa:contraction_abcdef_dega_gfbc laeuft [  300s] … [NEW BEST] Trial #1 | SF=2, Parallel=a -> Zeit: 70.7303 ms (62.5429 GFLOPS)
        · teir_sa:contraction_abcdef_dega_gfbc laeuft [  330s] … [NEW BEST] Trial #1 | SF=2, Parallel=a -> Zeit: 70.7303 ms (62.5429 GFLOPS)
        · teir_sa:contraction_abcdef_dega_gfbc laeuft [  360s] … [NEW BEST] Trial #1 | SF=2, Parallel=a -> Zeit: 70.7303 ms (62.5429 GFLOPS)
        · teir_sa:contraction_abcdef_dega_gfbc laeuft [  390s] … [NEW BEST] Trial #1 | SF=2, Parallel=a -> Zeit: 70.7303 ms (62.5429 GFLOPS)
        · teir_sa:contraction_abcdef_dega_gfbc laeuft [  420s] … [NEW BEST] Trial #3 | SF=4, Parallel=a -> Zeit: 64.9067 ms (68.1545 GFLOPS)
        · teir_sa:contraction_abcdef_dega_gfbc laeuft [  450s] … [NEW BEST] Trial #3 | SF=4, Parallel=a -> Zeit: 64.9067 ms (68.1545 GFLOPS)
        · teir_sa:contraction_abcdef_dega_gfbc laeuft [  480s] … [NEW BEST] Trial #3 | SF=4, Parallel=a -> Zeit: 64.9067 ms (68.1545 GFLOPS)
        · teir_sa:contraction_abcdef_dega_gfbc laeuft [  510s] … [NEW BEST] Trial #3 | SF=4, Parallel=a -> Zeit: 64.9067 ms (68.1545 GFLOPS)
        · teir_sa:contraction_abcdef_dega_gfbc laeuft [  540s] … [NEW BEST] Trial #3 | SF=4, Parallel=a -> Zeit: 64.9067 ms (68.1545 GFLOPS)
        · teir_sa:contraction_abcdef_dega_gfbc laeuft [  570s] … [NEW BEST] Trial #3 | SF=4, Parallel=a -> Zeit: 64.9067 ms (68.1545 GFLOPS)
        · teir_sa:contraction_abcdef_dega_gfbc laeuft [  600s] … [NEW BEST] Trial #3 | SF=4, Parallel=a -> Zeit: 64.9067 ms (68.1545 GFLOPS)
        · teir_sa:contraction_abcdef_dega_gfbc laeuft [  630s] … [NEW BEST] Trial #3 | SF=4, Parallel=a -> Zeit: 64.9067 ms (68.1545 GFLOPS)
        · teir_sa:contraction_abcdef_dega_gfbc laeuft [  660s] … [NEW BEST] Trial #3 | SF=4, Parallel=a -> Zeit: 64.9067 ms (68.1545 GFLOPS)
        · teir_sa:contraction_abcdef_dega_gfbc laeuft [  690s] … [NEW BEST] Trial #3 | SF=4, Parallel=a -> Zeit: 64.9067 ms (68.1545 GFLOPS)
        · teir_sa:contraction_abcdef_dega_gfbc laeuft [  720s] … [NEW BEST] Trial #3 | SF=4, Parallel=a -> Zeit: 64.9067 ms (68.1545 GFLOPS)
        · teir_sa:contraction_abcdef_dega_gfbc laeuft [  752s] … [NEW BEST] Trial #3 | SF=4, Parallel=a -> Zeit: 64.9067 ms (68.1545 GFLOPS)
        · teir_sa:contraction_abcdef_dega_gfbc laeuft [  782s] … [NEW BEST] Trial #3 | SF=4, Parallel=a -> Zeit: 64.9067 ms (68.1545 GFLOPS)
        · teir_sa:contraction_abcdef_dega_gfbc laeuft [  812s] … [NEW BEST] Trial #3 | SF=4, Parallel=a -> Zeit: 64.9067 ms (68.1545 GFLOPS)
        · teir_sa:contraction_abcdef_dega_gfbc laeuft [  842s] … [NEW BEST] Trial #3 | SF=4, Parallel=a -> Zeit: 64.9067 ms (68.1545 GFLOPS)
        · teir_sa:contraction_abcdef_dega_gfbc laeuft [  872s] … [NEW BEST] Trial #3 | SF=4, Parallel=a -> Zeit: 64.9067 ms (68.1545 GFLOPS)
        · teir_sa:contraction_abcdef_dega_gfbc laeuft [  902s] … [NEW BEST] Trial #3 | SF=4, Parallel=a -> Zeit: 64.9067 ms (68.1545 GFLOPS)
        · teir_sa:contraction_abcdef_dega_gfbc laeuft [  932s] … [NEW BEST] Trial #3 | SF=4, Parallel=a -> Zeit: 64.9067 ms (68.1545 GFLOPS)
        · teir_sa:contraction_abcdef_dega_gfbc laeuft [  962s] … [NEW BEST] Trial #3 | SF=4, Parallel=a -> Zeit: 64.9067 ms (68.1545 GFLOPS)
        · teir_sa:contraction_abcdef_dega_gfbc laeuft [  992s] … [NEW BEST] Trial #3 | SF=4, Parallel=a -> Zeit: 64.9067 ms (68.1545 GFLOPS)
        · teir_sa:contraction_abcdef_dega_gfbc laeuft [ 1022s] … [NEW BEST] Trial #3 | SF=4, Parallel=a -> Zeit: 64.9067 ms (68.1545 GFLOPS)
        · teir_sa:contraction_abcdef_dega_gfbc laeuft [ 1052s] … [NEW BEST] Trial #3 | SF=4, Parallel=a -> Zeit: 64.9067 ms (68.1545 GFLOPS)
        · teir_sa:contraction_abcdef_dega_gfbc laeuft [ 1082s] … [NEW BEST] Trial #3 | SF=4, Parallel=a -> Zeit: 64.9067 ms (68.1545 GFLOPS)
        · teir_sa:contraction_abcdef_dega_gfbc laeuft [ 1112s] … [NEW BEST] Trial #3 | SF=4, Parallel=a -> Zeit: 64.9067 ms (68.1545 GFLOPS)
        · teir_sa:contraction_abcdef_dega_gfbc laeuft [ 1142s] … [NEW BEST] Trial #3 | SF=4, Parallel=a -> Zeit: 64.9067 ms (68.1545 GFLOPS)
        · teir_sa:contraction_abcdef_dega_gfbc laeuft [ 1172s] … [NEW BEST] Trial #3 | SF=4, Parallel=a -> Zeit: 64.9067 ms (68.1545 GFLOPS)
        · teir_sa:contraction_abcdef_dega_gfbc laeuft [ 1202s] … [NEW BEST] Trial #3 | SF=4, Parallel=a -> Zeit: 64.9067 ms (68.1545 GFLOPS)
        · teir_sa:contraction_abcdef_dega_gfbc laeuft [ 1230s] … [NEW BEST] Trial #3 | SF=4, Parallel=a -> Zeit: 64.9067 ms (68.1545 GFLOPS)
        · teir_sa:contraction_abcdef_dega_gfbc laeuft [ 1260s] … [NEW BEST] Trial #3 | SF=4, Parallel=a -> Zeit: 64.9067 ms (68.1545 GFLOPS)
        · teir_sa:contraction_abcdef_dega_gfbc laeuft [ 1290s] … [NEW BEST] Trial #3 | SF=4, Parallel=a -> Zeit: 64.9067 ms (68.1545 GFLOPS)
        · teir_sa:contraction_abcdef_dega_gfbc laeuft [ 1320s] … [NEW BEST] Trial #3 | SF=4, Parallel=a -> Zeit: 64.9067 ms (68.1545 GFLOPS)
        · teir_sa:contraction_abcdef_dega_gfbc laeuft [ 1350s] … [NEW BEST] Trial #3 | SF=4, Parallel=a -> Zeit: 64.9067 ms (68.1545 GFLOPS)
        · teir_sa:contraction_abcdef_dega_gfbc laeuft [ 1380s] … [NEW BEST] Trial #3 | SF=4, Parallel=a -> Zeit: 64.9067 ms (68.1545 GFLOPS)
        · teir_sa:contraction_abcdef_dega_gfbc laeuft [ 1410s] … [NEW BEST] Trial #3 | SF=4, Parallel=a -> Zeit: 64.9067 ms (68.1545 GFLOPS)
        · teir_sa:contraction_abcdef_dega_gfbc laeuft [ 1440s] … [NEW BEST] Trial #3 | SF=4, Parallel=a -> Zeit: 64.9067 ms (68.1545 GFLOPS)
        · teir_sa:contraction_abcdef_dega_gfbc laeuft [ 1470s] … [NEW BEST] Trial #3 | SF=4, Parallel=a -> Zeit: 64.9067 ms (68.1545 GFLOPS)
        · teir_sa:contraction_abcdef_dega_gfbc laeuft [ 1500s] … [NEW BEST] Trial #3 | SF=4, Parallel=a -> Zeit: 64.9067 ms (68.1545 GFLOPS)
        · teir_sa:contraction_abcdef_dega_gfbc laeuft [ 1530s] … [NEW BEST] Trial #3 | SF=4, Parallel=a -> Zeit: 64.9067 ms (68.1545 GFLOPS)
        · teir_sa:contraction_abcdef_dega_gfbc laeuft [ 1560s] … [NEW BEST] Trial #3 | SF=4, Parallel=a -> Zeit: 64.9067 ms (68.1545 GFLOPS)
        · teir_sa:contraction_abcdef_dega_gfbc laeuft [ 1590s] … [NEW BEST] Trial #3 | SF=4, Parallel=a -> Zeit: 64.9067 ms (68.1545 GFLOPS)
        · teir_sa:contraction_abcdef_dega_gfbc laeuft [ 1620s] … [NEW BEST] Trial #3 | SF=4, Parallel=a -> Zeit: 64.9067 ms (68.1545 GFLOPS)
        · teir_sa:contraction_abcdef_dega_gfbc laeuft [ 1650s] … [NEW BEST] Trial #3 | SF=4, Parallel=a -> Zeit: 64.9067 ms (68.1545 GFLOPS)
        · teir_sa:contraction_abcdef_dega_gfbc laeuft [ 1680s] … [NEW BEST] Trial #3 | SF=4, Parallel=a -> Zeit: 64.9067 ms (68.1545 GFLOPS)
        · teir_sa:contraction_abcdef_dega_gfbc laeuft [ 1710s] … [NEW BEST] Trial #3 | SF=4, Parallel=a -> Zeit: 64.9067 ms (68.1545 GFLOPS)
        · teir_sa:contraction_abcdef_dega_gfbc laeuft [ 1740s] … [NEW BEST] Trial #3 | SF=4, Parallel=a -> Zeit: 64.9067 ms (68.1545 GFLOPS)
        · teir_sa:contraction_abcdef_dega_gfbc laeuft [ 1770s] … [NEW BEST] Trial #3 | SF=4, Parallel=a -> Zeit: 64.9067 ms (68.1545 GFLOPS)
        · teir_sa:contraction_abcdef_dega_gfbc laeuft [ 1801s] … [NEW BEST] Trial #3 | SF=4, Parallel=a -> Zeit: 64.9067 ms (68.1545 GFLOPS)
  [teir_sa] 19/36 contraction_abcdef_dega_gfbc           68.2 GFLOPS [partial-timeout]   1801s  DONE @ 2026-08-01 19:17:55
  [teir_sa] 20/36 contraction_abcdef_degb_gfac           ... START @ 2026-08-01 19:17:55
        · teir_sa:contraction_abcdef_degb_gfac laeuft [   30s] … [NEW BEST] Trial #1 | SF=2, Parallel=a -> Zeit: 79.9233 ms (55.3491 GFLOPS)
        · teir_sa:contraction_abcdef_degb_gfac laeuft [   60s] … [NEW BEST] Trial #1 | SF=2, Parallel=a -> Zeit: 79.9233 ms (55.3491 GFLOPS)
        · teir_sa:contraction_abcdef_degb_gfac laeuft [   90s] … [NEW BEST] Trial #1 | SF=2, Parallel=a -> Zeit: 79.9233 ms (55.3491 GFLOPS)
        · teir_sa:contraction_abcdef_degb_gfac laeuft [  120s] … [NEW BEST] Trial #1 | SF=2, Parallel=a -> Zeit: 79.9233 ms (55.3491 GFLOPS)
        · teir_sa:contraction_abcdef_degb_gfac laeuft [  150s] … [NEW BEST] Trial #1 | SF=2, Parallel=a -> Zeit: 79.9233 ms (55.3491 GFLOPS)
        · teir_sa:contraction_abcdef_degb_gfac laeuft [  180s] … [NEW BEST] Trial #1 | SF=2, Parallel=a -> Zeit: 79.9233 ms (55.3491 GFLOPS)
        · teir_sa:contraction_abcdef_degb_gfac laeuft [  210s] … [NEW BEST] Trial #1 | SF=2, Parallel=a -> Zeit: 79.9233 ms (55.3491 GFLOPS)
        · teir_sa:contraction_abcdef_degb_gfac laeuft [  240s] … [NEW BEST] Trial #1 | SF=2, Parallel=a -> Zeit: 79.9233 ms (55.3491 GFLOPS)
        · teir_sa:contraction_abcdef_degb_gfac laeuft [  270s] … [NEW BEST] Trial #1 | SF=2, Parallel=a -> Zeit: 79.9233 ms (55.3491 GFLOPS)
        · teir_sa:contraction_abcdef_degb_gfac laeuft [  300s] … [NEW BEST] Trial #1 | SF=2, Parallel=a -> Zeit: 79.9233 ms (55.3491 GFLOPS)
        · teir_sa:contraction_abcdef_degb_gfac laeuft [  330s] … [NEW BEST] Trial #1 | SF=2, Parallel=a -> Zeit: 79.9233 ms (55.3491 GFLOPS)
        · teir_sa:contraction_abcdef_degb_gfac laeuft [  360s] … [NEW BEST] Trial #1 | SF=2, Parallel=a -> Zeit: 79.9233 ms (55.3491 GFLOPS)
        · teir_sa:contraction_abcdef_degb_gfac laeuft [  390s] … [NEW BEST] Trial #1 | SF=2, Parallel=a -> Zeit: 79.9233 ms (55.3491 GFLOPS)
        · teir_sa:contraction_abcdef_degb_gfac laeuft [  420s] … [NEW BEST] Trial #3 | SF=4, Parallel=a -> Zeit: 76.7986 ms (57.601 GFLOPS)
        · teir_sa:contraction_abcdef_degb_gfac laeuft [  450s] … [NEW BEST] Trial #3 | SF=4, Parallel=a -> Zeit: 76.7986 ms (57.601 GFLOPS)
        · teir_sa:contraction_abcdef_degb_gfac laeuft [  480s] … [NEW BEST] Trial #3 | SF=4, Parallel=a -> Zeit: 76.7986 ms (57.601 GFLOPS)
        · teir_sa:contraction_abcdef_degb_gfac laeuft [  511s] … [NEW BEST] Trial #3 | SF=4, Parallel=a -> Zeit: 76.7986 ms (57.601 GFLOPS)
        · teir_sa:contraction_abcdef_degb_gfac laeuft [  541s] … [NEW BEST] Trial #3 | SF=4, Parallel=a -> Zeit: 76.7986 ms (57.601 GFLOPS)
        · teir_sa:contraction_abcdef_degb_gfac laeuft [  571s] … [NEW BEST] Trial #3 | SF=4, Parallel=a -> Zeit: 76.7986 ms (57.601 GFLOPS)
        · teir_sa:contraction_abcdef_degb_gfac laeuft [  601s] … [NEW BEST] Trial #3 | SF=4, Parallel=a -> Zeit: 76.7986 ms (57.601 GFLOPS)
        · teir_sa:contraction_abcdef_degb_gfac laeuft [  631s] … [NEW BEST] Trial #3 | SF=4, Parallel=a -> Zeit: 76.7986 ms (57.601 GFLOPS)
        · teir_sa:contraction_abcdef_degb_gfac laeuft [  661s] … [NEW BEST] Trial #3 | SF=4, Parallel=a -> Zeit: 76.7986 ms (57.601 GFLOPS)
        · teir_sa:contraction_abcdef_degb_gfac laeuft [  691s] … [NEW BEST] Trial #3 | SF=4, Parallel=a -> Zeit: 76.7986 ms (57.601 GFLOPS)
        · teir_sa:contraction_abcdef_degb_gfac laeuft [  721s] … [NEW BEST] Trial #3 | SF=4, Parallel=a -> Zeit: 76.7986 ms (57.601 GFLOPS)
        · teir_sa:contraction_abcdef_degb_gfac laeuft [  751s] … [NEW BEST] Trial #3 | SF=4, Parallel=a -> Zeit: 76.7986 ms (57.601 GFLOPS)
        · teir_sa:contraction_abcdef_degb_gfac laeuft [  781s] … [NEW BEST] Trial #3 | SF=4, Parallel=a -> Zeit: 76.7986 ms (57.601 GFLOPS)
        · teir_sa:contraction_abcdef_degb_gfac laeuft [  811s] … [NEW BEST] Trial #3 | SF=4, Parallel=a -> Zeit: 76.7986 ms (57.601 GFLOPS)
        · teir_sa:contraction_abcdef_degb_gfac laeuft [  841s] … [NEW BEST] Trial #3 | SF=4, Parallel=a -> Zeit: 76.7986 ms (57.601 GFLOPS)
        · teir_sa:contraction_abcdef_degb_gfac laeuft [  871s] … [NEW BEST] Trial #3 | SF=4, Parallel=a -> Zeit: 76.7986 ms (57.601 GFLOPS)
        · teir_sa:contraction_abcdef_degb_gfac laeuft [  901s] … [NEW BEST] Trial #3 | SF=4, Parallel=a -> Zeit: 76.7986 ms (57.601 GFLOPS)
        · teir_sa:contraction_abcdef_degb_gfac laeuft [  931s] … [NEW BEST] Trial #3 | SF=4, Parallel=a -> Zeit: 76.7986 ms (57.601 GFLOPS)
        · teir_sa:contraction_abcdef_degb_gfac laeuft [  961s] … [NEW BEST] Trial #3 | SF=4, Parallel=a -> Zeit: 76.7986 ms (57.601 GFLOPS)
        · teir_sa:contraction_abcdef_degb_gfac laeuft [  991s] … [NEW BEST] Trial #3 | SF=4, Parallel=a -> Zeit: 76.7986 ms (57.601 GFLOPS)
        · teir_sa:contraction_abcdef_degb_gfac laeuft [ 1021s] … [NEW BEST] Trial #3 | SF=4, Parallel=a -> Zeit: 76.7986 ms (57.601 GFLOPS)
        · teir_sa:contraction_abcdef_degb_gfac laeuft [ 1051s] … [NEW BEST] Trial #3 | SF=4, Parallel=a -> Zeit: 76.7986 ms (57.601 GFLOPS)
        · teir_sa:contraction_abcdef_degb_gfac laeuft [ 1081s] … [NEW BEST] Trial #3 | SF=4, Parallel=a -> Zeit: 76.7986 ms (57.601 GFLOPS)
        · teir_sa:contraction_abcdef_degb_gfac laeuft [ 1111s] … [NEW BEST] Trial #3 | SF=4, Parallel=a -> Zeit: 76.7986 ms (57.601 GFLOPS)
        · teir_sa:contraction_abcdef_degb_gfac laeuft [ 1141s] … [NEW BEST] Trial #3 | SF=4, Parallel=a -> Zeit: 76.7986 ms (57.601 GFLOPS)
        · teir_sa:contraction_abcdef_degb_gfac laeuft [ 1171s] … [NEW BEST] Trial #3 | SF=4, Parallel=a -> Zeit: 76.7986 ms (57.601 GFLOPS)
        · teir_sa:contraction_abcdef_degb_gfac laeuft [ 1201s] … [NEW BEST] Trial #3 | SF=4, Parallel=a -> Zeit: 76.7986 ms (57.601 GFLOPS)
        · teir_sa:contraction_abcdef_degb_gfac laeuft [ 1231s] … [NEW BEST] Trial #3 | SF=4, Parallel=a -> Zeit: 76.7986 ms (57.601 GFLOPS)
        · teir_sa:contraction_abcdef_degb_gfac laeuft [ 1261s] … [NEW BEST] Trial #3 | SF=4, Parallel=a -> Zeit: 76.7986 ms (57.601 GFLOPS)
        · teir_sa:contraction_abcdef_degb_gfac laeuft [ 1291s] … [NEW BEST] Trial #3 | SF=4, Parallel=a -> Zeit: 76.7986 ms (57.601 GFLOPS)
        · teir_sa:contraction_abcdef_degb_gfac laeuft [ 1321s] … [NEW BEST] Trial #3 | SF=4, Parallel=a -> Zeit: 76.7986 ms (57.601 GFLOPS)
        · teir_sa:contraction_abcdef_degb_gfac laeuft [ 1351s] … [NEW BEST] Trial #3 | SF=4, Parallel=a -> Zeit: 76.7986 ms (57.601 GFLOPS)
        · teir_sa:contraction_abcdef_degb_gfac laeuft [ 1381s] … [NEW BEST] Trial #3 | SF=4, Parallel=a -> Zeit: 76.7986 ms (57.601 GFLOPS)
        · teir_sa:contraction_abcdef_degb_gfac laeuft [ 1411s] … [NEW BEST] Trial #3 | SF=4, Parallel=a -> Zeit: 76.7986 ms (57.601 GFLOPS)
        · teir_sa:contraction_abcdef_degb_gfac laeuft [ 1441s] … [NEW BEST] Trial #3 | SF=4, Parallel=a -> Zeit: 76.7986 ms (57.601 GFLOPS)
        · teir_sa:contraction_abcdef_degb_gfac laeuft [ 1471s] … [NEW BEST] Trial #3 | SF=4, Parallel=a -> Zeit: 76.7986 ms (57.601 GFLOPS)
        · teir_sa:contraction_abcdef_degb_gfac laeuft [ 1501s] … [NEW BEST] Trial #3 | SF=4, Parallel=a -> Zeit: 76.7986 ms (57.601 GFLOPS)
        · teir_sa:contraction_abcdef_degb_gfac laeuft [ 1531s] … [NEW BEST] Trial #3 | SF=4, Parallel=a -> Zeit: 76.7986 ms (57.601 GFLOPS)
        · teir_sa:contraction_abcdef_degb_gfac laeuft [ 1561s] … [NEW BEST] Trial #3 | SF=4, Parallel=a -> Zeit: 76.7986 ms (57.601 GFLOPS)
        · teir_sa:contraction_abcdef_degb_gfac laeuft [ 1591s] … [NEW BEST] Trial #3 | SF=4, Parallel=a -> Zeit: 76.7986 ms (57.601 GFLOPS)
        · teir_sa:contraction_abcdef_degb_gfac laeuft [ 1621s] … [NEW BEST] Trial #3 | SF=4, Parallel=a -> Zeit: 76.7986 ms (57.601 GFLOPS)
        · teir_sa:contraction_abcdef_degb_gfac laeuft [ 1652s] … [NEW BEST] Trial #3 | SF=4, Parallel=a -> Zeit: 76.7986 ms (57.601 GFLOPS)
        · teir_sa:contraction_abcdef_degb_gfac laeuft [ 1682s] … [NEW BEST] Trial #3 | SF=4, Parallel=a -> Zeit: 76.7986 ms (57.601 GFLOPS)
        · teir_sa:contraction_abcdef_degb_gfac laeuft [ 1712s] … [NEW BEST] Trial #3 | SF=4, Parallel=a -> Zeit: 76.7986 ms (57.601 GFLOPS)
        · teir_sa:contraction_abcdef_degb_gfac laeuft [ 1742s] … [NEW BEST] Trial #3 | SF=4, Parallel=a -> Zeit: 76.7986 ms (57.601 GFLOPS)
        · teir_sa:contraction_abcdef_degb_gfac laeuft [ 1772s] … [NEW BEST] Trial #3 | SF=4, Parallel=a -> Zeit: 76.7986 ms (57.601 GFLOPS)
        · teir_sa:contraction_abcdef_degb_gfac laeuft [ 1802s] … [NEW BEST] Trial #3 | SF=4, Parallel=a -> Zeit: 76.7986 ms (57.601 GFLOPS)
  [teir_sa] 20/36 contraction_abcdef_degb_gfac           57.6 GFLOPS [partial-timeout]   1802s  DONE @ 2026-08-01 19:47:57
  [teir_sa] 21/36 contraction_abcdef_degc_gfab           ... START @ 2026-08-01 19:47:57
        · teir_sa:contraction_abcdef_degc_gfab laeuft [   30s] … [NEW BEST] Trial #1 | SF=2, Parallel=a -> Zeit: 71.5757 ms (61.8042 GFLOPS)
        · teir_sa:contraction_abcdef_degc_gfab laeuft [   60s] … [NEW BEST] Trial #1 | SF=2, Parallel=a -> Zeit: 71.5757 ms (61.8042 GFLOPS)
        · teir_sa:contraction_abcdef_degc_gfab laeuft [   90s] … [NEW BEST] Trial #1 | SF=2, Parallel=a -> Zeit: 71.5757 ms (61.8042 GFLOPS)
        · teir_sa:contraction_abcdef_degc_gfab laeuft [  120s] … [NEW BEST] Trial #1 | SF=2, Parallel=a -> Zeit: 71.5757 ms (61.8042 GFLOPS)
        · teir_sa:contraction_abcdef_degc_gfab laeuft [  150s] … [NEW BEST] Trial #1 | SF=2, Parallel=a -> Zeit: 71.5757 ms (61.8042 GFLOPS)
        · teir_sa:contraction_abcdef_degc_gfab laeuft [  180s] … [NEW BEST] Trial #1 | SF=2, Parallel=a -> Zeit: 71.5757 ms (61.8042 GFLOPS)
        · teir_sa:contraction_abcdef_degc_gfab laeuft [  210s] … [NEW BEST] Trial #1 | SF=2, Parallel=a -> Zeit: 71.5757 ms (61.8042 GFLOPS)
        · teir_sa:contraction_abcdef_degc_gfab laeuft [  240s] … [NEW BEST] Trial #1 | SF=2, Parallel=a -> Zeit: 71.5757 ms (61.8042 GFLOPS)
        · teir_sa:contraction_abcdef_degc_gfab laeuft [  270s] … [NEW BEST] Trial #1 | SF=2, Parallel=a -> Zeit: 71.5757 ms (61.8042 GFLOPS)
        · teir_sa:contraction_abcdef_degc_gfab laeuft [  300s] … [NEW BEST] Trial #1 | SF=2, Parallel=a -> Zeit: 71.5757 ms (61.8042 GFLOPS)
        · teir_sa:contraction_abcdef_degc_gfab laeuft [  330s] … [NEW BEST] Trial #1 | SF=2, Parallel=a -> Zeit: 71.5757 ms (61.8042 GFLOPS)
        · teir_sa:contraction_abcdef_degc_gfab laeuft [  360s] … [NEW BEST] Trial #1 | SF=2, Parallel=a -> Zeit: 71.5757 ms (61.8042 GFLOPS)
        · teir_sa:contraction_abcdef_degc_gfab laeuft [  390s] … [NEW BEST] Trial #1 | SF=2, Parallel=a -> Zeit: 71.5757 ms (61.8042 GFLOPS)
        · teir_sa:contraction_abcdef_degc_gfab laeuft [  420s] … [NEW BEST] Trial #1 | SF=2, Parallel=a -> Zeit: 71.5757 ms (61.8042 GFLOPS)
        · teir_sa:contraction_abcdef_degc_gfab laeuft [  450s] … [NEW BEST] Trial #1 | SF=2, Parallel=a -> Zeit: 71.5757 ms (61.8042 GFLOPS)
        · teir_sa:contraction_abcdef_degc_gfab laeuft [  480s] … [NEW BEST] Trial #1 | SF=2, Parallel=a -> Zeit: 71.5757 ms (61.8042 GFLOPS)
        · teir_sa:contraction_abcdef_degc_gfab laeuft [  510s] … [NEW BEST] Trial #1 | SF=2, Parallel=a -> Zeit: 71.5757 ms (61.8042 GFLOPS)
        · teir_sa:contraction_abcdef_degc_gfab laeuft [  540s] … [NEW BEST] Trial #1 | SF=2, Parallel=a -> Zeit: 71.5757 ms (61.8042 GFLOPS)
        · teir_sa:contraction_abcdef_degc_gfab laeuft [  570s] … [NEW BEST] Trial #1 | SF=2, Parallel=a -> Zeit: 71.5757 ms (61.8042 GFLOPS)
        · teir_sa:contraction_abcdef_degc_gfab laeuft [  601s] … [NEW BEST] Trial #1 | SF=2, Parallel=a -> Zeit: 71.5757 ms (61.8042 GFLOPS)
        · teir_sa:contraction_abcdef_degc_gfab laeuft [  631s] … [NEW BEST] Trial #1 | SF=2, Parallel=a -> Zeit: 71.5757 ms (61.8042 GFLOPS)
        · teir_sa:contraction_abcdef_degc_gfab laeuft [  661s] … [NEW BEST] Trial #1 | SF=2, Parallel=a -> Zeit: 71.5757 ms (61.8042 GFLOPS)
        · teir_sa:contraction_abcdef_degc_gfab laeuft [  691s] … [NEW BEST] Trial #1 | SF=2, Parallel=a -> Zeit: 71.5757 ms (61.8042 GFLOPS)
        · teir_sa:contraction_abcdef_degc_gfab laeuft [  721s] … [NEW BEST] Trial #1 | SF=2, Parallel=a -> Zeit: 71.5757 ms (61.8042 GFLOPS)
        · teir_sa:contraction_abcdef_degc_gfab laeuft [  751s] … [NEW BEST] Trial #1 | SF=2, Parallel=a -> Zeit: 71.5757 ms (61.8042 GFLOPS)
        · teir_sa:contraction_abcdef_degc_gfab laeuft [  781s] … [NEW BEST] Trial #1 | SF=2, Parallel=a -> Zeit: 71.5757 ms (61.8042 GFLOPS)
        · teir_sa:contraction_abcdef_degc_gfab laeuft [  811s] … [NEW BEST] Trial #1 | SF=2, Parallel=a -> Zeit: 71.5757 ms (61.8042 GFLOPS)
        · teir_sa:contraction_abcdef_degc_gfab laeuft [  841s] … [NEW BEST] Trial #1 | SF=2, Parallel=a -> Zeit: 71.5757 ms (61.8042 GFLOPS)
        · teir_sa:contraction_abcdef_degc_gfab laeuft [  871s] … [NEW BEST] Trial #1 | SF=2, Parallel=a -> Zeit: 71.5757 ms (61.8042 GFLOPS)
        · teir_sa:contraction_abcdef_degc_gfab laeuft [  901s] … [NEW BEST] Trial #1 | SF=2, Parallel=a -> Zeit: 71.5757 ms (61.8042 GFLOPS)
        · teir_sa:contraction_abcdef_degc_gfab laeuft [  931s] … [NEW BEST] Trial #1 | SF=2, Parallel=a -> Zeit: 71.5757 ms (61.8042 GFLOPS)
        · teir_sa:contraction_abcdef_degc_gfab laeuft [  961s] … [NEW BEST] Trial #1 | SF=2, Parallel=a -> Zeit: 71.5757 ms (61.8042 GFLOPS)
        · teir_sa:contraction_abcdef_degc_gfab laeuft [  991s] … [NEW BEST] Trial #1 | SF=2, Parallel=a -> Zeit: 71.5757 ms (61.8042 GFLOPS)
        · teir_sa:contraction_abcdef_degc_gfab laeuft [ 1021s] … [NEW BEST] Trial #1 | SF=2, Parallel=a -> Zeit: 71.5757 ms (61.8042 GFLOPS)
        · teir_sa:contraction_abcdef_degc_gfab laeuft [ 1051s] … [NEW BEST] Trial #1 | SF=2, Parallel=a -> Zeit: 71.5757 ms (61.8042 GFLOPS)
        · teir_sa:contraction_abcdef_degc_gfab laeuft [ 1081s] … [NEW BEST] Trial #1 | SF=2, Parallel=a -> Zeit: 71.5757 ms (61.8042 GFLOPS)
        · teir_sa:contraction_abcdef_degc_gfab laeuft [ 1111s] … [NEW BEST] Trial #1 | SF=2, Parallel=a -> Zeit: 71.5757 ms (61.8042 GFLOPS)
        · teir_sa:contraction_abcdef_degc_gfab laeuft [ 1141s] … [NEW BEST] Trial #1 | SF=2, Parallel=a -> Zeit: 71.5757 ms (61.8042 GFLOPS)
        · teir_sa:contraction_abcdef_degc_gfab laeuft [ 1171s] … [NEW BEST] Trial #1 | SF=2, Parallel=a -> Zeit: 71.5757 ms (61.8042 GFLOPS)
        · teir_sa:contraction_abcdef_degc_gfab laeuft [ 1201s] … [NEW BEST] Trial #1 | SF=2, Parallel=a -> Zeit: 71.5757 ms (61.8042 GFLOPS)
        · teir_sa:contraction_abcdef_degc_gfab laeuft [ 1231s] … [NEW BEST] Trial #1 | SF=2, Parallel=a -> Zeit: 71.5757 ms (61.8042 GFLOPS)
        · teir_sa:contraction_abcdef_degc_gfab laeuft [ 1261s] … [NEW BEST] Trial #1 | SF=2, Parallel=a -> Zeit: 71.5757 ms (61.8042 GFLOPS)
        · teir_sa:contraction_abcdef_degc_gfab laeuft [ 1291s] … [NEW BEST] Trial #1 | SF=2, Parallel=a -> Zeit: 71.5757 ms (61.8042 GFLOPS)
        · teir_sa:contraction_abcdef_degc_gfab laeuft [ 1321s] … [NEW BEST] Trial #1 | SF=2, Parallel=a -> Zeit: 71.5757 ms (61.8042 GFLOPS)
        · teir_sa:contraction_abcdef_degc_gfab laeuft [ 1351s] … [NEW BEST] Trial #1 | SF=2, Parallel=a -> Zeit: 71.5757 ms (61.8042 GFLOPS)
        · teir_sa:contraction_abcdef_degc_gfab laeuft [ 1381s] … [NEW BEST] Trial #1 | SF=2, Parallel=a -> Zeit: 71.5757 ms (61.8042 GFLOPS)
        · teir_sa:contraction_abcdef_degc_gfab laeuft [ 1411s] … [NEW BEST] Trial #1 | SF=2, Parallel=a -> Zeit: 71.5757 ms (61.8042 GFLOPS)
        · teir_sa:contraction_abcdef_degc_gfab laeuft [ 1441s] … [NEW BEST] Trial #1 | SF=2, Parallel=a -> Zeit: 71.5757 ms (61.8042 GFLOPS)
        · teir_sa:contraction_abcdef_degc_gfab laeuft [ 1471s] … [NEW BEST] Trial #1 | SF=2, Parallel=a -> Zeit: 71.5757 ms (61.8042 GFLOPS)
        · teir_sa:contraction_abcdef_degc_gfab laeuft [ 1501s] … [NEW BEST] Trial #1 | SF=2, Parallel=a -> Zeit: 71.5757 ms (61.8042 GFLOPS)
        · teir_sa:contraction_abcdef_degc_gfab laeuft [ 1531s] … [NEW BEST] Trial #1 | SF=2, Parallel=a -> Zeit: 71.5757 ms (61.8042 GFLOPS)
        · teir_sa:contraction_abcdef_degc_gfab laeuft [ 1561s] … [NEW BEST] Trial #1 | SF=2, Parallel=a -> Zeit: 71.5757 ms (61.8042 GFLOPS)
        · teir_sa:contraction_abcdef_degc_gfab laeuft [ 1591s] … [NEW BEST] Trial #1 | SF=2, Parallel=a -> Zeit: 71.5757 ms (61.8042 GFLOPS)
        · teir_sa:contraction_abcdef_degc_gfab laeuft [ 1621s] … [NEW BEST] Trial #1 | SF=2, Parallel=a -> Zeit: 71.5757 ms (61.8042 GFLOPS)
        · teir_sa:contraction_abcdef_degc_gfab laeuft [ 1651s] … [NEW BEST] Trial #1 | SF=2, Parallel=a -> Zeit: 71.5757 ms (61.8042 GFLOPS)
        · teir_sa:contraction_abcdef_degc_gfab laeuft [ 1682s] … [NEW BEST] Trial #1 | SF=2, Parallel=a -> Zeit: 71.5757 ms (61.8042 GFLOPS)
        · teir_sa:contraction_abcdef_degc_gfab laeuft [ 1712s] … [NEW BEST] Trial #1 | SF=2, Parallel=a -> Zeit: 71.5757 ms (61.8042 GFLOPS)
        · teir_sa:contraction_abcdef_degc_gfab laeuft [ 1742s] … [NEW BEST] Trial #1 | SF=2, Parallel=a -> Zeit: 71.5757 ms (61.8042 GFLOPS)
        · teir_sa:contraction_abcdef_degc_gfab laeuft [ 1772s] … [NEW BEST] Trial #1 | SF=2, Parallel=a -> Zeit: 71.5757 ms (61.8042 GFLOPS)
        · teir_sa:contraction_abcdef_degc_gfab laeuft [ 1802s] … [NEW BEST] Trial #1 | SF=2, Parallel=a -> Zeit: 71.5757 ms (61.8042 GFLOPS)
  [teir_sa] 21/36 contraction_abcdef_degc_gfab           61.8 GFLOPS [partial-timeout]   1802s  DONE @ 2026-08-01 20:17:59
  [teir_sa] 22/36 contraction_abcdef_dfga_gebc           ... START @ 2026-08-01 20:17:59
        · teir_sa:contraction_abcdef_dfga_gebc laeuft [   30s] … [NEW BEST] Trial #1 | SF=2, Parallel=a -> Zeit: 66.6724 ms (66.3495 GFLOPS)
        · teir_sa:contraction_abcdef_dfga_gebc laeuft [   60s] … [NEW BEST] Trial #1 | SF=2, Parallel=a -> Zeit: 66.6724 ms (66.3495 GFLOPS)
        · teir_sa:contraction_abcdef_dfga_gebc laeuft [   90s] … [NEW BEST] Trial #1 | SF=2, Parallel=a -> Zeit: 66.6724 ms (66.3495 GFLOPS)
        · teir_sa:contraction_abcdef_dfga_gebc laeuft [  120s] … [NEW BEST] Trial #1 | SF=2, Parallel=a -> Zeit: 66.6724 ms (66.3495 GFLOPS)
        · teir_sa:contraction_abcdef_dfga_gebc laeuft [  151s] … [NEW BEST] Trial #1 | SF=2, Parallel=a -> Zeit: 66.6724 ms (66.3495 GFLOPS)
        · teir_sa:contraction_abcdef_dfga_gebc laeuft [  181s] … [NEW BEST] Trial #1 | SF=2, Parallel=a -> Zeit: 66.6724 ms (66.3495 GFLOPS)
        · teir_sa:contraction_abcdef_dfga_gebc laeuft [  211s] … [NEW BEST] Trial #1 | SF=2, Parallel=a -> Zeit: 66.6724 ms (66.3495 GFLOPS)
        · teir_sa:contraction_abcdef_dfga_gebc laeuft [  241s] … [NEW BEST] Trial #1 | SF=2, Parallel=a -> Zeit: 66.6724 ms (66.3495 GFLOPS)
        · teir_sa:contraction_abcdef_dfga_gebc laeuft [  271s] … [NEW BEST] Trial #1 | SF=2, Parallel=a -> Zeit: 66.6724 ms (66.3495 GFLOPS)
        · teir_sa:contraction_abcdef_dfga_gebc laeuft [  301s] … [NEW BEST] Trial #1 | SF=2, Parallel=a -> Zeit: 66.6724 ms (66.3495 GFLOPS)
        · teir_sa:contraction_abcdef_dfga_gebc laeuft [  331s] … [NEW BEST] Trial #1 | SF=2, Parallel=a -> Zeit: 66.6724 ms (66.3495 GFLOPS)
        · teir_sa:contraction_abcdef_dfga_gebc laeuft [  361s] … [NEW BEST] Trial #1 | SF=2, Parallel=a -> Zeit: 66.6724 ms (66.3495 GFLOPS)
        · teir_sa:contraction_abcdef_dfga_gebc laeuft [  391s] … [NEW BEST] Trial #1 | SF=2, Parallel=a -> Zeit: 66.6724 ms (66.3495 GFLOPS)
        · teir_sa:contraction_abcdef_dfga_gebc laeuft [  422s] … [NEW BEST] Trial #1 | SF=2, Parallel=a -> Zeit: 66.6724 ms (66.3495 GFLOPS)
        · teir_sa:contraction_abcdef_dfga_gebc laeuft [  452s] … [NEW BEST] Trial #1 | SF=2, Parallel=a -> Zeit: 66.6724 ms (66.3495 GFLOPS)
        · teir_sa:contraction_abcdef_dfga_gebc laeuft [  482s] … [NEW BEST] Trial #1 | SF=2, Parallel=a -> Zeit: 66.6724 ms (66.3495 GFLOPS)
        · teir_sa:contraction_abcdef_dfga_gebc laeuft [  512s] … [NEW BEST] Trial #1 | SF=2, Parallel=a -> Zeit: 66.6724 ms (66.3495 GFLOPS)
        · teir_sa:contraction_abcdef_dfga_gebc laeuft [  542s] … [NEW BEST] Trial #1 | SF=2, Parallel=a -> Zeit: 66.6724 ms (66.3495 GFLOPS)
        · teir_sa:contraction_abcdef_dfga_gebc laeuft [  572s] … [NEW BEST] Trial #1 | SF=2, Parallel=a -> Zeit: 66.6724 ms (66.3495 GFLOPS)
        · teir_sa:contraction_abcdef_dfga_gebc laeuft [  602s] … [NEW BEST] Trial #1 | SF=2, Parallel=a -> Zeit: 66.6724 ms (66.3495 GFLOPS)
        · teir_sa:contraction_abcdef_dfga_gebc laeuft [  632s] … [NEW BEST] Trial #1 | SF=2, Parallel=a -> Zeit: 66.6724 ms (66.3495 GFLOPS)
        · teir_sa:contraction_abcdef_dfga_gebc laeuft [  662s] … [NEW BEST] Trial #1 | SF=2, Parallel=a -> Zeit: 66.6724 ms (66.3495 GFLOPS)
        · teir_sa:contraction_abcdef_dfga_gebc laeuft [  692s] … [NEW BEST] Trial #1 | SF=2, Parallel=a -> Zeit: 66.6724 ms (66.3495 GFLOPS)
        · teir_sa:contraction_abcdef_dfga_gebc laeuft [  722s] … [NEW BEST] Trial #1 | SF=2, Parallel=a -> Zeit: 66.6724 ms (66.3495 GFLOPS)
        · teir_sa:contraction_abcdef_dfga_gebc laeuft [  752s] … [NEW BEST] Trial #1 | SF=2, Parallel=a -> Zeit: 66.6724 ms (66.3495 GFLOPS)
        · teir_sa:contraction_abcdef_dfga_gebc laeuft [  782s] … [NEW BEST] Trial #1 | SF=2, Parallel=a -> Zeit: 66.6724 ms (66.3495 GFLOPS)
        · teir_sa:contraction_abcdef_dfga_gebc laeuft [  812s] … [NEW BEST] Trial #1 | SF=2, Parallel=a -> Zeit: 66.6724 ms (66.3495 GFLOPS)
        · teir_sa:contraction_abcdef_dfga_gebc laeuft [  842s] … [NEW BEST] Trial #1 | SF=2, Parallel=a -> Zeit: 66.6724 ms (66.3495 GFLOPS)
        · teir_sa:contraction_abcdef_dfga_gebc laeuft [  872s] … [NEW BEST] Trial #1 | SF=2, Parallel=a -> Zeit: 66.6724 ms (66.3495 GFLOPS)
        · teir_sa:contraction_abcdef_dfga_gebc laeuft [  902s] … [NEW BEST] Trial #1 | SF=2, Parallel=a -> Zeit: 66.6724 ms (66.3495 GFLOPS)
        · teir_sa:contraction_abcdef_dfga_gebc laeuft [  932s] … [NEW BEST] Trial #1 | SF=2, Parallel=a -> Zeit: 66.6724 ms (66.3495 GFLOPS)
        · teir_sa:contraction_abcdef_dfga_gebc laeuft [  962s] … [NEW BEST] Trial #1 | SF=2, Parallel=a -> Zeit: 66.6724 ms (66.3495 GFLOPS)
        · teir_sa:contraction_abcdef_dfga_gebc laeuft [  992s] … [NEW BEST] Trial #1 | SF=2, Parallel=a -> Zeit: 66.6724 ms (66.3495 GFLOPS)
        · teir_sa:contraction_abcdef_dfga_gebc laeuft [ 1022s] … [NEW BEST] Trial #1 | SF=2, Parallel=a -> Zeit: 66.6724 ms (66.3495 GFLOPS)
        · teir_sa:contraction_abcdef_dfga_gebc laeuft [ 1052s] … [NEW BEST] Trial #1 | SF=2, Parallel=a -> Zeit: 66.6724 ms (66.3495 GFLOPS)
        · teir_sa:contraction_abcdef_dfga_gebc laeuft [ 1082s] … [NEW BEST] Trial #1 | SF=2, Parallel=a -> Zeit: 66.6724 ms (66.3495 GFLOPS)
        · teir_sa:contraction_abcdef_dfga_gebc laeuft [ 1110s] … [NEW BEST] Trial #1 | SF=2, Parallel=a -> Zeit: 66.6724 ms (66.3495 GFLOPS)
        · teir_sa:contraction_abcdef_dfga_gebc laeuft [ 1140s] … [NEW BEST] Trial #1 | SF=2, Parallel=a -> Zeit: 66.6724 ms (66.3495 GFLOPS)
        · teir_sa:contraction_abcdef_dfga_gebc laeuft [ 1170s] … [NEW BEST] Trial #1 | SF=2, Parallel=a -> Zeit: 66.6724 ms (66.3495 GFLOPS)
        · teir_sa:contraction_abcdef_dfga_gebc laeuft [ 1201s] … [NEW BEST] Trial #1 | SF=2, Parallel=a -> Zeit: 66.6724 ms (66.3495 GFLOPS)
        · teir_sa:contraction_abcdef_dfga_gebc laeuft [ 1231s] … [NEW BEST] Trial #1 | SF=2, Parallel=a -> Zeit: 66.6724 ms (66.3495 GFLOPS)
        · teir_sa:contraction_abcdef_dfga_gebc laeuft [ 1261s] … [NEW BEST] Trial #1 | SF=2, Parallel=a -> Zeit: 66.6724 ms (66.3495 GFLOPS)
        · teir_sa:contraction_abcdef_dfga_gebc laeuft [ 1291s] … [NEW BEST] Trial #1 | SF=2, Parallel=a -> Zeit: 66.6724 ms (66.3495 GFLOPS)
        · teir_sa:contraction_abcdef_dfga_gebc laeuft [ 1321s] … [NEW BEST] Trial #1 | SF=2, Parallel=a -> Zeit: 66.6724 ms (66.3495 GFLOPS)
        · teir_sa:contraction_abcdef_dfga_gebc laeuft [ 1351s] … [NEW BEST] Trial #1 | SF=2, Parallel=a -> Zeit: 66.6724 ms (66.3495 GFLOPS)
        · teir_sa:contraction_abcdef_dfga_gebc laeuft [ 1381s] … [NEW BEST] Trial #1 | SF=2, Parallel=a -> Zeit: 66.6724 ms (66.3495 GFLOPS)
        · teir_sa:contraction_abcdef_dfga_gebc laeuft [ 1411s] … [NEW BEST] Trial #1 | SF=2, Parallel=a -> Zeit: 66.6724 ms (66.3495 GFLOPS)
        · teir_sa:contraction_abcdef_dfga_gebc laeuft [ 1441s] … [NEW BEST] Trial #1 | SF=2, Parallel=a -> Zeit: 66.6724 ms (66.3495 GFLOPS)
        · teir_sa:contraction_abcdef_dfga_gebc laeuft [ 1471s] … [NEW BEST] Trial #1 | SF=2, Parallel=a -> Zeit: 66.6724 ms (66.3495 GFLOPS)
        · teir_sa:contraction_abcdef_dfga_gebc laeuft [ 1501s] … [NEW BEST] Trial #1 | SF=2, Parallel=a -> Zeit: 66.6724 ms (66.3495 GFLOPS)
        · teir_sa:contraction_abcdef_dfga_gebc laeuft [ 1531s] … [NEW BEST] Trial #1 | SF=2, Parallel=a -> Zeit: 66.6724 ms (66.3495 GFLOPS)
        · teir_sa:contraction_abcdef_dfga_gebc laeuft [ 1561s] … [NEW BEST] Trial #1 | SF=2, Parallel=a -> Zeit: 66.6724 ms (66.3495 GFLOPS)
        · teir_sa:contraction_abcdef_dfga_gebc laeuft [ 1591s] … [NEW BEST] Trial #1 | SF=2, Parallel=a -> Zeit: 66.6724 ms (66.3495 GFLOPS)
        · teir_sa:contraction_abcdef_dfga_gebc laeuft [ 1621s] … [NEW BEST] Trial #1 | SF=2, Parallel=a -> Zeit: 66.6724 ms (66.3495 GFLOPS)
        · teir_sa:contraction_abcdef_dfga_gebc laeuft [ 1651s] … [NEW BEST] Trial #1 | SF=2, Parallel=a -> Zeit: 66.6724 ms (66.3495 GFLOPS)
        · teir_sa:contraction_abcdef_dfga_gebc laeuft [ 1681s] … [NEW BEST] Trial #1 | SF=2, Parallel=a -> Zeit: 66.6724 ms (66.3495 GFLOPS)
        · teir_sa:contraction_abcdef_dfga_gebc laeuft [ 1711s] … [NEW BEST] Trial #1 | SF=2, Parallel=a -> Zeit: 66.6724 ms (66.3495 GFLOPS)
        · teir_sa:contraction_abcdef_dfga_gebc laeuft [ 1741s] … [NEW BEST] Trial #1 | SF=2, Parallel=a -> Zeit: 66.6724 ms (66.3495 GFLOPS)
        · teir_sa:contraction_abcdef_dfga_gebc laeuft [ 1771s] … [NEW BEST] Trial #1 | SF=2, Parallel=a -> Zeit: 66.6724 ms (66.3495 GFLOPS)
        · teir_sa:contraction_abcdef_dfga_gebc laeuft [ 1802s] … [NEW BEST] Trial #1 | SF=2, Parallel=a -> Zeit: 66.6724 ms (66.3495 GFLOPS)
  [teir_sa] 22/36 contraction_abcdef_dfga_gebc           66.3 GFLOPS [partial-timeout]   1802s  DONE @ 2026-08-01 20:48:00
  [teir_sa] 23/36 contraction_abcdef_dfgb_geac           ... START @ 2026-08-01 20:48:00
        · teir_sa:contraction_abcdef_dfgb_geac laeuft [   30s] … [NEW BEST] Trial #1 | SF=2, Parallel=a -> Zeit: 60.292 ms (73.3709 GFLOPS)
        · teir_sa:contraction_abcdef_dfgb_geac laeuft [   60s] … [NEW BEST] Trial #1 | SF=2, Parallel=a -> Zeit: 60.292 ms (73.3709 GFLOPS)
        · teir_sa:contraction_abcdef_dfgb_geac laeuft [   90s] … [NEW BEST] Trial #1 | SF=2, Parallel=a -> Zeit: 60.292 ms (73.3709 GFLOPS)
        · teir_sa:contraction_abcdef_dfgb_geac laeuft [  120s] … [NEW BEST] Trial #1 | SF=2, Parallel=a -> Zeit: 60.292 ms (73.3709 GFLOPS)
        · teir_sa:contraction_abcdef_dfgb_geac laeuft [  150s] … [NEW BEST] Trial #1 | SF=2, Parallel=a -> Zeit: 60.292 ms (73.3709 GFLOPS)
        · teir_sa:contraction_abcdef_dfgb_geac laeuft [  180s] … [NEW BEST] Trial #1 | SF=2, Parallel=a -> Zeit: 60.292 ms (73.3709 GFLOPS)
        · teir_sa:contraction_abcdef_dfgb_geac laeuft [  210s] … [NEW BEST] Trial #1 | SF=2, Parallel=a -> Zeit: 60.292 ms (73.3709 GFLOPS)
        · teir_sa:contraction_abcdef_dfgb_geac laeuft [  240s] … [NEW BEST] Trial #1 | SF=2, Parallel=a -> Zeit: 60.292 ms (73.3709 GFLOPS)
        · teir_sa:contraction_abcdef_dfgb_geac laeuft [  270s] … [NEW BEST] Trial #1 | SF=2, Parallel=a -> Zeit: 60.292 ms (73.3709 GFLOPS)
        · teir_sa:contraction_abcdef_dfgb_geac laeuft [  300s] … [NEW BEST] Trial #1 | SF=2, Parallel=a -> Zeit: 60.292 ms (73.3709 GFLOPS)
        · teir_sa:contraction_abcdef_dfgb_geac laeuft [  330s] … [NEW BEST] Trial #1 | SF=2, Parallel=a -> Zeit: 60.292 ms (73.3709 GFLOPS)
        · teir_sa:contraction_abcdef_dfgb_geac laeuft [  360s] … [NEW BEST] Trial #1 | SF=2, Parallel=a -> Zeit: 60.292 ms (73.3709 GFLOPS)
        · teir_sa:contraction_abcdef_dfgb_geac laeuft [  390s] … [NEW BEST] Trial #1 | SF=2, Parallel=a -> Zeit: 60.292 ms (73.3709 GFLOPS)
        · teir_sa:contraction_abcdef_dfgb_geac laeuft [  420s] … [NEW BEST] Trial #4 | SF=4, Parallel=a -> Zeit: 56.3555 ms (78.496 GFLOPS)
        · teir_sa:contraction_abcdef_dfgb_geac laeuft [  450s] … [NEW BEST] Trial #4 | SF=4, Parallel=a -> Zeit: 56.3555 ms (78.496 GFLOPS)
        · teir_sa:contraction_abcdef_dfgb_geac laeuft [  480s] … [NEW BEST] Trial #4 | SF=4, Parallel=a -> Zeit: 56.3555 ms (78.496 GFLOPS)
        · teir_sa:contraction_abcdef_dfgb_geac laeuft [  510s] … [NEW BEST] Trial #4 | SF=4, Parallel=a -> Zeit: 56.3555 ms (78.496 GFLOPS)
        · teir_sa:contraction_abcdef_dfgb_geac laeuft [  540s] … [NEW BEST] Trial #4 | SF=4, Parallel=a -> Zeit: 56.3555 ms (78.496 GFLOPS)
        · teir_sa:contraction_abcdef_dfgb_geac laeuft [  570s] … [NEW BEST] Trial #4 | SF=4, Parallel=a -> Zeit: 56.3555 ms (78.496 GFLOPS)
        · teir_sa:contraction_abcdef_dfgb_geac laeuft [  600s] … [NEW BEST] Trial #4 | SF=4, Parallel=a -> Zeit: 56.3555 ms (78.496 GFLOPS)
        · teir_sa:contraction_abcdef_dfgb_geac laeuft [  631s] … [NEW BEST] Trial #4 | SF=4, Parallel=a -> Zeit: 56.3555 ms (78.496 GFLOPS)
        · teir_sa:contraction_abcdef_dfgb_geac laeuft [  661s] … [NEW BEST] Trial #4 | SF=4, Parallel=a -> Zeit: 56.3555 ms (78.496 GFLOPS)
        · teir_sa:contraction_abcdef_dfgb_geac laeuft [  691s] … [NEW BEST] Trial #4 | SF=4, Parallel=a -> Zeit: 56.3555 ms (78.496 GFLOPS)
        · teir_sa:contraction_abcdef_dfgb_geac laeuft [  721s] … [NEW BEST] Trial #4 | SF=4, Parallel=a -> Zeit: 56.3555 ms (78.496 GFLOPS)
        · teir_sa:contraction_abcdef_dfgb_geac laeuft [  751s] … [NEW BEST] Trial #4 | SF=4, Parallel=a -> Zeit: 56.3555 ms (78.496 GFLOPS)
        · teir_sa:contraction_abcdef_dfgb_geac laeuft [  781s] … [NEW BEST] Trial #4 | SF=4, Parallel=a -> Zeit: 56.3555 ms (78.496 GFLOPS)
        · teir_sa:contraction_abcdef_dfgb_geac laeuft [  811s] … [NEW BEST] Trial #4 | SF=4, Parallel=a -> Zeit: 56.3555 ms (78.496 GFLOPS)
        · teir_sa:contraction_abcdef_dfgb_geac laeuft [  841s] … [NEW BEST] Trial #4 | SF=4, Parallel=a -> Zeit: 56.3555 ms (78.496 GFLOPS)
        · teir_sa:contraction_abcdef_dfgb_geac laeuft [  871s] … [NEW BEST] Trial #4 | SF=4, Parallel=a -> Zeit: 56.3555 ms (78.496 GFLOPS)
        · teir_sa:contraction_abcdef_dfgb_geac laeuft [  901s] … [NEW BEST] Trial #4 | SF=4, Parallel=a -> Zeit: 56.3555 ms (78.496 GFLOPS)
        · teir_sa:contraction_abcdef_dfgb_geac laeuft [  931s] … [NEW BEST] Trial #4 | SF=4, Parallel=a -> Zeit: 56.3555 ms (78.496 GFLOPS)
        · teir_sa:contraction_abcdef_dfgb_geac laeuft [  961s] … [NEW BEST] Trial #4 | SF=4, Parallel=a -> Zeit: 56.3555 ms (78.496 GFLOPS)
        · teir_sa:contraction_abcdef_dfgb_geac laeuft [  991s] … [NEW BEST] Trial #4 | SF=4, Parallel=a -> Zeit: 56.3555 ms (78.496 GFLOPS)
        · teir_sa:contraction_abcdef_dfgb_geac laeuft [ 1021s] … [NEW BEST] Trial #4 | SF=4, Parallel=a -> Zeit: 56.3555 ms (78.496 GFLOPS)
        · teir_sa:contraction_abcdef_dfgb_geac laeuft [ 1051s] … [NEW BEST] Trial #4 | SF=4, Parallel=a -> Zeit: 56.3555 ms (78.496 GFLOPS)
        · teir_sa:contraction_abcdef_dfgb_geac laeuft [ 1081s] … [NEW BEST] Trial #4 | SF=4, Parallel=a -> Zeit: 56.3555 ms (78.496 GFLOPS)
        · teir_sa:contraction_abcdef_dfgb_geac laeuft [ 1111s] … [NEW BEST] Trial #4 | SF=4, Parallel=a -> Zeit: 56.3555 ms (78.496 GFLOPS)
        · teir_sa:contraction_abcdef_dfgb_geac laeuft [ 1141s] … [NEW BEST] Trial #4 | SF=4, Parallel=a -> Zeit: 56.3555 ms (78.496 GFLOPS)
        · teir_sa:contraction_abcdef_dfgb_geac laeuft [ 1171s] … [NEW BEST] Trial #4 | SF=4, Parallel=a -> Zeit: 56.3555 ms (78.496 GFLOPS)
        · teir_sa:contraction_abcdef_dfgb_geac laeuft [ 1201s] … [NEW BEST] Trial #4 | SF=4, Parallel=a -> Zeit: 56.3555 ms (78.496 GFLOPS)
        · teir_sa:contraction_abcdef_dfgb_geac laeuft [ 1231s] … [NEW BEST] Trial #4 | SF=4, Parallel=a -> Zeit: 56.3555 ms (78.496 GFLOPS)
        · teir_sa:contraction_abcdef_dfgb_geac laeuft [ 1261s] … [NEW BEST] Trial #4 | SF=4, Parallel=a -> Zeit: 56.3555 ms (78.496 GFLOPS)
        · teir_sa:contraction_abcdef_dfgb_geac laeuft [ 1291s] … [NEW BEST] Trial #4 | SF=4, Parallel=a -> Zeit: 56.3555 ms (78.496 GFLOPS)
        · teir_sa:contraction_abcdef_dfgb_geac laeuft [ 1321s] … [NEW BEST] Trial #4 | SF=4, Parallel=a -> Zeit: 56.3555 ms (78.496 GFLOPS)
        · teir_sa:contraction_abcdef_dfgb_geac laeuft [ 1351s] … [NEW BEST] Trial #4 | SF=4, Parallel=a -> Zeit: 56.3555 ms (78.496 GFLOPS)
        · teir_sa:contraction_abcdef_dfgb_geac laeuft [ 1381s] … [NEW BEST] Trial #4 | SF=4, Parallel=a -> Zeit: 56.3555 ms (78.496 GFLOPS)
        · teir_sa:contraction_abcdef_dfgb_geac laeuft [ 1411s] … [NEW BEST] Trial #4 | SF=4, Parallel=a -> Zeit: 56.3555 ms (78.496 GFLOPS)
        · teir_sa:contraction_abcdef_dfgb_geac laeuft [ 1441s] … [NEW BEST] Trial #4 | SF=4, Parallel=a -> Zeit: 56.3555 ms (78.496 GFLOPS)
        · teir_sa:contraction_abcdef_dfgb_geac laeuft [ 1471s] … [NEW BEST] Trial #4 | SF=4, Parallel=a -> Zeit: 56.3555 ms (78.496 GFLOPS)
        · teir_sa:contraction_abcdef_dfgb_geac laeuft [ 1501s] … [NEW BEST] Trial #4 | SF=4, Parallel=a -> Zeit: 56.3555 ms (78.496 GFLOPS)
        · teir_sa:contraction_abcdef_dfgb_geac laeuft [ 1531s] … [NEW BEST] Trial #4 | SF=4, Parallel=a -> Zeit: 56.3555 ms (78.496 GFLOPS)
        · teir_sa:contraction_abcdef_dfgb_geac laeuft [ 1561s] … [NEW BEST] Trial #4 | SF=4, Parallel=a -> Zeit: 56.3555 ms (78.496 GFLOPS)
        · teir_sa:contraction_abcdef_dfgb_geac laeuft [ 1591s] … [NEW BEST] Trial #4 | SF=4, Parallel=a -> Zeit: 56.3555 ms (78.496 GFLOPS)
        · teir_sa:contraction_abcdef_dfgb_geac laeuft [ 1621s] … [NEW BEST] Trial #4 | SF=4, Parallel=a -> Zeit: 56.3555 ms (78.496 GFLOPS)
        · teir_sa:contraction_abcdef_dfgb_geac laeuft [ 1651s] … [NEW BEST] Trial #4 | SF=4, Parallel=a -> Zeit: 56.3555 ms (78.496 GFLOPS)
        · teir_sa:contraction_abcdef_dfgb_geac laeuft [ 1681s] … [NEW BEST] Trial #4 | SF=4, Parallel=a -> Zeit: 56.3555 ms (78.496 GFLOPS)
        · teir_sa:contraction_abcdef_dfgb_geac laeuft [ 1711s] … [NEW BEST] Trial #4 | SF=4, Parallel=a -> Zeit: 56.3555 ms (78.496 GFLOPS)
        · teir_sa:contraction_abcdef_dfgb_geac laeuft [ 1741s] … [NEW BEST] Trial #4 | SF=4, Parallel=a -> Zeit: 56.3555 ms (78.496 GFLOPS)
        · teir_sa:contraction_abcdef_dfgb_geac laeuft [ 1771s] … [NEW BEST] Trial #4 | SF=4, Parallel=a -> Zeit: 56.3555 ms (78.496 GFLOPS)
        · teir_sa:contraction_abcdef_dfgb_geac laeuft [ 1801s] … [NEW BEST] Trial #4 | SF=4, Parallel=a -> Zeit: 56.3555 ms (78.496 GFLOPS)
  [teir_sa] 23/36 contraction_abcdef_dfgb_geac           78.5 GFLOPS [partial-timeout]   1801s  DONE @ 2026-08-01 21:18:02
  [teir_sa] 24/36 contraction_abcdef_dfgc_geab           ... START @ 2026-08-01 21:18:02
        · teir_sa:contraction_abcdef_dfgc_geab laeuft [   30s] … [NEW BEST] Trial #1 | SF=2, Parallel=a -> Zeit: 67.9894 ms (65.0642 GFLOPS)
        · teir_sa:contraction_abcdef_dfgc_geab laeuft [   60s] … [NEW BEST] Trial #1 | SF=2, Parallel=a -> Zeit: 67.9894 ms (65.0642 GFLOPS)
        · teir_sa:contraction_abcdef_dfgc_geab laeuft [   90s] … [NEW BEST] Trial #1 | SF=2, Parallel=a -> Zeit: 67.9894 ms (65.0642 GFLOPS)
        · teir_sa:contraction_abcdef_dfgc_geab laeuft [  120s] … [NEW BEST] Trial #1 | SF=2, Parallel=a -> Zeit: 67.9894 ms (65.0642 GFLOPS)
        · teir_sa:contraction_abcdef_dfgc_geab laeuft [  150s] … [NEW BEST] Trial #1 | SF=2, Parallel=a -> Zeit: 67.9894 ms (65.0642 GFLOPS)
        · teir_sa:contraction_abcdef_dfgc_geab laeuft [  180s] … [NEW BEST] Trial #1 | SF=2, Parallel=a -> Zeit: 67.9894 ms (65.0642 GFLOPS)
        · teir_sa:contraction_abcdef_dfgc_geab laeuft [  210s] … [NEW BEST] Trial #1 | SF=2, Parallel=a -> Zeit: 67.9894 ms (65.0642 GFLOPS)
        · teir_sa:contraction_abcdef_dfgc_geab laeuft [  240s] … [NEW BEST] Trial #1 | SF=2, Parallel=a -> Zeit: 67.9894 ms (65.0642 GFLOPS)
        · teir_sa:contraction_abcdef_dfgc_geab laeuft [  270s] … [NEW BEST] Trial #1 | SF=2, Parallel=a -> Zeit: 67.9894 ms (65.0642 GFLOPS)
        · teir_sa:contraction_abcdef_dfgc_geab laeuft [  300s] … [NEW BEST] Trial #1 | SF=2, Parallel=a -> Zeit: 67.9894 ms (65.0642 GFLOPS)
        · teir_sa:contraction_abcdef_dfgc_geab laeuft [  330s] … [NEW BEST] Trial #1 | SF=2, Parallel=a -> Zeit: 67.9894 ms (65.0642 GFLOPS)
        · teir_sa:contraction_abcdef_dfgc_geab laeuft [  360s] … [NEW BEST] Trial #1 | SF=2, Parallel=a -> Zeit: 67.9894 ms (65.0642 GFLOPS)
        · teir_sa:contraction_abcdef_dfgc_geab laeuft [  390s] … [NEW BEST] Trial #1 | SF=2, Parallel=a -> Zeit: 67.9894 ms (65.0642 GFLOPS)
        · teir_sa:contraction_abcdef_dfgc_geab laeuft [  420s] … [NEW BEST] Trial #5 | SF=4, Parallel=a -> Zeit: 21.2299 ms (208.371 GFLOPS)
        · teir_sa:contraction_abcdef_dfgc_geab laeuft [  450s] … [NEW BEST] Trial #5 | SF=4, Parallel=a -> Zeit: 21.2299 ms (208.371 GFLOPS)
        · teir_sa:contraction_abcdef_dfgc_geab laeuft [  480s] … [NEW BEST] Trial #5 | SF=4, Parallel=a -> Zeit: 21.2299 ms (208.371 GFLOPS)
        · teir_sa:contraction_abcdef_dfgc_geab laeuft [  510s] … [NEW BEST] Trial #5 | SF=4, Parallel=a -> Zeit: 21.2299 ms (208.371 GFLOPS)
        · teir_sa:contraction_abcdef_dfgc_geab laeuft [  540s] … [NEW BEST] Trial #5 | SF=4, Parallel=a -> Zeit: 21.2299 ms (208.371 GFLOPS)
        · teir_sa:contraction_abcdef_dfgc_geab laeuft [  570s] … [NEW BEST] Trial #5 | SF=4, Parallel=a -> Zeit: 21.2299 ms (208.371 GFLOPS)
        · teir_sa:contraction_abcdef_dfgc_geab laeuft [  600s] … [NEW BEST] Trial #5 | SF=4, Parallel=a -> Zeit: 21.2299 ms (208.371 GFLOPS)
        · teir_sa:contraction_abcdef_dfgc_geab laeuft [  630s] … [NEW BEST] Trial #5 | SF=4, Parallel=a -> Zeit: 21.2299 ms (208.371 GFLOPS)
        · teir_sa:contraction_abcdef_dfgc_geab laeuft [  661s] … [NEW BEST] Trial #5 | SF=4, Parallel=a -> Zeit: 21.2299 ms (208.371 GFLOPS)
        · teir_sa:contraction_abcdef_dfgc_geab laeuft [  691s] … [NEW BEST] Trial #5 | SF=4, Parallel=a -> Zeit: 21.2299 ms (208.371 GFLOPS)
        · teir_sa:contraction_abcdef_dfgc_geab laeuft [  721s] … [NEW BEST] Trial #5 | SF=4, Parallel=a -> Zeit: 21.2299 ms (208.371 GFLOPS)
        · teir_sa:contraction_abcdef_dfgc_geab laeuft [  751s] … [NEW BEST] Trial #5 | SF=4, Parallel=a -> Zeit: 21.2299 ms (208.371 GFLOPS)
        · teir_sa:contraction_abcdef_dfgc_geab laeuft [  781s] … [NEW BEST] Trial #5 | SF=4, Parallel=a -> Zeit: 21.2299 ms (208.371 GFLOPS)
        · teir_sa:contraction_abcdef_dfgc_geab laeuft [  811s] … [NEW BEST] Trial #5 | SF=4, Parallel=a -> Zeit: 21.2299 ms (208.371 GFLOPS)
        · teir_sa:contraction_abcdef_dfgc_geab laeuft [  841s] … [NEW BEST] Trial #5 | SF=4, Parallel=a -> Zeit: 21.2299 ms (208.371 GFLOPS)
        · teir_sa:contraction_abcdef_dfgc_geab laeuft [  871s] … [NEW BEST] Trial #5 | SF=4, Parallel=a -> Zeit: 21.2299 ms (208.371 GFLOPS)
        · teir_sa:contraction_abcdef_dfgc_geab laeuft [  901s] … [NEW BEST] Trial #5 | SF=4, Parallel=a -> Zeit: 21.2299 ms (208.371 GFLOPS)
        · teir_sa:contraction_abcdef_dfgc_geab laeuft [  931s] … [NEW BEST] Trial #5 | SF=4, Parallel=a -> Zeit: 21.2299 ms (208.371 GFLOPS)
        · teir_sa:contraction_abcdef_dfgc_geab laeuft [  961s] … [NEW BEST] Trial #5 | SF=4, Parallel=a -> Zeit: 21.2299 ms (208.371 GFLOPS)
        · teir_sa:contraction_abcdef_dfgc_geab laeuft [  991s] … [NEW BEST] Trial #5 | SF=4, Parallel=a -> Zeit: 21.2299 ms (208.371 GFLOPS)
        · teir_sa:contraction_abcdef_dfgc_geab laeuft [ 1021s] … [NEW BEST] Trial #5 | SF=4, Parallel=a -> Zeit: 21.2299 ms (208.371 GFLOPS)
        · teir_sa:contraction_abcdef_dfgc_geab laeuft [ 1051s] … [NEW BEST] Trial #5 | SF=4, Parallel=a -> Zeit: 21.2299 ms (208.371 GFLOPS)
        · teir_sa:contraction_abcdef_dfgc_geab laeuft [ 1081s] … [NEW BEST] Trial #5 | SF=4, Parallel=a -> Zeit: 21.2299 ms (208.371 GFLOPS)
        · teir_sa:contraction_abcdef_dfgc_geab laeuft [ 1111s] … [NEW BEST] Trial #5 | SF=4, Parallel=a -> Zeit: 21.2299 ms (208.371 GFLOPS)
        · teir_sa:contraction_abcdef_dfgc_geab laeuft [ 1141s] … [NEW BEST] Trial #5 | SF=4, Parallel=a -> Zeit: 21.2299 ms (208.371 GFLOPS)
        · teir_sa:contraction_abcdef_dfgc_geab laeuft [ 1171s] … [NEW BEST] Trial #5 | SF=4, Parallel=a -> Zeit: 21.2299 ms (208.371 GFLOPS)
        · teir_sa:contraction_abcdef_dfgc_geab laeuft [ 1201s] … [NEW BEST] Trial #5 | SF=4, Parallel=a -> Zeit: 21.2299 ms (208.371 GFLOPS)
        · teir_sa:contraction_abcdef_dfgc_geab laeuft [ 1231s] … [NEW BEST] Trial #5 | SF=4, Parallel=a -> Zeit: 21.2299 ms (208.371 GFLOPS)
        · teir_sa:contraction_abcdef_dfgc_geab laeuft [ 1261s] … [NEW BEST] Trial #5 | SF=4, Parallel=a -> Zeit: 21.2299 ms (208.371 GFLOPS)
        · teir_sa:contraction_abcdef_dfgc_geab laeuft [ 1291s] … [NEW BEST] Trial #5 | SF=4, Parallel=a -> Zeit: 21.2299 ms (208.371 GFLOPS)
        · teir_sa:contraction_abcdef_dfgc_geab laeuft [ 1321s] … [NEW BEST] Trial #5 | SF=4, Parallel=a -> Zeit: 21.2299 ms (208.371 GFLOPS)
        · teir_sa:contraction_abcdef_dfgc_geab laeuft [ 1351s] … [NEW BEST] Trial #5 | SF=4, Parallel=a -> Zeit: 21.2299 ms (208.371 GFLOPS)
        · teir_sa:contraction_abcdef_dfgc_geab laeuft [ 1381s] … [NEW BEST] Trial #5 | SF=4, Parallel=a -> Zeit: 21.2299 ms (208.371 GFLOPS)
        · teir_sa:contraction_abcdef_dfgc_geab laeuft [ 1411s] … [NEW BEST] Trial #5 | SF=4, Parallel=a -> Zeit: 21.2299 ms (208.371 GFLOPS)
        · teir_sa:contraction_abcdef_dfgc_geab laeuft [ 1441s] … [NEW BEST] Trial #5 | SF=4, Parallel=a -> Zeit: 21.2299 ms (208.371 GFLOPS)
        · teir_sa:contraction_abcdef_dfgc_geab laeuft [ 1471s] … [NEW BEST] Trial #5 | SF=4, Parallel=a -> Zeit: 21.2299 ms (208.371 GFLOPS)
        · teir_sa:contraction_abcdef_dfgc_geab laeuft [ 1501s] … [NEW BEST] Trial #5 | SF=4, Parallel=a -> Zeit: 21.2299 ms (208.371 GFLOPS)
        · teir_sa:contraction_abcdef_dfgc_geab laeuft [ 1531s] … [NEW BEST] Trial #5 | SF=4, Parallel=a -> Zeit: 21.2299 ms (208.371 GFLOPS)
        · teir_sa:contraction_abcdef_dfgc_geab laeuft [ 1561s] … [NEW BEST] Trial #5 | SF=4, Parallel=a -> Zeit: 21.2299 ms (208.371 GFLOPS)
        · teir_sa:contraction_abcdef_dfgc_geab laeuft [ 1591s] … [NEW BEST] Trial #5 | SF=4, Parallel=a -> Zeit: 21.2299 ms (208.371 GFLOPS)
        · teir_sa:contraction_abcdef_dfgc_geab laeuft [ 1621s] … [NEW BEST] Trial #5 | SF=4, Parallel=a -> Zeit: 21.2299 ms (208.371 GFLOPS)
        · teir_sa:contraction_abcdef_dfgc_geab laeuft [ 1651s] … [NEW BEST] Trial #5 | SF=4, Parallel=a -> Zeit: 21.2299 ms (208.371 GFLOPS)
        · teir_sa:contraction_abcdef_dfgc_geab laeuft [ 1681s] … [NEW BEST] Trial #5 | SF=4, Parallel=a -> Zeit: 21.2299 ms (208.371 GFLOPS)
        · teir_sa:contraction_abcdef_dfgc_geab laeuft [ 1711s] … [NEW BEST] Trial #5 | SF=4, Parallel=a -> Zeit: 21.2299 ms (208.371 GFLOPS)
        · teir_sa:contraction_abcdef_dfgc_geab laeuft [ 1741s] … [NEW BEST] Trial #5 | SF=4, Parallel=a -> Zeit: 21.2299 ms (208.371 GFLOPS)
        · teir_sa:contraction_abcdef_dfgc_geab laeuft [ 1771s] … [NEW BEST] Trial #5 | SF=4, Parallel=a -> Zeit: 21.2299 ms (208.371 GFLOPS)
        · teir_sa:contraction_abcdef_dfgc_geab laeuft [ 1801s] … [NEW BEST] Trial #5 | SF=4, Parallel=a -> Zeit: 21.2299 ms (208.371 GFLOPS)
  [teir_sa] 24/36 contraction_abcdef_dfgc_geab           208.4 GFLOPS [partial-timeout]   1801s  DONE @ 2026-08-01 21:48:03
  [teir_sa] 25/36 contraction_abcdef_efga_gdbc           ... START @ 2026-08-01 21:48:03
        · teir_sa:contraction_abcdef_efga_gdbc laeuft [   30s] … [NEW BEST] Trial #1 | SF=2, Parallel=a -> Zeit: 127.95 ms (34.5736 GFLOPS)
        · teir_sa:contraction_abcdef_efga_gdbc laeuft [   60s] … [NEW BEST] Trial #1 | SF=2, Parallel=a -> Zeit: 127.95 ms (34.5736 GFLOPS)
        · teir_sa:contraction_abcdef_efga_gdbc laeuft [   90s] … [NEW BEST] Trial #1 | SF=2, Parallel=a -> Zeit: 127.95 ms (34.5736 GFLOPS)
        · teir_sa:contraction_abcdef_efga_gdbc laeuft [  120s] … [NEW BEST] Trial #1 | SF=2, Parallel=a -> Zeit: 127.95 ms (34.5736 GFLOPS)
        · teir_sa:contraction_abcdef_efga_gdbc laeuft [  150s] … [NEW BEST] Trial #1 | SF=2, Parallel=a -> Zeit: 127.95 ms (34.5736 GFLOPS)
        · teir_sa:contraction_abcdef_efga_gdbc laeuft [  180s] … [NEW BEST] Trial #1 | SF=2, Parallel=a -> Zeit: 127.95 ms (34.5736 GFLOPS)
        · teir_sa:contraction_abcdef_efga_gdbc laeuft [  210s] … [NEW BEST] Trial #1 | SF=2, Parallel=a -> Zeit: 127.95 ms (34.5736 GFLOPS)
        · teir_sa:contraction_abcdef_efga_gdbc laeuft [  240s] … [NEW BEST] Trial #1 | SF=2, Parallel=a -> Zeit: 127.95 ms (34.5736 GFLOPS)
        · teir_sa:contraction_abcdef_efga_gdbc laeuft [  270s] … [NEW BEST] Trial #1 | SF=2, Parallel=a -> Zeit: 127.95 ms (34.5736 GFLOPS)
        · teir_sa:contraction_abcdef_efga_gdbc laeuft [  300s] … [NEW BEST] Trial #1 | SF=2, Parallel=a -> Zeit: 127.95 ms (34.5736 GFLOPS)
        · teir_sa:contraction_abcdef_efga_gdbc laeuft [  330s] … [NEW BEST] Trial #1 | SF=2, Parallel=a -> Zeit: 127.95 ms (34.5736 GFLOPS)
        · teir_sa:contraction_abcdef_efga_gdbc laeuft [  360s] … [NEW BEST] Trial #1 | SF=2, Parallel=a -> Zeit: 127.95 ms (34.5736 GFLOPS)
        · teir_sa:contraction_abcdef_efga_gdbc laeuft [  390s] … [NEW BEST] Trial #1 | SF=2, Parallel=a -> Zeit: 127.95 ms (34.5736 GFLOPS)
        · teir_sa:contraction_abcdef_efga_gdbc laeuft [  420s] … [NEW BEST] Trial #3 | SF=4, Parallel=a -> Zeit: 126.567 ms (34.9513 GFLOPS)
        · teir_sa:contraction_abcdef_efga_gdbc laeuft [  450s] … [NEW BEST] Trial #3 | SF=4, Parallel=a -> Zeit: 126.567 ms (34.9513 GFLOPS)
        · teir_sa:contraction_abcdef_efga_gdbc laeuft [  480s] … [NEW BEST] Trial #3 | SF=4, Parallel=a -> Zeit: 126.567 ms (34.9513 GFLOPS)
        · teir_sa:contraction_abcdef_efga_gdbc laeuft [  510s] … [NEW BEST] Trial #3 | SF=4, Parallel=a -> Zeit: 126.567 ms (34.9513 GFLOPS)
        · teir_sa:contraction_abcdef_efga_gdbc laeuft [  540s] … [NEW BEST] Trial #3 | SF=4, Parallel=a -> Zeit: 126.567 ms (34.9513 GFLOPS)
        · teir_sa:contraction_abcdef_efga_gdbc laeuft [  570s] … [NEW BEST] Trial #3 | SF=4, Parallel=a -> Zeit: 126.567 ms (34.9513 GFLOPS)
        · teir_sa:contraction_abcdef_efga_gdbc laeuft [  600s] … [NEW BEST] Trial #3 | SF=4, Parallel=a -> Zeit: 126.567 ms (34.9513 GFLOPS)
        · teir_sa:contraction_abcdef_efga_gdbc laeuft [  630s] … [NEW BEST] Trial #3 | SF=4, Parallel=a -> Zeit: 126.567 ms (34.9513 GFLOPS)
        · teir_sa:contraction_abcdef_efga_gdbc laeuft [  661s] … [NEW BEST] Trial #3 | SF=4, Parallel=a -> Zeit: 126.567 ms (34.9513 GFLOPS)
        · teir_sa:contraction_abcdef_efga_gdbc laeuft [  691s] … [NEW BEST] Trial #3 | SF=4, Parallel=a -> Zeit: 126.567 ms (34.9513 GFLOPS)
        · teir_sa:contraction_abcdef_efga_gdbc laeuft [  721s] … [NEW BEST] Trial #3 | SF=4, Parallel=a -> Zeit: 126.567 ms (34.9513 GFLOPS)
        · teir_sa:contraction_abcdef_efga_gdbc laeuft [  751s] … [NEW BEST] Trial #3 | SF=4, Parallel=a -> Zeit: 126.567 ms (34.9513 GFLOPS)
        · teir_sa:contraction_abcdef_efga_gdbc laeuft [  781s] … [NEW BEST] Trial #3 | SF=4, Parallel=a -> Zeit: 126.567 ms (34.9513 GFLOPS)
        · teir_sa:contraction_abcdef_efga_gdbc laeuft [  811s] … [NEW BEST] Trial #3 | SF=4, Parallel=a -> Zeit: 126.567 ms (34.9513 GFLOPS)
        · teir_sa:contraction_abcdef_efga_gdbc laeuft [  841s] … [NEW BEST] Trial #3 | SF=4, Parallel=a -> Zeit: 126.567 ms (34.9513 GFLOPS)
        · teir_sa:contraction_abcdef_efga_gdbc laeuft [  871s] … [NEW BEST] Trial #3 | SF=4, Parallel=a -> Zeit: 126.567 ms (34.9513 GFLOPS)
        · teir_sa:contraction_abcdef_efga_gdbc laeuft [  901s] … [NEW BEST] Trial #3 | SF=4, Parallel=a -> Zeit: 126.567 ms (34.9513 GFLOPS)
        · teir_sa:contraction_abcdef_efga_gdbc laeuft [  931s] … [NEW BEST] Trial #3 | SF=4, Parallel=a -> Zeit: 126.567 ms (34.9513 GFLOPS)
        · teir_sa:contraction_abcdef_efga_gdbc laeuft [  961s] … [NEW BEST] Trial #3 | SF=4, Parallel=a -> Zeit: 126.567 ms (34.9513 GFLOPS)
        · teir_sa:contraction_abcdef_efga_gdbc laeuft [  991s] … [NEW BEST] Trial #3 | SF=4, Parallel=a -> Zeit: 126.567 ms (34.9513 GFLOPS)
        · teir_sa:contraction_abcdef_efga_gdbc laeuft [ 1021s] … [NEW BEST] Trial #3 | SF=4, Parallel=a -> Zeit: 126.567 ms (34.9513 GFLOPS)
        · teir_sa:contraction_abcdef_efga_gdbc laeuft [ 1051s] … [NEW BEST] Trial #3 | SF=4, Parallel=a -> Zeit: 126.567 ms (34.9513 GFLOPS)
        · teir_sa:contraction_abcdef_efga_gdbc laeuft [ 1081s] … [NEW BEST] Trial #3 | SF=4, Parallel=a -> Zeit: 126.567 ms (34.9513 GFLOPS)
        · teir_sa:contraction_abcdef_efga_gdbc laeuft [ 1111s] … [NEW BEST] Trial #3 | SF=4, Parallel=a -> Zeit: 126.567 ms (34.9513 GFLOPS)
        · teir_sa:contraction_abcdef_efga_gdbc laeuft [ 1141s] … [NEW BEST] Trial #3 | SF=4, Parallel=a -> Zeit: 126.567 ms (34.9513 GFLOPS)
        · teir_sa:contraction_abcdef_efga_gdbc laeuft [ 1171s] … [NEW BEST] Trial #3 | SF=4, Parallel=a -> Zeit: 126.567 ms (34.9513 GFLOPS)
        · teir_sa:contraction_abcdef_efga_gdbc laeuft [ 1201s] … [NEW BEST] Trial #3 | SF=4, Parallel=a -> Zeit: 126.567 ms (34.9513 GFLOPS)
        · teir_sa:contraction_abcdef_efga_gdbc laeuft [ 1231s] … [NEW BEST] Trial #3 | SF=4, Parallel=a -> Zeit: 126.567 ms (34.9513 GFLOPS)
        · teir_sa:contraction_abcdef_efga_gdbc laeuft [ 1261s] … [NEW BEST] Trial #3 | SF=4, Parallel=a -> Zeit: 126.567 ms (34.9513 GFLOPS)
        · teir_sa:contraction_abcdef_efga_gdbc laeuft [ 1291s] … [NEW BEST] Trial #3 | SF=4, Parallel=a -> Zeit: 126.567 ms (34.9513 GFLOPS)
        · teir_sa:contraction_abcdef_efga_gdbc laeuft [ 1321s] … [NEW BEST] Trial #3 | SF=4, Parallel=a -> Zeit: 126.567 ms (34.9513 GFLOPS)
        · teir_sa:contraction_abcdef_efga_gdbc laeuft [ 1351s] … [NEW BEST] Trial #3 | SF=4, Parallel=a -> Zeit: 126.567 ms (34.9513 GFLOPS)
        · teir_sa:contraction_abcdef_efga_gdbc laeuft [ 1381s] … [NEW BEST] Trial #3 | SF=4, Parallel=a -> Zeit: 126.567 ms (34.9513 GFLOPS)
        · teir_sa:contraction_abcdef_efga_gdbc laeuft [ 1411s] … [NEW BEST] Trial #3 | SF=4, Parallel=a -> Zeit: 126.567 ms (34.9513 GFLOPS)
        · teir_sa:contraction_abcdef_efga_gdbc laeuft [ 1441s] … [NEW BEST] Trial #3 | SF=4, Parallel=a -> Zeit: 126.567 ms (34.9513 GFLOPS)
        · teir_sa:contraction_abcdef_efga_gdbc laeuft [ 1471s] … [NEW BEST] Trial #3 | SF=4, Parallel=a -> Zeit: 126.567 ms (34.9513 GFLOPS)
        · teir_sa:contraction_abcdef_efga_gdbc laeuft [ 1501s] … [NEW BEST] Trial #3 | SF=4, Parallel=a -> Zeit: 126.567 ms (34.9513 GFLOPS)
        · teir_sa:contraction_abcdef_efga_gdbc laeuft [ 1531s] … [NEW BEST] Trial #3 | SF=4, Parallel=a -> Zeit: 126.567 ms (34.9513 GFLOPS)
        · teir_sa:contraction_abcdef_efga_gdbc laeuft [ 1562s] … [NEW BEST] Trial #3 | SF=4, Parallel=a -> Zeit: 126.567 ms (34.9513 GFLOPS)
        · teir_sa:contraction_abcdef_efga_gdbc laeuft [ 1592s] … [NEW BEST] Trial #3 | SF=4, Parallel=a -> Zeit: 126.567 ms (34.9513 GFLOPS)
        · teir_sa:contraction_abcdef_efga_gdbc laeuft [ 1622s] … [NEW BEST] Trial #3 | SF=4, Parallel=a -> Zeit: 126.567 ms (34.9513 GFLOPS)
        · teir_sa:contraction_abcdef_efga_gdbc laeuft [ 1652s] … [NEW BEST] Trial #3 | SF=4, Parallel=a -> Zeit: 126.567 ms (34.9513 GFLOPS)
        · teir_sa:contraction_abcdef_efga_gdbc laeuft [ 1682s] … [NEW BEST] Trial #3 | SF=4, Parallel=a -> Zeit: 126.567 ms (34.9513 GFLOPS)
        · teir_sa:contraction_abcdef_efga_gdbc laeuft [ 1712s] … [NEW BEST] Trial #3 | SF=4, Parallel=a -> Zeit: 126.567 ms (34.9513 GFLOPS)
        · teir_sa:contraction_abcdef_efga_gdbc laeuft [ 1742s] … [NEW BEST] Trial #3 | SF=4, Parallel=a -> Zeit: 126.567 ms (34.9513 GFLOPS)
        · teir_sa:contraction_abcdef_efga_gdbc laeuft [ 1772s] … [NEW BEST] Trial #3 | SF=4, Parallel=a -> Zeit: 126.567 ms (34.9513 GFLOPS)
        · teir_sa:contraction_abcdef_efga_gdbc laeuft [ 1802s] … [NEW BEST] Trial #3 | SF=4, Parallel=a -> Zeit: 126.567 ms (34.9513 GFLOPS)
  [teir_sa] 25/36 contraction_abcdef_efga_gdbc           35.0 GFLOPS [partial-timeout]   1802s  DONE @ 2026-08-01 22:18:05
  [teir_sa] 26/36 contraction_abcdef_efgb_gdac           ... START @ 2026-08-01 22:18:05
        · teir_sa:contraction_abcdef_efgb_gdac laeuft [   30s] … [NEW BEST] Trial #1 | SF=2, Parallel=a -> Zeit: 115.526 ms (38.2916 GFLOPS)
        · teir_sa:contraction_abcdef_efgb_gdac laeuft [   60s] … [NEW BEST] Trial #1 | SF=2, Parallel=a -> Zeit: 115.526 ms (38.2916 GFLOPS)
        · teir_sa:contraction_abcdef_efgb_gdac laeuft [   90s] … [NEW BEST] Trial #1 | SF=2, Parallel=a -> Zeit: 115.526 ms (38.2916 GFLOPS)
        · teir_sa:contraction_abcdef_efgb_gdac laeuft [  120s] … [NEW BEST] Trial #1 | SF=2, Parallel=a -> Zeit: 115.526 ms (38.2916 GFLOPS)
        · teir_sa:contraction_abcdef_efgb_gdac laeuft [  150s] … [NEW BEST] Trial #1 | SF=2, Parallel=a -> Zeit: 115.526 ms (38.2916 GFLOPS)
        · teir_sa:contraction_abcdef_efgb_gdac laeuft [  180s] … [NEW BEST] Trial #1 | SF=2, Parallel=a -> Zeit: 115.526 ms (38.2916 GFLOPS)
        · teir_sa:contraction_abcdef_efgb_gdac laeuft [  210s] … [NEW BEST] Trial #1 | SF=2, Parallel=a -> Zeit: 115.526 ms (38.2916 GFLOPS)
        · teir_sa:contraction_abcdef_efgb_gdac laeuft [  240s] … [NEW BEST] Trial #1 | SF=2, Parallel=a -> Zeit: 115.526 ms (38.2916 GFLOPS)
        · teir_sa:contraction_abcdef_efgb_gdac laeuft [  270s] … [NEW BEST] Trial #1 | SF=2, Parallel=a -> Zeit: 115.526 ms (38.2916 GFLOPS)
        · teir_sa:contraction_abcdef_efgb_gdac laeuft [  300s] … [NEW BEST] Trial #1 | SF=2, Parallel=a -> Zeit: 115.526 ms (38.2916 GFLOPS)
        · teir_sa:contraction_abcdef_efgb_gdac laeuft [  330s] … [NEW BEST] Trial #1 | SF=2, Parallel=a -> Zeit: 115.526 ms (38.2916 GFLOPS)
        · teir_sa:contraction_abcdef_efgb_gdac laeuft [  360s] … [NEW BEST] Trial #1 | SF=2, Parallel=a -> Zeit: 115.526 ms (38.2916 GFLOPS)
        · teir_sa:contraction_abcdef_efgb_gdac laeuft [  390s] … [NEW BEST] Trial #1 | SF=2, Parallel=a -> Zeit: 115.526 ms (38.2916 GFLOPS)
        · teir_sa:contraction_abcdef_efgb_gdac laeuft [  420s] … [NEW BEST] Trial #3 | SF=4, Parallel=a -> Zeit: 114.156 ms (38.7512 GFLOPS)
        · teir_sa:contraction_abcdef_efgb_gdac laeuft [  450s] … [NEW BEST] Trial #7 | SF=2, Parallel=a -> Zeit: 59.4361 ms (74.4275 GFLOPS)
        · teir_sa:contraction_abcdef_efgb_gdac laeuft [  480s] … [NEW BEST] Trial #7 | SF=2, Parallel=a -> Zeit: 59.4361 ms (74.4275 GFLOPS)
        · teir_sa:contraction_abcdef_efgb_gdac laeuft [  510s] … [NEW BEST] Trial #7 | SF=2, Parallel=a -> Zeit: 59.4361 ms (74.4275 GFLOPS)
        · teir_sa:contraction_abcdef_efgb_gdac laeuft [  540s] … [NEW BEST] Trial #7 | SF=2, Parallel=a -> Zeit: 59.4361 ms (74.4275 GFLOPS)
        · teir_sa:contraction_abcdef_efgb_gdac laeuft [  570s] … [NEW BEST] Trial #7 | SF=2, Parallel=a -> Zeit: 59.4361 ms (74.4275 GFLOPS)
        · teir_sa:contraction_abcdef_efgb_gdac laeuft [  600s] … [NEW BEST] Trial #7 | SF=2, Parallel=a -> Zeit: 59.4361 ms (74.4275 GFLOPS)
        · teir_sa:contraction_abcdef_efgb_gdac laeuft [  630s] … [NEW BEST] Trial #7 | SF=2, Parallel=a -> Zeit: 59.4361 ms (74.4275 GFLOPS)
        · teir_sa:contraction_abcdef_efgb_gdac laeuft [  660s] … [NEW BEST] Trial #7 | SF=2, Parallel=a -> Zeit: 59.4361 ms (74.4275 GFLOPS)
        · teir_sa:contraction_abcdef_efgb_gdac laeuft [  691s] … [NEW BEST] Trial #7 | SF=2, Parallel=a -> Zeit: 59.4361 ms (74.4275 GFLOPS)
        · teir_sa:contraction_abcdef_efgb_gdac laeuft [  721s] … [NEW BEST] Trial #7 | SF=2, Parallel=a -> Zeit: 59.4361 ms (74.4275 GFLOPS)
        · teir_sa:contraction_abcdef_efgb_gdac laeuft [  751s] … [NEW BEST] Trial #7 | SF=2, Parallel=a -> Zeit: 59.4361 ms (74.4275 GFLOPS)
        · teir_sa:contraction_abcdef_efgb_gdac laeuft [  781s] … [NEW BEST] Trial #7 | SF=2, Parallel=a -> Zeit: 59.4361 ms (74.4275 GFLOPS)
        · teir_sa:contraction_abcdef_efgb_gdac laeuft [  811s] … [NEW BEST] Trial #7 | SF=2, Parallel=a -> Zeit: 59.4361 ms (74.4275 GFLOPS)
        · teir_sa:contraction_abcdef_efgb_gdac laeuft [  841s] … [NEW BEST] Trial #7 | SF=2, Parallel=a -> Zeit: 59.4361 ms (74.4275 GFLOPS)
        · teir_sa:contraction_abcdef_efgb_gdac laeuft [  871s] … [NEW BEST] Trial #7 | SF=2, Parallel=a -> Zeit: 59.4361 ms (74.4275 GFLOPS)
        · teir_sa:contraction_abcdef_efgb_gdac laeuft [  901s] … [NEW BEST] Trial #7 | SF=2, Parallel=a -> Zeit: 59.4361 ms (74.4275 GFLOPS)
        · teir_sa:contraction_abcdef_efgb_gdac laeuft [  931s] … [NEW BEST] Trial #7 | SF=2, Parallel=a -> Zeit: 59.4361 ms (74.4275 GFLOPS)
        · teir_sa:contraction_abcdef_efgb_gdac laeuft [  961s] … [NEW BEST] Trial #7 | SF=2, Parallel=a -> Zeit: 59.4361 ms (74.4275 GFLOPS)
        · teir_sa:contraction_abcdef_efgb_gdac laeuft [  991s] … [NEW BEST] Trial #7 | SF=2, Parallel=a -> Zeit: 59.4361 ms (74.4275 GFLOPS)
        · teir_sa:contraction_abcdef_efgb_gdac laeuft [ 1021s] … [NEW BEST] Trial #7 | SF=2, Parallel=a -> Zeit: 59.4361 ms (74.4275 GFLOPS)
        · teir_sa:contraction_abcdef_efgb_gdac laeuft [ 1051s] … [NEW BEST] Trial #7 | SF=2, Parallel=a -> Zeit: 59.4361 ms (74.4275 GFLOPS)
        · teir_sa:contraction_abcdef_efgb_gdac laeuft [ 1081s] … [NEW BEST] Trial #7 | SF=2, Parallel=a -> Zeit: 59.4361 ms (74.4275 GFLOPS)
        · teir_sa:contraction_abcdef_efgb_gdac laeuft [ 1111s] … [NEW BEST] Trial #7 | SF=2, Parallel=a -> Zeit: 59.4361 ms (74.4275 GFLOPS)
        · teir_sa:contraction_abcdef_efgb_gdac laeuft [ 1141s] … [NEW BEST] Trial #7 | SF=2, Parallel=a -> Zeit: 59.4361 ms (74.4275 GFLOPS)
        · teir_sa:contraction_abcdef_efgb_gdac laeuft [ 1171s] … [NEW BEST] Trial #7 | SF=2, Parallel=a -> Zeit: 59.4361 ms (74.4275 GFLOPS)
        · teir_sa:contraction_abcdef_efgb_gdac laeuft [ 1201s] … [NEW BEST] Trial #7 | SF=2, Parallel=a -> Zeit: 59.4361 ms (74.4275 GFLOPS)
        · teir_sa:contraction_abcdef_efgb_gdac laeuft [ 1231s] … [NEW BEST] Trial #7 | SF=2, Parallel=a -> Zeit: 59.4361 ms (74.4275 GFLOPS)
        · teir_sa:contraction_abcdef_efgb_gdac laeuft [ 1261s] … [NEW BEST] Trial #7 | SF=2, Parallel=a -> Zeit: 59.4361 ms (74.4275 GFLOPS)
        · teir_sa:contraction_abcdef_efgb_gdac laeuft [ 1291s] … [NEW BEST] Trial #7 | SF=2, Parallel=a -> Zeit: 59.4361 ms (74.4275 GFLOPS)
        · teir_sa:contraction_abcdef_efgb_gdac laeuft [ 1321s] … [NEW BEST] Trial #7 | SF=2, Parallel=a -> Zeit: 59.4361 ms (74.4275 GFLOPS)
        · teir_sa:contraction_abcdef_efgb_gdac laeuft [ 1351s] … [NEW BEST] Trial #7 | SF=2, Parallel=a -> Zeit: 59.4361 ms (74.4275 GFLOPS)
        · teir_sa:contraction_abcdef_efgb_gdac laeuft [ 1381s] … [NEW BEST] Trial #7 | SF=2, Parallel=a -> Zeit: 59.4361 ms (74.4275 GFLOPS)
        · teir_sa:contraction_abcdef_efgb_gdac laeuft [ 1411s] … [NEW BEST] Trial #7 | SF=2, Parallel=a -> Zeit: 59.4361 ms (74.4275 GFLOPS)
        · teir_sa:contraction_abcdef_efgb_gdac laeuft [ 1441s] … [NEW BEST] Trial #7 | SF=2, Parallel=a -> Zeit: 59.4361 ms (74.4275 GFLOPS)
        · teir_sa:contraction_abcdef_efgb_gdac laeuft [ 1471s] … [NEW BEST] Trial #7 | SF=2, Parallel=a -> Zeit: 59.4361 ms (74.4275 GFLOPS)
        · teir_sa:contraction_abcdef_efgb_gdac laeuft [ 1501s] … [NEW BEST] Trial #7 | SF=2, Parallel=a -> Zeit: 59.4361 ms (74.4275 GFLOPS)
        · teir_sa:contraction_abcdef_efgb_gdac laeuft [ 1531s] … [NEW BEST] Trial #7 | SF=2, Parallel=a -> Zeit: 59.4361 ms (74.4275 GFLOPS)
        · teir_sa:contraction_abcdef_efgb_gdac laeuft [ 1561s] … [NEW BEST] Trial #7 | SF=2, Parallel=a -> Zeit: 59.4361 ms (74.4275 GFLOPS)
        · teir_sa:contraction_abcdef_efgb_gdac laeuft [ 1591s] … [NEW BEST] Trial #7 | SF=2, Parallel=a -> Zeit: 59.4361 ms (74.4275 GFLOPS)
        · teir_sa:contraction_abcdef_efgb_gdac laeuft [ 1621s] … [NEW BEST] Trial #7 | SF=2, Parallel=a -> Zeit: 59.4361 ms (74.4275 GFLOPS)
        · teir_sa:contraction_abcdef_efgb_gdac laeuft [ 1651s] … [NEW BEST] Trial #7 | SF=2, Parallel=a -> Zeit: 59.4361 ms (74.4275 GFLOPS)
        · teir_sa:contraction_abcdef_efgb_gdac laeuft [ 1681s] … [NEW BEST] Trial #7 | SF=2, Parallel=a -> Zeit: 59.4361 ms (74.4275 GFLOPS)
        · teir_sa:contraction_abcdef_efgb_gdac laeuft [ 1712s] … [NEW BEST] Trial #7 | SF=2, Parallel=a -> Zeit: 59.4361 ms (74.4275 GFLOPS)
        · teir_sa:contraction_abcdef_efgb_gdac laeuft [ 1742s] … [NEW BEST] Trial #7 | SF=2, Parallel=a -> Zeit: 59.4361 ms (74.4275 GFLOPS)
        · teir_sa:contraction_abcdef_efgb_gdac laeuft [ 1772s] … [NEW BEST] Trial #7 | SF=2, Parallel=a -> Zeit: 59.4361 ms (74.4275 GFLOPS)
        · teir_sa:contraction_abcdef_efgb_gdac laeuft [ 1802s] … [NEW BEST] Trial #7 | SF=2, Parallel=a -> Zeit: 59.4361 ms (74.4275 GFLOPS)
  [teir_sa] 26/36 contraction_abcdef_efgb_gdac           74.4 GFLOPS [partial-timeout]   1802s  DONE @ 2026-08-01 22:48:06
  [teir_sa] 27/36 contraction_abcdef_efgc_gdab           ... START @ 2026-08-01 22:48:06
        · teir_sa:contraction_abcdef_efgc_gdab laeuft [   30s] … [NEW BEST] Trial #1 | SF=2, Parallel=a -> Zeit: 130.118 ms (33.9974 GFLOPS)
        · teir_sa:contraction_abcdef_efgc_gdab laeuft [   60s] … [NEW BEST] Trial #1 | SF=2, Parallel=a -> Zeit: 130.118 ms (33.9974 GFLOPS)
        · teir_sa:contraction_abcdef_efgc_gdab laeuft [   90s] … [NEW BEST] Trial #1 | SF=2, Parallel=a -> Zeit: 130.118 ms (33.9974 GFLOPS)
        · teir_sa:contraction_abcdef_efgc_gdab laeuft [  120s] … [NEW BEST] Trial #1 | SF=2, Parallel=a -> Zeit: 130.118 ms (33.9974 GFLOPS)
        · teir_sa:contraction_abcdef_efgc_gdab laeuft [  150s] … [NEW BEST] Trial #1 | SF=2, Parallel=a -> Zeit: 130.118 ms (33.9974 GFLOPS)
        · teir_sa:contraction_abcdef_efgc_gdab laeuft [  180s] … [NEW BEST] Trial #1 | SF=2, Parallel=a -> Zeit: 130.118 ms (33.9974 GFLOPS)
        · teir_sa:contraction_abcdef_efgc_gdab laeuft [  210s] … [NEW BEST] Trial #1 | SF=2, Parallel=a -> Zeit: 130.118 ms (33.9974 GFLOPS)
        · teir_sa:contraction_abcdef_efgc_gdab laeuft [  240s] … [NEW BEST] Trial #1 | SF=2, Parallel=a -> Zeit: 130.118 ms (33.9974 GFLOPS)
        · teir_sa:contraction_abcdef_efgc_gdab laeuft [  270s] … [NEW BEST] Trial #1 | SF=2, Parallel=a -> Zeit: 130.118 ms (33.9974 GFLOPS)
        · teir_sa:contraction_abcdef_efgc_gdab laeuft [  300s] … [NEW BEST] Trial #1 | SF=2, Parallel=a -> Zeit: 130.118 ms (33.9974 GFLOPS)
        · teir_sa:contraction_abcdef_efgc_gdab laeuft [  330s] … [NEW BEST] Trial #1 | SF=2, Parallel=a -> Zeit: 130.118 ms (33.9974 GFLOPS)
        · teir_sa:contraction_abcdef_efgc_gdab laeuft [  360s] … [NEW BEST] Trial #1 | SF=2, Parallel=a -> Zeit: 130.118 ms (33.9974 GFLOPS)
        · teir_sa:contraction_abcdef_efgc_gdab laeuft [  390s] … [NEW BEST] Trial #1 | SF=2, Parallel=a -> Zeit: 130.118 ms (33.9974 GFLOPS)
        · teir_sa:contraction_abcdef_efgc_gdab laeuft [  420s] … [NEW BEST] Trial #5 | SF=4, Parallel=a -> Zeit: 22.4387 ms (197.145 GFLOPS)
        · teir_sa:contraction_abcdef_efgc_gdab laeuft [  450s] … [NEW BEST] Trial #7 | SF=2, Parallel=a -> Zeit: 20.6788 ms (213.923 GFLOPS)
        · teir_sa:contraction_abcdef_efgc_gdab laeuft [  480s] … [NEW BEST] Trial #7 | SF=2, Parallel=a -> Zeit: 20.6788 ms (213.923 GFLOPS)
        · teir_sa:contraction_abcdef_efgc_gdab laeuft [  510s] … [NEW BEST] Trial #7 | SF=2, Parallel=a -> Zeit: 20.6788 ms (213.923 GFLOPS)
        · teir_sa:contraction_abcdef_efgc_gdab laeuft [  540s] … [NEW BEST] Trial #7 | SF=2, Parallel=a -> Zeit: 20.6788 ms (213.923 GFLOPS)
        · teir_sa:contraction_abcdef_efgc_gdab laeuft [  570s] … [NEW BEST] Trial #7 | SF=2, Parallel=a -> Zeit: 20.6788 ms (213.923 GFLOPS)
        · teir_sa:contraction_abcdef_efgc_gdab laeuft [  600s] … [NEW BEST] Trial #7 | SF=2, Parallel=a -> Zeit: 20.6788 ms (213.923 GFLOPS)
        · teir_sa:contraction_abcdef_efgc_gdab laeuft [  631s] … [NEW BEST] Trial #7 | SF=2, Parallel=a -> Zeit: 20.6788 ms (213.923 GFLOPS)
        · teir_sa:contraction_abcdef_efgc_gdab laeuft [  661s] … [NEW BEST] Trial #7 | SF=2, Parallel=a -> Zeit: 20.6788 ms (213.923 GFLOPS)
        · teir_sa:contraction_abcdef_efgc_gdab laeuft [  691s] … [NEW BEST] Trial #7 | SF=2, Parallel=a -> Zeit: 20.6788 ms (213.923 GFLOPS)
        · teir_sa:contraction_abcdef_efgc_gdab laeuft [  721s] … [NEW BEST] Trial #7 | SF=2, Parallel=a -> Zeit: 20.6788 ms (213.923 GFLOPS)
        · teir_sa:contraction_abcdef_efgc_gdab laeuft [  751s] … [NEW BEST] Trial #7 | SF=2, Parallel=a -> Zeit: 20.6788 ms (213.923 GFLOPS)
        · teir_sa:contraction_abcdef_efgc_gdab laeuft [  781s] … [NEW BEST] Trial #7 | SF=2, Parallel=a -> Zeit: 20.6788 ms (213.923 GFLOPS)
        · teir_sa:contraction_abcdef_efgc_gdab laeuft [  811s] … [NEW BEST] Trial #7 | SF=2, Parallel=a -> Zeit: 20.6788 ms (213.923 GFLOPS)
        · teir_sa:contraction_abcdef_efgc_gdab laeuft [  841s] … [NEW BEST] Trial #7 | SF=2, Parallel=a -> Zeit: 20.6788 ms (213.923 GFLOPS)
        · teir_sa:contraction_abcdef_efgc_gdab laeuft [  871s] … [NEW BEST] Trial #7 | SF=2, Parallel=a -> Zeit: 20.6788 ms (213.923 GFLOPS)
        · teir_sa:contraction_abcdef_efgc_gdab laeuft [  901s] … [NEW BEST] Trial #7 | SF=2, Parallel=a -> Zeit: 20.6788 ms (213.923 GFLOPS)
        · teir_sa:contraction_abcdef_efgc_gdab laeuft [  931s] … [NEW BEST] Trial #7 | SF=2, Parallel=a -> Zeit: 20.6788 ms (213.923 GFLOPS)
        · teir_sa:contraction_abcdef_efgc_gdab laeuft [  961s] … [NEW BEST] Trial #7 | SF=2, Parallel=a -> Zeit: 20.6788 ms (213.923 GFLOPS)
        · teir_sa:contraction_abcdef_efgc_gdab laeuft [  991s] … [NEW BEST] Trial #7 | SF=2, Parallel=a -> Zeit: 20.6788 ms (213.923 GFLOPS)
        · teir_sa:contraction_abcdef_efgc_gdab laeuft [ 1021s] … [NEW BEST] Trial #7 | SF=2, Parallel=a -> Zeit: 20.6788 ms (213.923 GFLOPS)
        · teir_sa:contraction_abcdef_efgc_gdab laeuft [ 1051s] … [NEW BEST] Trial #7 | SF=2, Parallel=a -> Zeit: 20.6788 ms (213.923 GFLOPS)
        · teir_sa:contraction_abcdef_efgc_gdab laeuft [ 1081s] … [NEW BEST] Trial #7 | SF=2, Parallel=a -> Zeit: 20.6788 ms (213.923 GFLOPS)
        · teir_sa:contraction_abcdef_efgc_gdab laeuft [ 1111s] … [NEW BEST] Trial #7 | SF=2, Parallel=a -> Zeit: 20.6788 ms (213.923 GFLOPS)
        · teir_sa:contraction_abcdef_efgc_gdab laeuft [ 1141s] … [NEW BEST] Trial #7 | SF=2, Parallel=a -> Zeit: 20.6788 ms (213.923 GFLOPS)
        · teir_sa:contraction_abcdef_efgc_gdab laeuft [ 1171s] … [NEW BEST] Trial #7 | SF=2, Parallel=a -> Zeit: 20.6788 ms (213.923 GFLOPS)
        · teir_sa:contraction_abcdef_efgc_gdab laeuft [ 1201s] … [NEW BEST] Trial #7 | SF=2, Parallel=a -> Zeit: 20.6788 ms (213.923 GFLOPS)
        · teir_sa:contraction_abcdef_efgc_gdab laeuft [ 1231s] … [NEW BEST] Trial #7 | SF=2, Parallel=a -> Zeit: 20.6788 ms (213.923 GFLOPS)
        · teir_sa:contraction_abcdef_efgc_gdab laeuft [ 1261s] … [NEW BEST] Trial #7 | SF=2, Parallel=a -> Zeit: 20.6788 ms (213.923 GFLOPS)
        · teir_sa:contraction_abcdef_efgc_gdab laeuft [ 1291s] … [NEW BEST] Trial #7 | SF=2, Parallel=a -> Zeit: 20.6788 ms (213.923 GFLOPS)
        · teir_sa:contraction_abcdef_efgc_gdab laeuft [ 1321s] … [NEW BEST] Trial #7 | SF=2, Parallel=a -> Zeit: 20.6788 ms (213.923 GFLOPS)
        · teir_sa:contraction_abcdef_efgc_gdab laeuft [ 1351s] … [NEW BEST] Trial #7 | SF=2, Parallel=a -> Zeit: 20.6788 ms (213.923 GFLOPS)
        · teir_sa:contraction_abcdef_efgc_gdab laeuft [ 1381s] … [NEW BEST] Trial #7 | SF=2, Parallel=a -> Zeit: 20.6788 ms (213.923 GFLOPS)
        · teir_sa:contraction_abcdef_efgc_gdab laeuft [ 1411s] … [NEW BEST] Trial #7 | SF=2, Parallel=a -> Zeit: 20.6788 ms (213.923 GFLOPS)
        · teir_sa:contraction_abcdef_efgc_gdab laeuft [ 1441s] … [NEW BEST] Trial #7 | SF=2, Parallel=a -> Zeit: 20.6788 ms (213.923 GFLOPS)
        · teir_sa:contraction_abcdef_efgc_gdab laeuft [ 1471s] … [NEW BEST] Trial #7 | SF=2, Parallel=a -> Zeit: 20.6788 ms (213.923 GFLOPS)
        · teir_sa:contraction_abcdef_efgc_gdab laeuft [ 1501s] … [NEW BEST] Trial #7 | SF=2, Parallel=a -> Zeit: 20.6788 ms (213.923 GFLOPS)
        · teir_sa:contraction_abcdef_efgc_gdab laeuft [ 1531s] … [NEW BEST] Trial #7 | SF=2, Parallel=a -> Zeit: 20.6788 ms (213.923 GFLOPS)
        · teir_sa:contraction_abcdef_efgc_gdab laeuft [ 1561s] … [NEW BEST] Trial #7 | SF=2, Parallel=a -> Zeit: 20.6788 ms (213.923 GFLOPS)
        · teir_sa:contraction_abcdef_efgc_gdab laeuft [ 1591s] … [NEW BEST] Trial #7 | SF=2, Parallel=a -> Zeit: 20.6788 ms (213.923 GFLOPS)
        · teir_sa:contraction_abcdef_efgc_gdab laeuft [ 1621s] … [NEW BEST] Trial #7 | SF=2, Parallel=a -> Zeit: 20.6788 ms (213.923 GFLOPS)
        · teir_sa:contraction_abcdef_efgc_gdab laeuft [ 1651s] … [NEW BEST] Trial #7 | SF=2, Parallel=a -> Zeit: 20.6788 ms (213.923 GFLOPS)
        · teir_sa:contraction_abcdef_efgc_gdab laeuft [ 1681s] … [NEW BEST] Trial #7 | SF=2, Parallel=a -> Zeit: 20.6788 ms (213.923 GFLOPS)
        · teir_sa:contraction_abcdef_efgc_gdab laeuft [ 1711s] … [NEW BEST] Trial #7 | SF=2, Parallel=a -> Zeit: 20.6788 ms (213.923 GFLOPS)
        · teir_sa:contraction_abcdef_efgc_gdab laeuft [ 1741s] … [NEW BEST] Trial #7 | SF=2, Parallel=a -> Zeit: 20.6788 ms (213.923 GFLOPS)
        · teir_sa:contraction_abcdef_efgc_gdab laeuft [ 1771s] … [NEW BEST] Trial #7 | SF=2, Parallel=a -> Zeit: 20.6788 ms (213.923 GFLOPS)
        · teir_sa:contraction_abcdef_efgc_gdab laeuft [ 1801s] … [NEW BEST] Trial #7 | SF=2, Parallel=a -> Zeit: 20.6788 ms (213.923 GFLOPS)
  [teir_sa] 27/36 contraction_abcdef_efgc_gdab           213.9 GFLOPS [partial-timeout]   1801s  DONE @ 2026-08-01 23:18:08
  [teir_sa] 28/36 contraction_abcdef_gdab_efgc           ... START @ 2026-08-01 23:18:08
        · teir_sa:contraction_abcdef_gdab_efgc laeuft [   30s] … [NEW BEST] Trial #1 | SF=2, Parallel=a -> Zeit: 126.568 ms (34.9511 GFLOPS)
        · teir_sa:contraction_abcdef_gdab_efgc laeuft [   60s] … [NEW BEST] Trial #1 | SF=2, Parallel=a -> Zeit: 126.568 ms (34.9511 GFLOPS)
        · teir_sa:contraction_abcdef_gdab_efgc laeuft [   90s] … [NEW BEST] Trial #1 | SF=2, Parallel=a -> Zeit: 126.568 ms (34.9511 GFLOPS)
        · teir_sa:contraction_abcdef_gdab_efgc laeuft [  120s] … [NEW BEST] Trial #1 | SF=2, Parallel=a -> Zeit: 126.568 ms (34.9511 GFLOPS)
        · teir_sa:contraction_abcdef_gdab_efgc laeuft [  150s] … [NEW BEST] Trial #1 | SF=2, Parallel=a -> Zeit: 126.568 ms (34.9511 GFLOPS)
        · teir_sa:contraction_abcdef_gdab_efgc laeuft [  180s] … [NEW BEST] Trial #1 | SF=2, Parallel=a -> Zeit: 126.568 ms (34.9511 GFLOPS)
        · teir_sa:contraction_abcdef_gdab_efgc laeuft [  210s] … [NEW BEST] Trial #1 | SF=2, Parallel=a -> Zeit: 126.568 ms (34.9511 GFLOPS)
        · teir_sa:contraction_abcdef_gdab_efgc laeuft [  240s] … [NEW BEST] Trial #1 | SF=2, Parallel=a -> Zeit: 126.568 ms (34.9511 GFLOPS)
        · teir_sa:contraction_abcdef_gdab_efgc laeuft [  270s] … [NEW BEST] Trial #1 | SF=2, Parallel=a -> Zeit: 126.568 ms (34.9511 GFLOPS)
        · teir_sa:contraction_abcdef_gdab_efgc laeuft [  300s] … [NEW BEST] Trial #1 | SF=2, Parallel=a -> Zeit: 126.568 ms (34.9511 GFLOPS)
        · teir_sa:contraction_abcdef_gdab_efgc laeuft [  330s] … [NEW BEST] Trial #1 | SF=2, Parallel=a -> Zeit: 126.568 ms (34.9511 GFLOPS)
        · teir_sa:contraction_abcdef_gdab_efgc laeuft [  360s] … [NEW BEST] Trial #1 | SF=2, Parallel=a -> Zeit: 126.568 ms (34.9511 GFLOPS)
        · teir_sa:contraction_abcdef_gdab_efgc laeuft [  390s] … [NEW BEST] Trial #1 | SF=2, Parallel=a -> Zeit: 126.568 ms (34.9511 GFLOPS)
        · teir_sa:contraction_abcdef_gdab_efgc laeuft [  420s] … [NEW BEST] Trial #1 | SF=2, Parallel=a -> Zeit: 126.568 ms (34.9511 GFLOPS)
        · teir_sa:contraction_abcdef_gdab_efgc laeuft [  450s] … [NEW BEST] Trial #5 | SF=4, Parallel=a -> Zeit: 119.378 ms (37.056 GFLOPS)
        · teir_sa:contraction_abcdef_gdab_efgc laeuft [  480s] … [NEW BEST] Trial #5 | SF=4, Parallel=a -> Zeit: 119.378 ms (37.056 GFLOPS)
        · teir_sa:contraction_abcdef_gdab_efgc laeuft [  510s] … [NEW BEST] Trial #5 | SF=4, Parallel=a -> Zeit: 119.378 ms (37.056 GFLOPS)
        · teir_sa:contraction_abcdef_gdab_efgc laeuft [  541s] … [NEW BEST] Trial #5 | SF=4, Parallel=a -> Zeit: 119.378 ms (37.056 GFLOPS)
        · teir_sa:contraction_abcdef_gdab_efgc laeuft [  571s] … [NEW BEST] Trial #5 | SF=4, Parallel=a -> Zeit: 119.378 ms (37.056 GFLOPS)
        · teir_sa:contraction_abcdef_gdab_efgc laeuft [  601s] … [NEW BEST] Trial #5 | SF=4, Parallel=a -> Zeit: 119.378 ms (37.056 GFLOPS)
        · teir_sa:contraction_abcdef_gdab_efgc laeuft [  631s] … [NEW BEST] Trial #5 | SF=4, Parallel=a -> Zeit: 119.378 ms (37.056 GFLOPS)
        · teir_sa:contraction_abcdef_gdab_efgc laeuft [  661s] … [NEW BEST] Trial #5 | SF=4, Parallel=a -> Zeit: 119.378 ms (37.056 GFLOPS)
        · teir_sa:contraction_abcdef_gdab_efgc laeuft [  691s] … [NEW BEST] Trial #5 | SF=4, Parallel=a -> Zeit: 119.378 ms (37.056 GFLOPS)
        · teir_sa:contraction_abcdef_gdab_efgc laeuft [  721s] … [NEW BEST] Trial #5 | SF=4, Parallel=a -> Zeit: 119.378 ms (37.056 GFLOPS)
        · teir_sa:contraction_abcdef_gdab_efgc laeuft [  751s] … [NEW BEST] Trial #5 | SF=4, Parallel=a -> Zeit: 119.378 ms (37.056 GFLOPS)
        · teir_sa:contraction_abcdef_gdab_efgc laeuft [  781s] … [NEW BEST] Trial #5 | SF=4, Parallel=a -> Zeit: 119.378 ms (37.056 GFLOPS)
        · teir_sa:contraction_abcdef_gdab_efgc laeuft [  811s] … [NEW BEST] Trial #5 | SF=4, Parallel=a -> Zeit: 119.378 ms (37.056 GFLOPS)
        · teir_sa:contraction_abcdef_gdab_efgc laeuft [  841s] … [NEW BEST] Trial #5 | SF=4, Parallel=a -> Zeit: 119.378 ms (37.056 GFLOPS)
        · teir_sa:contraction_abcdef_gdab_efgc laeuft [  871s] … [NEW BEST] Trial #5 | SF=4, Parallel=a -> Zeit: 119.378 ms (37.056 GFLOPS)
        · teir_sa:contraction_abcdef_gdab_efgc laeuft [  901s] … [NEW BEST] Trial #5 | SF=4, Parallel=a -> Zeit: 119.378 ms (37.056 GFLOPS)
        · teir_sa:contraction_abcdef_gdab_efgc laeuft [  931s] … [NEW BEST] Trial #5 | SF=4, Parallel=a -> Zeit: 119.378 ms (37.056 GFLOPS)
        · teir_sa:contraction_abcdef_gdab_efgc laeuft [  961s] … [NEW BEST] Trial #5 | SF=4, Parallel=a -> Zeit: 119.378 ms (37.056 GFLOPS)
        · teir_sa:contraction_abcdef_gdab_efgc laeuft [  991s] … [NEW BEST] Trial #5 | SF=4, Parallel=a -> Zeit: 119.378 ms (37.056 GFLOPS)
        · teir_sa:contraction_abcdef_gdab_efgc laeuft [ 1021s] … [NEW BEST] Trial #5 | SF=4, Parallel=a -> Zeit: 119.378 ms (37.056 GFLOPS)
        · teir_sa:contraction_abcdef_gdab_efgc laeuft [ 1051s] … [NEW BEST] Trial #5 | SF=4, Parallel=a -> Zeit: 119.378 ms (37.056 GFLOPS)
        · teir_sa:contraction_abcdef_gdab_efgc laeuft [ 1081s] … [NEW BEST] Trial #5 | SF=4, Parallel=a -> Zeit: 119.378 ms (37.056 GFLOPS)
        · teir_sa:contraction_abcdef_gdab_efgc laeuft [ 1111s] … [NEW BEST] Trial #5 | SF=4, Parallel=a -> Zeit: 119.378 ms (37.056 GFLOPS)
        · teir_sa:contraction_abcdef_gdab_efgc laeuft [ 1141s] … [NEW BEST] Trial #5 | SF=4, Parallel=a -> Zeit: 119.378 ms (37.056 GFLOPS)
        · teir_sa:contraction_abcdef_gdab_efgc laeuft [ 1171s] … [NEW BEST] Trial #5 | SF=4, Parallel=a -> Zeit: 119.378 ms (37.056 GFLOPS)
        · teir_sa:contraction_abcdef_gdab_efgc laeuft [ 1201s] … [NEW BEST] Trial #5 | SF=4, Parallel=a -> Zeit: 119.378 ms (37.056 GFLOPS)
        · teir_sa:contraction_abcdef_gdab_efgc laeuft [ 1231s] … [NEW BEST] Trial #5 | SF=4, Parallel=a -> Zeit: 119.378 ms (37.056 GFLOPS)
        · teir_sa:contraction_abcdef_gdab_efgc laeuft [ 1261s] … [NEW BEST] Trial #5 | SF=4, Parallel=a -> Zeit: 119.378 ms (37.056 GFLOPS)
        · teir_sa:contraction_abcdef_gdab_efgc laeuft [ 1291s] … [NEW BEST] Trial #5 | SF=4, Parallel=a -> Zeit: 119.378 ms (37.056 GFLOPS)
        · teir_sa:contraction_abcdef_gdab_efgc laeuft [ 1321s] … [NEW BEST] Trial #5 | SF=4, Parallel=a -> Zeit: 119.378 ms (37.056 GFLOPS)
        · teir_sa:contraction_abcdef_gdab_efgc laeuft [ 1351s] … [NEW BEST] Trial #5 | SF=4, Parallel=a -> Zeit: 119.378 ms (37.056 GFLOPS)
        · teir_sa:contraction_abcdef_gdab_efgc laeuft [ 1381s] … [NEW BEST] Trial #5 | SF=4, Parallel=a -> Zeit: 119.378 ms (37.056 GFLOPS)
        · teir_sa:contraction_abcdef_gdab_efgc laeuft [ 1411s] … [NEW BEST] Trial #5 | SF=4, Parallel=a -> Zeit: 119.378 ms (37.056 GFLOPS)
        · teir_sa:contraction_abcdef_gdab_efgc laeuft [ 1441s] … [NEW BEST] Trial #5 | SF=4, Parallel=a -> Zeit: 119.378 ms (37.056 GFLOPS)
        · teir_sa:contraction_abcdef_gdab_efgc laeuft [ 1471s] … [NEW BEST] Trial #5 | SF=4, Parallel=a -> Zeit: 119.378 ms (37.056 GFLOPS)
        · teir_sa:contraction_abcdef_gdab_efgc laeuft [ 1501s] … [NEW BEST] Trial #5 | SF=4, Parallel=a -> Zeit: 119.378 ms (37.056 GFLOPS)
        · teir_sa:contraction_abcdef_gdab_efgc laeuft [ 1531s] … [NEW BEST] Trial #5 | SF=4, Parallel=a -> Zeit: 119.378 ms (37.056 GFLOPS)
        · teir_sa:contraction_abcdef_gdab_efgc laeuft [ 1561s] … [NEW BEST] Trial #5 | SF=4, Parallel=a -> Zeit: 119.378 ms (37.056 GFLOPS)
        · teir_sa:contraction_abcdef_gdab_efgc laeuft [ 1591s] … [NEW BEST] Trial #5 | SF=4, Parallel=a -> Zeit: 119.378 ms (37.056 GFLOPS)
        · teir_sa:contraction_abcdef_gdab_efgc laeuft [ 1622s] … [NEW BEST] Trial #5 | SF=4, Parallel=a -> Zeit: 119.378 ms (37.056 GFLOPS)
        · teir_sa:contraction_abcdef_gdab_efgc laeuft [ 1652s] … [NEW BEST] Trial #5 | SF=4, Parallel=a -> Zeit: 119.378 ms (37.056 GFLOPS)
        · teir_sa:contraction_abcdef_gdab_efgc laeuft [ 1682s] … [NEW BEST] Trial #5 | SF=4, Parallel=a -> Zeit: 119.378 ms (37.056 GFLOPS)
        · teir_sa:contraction_abcdef_gdab_efgc laeuft [ 1712s] … [NEW BEST] Trial #5 | SF=4, Parallel=a -> Zeit: 119.378 ms (37.056 GFLOPS)
        · teir_sa:contraction_abcdef_gdab_efgc laeuft [ 1742s] … [NEW BEST] Trial #5 | SF=4, Parallel=a -> Zeit: 119.378 ms (37.056 GFLOPS)
        · teir_sa:contraction_abcdef_gdab_efgc laeuft [ 1770s] … [NEW BEST] Trial #5 | SF=4, Parallel=a -> Zeit: 119.378 ms (37.056 GFLOPS)
        · teir_sa:contraction_abcdef_gdab_efgc laeuft [ 1800s] … [NEW BEST] Trial #5 | SF=4, Parallel=a -> Zeit: 119.378 ms (37.056 GFLOPS)
  [teir_sa] 28/36 contraction_abcdef_gdab_efgc           37.1 GFLOPS [partial-timeout]   1800s  DONE @ 2026-08-01 23:48:08
  [teir_sa] 29/36 contraction_abcdef_gdac_efgb           ... START @ 2026-08-01 23:48:08
        · teir_sa:contraction_abcdef_gdac_efgb laeuft [   30s] … [NEW BEST] Trial #1 | SF=2, Parallel=a -> Zeit: 118.258 ms (37.4071 GFLOPS)
        · teir_sa:contraction_abcdef_gdac_efgb laeuft [   60s] … [NEW BEST] Trial #1 | SF=2, Parallel=a -> Zeit: 118.258 ms (37.4071 GFLOPS)
        · teir_sa:contraction_abcdef_gdac_efgb laeuft [   90s] … [NEW BEST] Trial #1 | SF=2, Parallel=a -> Zeit: 118.258 ms (37.4071 GFLOPS)
        · teir_sa:contraction_abcdef_gdac_efgb laeuft [  121s] … [NEW BEST] Trial #1 | SF=2, Parallel=a -> Zeit: 118.258 ms (37.4071 GFLOPS)
        · teir_sa:contraction_abcdef_gdac_efgb laeuft [  151s] … [NEW BEST] Trial #1 | SF=2, Parallel=a -> Zeit: 118.258 ms (37.4071 GFLOPS)
        · teir_sa:contraction_abcdef_gdac_efgb laeuft [  181s] … [NEW BEST] Trial #1 | SF=2, Parallel=a -> Zeit: 118.258 ms (37.4071 GFLOPS)
        · teir_sa:contraction_abcdef_gdac_efgb laeuft [  211s] … [NEW BEST] Trial #1 | SF=2, Parallel=a -> Zeit: 118.258 ms (37.4071 GFLOPS)
        · teir_sa:contraction_abcdef_gdac_efgb laeuft [  241s] … [NEW BEST] Trial #1 | SF=2, Parallel=a -> Zeit: 118.258 ms (37.4071 GFLOPS)
        · teir_sa:contraction_abcdef_gdac_efgb laeuft [  271s] … [NEW BEST] Trial #1 | SF=2, Parallel=a -> Zeit: 118.258 ms (37.4071 GFLOPS)
        · teir_sa:contraction_abcdef_gdac_efgb laeuft [  301s] … [NEW BEST] Trial #1 | SF=2, Parallel=a -> Zeit: 118.258 ms (37.4071 GFLOPS)
        · teir_sa:contraction_abcdef_gdac_efgb laeuft [  331s] … [NEW BEST] Trial #1 | SF=2, Parallel=a -> Zeit: 118.258 ms (37.4071 GFLOPS)
        · teir_sa:contraction_abcdef_gdac_efgb laeuft [  361s] … [NEW BEST] Trial #1 | SF=2, Parallel=a -> Zeit: 118.258 ms (37.4071 GFLOPS)
        · teir_sa:contraction_abcdef_gdac_efgb laeuft [  391s] … [NEW BEST] Trial #1 | SF=2, Parallel=a -> Zeit: 118.258 ms (37.4071 GFLOPS)
        · teir_sa:contraction_abcdef_gdac_efgb laeuft [  421s] … [NEW BEST] Trial #4 | SF=4, Parallel=a -> Zeit: 63.6541 ms (69.4956 GFLOPS)
        · teir_sa:contraction_abcdef_gdac_efgb laeuft [  451s] … [NEW BEST] Trial #4 | SF=4, Parallel=a -> Zeit: 63.6541 ms (69.4956 GFLOPS)
        · teir_sa:contraction_abcdef_gdac_efgb laeuft [  481s] … [NEW BEST] Trial #4 | SF=4, Parallel=a -> Zeit: 63.6541 ms (69.4956 GFLOPS)
        · teir_sa:contraction_abcdef_gdac_efgb laeuft [  511s] … [NEW BEST] Trial #4 | SF=4, Parallel=a -> Zeit: 63.6541 ms (69.4956 GFLOPS)
        · teir_sa:contraction_abcdef_gdac_efgb laeuft [  541s] … [NEW BEST] Trial #4 | SF=4, Parallel=a -> Zeit: 63.6541 ms (69.4956 GFLOPS)
        · teir_sa:contraction_abcdef_gdac_efgb laeuft [  571s] … [NEW BEST] Trial #4 | SF=4, Parallel=a -> Zeit: 63.6541 ms (69.4956 GFLOPS)
        · teir_sa:contraction_abcdef_gdac_efgb laeuft [  601s] … [NEW BEST] Trial #4 | SF=4, Parallel=a -> Zeit: 63.6541 ms (69.4956 GFLOPS)
        · teir_sa:contraction_abcdef_gdac_efgb laeuft [  631s] … [NEW BEST] Trial #4 | SF=4, Parallel=a -> Zeit: 63.6541 ms (69.4956 GFLOPS)
        · teir_sa:contraction_abcdef_gdac_efgb laeuft [  662s] … [NEW BEST] Trial #4 | SF=4, Parallel=a -> Zeit: 63.6541 ms (69.4956 GFLOPS)
        · teir_sa:contraction_abcdef_gdac_efgb laeuft [  692s] … [NEW BEST] Trial #4 | SF=4, Parallel=a -> Zeit: 63.6541 ms (69.4956 GFLOPS)
        · teir_sa:contraction_abcdef_gdac_efgb laeuft [  722s] … [NEW BEST] Trial #4 | SF=4, Parallel=a -> Zeit: 63.6541 ms (69.4956 GFLOPS)
        · teir_sa:contraction_abcdef_gdac_efgb laeuft [  752s] … [NEW BEST] Trial #4 | SF=4, Parallel=a -> Zeit: 63.6541 ms (69.4956 GFLOPS)
        · teir_sa:contraction_abcdef_gdac_efgb laeuft [  782s] … [NEW BEST] Trial #4 | SF=4, Parallel=a -> Zeit: 63.6541 ms (69.4956 GFLOPS)
        · teir_sa:contraction_abcdef_gdac_efgb laeuft [  811s] … [NEW BEST] Trial #4 | SF=4, Parallel=a -> Zeit: 63.6541 ms (69.4956 GFLOPS)
        · teir_sa:contraction_abcdef_gdac_efgb laeuft [  841s] … [NEW BEST] Trial #4 | SF=4, Parallel=a -> Zeit: 63.6541 ms (69.4956 GFLOPS)
        · teir_sa:contraction_abcdef_gdac_efgb laeuft [  871s] … [NEW BEST] Trial #4 | SF=4, Parallel=a -> Zeit: 63.6541 ms (69.4956 GFLOPS)
        · teir_sa:contraction_abcdef_gdac_efgb laeuft [  901s] … [NEW BEST] Trial #4 | SF=4, Parallel=a -> Zeit: 63.6541 ms (69.4956 GFLOPS)
        · teir_sa:contraction_abcdef_gdac_efgb laeuft [  931s] … [NEW BEST] Trial #4 | SF=4, Parallel=a -> Zeit: 63.6541 ms (69.4956 GFLOPS)
        · teir_sa:contraction_abcdef_gdac_efgb laeuft [  961s] … [NEW BEST] Trial #4 | SF=4, Parallel=a -> Zeit: 63.6541 ms (69.4956 GFLOPS)
        · teir_sa:contraction_abcdef_gdac_efgb laeuft [  991s] … [NEW BEST] Trial #4 | SF=4, Parallel=a -> Zeit: 63.6541 ms (69.4956 GFLOPS)
        · teir_sa:contraction_abcdef_gdac_efgb laeuft [ 1021s] … [NEW BEST] Trial #4 | SF=4, Parallel=a -> Zeit: 63.6541 ms (69.4956 GFLOPS)
        · teir_sa:contraction_abcdef_gdac_efgb laeuft [ 1051s] … [NEW BEST] Trial #4 | SF=4, Parallel=a -> Zeit: 63.6541 ms (69.4956 GFLOPS)
        · teir_sa:contraction_abcdef_gdac_efgb laeuft [ 1081s] … [NEW BEST] Trial #4 | SF=4, Parallel=a -> Zeit: 63.6541 ms (69.4956 GFLOPS)
        · teir_sa:contraction_abcdef_gdac_efgb laeuft [ 1111s] … [NEW BEST] Trial #4 | SF=4, Parallel=a -> Zeit: 63.6541 ms (69.4956 GFLOPS)
        · teir_sa:contraction_abcdef_gdac_efgb laeuft [ 1141s] … [NEW BEST] Trial #4 | SF=4, Parallel=a -> Zeit: 63.6541 ms (69.4956 GFLOPS)
        · teir_sa:contraction_abcdef_gdac_efgb laeuft [ 1171s] … [NEW BEST] Trial #4 | SF=4, Parallel=a -> Zeit: 63.6541 ms (69.4956 GFLOPS)
        · teir_sa:contraction_abcdef_gdac_efgb laeuft [ 1202s] … [NEW BEST] Trial #4 | SF=4, Parallel=a -> Zeit: 63.6541 ms (69.4956 GFLOPS)
        · teir_sa:contraction_abcdef_gdac_efgb laeuft [ 1232s] … [NEW BEST] Trial #4 | SF=4, Parallel=a -> Zeit: 63.6541 ms (69.4956 GFLOPS)
        · teir_sa:contraction_abcdef_gdac_efgb laeuft [ 1262s] … [NEW BEST] Trial #4 | SF=4, Parallel=a -> Zeit: 63.6541 ms (69.4956 GFLOPS)
        · teir_sa:contraction_abcdef_gdac_efgb laeuft [ 1292s] … [NEW BEST] Trial #4 | SF=4, Parallel=a -> Zeit: 63.6541 ms (69.4956 GFLOPS)
        · teir_sa:contraction_abcdef_gdac_efgb laeuft [ 1320s] … [NEW BEST] Trial #4 | SF=4, Parallel=a -> Zeit: 63.6541 ms (69.4956 GFLOPS)
        · teir_sa:contraction_abcdef_gdac_efgb laeuft [ 1350s] … [NEW BEST] Trial #4 | SF=4, Parallel=a -> Zeit: 63.6541 ms (69.4956 GFLOPS)
        · teir_sa:contraction_abcdef_gdac_efgb laeuft [ 1380s] … [NEW BEST] Trial #4 | SF=4, Parallel=a -> Zeit: 63.6541 ms (69.4956 GFLOPS)
        · teir_sa:contraction_abcdef_gdac_efgb laeuft [ 1410s] … [NEW BEST] Trial #4 | SF=4, Parallel=a -> Zeit: 63.6541 ms (69.4956 GFLOPS)
        · teir_sa:contraction_abcdef_gdac_efgb laeuft [ 1441s] … [NEW BEST] Trial #4 | SF=4, Parallel=a -> Zeit: 63.6541 ms (69.4956 GFLOPS)
        · teir_sa:contraction_abcdef_gdac_efgb laeuft [ 1471s] … [NEW BEST] Trial #4 | SF=4, Parallel=a -> Zeit: 63.6541 ms (69.4956 GFLOPS)
        · teir_sa:contraction_abcdef_gdac_efgb laeuft [ 1501s] … [NEW BEST] Trial #4 | SF=4, Parallel=a -> Zeit: 63.6541 ms (69.4956 GFLOPS)
        · teir_sa:contraction_abcdef_gdac_efgb laeuft [ 1531s] … [NEW BEST] Trial #4 | SF=4, Parallel=a -> Zeit: 63.6541 ms (69.4956 GFLOPS)
        · teir_sa:contraction_abcdef_gdac_efgb laeuft [ 1561s] … [NEW BEST] Trial #4 | SF=4, Parallel=a -> Zeit: 63.6541 ms (69.4956 GFLOPS)
        · teir_sa:contraction_abcdef_gdac_efgb laeuft [ 1591s] … [NEW BEST] Trial #4 | SF=4, Parallel=a -> Zeit: 63.6541 ms (69.4956 GFLOPS)
        · teir_sa:contraction_abcdef_gdac_efgb laeuft [ 1621s] … [NEW BEST] Trial #4 | SF=4, Parallel=a -> Zeit: 63.6541 ms (69.4956 GFLOPS)
        · teir_sa:contraction_abcdef_gdac_efgb laeuft [ 1652s] … [NEW BEST] Trial #4 | SF=4, Parallel=a -> Zeit: 63.6541 ms (69.4956 GFLOPS)
        · teir_sa:contraction_abcdef_gdac_efgb laeuft [ 1682s] … [NEW BEST] Trial #4 | SF=4, Parallel=a -> Zeit: 63.6541 ms (69.4956 GFLOPS)
        · teir_sa:contraction_abcdef_gdac_efgb laeuft [ 1712s] … [NEW BEST] Trial #4 | SF=4, Parallel=a -> Zeit: 63.6541 ms (69.4956 GFLOPS)
        · teir_sa:contraction_abcdef_gdac_efgb laeuft [ 1742s] … [NEW BEST] Trial #4 | SF=4, Parallel=a -> Zeit: 63.6541 ms (69.4956 GFLOPS)
        · teir_sa:contraction_abcdef_gdac_efgb laeuft [ 1770s] … [NEW BEST] Trial #4 | SF=4, Parallel=a -> Zeit: 63.6541 ms (69.4956 GFLOPS)
        · teir_sa:contraction_abcdef_gdac_efgb laeuft [ 1800s] … [NEW BEST] Trial #4 | SF=4, Parallel=a -> Zeit: 63.6541 ms (69.4956 GFLOPS)
  [teir_sa] 29/36 contraction_abcdef_gdac_efgb           69.5 GFLOPS [partial-timeout]   1800s  DONE @ 2026-08-02 00:18:08
  [teir_sa] 30/36 contraction_abcdef_gdbc_efga           ... START @ 2026-08-02 00:18:08
        · teir_sa:contraction_abcdef_gdbc_efga laeuft [   30s] … [NEW BEST] Trial #1 | SF=2, Parallel=a -> Zeit: 127.43 ms (34.7145 GFLOPS)
        · teir_sa:contraction_abcdef_gdbc_efga laeuft [   60s] … [NEW BEST] Trial #1 | SF=2, Parallel=a -> Zeit: 127.43 ms (34.7145 GFLOPS)
        · teir_sa:contraction_abcdef_gdbc_efga laeuft [   90s] … [NEW BEST] Trial #1 | SF=2, Parallel=a -> Zeit: 127.43 ms (34.7145 GFLOPS)
        · teir_sa:contraction_abcdef_gdbc_efga laeuft [  121s] … [NEW BEST] Trial #1 | SF=2, Parallel=a -> Zeit: 127.43 ms (34.7145 GFLOPS)
        · teir_sa:contraction_abcdef_gdbc_efga laeuft [  151s] … [NEW BEST] Trial #1 | SF=2, Parallel=a -> Zeit: 127.43 ms (34.7145 GFLOPS)
        · teir_sa:contraction_abcdef_gdbc_efga laeuft [  181s] … [NEW BEST] Trial #1 | SF=2, Parallel=a -> Zeit: 127.43 ms (34.7145 GFLOPS)
        · teir_sa:contraction_abcdef_gdbc_efga laeuft [  211s] … [NEW BEST] Trial #1 | SF=2, Parallel=a -> Zeit: 127.43 ms (34.7145 GFLOPS)
        · teir_sa:contraction_abcdef_gdbc_efga laeuft [  241s] … [NEW BEST] Trial #1 | SF=2, Parallel=a -> Zeit: 127.43 ms (34.7145 GFLOPS)
        · teir_sa:contraction_abcdef_gdbc_efga laeuft [  271s] … [NEW BEST] Trial #1 | SF=2, Parallel=a -> Zeit: 127.43 ms (34.7145 GFLOPS)
        · teir_sa:contraction_abcdef_gdbc_efga laeuft [  301s] … [NEW BEST] Trial #1 | SF=2, Parallel=a -> Zeit: 127.43 ms (34.7145 GFLOPS)
        · teir_sa:contraction_abcdef_gdbc_efga laeuft [  331s] … [NEW BEST] Trial #1 | SF=2, Parallel=a -> Zeit: 127.43 ms (34.7145 GFLOPS)
        · teir_sa:contraction_abcdef_gdbc_efga laeuft [  361s] … [NEW BEST] Trial #1 | SF=2, Parallel=a -> Zeit: 127.43 ms (34.7145 GFLOPS)
        · teir_sa:contraction_abcdef_gdbc_efga laeuft [  391s] … [NEW BEST] Trial #1 | SF=2, Parallel=a -> Zeit: 127.43 ms (34.7145 GFLOPS)
        · teir_sa:contraction_abcdef_gdbc_efga laeuft [  422s] … [NEW BEST] Trial #1 | SF=2, Parallel=a -> Zeit: 127.43 ms (34.7145 GFLOPS)
        · teir_sa:contraction_abcdef_gdbc_efga laeuft [  452s] … [NEW BEST] Trial #4 | SF=4, Parallel=a -> Zeit: 69.2677 ms (63.8635 GFLOPS)
        · teir_sa:contraction_abcdef_gdbc_efga laeuft [  482s] … [NEW BEST] Trial #4 | SF=4, Parallel=a -> Zeit: 69.2677 ms (63.8635 GFLOPS)
        · teir_sa:contraction_abcdef_gdbc_efga laeuft [  512s] … [NEW BEST] Trial #4 | SF=4, Parallel=a -> Zeit: 69.2677 ms (63.8635 GFLOPS)
        · teir_sa:contraction_abcdef_gdbc_efga laeuft [  542s] … [NEW BEST] Trial #4 | SF=4, Parallel=a -> Zeit: 69.2677 ms (63.8635 GFLOPS)
        · teir_sa:contraction_abcdef_gdbc_efga laeuft [  572s] … [NEW BEST] Trial #4 | SF=4, Parallel=a -> Zeit: 69.2677 ms (63.8635 GFLOPS)
        · teir_sa:contraction_abcdef_gdbc_efga laeuft [  602s] … [NEW BEST] Trial #4 | SF=4, Parallel=a -> Zeit: 69.2677 ms (63.8635 GFLOPS)
        · teir_sa:contraction_abcdef_gdbc_efga laeuft [  630s] … [NEW BEST] Trial #4 | SF=4, Parallel=a -> Zeit: 69.2677 ms (63.8635 GFLOPS)
        · teir_sa:contraction_abcdef_gdbc_efga laeuft [  660s] … [NEW BEST] Trial #4 | SF=4, Parallel=a -> Zeit: 69.2677 ms (63.8635 GFLOPS)
        · teir_sa:contraction_abcdef_gdbc_efga laeuft [  690s] … [NEW BEST] Trial #4 | SF=4, Parallel=a -> Zeit: 69.2677 ms (63.8635 GFLOPS)
        · teir_sa:contraction_abcdef_gdbc_efga laeuft [  720s] … [NEW BEST] Trial #4 | SF=4, Parallel=a -> Zeit: 69.2677 ms (63.8635 GFLOPS)
        · teir_sa:contraction_abcdef_gdbc_efga laeuft [  750s] … [NEW BEST] Trial #4 | SF=4, Parallel=a -> Zeit: 69.2677 ms (63.8635 GFLOPS)
        · teir_sa:contraction_abcdef_gdbc_efga laeuft [  780s] … [NEW BEST] Trial #4 | SF=4, Parallel=a -> Zeit: 69.2677 ms (63.8635 GFLOPS)
        · teir_sa:contraction_abcdef_gdbc_efga laeuft [  810s] … [NEW BEST] Trial #4 | SF=4, Parallel=a -> Zeit: 69.2677 ms (63.8635 GFLOPS)
        · teir_sa:contraction_abcdef_gdbc_efga laeuft [  841s] … [NEW BEST] Trial #4 | SF=4, Parallel=a -> Zeit: 69.2677 ms (63.8635 GFLOPS)
        · teir_sa:contraction_abcdef_gdbc_efga laeuft [  871s] … [NEW BEST] Trial #4 | SF=4, Parallel=a -> Zeit: 69.2677 ms (63.8635 GFLOPS)
        · teir_sa:contraction_abcdef_gdbc_efga laeuft [  901s] … [NEW BEST] Trial #4 | SF=4, Parallel=a -> Zeit: 69.2677 ms (63.8635 GFLOPS)
        · teir_sa:contraction_abcdef_gdbc_efga laeuft [  931s] … [NEW BEST] Trial #4 | SF=4, Parallel=a -> Zeit: 69.2677 ms (63.8635 GFLOPS)
        · teir_sa:contraction_abcdef_gdbc_efga laeuft [  961s] … [NEW BEST] Trial #4 | SF=4, Parallel=a -> Zeit: 69.2677 ms (63.8635 GFLOPS)
        · teir_sa:contraction_abcdef_gdbc_efga laeuft [  991s] … [NEW BEST] Trial #4 | SF=4, Parallel=a -> Zeit: 69.2677 ms (63.8635 GFLOPS)
        · teir_sa:contraction_abcdef_gdbc_efga laeuft [ 1021s] … [NEW BEST] Trial #4 | SF=4, Parallel=a -> Zeit: 69.2677 ms (63.8635 GFLOPS)
        · teir_sa:contraction_abcdef_gdbc_efga laeuft [ 1051s] … [NEW BEST] Trial #4 | SF=4, Parallel=a -> Zeit: 69.2677 ms (63.8635 GFLOPS)
        · teir_sa:contraction_abcdef_gdbc_efga laeuft [ 1081s] … [NEW BEST] Trial #4 | SF=4, Parallel=a -> Zeit: 69.2677 ms (63.8635 GFLOPS)
        · teir_sa:contraction_abcdef_gdbc_efga laeuft [ 1111s] … [NEW BEST] Trial #4 | SF=4, Parallel=a -> Zeit: 69.2677 ms (63.8635 GFLOPS)
        · teir_sa:contraction_abcdef_gdbc_efga laeuft [ 1141s] … [NEW BEST] Trial #4 | SF=4, Parallel=a -> Zeit: 69.2677 ms (63.8635 GFLOPS)
        · teir_sa:contraction_abcdef_gdbc_efga laeuft [ 1171s] … [NEW BEST] Trial #4 | SF=4, Parallel=a -> Zeit: 69.2677 ms (63.8635 GFLOPS)
        · teir_sa:contraction_abcdef_gdbc_efga laeuft [ 1201s] … [NEW BEST] Trial #4 | SF=4, Parallel=a -> Zeit: 69.2677 ms (63.8635 GFLOPS)
        · teir_sa:contraction_abcdef_gdbc_efga laeuft [ 1231s] … [NEW BEST] Trial #4 | SF=4, Parallel=a -> Zeit: 69.2677 ms (63.8635 GFLOPS)
        · teir_sa:contraction_abcdef_gdbc_efga laeuft [ 1261s] … [NEW BEST] Trial #4 | SF=4, Parallel=a -> Zeit: 69.2677 ms (63.8635 GFLOPS)
        · teir_sa:contraction_abcdef_gdbc_efga laeuft [ 1291s] … [NEW BEST] Trial #4 | SF=4, Parallel=a -> Zeit: 69.2677 ms (63.8635 GFLOPS)
        · teir_sa:contraction_abcdef_gdbc_efga laeuft [ 1321s] … [NEW BEST] Trial #4 | SF=4, Parallel=a -> Zeit: 69.2677 ms (63.8635 GFLOPS)
        · teir_sa:contraction_abcdef_gdbc_efga laeuft [ 1351s] … [NEW BEST] Trial #4 | SF=4, Parallel=a -> Zeit: 69.2677 ms (63.8635 GFLOPS)
        · teir_sa:contraction_abcdef_gdbc_efga laeuft [ 1381s] … [NEW BEST] Trial #4 | SF=4, Parallel=a -> Zeit: 69.2677 ms (63.8635 GFLOPS)
        · teir_sa:contraction_abcdef_gdbc_efga laeuft [ 1411s] … [NEW BEST] Trial #4 | SF=4, Parallel=a -> Zeit: 69.2677 ms (63.8635 GFLOPS)
        · teir_sa:contraction_abcdef_gdbc_efga laeuft [ 1441s] … [NEW BEST] Trial #4 | SF=4, Parallel=a -> Zeit: 69.2677 ms (63.8635 GFLOPS)
        · teir_sa:contraction_abcdef_gdbc_efga laeuft [ 1471s] … [NEW BEST] Trial #4 | SF=4, Parallel=a -> Zeit: 69.2677 ms (63.8635 GFLOPS)
        · teir_sa:contraction_abcdef_gdbc_efga laeuft [ 1502s] … [NEW BEST] Trial #4 | SF=4, Parallel=a -> Zeit: 69.2677 ms (63.8635 GFLOPS)
        · teir_sa:contraction_abcdef_gdbc_efga laeuft [ 1532s] … [NEW BEST] Trial #4 | SF=4, Parallel=a -> Zeit: 69.2677 ms (63.8635 GFLOPS)
        · teir_sa:contraction_abcdef_gdbc_efga laeuft [ 1562s] … [NEW BEST] Trial #4 | SF=4, Parallel=a -> Zeit: 69.2677 ms (63.8635 GFLOPS)
        · teir_sa:contraction_abcdef_gdbc_efga laeuft [ 1592s] … [NEW BEST] Trial #4 | SF=4, Parallel=a -> Zeit: 69.2677 ms (63.8635 GFLOPS)
        · teir_sa:contraction_abcdef_gdbc_efga laeuft [ 1622s] … [NEW BEST] Trial #4 | SF=4, Parallel=a -> Zeit: 69.2677 ms (63.8635 GFLOPS)
        · teir_sa:contraction_abcdef_gdbc_efga laeuft [ 1652s] … [NEW BEST] Trial #4 | SF=4, Parallel=a -> Zeit: 69.2677 ms (63.8635 GFLOPS)
        · teir_sa:contraction_abcdef_gdbc_efga laeuft [ 1682s] … [NEW BEST] Trial #4 | SF=4, Parallel=a -> Zeit: 69.2677 ms (63.8635 GFLOPS)
        · teir_sa:contraction_abcdef_gdbc_efga laeuft [ 1710s] … [NEW BEST] Trial #4 | SF=4, Parallel=a -> Zeit: 69.2677 ms (63.8635 GFLOPS)
        · teir_sa:contraction_abcdef_gdbc_efga laeuft [ 1740s] … [NEW BEST] Trial #4 | SF=4, Parallel=a -> Zeit: 69.2677 ms (63.8635 GFLOPS)
        · teir_sa:contraction_abcdef_gdbc_efga laeuft [ 1770s] … [NEW BEST] Trial #4 | SF=4, Parallel=a -> Zeit: 69.2677 ms (63.8635 GFLOPS)
        · teir_sa:contraction_abcdef_gdbc_efga laeuft [ 1800s] … [NEW BEST] Trial #4 | SF=4, Parallel=a -> Zeit: 69.2677 ms (63.8635 GFLOPS)
  [teir_sa] 30/36 contraction_abcdef_gdbc_efga           63.9 GFLOPS [partial-timeout]   1800s  DONE @ 2026-08-02 00:48:09
  [teir_sa] 31/36 contraction_abcdef_geab_dfgc           ... START @ 2026-08-02 00:48:09
        · teir_sa:contraction_abcdef_geab_dfgc laeuft [   30s] … [NEW BEST] Trial #1 | SF=2, Parallel=a -> Zeit: 67.3938 ms (65.6393 GFLOPS)
        · teir_sa:contraction_abcdef_geab_dfgc laeuft [   60s] … [NEW BEST] Trial #1 | SF=2, Parallel=a -> Zeit: 67.3938 ms (65.6393 GFLOPS)
        · teir_sa:contraction_abcdef_geab_dfgc laeuft [   90s] … [NEW BEST] Trial #1 | SF=2, Parallel=a -> Zeit: 67.3938 ms (65.6393 GFLOPS)
        · teir_sa:contraction_abcdef_geab_dfgc laeuft [  120s] … [NEW BEST] Trial #1 | SF=2, Parallel=a -> Zeit: 67.3938 ms (65.6393 GFLOPS)
        · teir_sa:contraction_abcdef_geab_dfgc laeuft [  150s] … [NEW BEST] Trial #1 | SF=2, Parallel=a -> Zeit: 67.3938 ms (65.6393 GFLOPS)
        · teir_sa:contraction_abcdef_geab_dfgc laeuft [  180s] … [NEW BEST] Trial #1 | SF=2, Parallel=a -> Zeit: 67.3938 ms (65.6393 GFLOPS)
        · teir_sa:contraction_abcdef_geab_dfgc laeuft [  210s] … [NEW BEST] Trial #1 | SF=2, Parallel=a -> Zeit: 67.3938 ms (65.6393 GFLOPS)
        · teir_sa:contraction_abcdef_geab_dfgc laeuft [  241s] … [NEW BEST] Trial #1 | SF=2, Parallel=a -> Zeit: 67.3938 ms (65.6393 GFLOPS)
        · teir_sa:contraction_abcdef_geab_dfgc laeuft [  271s] … [NEW BEST] Trial #1 | SF=2, Parallel=a -> Zeit: 67.3938 ms (65.6393 GFLOPS)
        · teir_sa:contraction_abcdef_geab_dfgc laeuft [  301s] … [NEW BEST] Trial #1 | SF=2, Parallel=a -> Zeit: 67.3938 ms (65.6393 GFLOPS)
        · teir_sa:contraction_abcdef_geab_dfgc laeuft [  331s] … [NEW BEST] Trial #1 | SF=2, Parallel=a -> Zeit: 67.3938 ms (65.6393 GFLOPS)
        · teir_sa:contraction_abcdef_geab_dfgc laeuft [  361s] … [NEW BEST] Trial #1 | SF=2, Parallel=a -> Zeit: 67.3938 ms (65.6393 GFLOPS)
        · teir_sa:contraction_abcdef_geab_dfgc laeuft [  391s] … [NEW BEST] Trial #1 | SF=2, Parallel=a -> Zeit: 67.3938 ms (65.6393 GFLOPS)
        · teir_sa:contraction_abcdef_geab_dfgc laeuft [  421s] … [NEW BEST] Trial #1 | SF=2, Parallel=a -> Zeit: 67.3938 ms (65.6393 GFLOPS)
        · teir_sa:contraction_abcdef_geab_dfgc laeuft [  451s] … [NEW BEST] Trial #1 | SF=2, Parallel=a -> Zeit: 67.3938 ms (65.6393 GFLOPS)
        · teir_sa:contraction_abcdef_geab_dfgc laeuft [  481s] … [NEW BEST] Trial #8 | SF=2, Parallel=a -> Zeit: 21.7107 ms (203.756 GFLOPS)
        · teir_sa:contraction_abcdef_geab_dfgc laeuft [  511s] … [NEW BEST] Trial #8 | SF=2, Parallel=a -> Zeit: 21.7107 ms (203.756 GFLOPS)
        · teir_sa:contraction_abcdef_geab_dfgc laeuft [  541s] … [NEW BEST] Trial #8 | SF=2, Parallel=a -> Zeit: 21.7107 ms (203.756 GFLOPS)
        · teir_sa:contraction_abcdef_geab_dfgc laeuft [  571s] … [NEW BEST] Trial #8 | SF=2, Parallel=a -> Zeit: 21.7107 ms (203.756 GFLOPS)
        · teir_sa:contraction_abcdef_geab_dfgc laeuft [  601s] … [NEW BEST] Trial #8 | SF=2, Parallel=a -> Zeit: 21.7107 ms (203.756 GFLOPS)
        · teir_sa:contraction_abcdef_geab_dfgc laeuft [  632s] … [NEW BEST] Trial #8 | SF=2, Parallel=a -> Zeit: 21.7107 ms (203.756 GFLOPS)
        · teir_sa:contraction_abcdef_geab_dfgc laeuft [  662s] … [NEW BEST] Trial #8 | SF=2, Parallel=a -> Zeit: 21.7107 ms (203.756 GFLOPS)
        · teir_sa:contraction_abcdef_geab_dfgc laeuft [  692s] … [NEW BEST] Trial #8 | SF=2, Parallel=a -> Zeit: 21.7107 ms (203.756 GFLOPS)
        · teir_sa:contraction_abcdef_geab_dfgc laeuft [  722s] … [NEW BEST] Trial #8 | SF=2, Parallel=a -> Zeit: 21.7107 ms (203.756 GFLOPS)
        · teir_sa:contraction_abcdef_geab_dfgc laeuft [  752s] … [NEW BEST] Trial #8 | SF=2, Parallel=a -> Zeit: 21.7107 ms (203.756 GFLOPS)
        · teir_sa:contraction_abcdef_geab_dfgc laeuft [  782s] … [NEW BEST] Trial #8 | SF=2, Parallel=a -> Zeit: 21.7107 ms (203.756 GFLOPS)
        · teir_sa:contraction_abcdef_geab_dfgc laeuft [  812s] … [NEW BEST] Trial #8 | SF=2, Parallel=a -> Zeit: 21.7107 ms (203.756 GFLOPS)
        · teir_sa:contraction_abcdef_geab_dfgc laeuft [  840s] … [NEW BEST] Trial #8 | SF=2, Parallel=a -> Zeit: 21.7107 ms (203.756 GFLOPS)
        · teir_sa:contraction_abcdef_geab_dfgc laeuft [  870s] … [NEW BEST] Trial #8 | SF=2, Parallel=a -> Zeit: 21.7107 ms (203.756 GFLOPS)
        · teir_sa:contraction_abcdef_geab_dfgc laeuft [  900s] … [NEW BEST] Trial #8 | SF=2, Parallel=a -> Zeit: 21.7107 ms (203.756 GFLOPS)
        · teir_sa:contraction_abcdef_geab_dfgc laeuft [  930s] … [NEW BEST] Trial #8 | SF=2, Parallel=a -> Zeit: 21.7107 ms (203.756 GFLOPS)
        · teir_sa:contraction_abcdef_geab_dfgc laeuft [  960s] … [NEW BEST] Trial #8 | SF=2, Parallel=a -> Zeit: 21.7107 ms (203.756 GFLOPS)
        · teir_sa:contraction_abcdef_geab_dfgc laeuft [  991s] … [NEW BEST] Trial #8 | SF=2, Parallel=a -> Zeit: 21.7107 ms (203.756 GFLOPS)
        · teir_sa:contraction_abcdef_geab_dfgc laeuft [ 1021s] … [NEW BEST] Trial #8 | SF=2, Parallel=a -> Zeit: 21.7107 ms (203.756 GFLOPS)
        · teir_sa:contraction_abcdef_geab_dfgc laeuft [ 1051s] … [NEW BEST] Trial #8 | SF=2, Parallel=a -> Zeit: 21.7107 ms (203.756 GFLOPS)
        · teir_sa:contraction_abcdef_geab_dfgc laeuft [ 1081s] … [NEW BEST] Trial #8 | SF=2, Parallel=a -> Zeit: 21.7107 ms (203.756 GFLOPS)
        · teir_sa:contraction_abcdef_geab_dfgc laeuft [ 1111s] … [NEW BEST] Trial #8 | SF=2, Parallel=a -> Zeit: 21.7107 ms (203.756 GFLOPS)
        · teir_sa:contraction_abcdef_geab_dfgc laeuft [ 1141s] … [NEW BEST] Trial #8 | SF=2, Parallel=a -> Zeit: 21.7107 ms (203.756 GFLOPS)
        · teir_sa:contraction_abcdef_geab_dfgc laeuft [ 1171s] … [NEW BEST] Trial #8 | SF=2, Parallel=a -> Zeit: 21.7107 ms (203.756 GFLOPS)
        · teir_sa:contraction_abcdef_geab_dfgc laeuft [ 1201s] … [NEW BEST] Trial #8 | SF=2, Parallel=a -> Zeit: 21.7107 ms (203.756 GFLOPS)
        · teir_sa:contraction_abcdef_geab_dfgc laeuft [ 1231s] … [NEW BEST] Trial #8 | SF=2, Parallel=a -> Zeit: 21.7107 ms (203.756 GFLOPS)
        · teir_sa:contraction_abcdef_geab_dfgc laeuft [ 1261s] … [NEW BEST] Trial #8 | SF=2, Parallel=a -> Zeit: 21.7107 ms (203.756 GFLOPS)
        · teir_sa:contraction_abcdef_geab_dfgc laeuft [ 1291s] … [NEW BEST] Trial #8 | SF=2, Parallel=a -> Zeit: 21.7107 ms (203.756 GFLOPS)
        · teir_sa:contraction_abcdef_geab_dfgc laeuft [ 1321s] … [NEW BEST] Trial #8 | SF=2, Parallel=a -> Zeit: 21.7107 ms (203.756 GFLOPS)
        · teir_sa:contraction_abcdef_geab_dfgc laeuft [ 1351s] … [NEW BEST] Trial #8 | SF=2, Parallel=a -> Zeit: 21.7107 ms (203.756 GFLOPS)
        · teir_sa:contraction_abcdef_geab_dfgc laeuft [ 1381s] … [NEW BEST] Trial #8 | SF=2, Parallel=a -> Zeit: 21.7107 ms (203.756 GFLOPS)
        · teir_sa:contraction_abcdef_geab_dfgc laeuft [ 1411s] … [NEW BEST] Trial #8 | SF=2, Parallel=a -> Zeit: 21.7107 ms (203.756 GFLOPS)
        · teir_sa:contraction_abcdef_geab_dfgc laeuft [ 1442s] … [NEW BEST] Trial #8 | SF=2, Parallel=a -> Zeit: 21.7107 ms (203.756 GFLOPS)
        · teir_sa:contraction_abcdef_geab_dfgc laeuft [ 1472s] … [NEW BEST] Trial #8 | SF=2, Parallel=a -> Zeit: 21.7107 ms (203.756 GFLOPS)
        · teir_sa:contraction_abcdef_geab_dfgc laeuft [ 1502s] … [NEW BEST] Trial #8 | SF=2, Parallel=a -> Zeit: 21.7107 ms (203.756 GFLOPS)
        · teir_sa:contraction_abcdef_geab_dfgc laeuft [ 1532s] … [NEW BEST] Trial #8 | SF=2, Parallel=a -> Zeit: 21.7107 ms (203.756 GFLOPS)
        · teir_sa:contraction_abcdef_geab_dfgc laeuft [ 1562s] … [NEW BEST] Trial #8 | SF=2, Parallel=a -> Zeit: 21.7107 ms (203.756 GFLOPS)
        · teir_sa:contraction_abcdef_geab_dfgc laeuft [ 1592s] … [NEW BEST] Trial #8 | SF=2, Parallel=a -> Zeit: 21.7107 ms (203.756 GFLOPS)
        · teir_sa:contraction_abcdef_geab_dfgc laeuft [ 1622s] … [NEW BEST] Trial #8 | SF=2, Parallel=a -> Zeit: 21.7107 ms (203.756 GFLOPS)
        · teir_sa:contraction_abcdef_geab_dfgc laeuft [ 1650s] … [NEW BEST] Trial #8 | SF=2, Parallel=a -> Zeit: 21.7107 ms (203.756 GFLOPS)
        · teir_sa:contraction_abcdef_geab_dfgc laeuft [ 1680s] … [NEW BEST] Trial #8 | SF=2, Parallel=a -> Zeit: 21.7107 ms (203.756 GFLOPS)
        · teir_sa:contraction_abcdef_geab_dfgc laeuft [ 1710s] … [NEW BEST] Trial #8 | SF=2, Parallel=a -> Zeit: 21.7107 ms (203.756 GFLOPS)
        · teir_sa:contraction_abcdef_geab_dfgc laeuft [ 1740s] … [NEW BEST] Trial #8 | SF=2, Parallel=a -> Zeit: 21.7107 ms (203.756 GFLOPS)
        · teir_sa:contraction_abcdef_geab_dfgc laeuft [ 1770s] … [NEW BEST] Trial #8 | SF=2, Parallel=a -> Zeit: 21.7107 ms (203.756 GFLOPS)
        · teir_sa:contraction_abcdef_geab_dfgc laeuft [ 1800s] … [NEW BEST] Trial #8 | SF=2, Parallel=a -> Zeit: 21.7107 ms (203.756 GFLOPS)
  [teir_sa] 31/36 contraction_abcdef_geab_dfgc           203.8 GFLOPS [partial-timeout]   1800s  DONE @ 2026-08-02 01:18:09
  [teir_sa] 32/36 contraction_abcdef_geac_dfgb           ... START @ 2026-08-02 01:18:09
        · teir_sa:contraction_abcdef_geac_dfgb laeuft [   30s] … [NEW BEST] Trial #1 | SF=2, Parallel=a -> Zeit: 64.9286 ms (68.1315 GFLOPS)
        · teir_sa:contraction_abcdef_geac_dfgb laeuft [   60s] … [NEW BEST] Trial #1 | SF=2, Parallel=a -> Zeit: 64.9286 ms (68.1315 GFLOPS)
        · teir_sa:contraction_abcdef_geac_dfgb laeuft [   90s] … [NEW BEST] Trial #1 | SF=2, Parallel=a -> Zeit: 64.9286 ms (68.1315 GFLOPS)
        · teir_sa:contraction_abcdef_geac_dfgb laeuft [  120s] … [NEW BEST] Trial #1 | SF=2, Parallel=a -> Zeit: 64.9286 ms (68.1315 GFLOPS)
        · teir_sa:contraction_abcdef_geac_dfgb laeuft [  150s] … [NEW BEST] Trial #1 | SF=2, Parallel=a -> Zeit: 64.9286 ms (68.1315 GFLOPS)
        · teir_sa:contraction_abcdef_geac_dfgb laeuft [  180s] … [NEW BEST] Trial #1 | SF=2, Parallel=a -> Zeit: 64.9286 ms (68.1315 GFLOPS)
        · teir_sa:contraction_abcdef_geac_dfgb laeuft [  211s] … [NEW BEST] Trial #1 | SF=2, Parallel=a -> Zeit: 64.9286 ms (68.1315 GFLOPS)
        · teir_sa:contraction_abcdef_geac_dfgb laeuft [  241s] … [NEW BEST] Trial #1 | SF=2, Parallel=a -> Zeit: 64.9286 ms (68.1315 GFLOPS)
        · teir_sa:contraction_abcdef_geac_dfgb laeuft [  271s] … [NEW BEST] Trial #1 | SF=2, Parallel=a -> Zeit: 64.9286 ms (68.1315 GFLOPS)
        · teir_sa:contraction_abcdef_geac_dfgb laeuft [  301s] … [NEW BEST] Trial #1 | SF=2, Parallel=a -> Zeit: 64.9286 ms (68.1315 GFLOPS)
        · teir_sa:contraction_abcdef_geac_dfgb laeuft [  331s] … [NEW BEST] Trial #1 | SF=2, Parallel=a -> Zeit: 64.9286 ms (68.1315 GFLOPS)
        · teir_sa:contraction_abcdef_geac_dfgb laeuft [  361s] … [NEW BEST] Trial #1 | SF=2, Parallel=a -> Zeit: 64.9286 ms (68.1315 GFLOPS)
        · teir_sa:contraction_abcdef_geac_dfgb laeuft [  391s] … [NEW BEST] Trial #1 | SF=2, Parallel=a -> Zeit: 64.9286 ms (68.1315 GFLOPS)
        · teir_sa:contraction_abcdef_geac_dfgb laeuft [  421s] … [NEW BEST] Trial #1 | SF=2, Parallel=a -> Zeit: 64.9286 ms (68.1315 GFLOPS)
        · teir_sa:contraction_abcdef_geac_dfgb laeuft [  451s] … [NEW BEST] Trial #1 | SF=2, Parallel=a -> Zeit: 64.9286 ms (68.1315 GFLOPS)
        · teir_sa:contraction_abcdef_geac_dfgb laeuft [  481s] … [NEW BEST] Trial #1 | SF=2, Parallel=a -> Zeit: 64.9286 ms (68.1315 GFLOPS)
        · teir_sa:contraction_abcdef_geac_dfgb laeuft [  511s] … [NEW BEST] Trial #1 | SF=2, Parallel=a -> Zeit: 64.9286 ms (68.1315 GFLOPS)
        · teir_sa:contraction_abcdef_geac_dfgb laeuft [  541s] … [NEW BEST] Trial #1 | SF=2, Parallel=a -> Zeit: 64.9286 ms (68.1315 GFLOPS)
        · teir_sa:contraction_abcdef_geac_dfgb laeuft [  571s] … [NEW BEST] Trial #1 | SF=2, Parallel=a -> Zeit: 64.9286 ms (68.1315 GFLOPS)
        · teir_sa:contraction_abcdef_geac_dfgb laeuft [  602s] … [NEW BEST] Trial #1 | SF=2, Parallel=a -> Zeit: 64.9286 ms (68.1315 GFLOPS)
        · teir_sa:contraction_abcdef_geac_dfgb laeuft [  632s] … [NEW BEST] Trial #1 | SF=2, Parallel=a -> Zeit: 64.9286 ms (68.1315 GFLOPS)
        · teir_sa:contraction_abcdef_geac_dfgb laeuft [  662s] … [NEW BEST] Trial #1 | SF=2, Parallel=a -> Zeit: 64.9286 ms (68.1315 GFLOPS)
        · teir_sa:contraction_abcdef_geac_dfgb laeuft [  692s] … [NEW BEST] Trial #1 | SF=2, Parallel=a -> Zeit: 64.9286 ms (68.1315 GFLOPS)
        · teir_sa:contraction_abcdef_geac_dfgb laeuft [  722s] … [NEW BEST] Trial #1 | SF=2, Parallel=a -> Zeit: 64.9286 ms (68.1315 GFLOPS)
        · teir_sa:contraction_abcdef_geac_dfgb laeuft [  752s] … [NEW BEST] Trial #1 | SF=2, Parallel=a -> Zeit: 64.9286 ms (68.1315 GFLOPS)
        · teir_sa:contraction_abcdef_geac_dfgb laeuft [  782s] … [NEW BEST] Trial #1 | SF=2, Parallel=a -> Zeit: 64.9286 ms (68.1315 GFLOPS)
        · teir_sa:contraction_abcdef_geac_dfgb laeuft [  812s] … [NEW BEST] Trial #1 | SF=2, Parallel=a -> Zeit: 64.9286 ms (68.1315 GFLOPS)
        · teir_sa:contraction_abcdef_geac_dfgb laeuft [  842s] … [NEW BEST] Trial #1 | SF=2, Parallel=a -> Zeit: 64.9286 ms (68.1315 GFLOPS)
        · teir_sa:contraction_abcdef_geac_dfgb laeuft [  870s] … [NEW BEST] Trial #1 | SF=2, Parallel=a -> Zeit: 64.9286 ms (68.1315 GFLOPS)
        · teir_sa:contraction_abcdef_geac_dfgb laeuft [  900s] … [NEW BEST] Trial #1 | SF=2, Parallel=a -> Zeit: 64.9286 ms (68.1315 GFLOPS)
        · teir_sa:contraction_abcdef_geac_dfgb laeuft [  930s] … [NEW BEST] Trial #1 | SF=2, Parallel=a -> Zeit: 64.9286 ms (68.1315 GFLOPS)
        · teir_sa:contraction_abcdef_geac_dfgb laeuft [  960s] … [NEW BEST] Trial #1 | SF=2, Parallel=a -> Zeit: 64.9286 ms (68.1315 GFLOPS)
        · teir_sa:contraction_abcdef_geac_dfgb laeuft [  990s] … [NEW BEST] Trial #1 | SF=2, Parallel=a -> Zeit: 64.9286 ms (68.1315 GFLOPS)
        · teir_sa:contraction_abcdef_geac_dfgb laeuft [ 1020s] … [NEW BEST] Trial #1 | SF=2, Parallel=a -> Zeit: 64.9286 ms (68.1315 GFLOPS)
        · teir_sa:contraction_abcdef_geac_dfgb laeuft [ 1050s] … [NEW BEST] Trial #1 | SF=2, Parallel=a -> Zeit: 64.9286 ms (68.1315 GFLOPS)
        · teir_sa:contraction_abcdef_geac_dfgb laeuft [ 1081s] … [NEW BEST] Trial #1 | SF=2, Parallel=a -> Zeit: 64.9286 ms (68.1315 GFLOPS)
        · teir_sa:contraction_abcdef_geac_dfgb laeuft [ 1111s] … [NEW BEST] Trial #1 | SF=2, Parallel=a -> Zeit: 64.9286 ms (68.1315 GFLOPS)
        · teir_sa:contraction_abcdef_geac_dfgb laeuft [ 1141s] … [NEW BEST] Trial #1 | SF=2, Parallel=a -> Zeit: 64.9286 ms (68.1315 GFLOPS)
        · teir_sa:contraction_abcdef_geac_dfgb laeuft [ 1171s] … [NEW BEST] Trial #1 | SF=2, Parallel=a -> Zeit: 64.9286 ms (68.1315 GFLOPS)
        · teir_sa:contraction_abcdef_geac_dfgb laeuft [ 1201s] … [NEW BEST] Trial #1 | SF=2, Parallel=a -> Zeit: 64.9286 ms (68.1315 GFLOPS)
        · teir_sa:contraction_abcdef_geac_dfgb laeuft [ 1231s] … [NEW BEST] Trial #1 | SF=2, Parallel=a -> Zeit: 64.9286 ms (68.1315 GFLOPS)
        · teir_sa:contraction_abcdef_geac_dfgb laeuft [ 1261s] … [NEW BEST] Trial #1 | SF=2, Parallel=a -> Zeit: 64.9286 ms (68.1315 GFLOPS)
        · teir_sa:contraction_abcdef_geac_dfgb laeuft [ 1291s] … [NEW BEST] Trial #1 | SF=2, Parallel=a -> Zeit: 64.9286 ms (68.1315 GFLOPS)
        · teir_sa:contraction_abcdef_geac_dfgb laeuft [ 1322s] … [NEW BEST] Trial #1 | SF=2, Parallel=a -> Zeit: 64.9286 ms (68.1315 GFLOPS)
        · teir_sa:contraction_abcdef_geac_dfgb laeuft [ 1352s] … [NEW BEST] Trial #1 | SF=2, Parallel=a -> Zeit: 64.9286 ms (68.1315 GFLOPS)
        · teir_sa:contraction_abcdef_geac_dfgb laeuft [ 1382s] … [NEW BEST] Trial #1 | SF=2, Parallel=a -> Zeit: 64.9286 ms (68.1315 GFLOPS)
        · teir_sa:contraction_abcdef_geac_dfgb laeuft [ 1412s] … [NEW BEST] Trial #1 | SF=2, Parallel=a -> Zeit: 64.9286 ms (68.1315 GFLOPS)
        · teir_sa:contraction_abcdef_geac_dfgb laeuft [ 1440s] … [NEW BEST] Trial #1 | SF=2, Parallel=a -> Zeit: 64.9286 ms (68.1315 GFLOPS)
        · teir_sa:contraction_abcdef_geac_dfgb laeuft [ 1470s] … [NEW BEST] Trial #1 | SF=2, Parallel=a -> Zeit: 64.9286 ms (68.1315 GFLOPS)
        · teir_sa:contraction_abcdef_geac_dfgb laeuft [ 1500s] … [NEW BEST] Trial #1 | SF=2, Parallel=a -> Zeit: 64.9286 ms (68.1315 GFLOPS)
        · teir_sa:contraction_abcdef_geac_dfgb laeuft [ 1530s] … [NEW BEST] Trial #1 | SF=2, Parallel=a -> Zeit: 64.9286 ms (68.1315 GFLOPS)
        · teir_sa:contraction_abcdef_geac_dfgb laeuft [ 1561s] … [NEW BEST] Trial #1 | SF=2, Parallel=a -> Zeit: 64.9286 ms (68.1315 GFLOPS)
        · teir_sa:contraction_abcdef_geac_dfgb laeuft [ 1591s] … [NEW BEST] Trial #1 | SF=2, Parallel=a -> Zeit: 64.9286 ms (68.1315 GFLOPS)
        · teir_sa:contraction_abcdef_geac_dfgb laeuft [ 1621s] … [NEW BEST] Trial #1 | SF=2, Parallel=a -> Zeit: 64.9286 ms (68.1315 GFLOPS)
        · teir_sa:contraction_abcdef_geac_dfgb laeuft [ 1651s] … [NEW BEST] Trial #1 | SF=2, Parallel=a -> Zeit: 64.9286 ms (68.1315 GFLOPS)
        · teir_sa:contraction_abcdef_geac_dfgb laeuft [ 1681s] … [NEW BEST] Trial #1 | SF=2, Parallel=a -> Zeit: 64.9286 ms (68.1315 GFLOPS)
        · teir_sa:contraction_abcdef_geac_dfgb laeuft [ 1711s] … [NEW BEST] Trial #1 | SF=2, Parallel=a -> Zeit: 64.9286 ms (68.1315 GFLOPS)
        · teir_sa:contraction_abcdef_geac_dfgb laeuft [ 1741s] … [NEW BEST] Trial #1 | SF=2, Parallel=a -> Zeit: 64.9286 ms (68.1315 GFLOPS)
        · teir_sa:contraction_abcdef_geac_dfgb laeuft [ 1771s] … [NEW BEST] Trial #1 | SF=2, Parallel=a -> Zeit: 64.9286 ms (68.1315 GFLOPS)
        · teir_sa:contraction_abcdef_geac_dfgb laeuft [ 1802s] … [NEW BEST] Trial #1 | SF=2, Parallel=a -> Zeit: 64.9286 ms (68.1315 GFLOPS)
  [teir_sa] 32/36 contraction_abcdef_geac_dfgb           68.1 GFLOPS [partial-timeout]   1802s  DONE @ 2026-08-02 01:48:11
  [teir_sa] 33/36 contraction_abcdef_gebc_dfga           ... START @ 2026-08-02 01:48:11
        · teir_sa:contraction_abcdef_gebc_dfga laeuft [   30s] … [NEW BEST] Trial #1 | SF=2, Parallel=a -> Zeit: 60.3018 ms (73.359 GFLOPS)
        · teir_sa:contraction_abcdef_gebc_dfga laeuft [   60s] … [NEW BEST] Trial #1 | SF=2, Parallel=a -> Zeit: 60.3018 ms (73.359 GFLOPS)
        · teir_sa:contraction_abcdef_gebc_dfga laeuft [   90s] … [NEW BEST] Trial #1 | SF=2, Parallel=a -> Zeit: 60.3018 ms (73.359 GFLOPS)
        · teir_sa:contraction_abcdef_gebc_dfga laeuft [  121s] … [NEW BEST] Trial #1 | SF=2, Parallel=a -> Zeit: 60.3018 ms (73.359 GFLOPS)
        · teir_sa:contraction_abcdef_gebc_dfga laeuft [  151s] … [NEW BEST] Trial #1 | SF=2, Parallel=a -> Zeit: 60.3018 ms (73.359 GFLOPS)
        · teir_sa:contraction_abcdef_gebc_dfga laeuft [  181s] … [NEW BEST] Trial #1 | SF=2, Parallel=a -> Zeit: 60.3018 ms (73.359 GFLOPS)
        · teir_sa:contraction_abcdef_gebc_dfga laeuft [  211s] … [NEW BEST] Trial #1 | SF=2, Parallel=a -> Zeit: 60.3018 ms (73.359 GFLOPS)
        · teir_sa:contraction_abcdef_gebc_dfga laeuft [  241s] … [NEW BEST] Trial #1 | SF=2, Parallel=a -> Zeit: 60.3018 ms (73.359 GFLOPS)
        · teir_sa:contraction_abcdef_gebc_dfga laeuft [  271s] … [NEW BEST] Trial #1 | SF=2, Parallel=a -> Zeit: 60.3018 ms (73.359 GFLOPS)
        · teir_sa:contraction_abcdef_gebc_dfga laeuft [  301s] … [NEW BEST] Trial #1 | SF=2, Parallel=a -> Zeit: 60.3018 ms (73.359 GFLOPS)
        · teir_sa:contraction_abcdef_gebc_dfga laeuft [  332s] … [NEW BEST] Trial #1 | SF=2, Parallel=a -> Zeit: 60.3018 ms (73.359 GFLOPS)
        · teir_sa:contraction_abcdef_gebc_dfga laeuft [  362s] … [NEW BEST] Trial #1 | SF=2, Parallel=a -> Zeit: 60.3018 ms (73.359 GFLOPS)
        · teir_sa:contraction_abcdef_gebc_dfga laeuft [  392s] … [NEW BEST] Trial #1 | SF=2, Parallel=a -> Zeit: 60.3018 ms (73.359 GFLOPS)
        · teir_sa:contraction_abcdef_gebc_dfga laeuft [  422s] … [NEW BEST] Trial #1 | SF=2, Parallel=a -> Zeit: 60.3018 ms (73.359 GFLOPS)
        · teir_sa:contraction_abcdef_gebc_dfga laeuft [  450s] … [NEW BEST] Trial #1 | SF=2, Parallel=a -> Zeit: 60.3018 ms (73.359 GFLOPS)
        · teir_sa:contraction_abcdef_gebc_dfga laeuft [  480s] … [NEW BEST] Trial #1 | SF=2, Parallel=a -> Zeit: 60.3018 ms (73.359 GFLOPS)
        · teir_sa:contraction_abcdef_gebc_dfga laeuft [  510s] … [NEW BEST] Trial #1 | SF=2, Parallel=a -> Zeit: 60.3018 ms (73.359 GFLOPS)
        · teir_sa:contraction_abcdef_gebc_dfga laeuft [  540s] … [NEW BEST] Trial #1 | SF=2, Parallel=a -> Zeit: 60.3018 ms (73.359 GFLOPS)
        · teir_sa:contraction_abcdef_gebc_dfga laeuft [  571s] … [NEW BEST] Trial #1 | SF=2, Parallel=a -> Zeit: 60.3018 ms (73.359 GFLOPS)
        · teir_sa:contraction_abcdef_gebc_dfga laeuft [  601s] … [NEW BEST] Trial #1 | SF=2, Parallel=a -> Zeit: 60.3018 ms (73.359 GFLOPS)
        · teir_sa:contraction_abcdef_gebc_dfga laeuft [  631s] … [NEW BEST] Trial #1 | SF=2, Parallel=a -> Zeit: 60.3018 ms (73.359 GFLOPS)
        · teir_sa:contraction_abcdef_gebc_dfga laeuft [  661s] … [NEW BEST] Trial #1 | SF=2, Parallel=a -> Zeit: 60.3018 ms (73.359 GFLOPS)
        · teir_sa:contraction_abcdef_gebc_dfga laeuft [  691s] … [NEW BEST] Trial #1 | SF=2, Parallel=a -> Zeit: 60.3018 ms (73.359 GFLOPS)
        · teir_sa:contraction_abcdef_gebc_dfga laeuft [  721s] … [NEW BEST] Trial #1 | SF=2, Parallel=a -> Zeit: 60.3018 ms (73.359 GFLOPS)
        · teir_sa:contraction_abcdef_gebc_dfga laeuft [  751s] … [NEW BEST] Trial #1 | SF=2, Parallel=a -> Zeit: 60.3018 ms (73.359 GFLOPS)
        · teir_sa:contraction_abcdef_gebc_dfga laeuft [  781s] … [NEW BEST] Trial #1 | SF=2, Parallel=a -> Zeit: 60.3018 ms (73.359 GFLOPS)
        · teir_sa:contraction_abcdef_gebc_dfga laeuft [  812s] … [NEW BEST] Trial #1 | SF=2, Parallel=a -> Zeit: 60.3018 ms (73.359 GFLOPS)
        · teir_sa:contraction_abcdef_gebc_dfga laeuft [  842s] … [NEW BEST] Trial #1 | SF=2, Parallel=a -> Zeit: 60.3018 ms (73.359 GFLOPS)
        · teir_sa:contraction_abcdef_gebc_dfga laeuft [  872s] … [NEW BEST] Trial #1 | SF=2, Parallel=a -> Zeit: 60.3018 ms (73.359 GFLOPS)
        · teir_sa:contraction_abcdef_gebc_dfga laeuft [  902s] … [NEW BEST] Trial #1 | SF=2, Parallel=a -> Zeit: 60.3018 ms (73.359 GFLOPS)
        · teir_sa:contraction_abcdef_gebc_dfga laeuft [  930s] … [NEW BEST] Trial #1 | SF=2, Parallel=a -> Zeit: 60.3018 ms (73.359 GFLOPS)
        · teir_sa:contraction_abcdef_gebc_dfga laeuft [  960s] … [NEW BEST] Trial #1 | SF=2, Parallel=a -> Zeit: 60.3018 ms (73.359 GFLOPS)
        · teir_sa:contraction_abcdef_gebc_dfga laeuft [  990s] … [NEW BEST] Trial #1 | SF=2, Parallel=a -> Zeit: 60.3018 ms (73.359 GFLOPS)
        · teir_sa:contraction_abcdef_gebc_dfga laeuft [ 1021s] … [NEW BEST] Trial #1 | SF=2, Parallel=a -> Zeit: 60.3018 ms (73.359 GFLOPS)
        · teir_sa:contraction_abcdef_gebc_dfga laeuft [ 1051s] … [NEW BEST] Trial #1 | SF=2, Parallel=a -> Zeit: 60.3018 ms (73.359 GFLOPS)
        · teir_sa:contraction_abcdef_gebc_dfga laeuft [ 1081s] … [NEW BEST] Trial #1 | SF=2, Parallel=a -> Zeit: 60.3018 ms (73.359 GFLOPS)
        · teir_sa:contraction_abcdef_gebc_dfga laeuft [ 1111s] … [NEW BEST] Trial #1 | SF=2, Parallel=a -> Zeit: 60.3018 ms (73.359 GFLOPS)
        · teir_sa:contraction_abcdef_gebc_dfga laeuft [ 1141s] … [NEW BEST] Trial #1 | SF=2, Parallel=a -> Zeit: 60.3018 ms (73.359 GFLOPS)
        · teir_sa:contraction_abcdef_gebc_dfga laeuft [ 1171s] … [NEW BEST] Trial #1 | SF=2, Parallel=a -> Zeit: 60.3018 ms (73.359 GFLOPS)
        · teir_sa:contraction_abcdef_gebc_dfga laeuft [ 1201s] … [NEW BEST] Trial #1 | SF=2, Parallel=a -> Zeit: 60.3018 ms (73.359 GFLOPS)
        · teir_sa:contraction_abcdef_gebc_dfga laeuft [ 1231s] … [NEW BEST] Trial #1 | SF=2, Parallel=a -> Zeit: 60.3018 ms (73.359 GFLOPS)
        · teir_sa:contraction_abcdef_gebc_dfga laeuft [ 1262s] … [NEW BEST] Trial #1 | SF=2, Parallel=a -> Zeit: 60.3018 ms (73.359 GFLOPS)
        · teir_sa:contraction_abcdef_gebc_dfga laeuft [ 1292s] … [NEW BEST] Trial #1 | SF=2, Parallel=a -> Zeit: 60.3018 ms (73.359 GFLOPS)
        · teir_sa:contraction_abcdef_gebc_dfga laeuft [ 1322s] … [NEW BEST] Trial #1 | SF=2, Parallel=a -> Zeit: 60.3018 ms (73.359 GFLOPS)
        · teir_sa:contraction_abcdef_gebc_dfga laeuft [ 1352s] … [NEW BEST] Trial #1 | SF=2, Parallel=a -> Zeit: 60.3018 ms (73.359 GFLOPS)
        · teir_sa:contraction_abcdef_gebc_dfga laeuft [ 1380s] … [NEW BEST] Trial #1 | SF=2, Parallel=a -> Zeit: 60.3018 ms (73.359 GFLOPS)
        · teir_sa:contraction_abcdef_gebc_dfga laeuft [ 1410s] … [NEW BEST] Trial #1 | SF=2, Parallel=a -> Zeit: 60.3018 ms (73.359 GFLOPS)
        · teir_sa:contraction_abcdef_gebc_dfga laeuft [ 1440s] … [NEW BEST] Trial #1 | SF=2, Parallel=a -> Zeit: 60.3018 ms (73.359 GFLOPS)
        · teir_sa:contraction_abcdef_gebc_dfga laeuft [ 1470s] … [NEW BEST] Trial #1 | SF=2, Parallel=a -> Zeit: 60.3018 ms (73.359 GFLOPS)
        · teir_sa:contraction_abcdef_gebc_dfga laeuft [ 1501s] … [NEW BEST] Trial #1 | SF=2, Parallel=a -> Zeit: 60.3018 ms (73.359 GFLOPS)
        · teir_sa:contraction_abcdef_gebc_dfga laeuft [ 1531s] … [NEW BEST] Trial #1 | SF=2, Parallel=a -> Zeit: 60.3018 ms (73.359 GFLOPS)
        · teir_sa:contraction_abcdef_gebc_dfga laeuft [ 1561s] … [NEW BEST] Trial #1 | SF=2, Parallel=a -> Zeit: 60.3018 ms (73.359 GFLOPS)
        · teir_sa:contraction_abcdef_gebc_dfga laeuft [ 1591s] … [NEW BEST] Trial #1 | SF=2, Parallel=a -> Zeit: 60.3018 ms (73.359 GFLOPS)
        · teir_sa:contraction_abcdef_gebc_dfga laeuft [ 1621s] … [NEW BEST] Trial #1 | SF=2, Parallel=a -> Zeit: 60.3018 ms (73.359 GFLOPS)
        · teir_sa:contraction_abcdef_gebc_dfga laeuft [ 1651s] … [NEW BEST] Trial #1 | SF=2, Parallel=a -> Zeit: 60.3018 ms (73.359 GFLOPS)
        · teir_sa:contraction_abcdef_gebc_dfga laeuft [ 1681s] … [NEW BEST] Trial #1 | SF=2, Parallel=a -> Zeit: 60.3018 ms (73.359 GFLOPS)
        · teir_sa:contraction_abcdef_gebc_dfga laeuft [ 1712s] … [NEW BEST] Trial #1 | SF=2, Parallel=a -> Zeit: 60.3018 ms (73.359 GFLOPS)
        · teir_sa:contraction_abcdef_gebc_dfga laeuft [ 1742s] … [NEW BEST] Trial #1 | SF=2, Parallel=a -> Zeit: 60.3018 ms (73.359 GFLOPS)
        · teir_sa:contraction_abcdef_gebc_dfga laeuft [ 1772s] … [NEW BEST] Trial #1 | SF=2, Parallel=a -> Zeit: 60.3018 ms (73.359 GFLOPS)
        · teir_sa:contraction_abcdef_gebc_dfga laeuft [ 1802s] … [NEW BEST] Trial #1 | SF=2, Parallel=a -> Zeit: 60.3018 ms (73.359 GFLOPS)
  [teir_sa] 33/36 contraction_abcdef_gebc_dfga           73.4 GFLOPS [partial-timeout]   1802s  DONE @ 2026-08-02 02:18:13
  [teir_sa] 34/36 contraction_abcdef_gfab_degc           ... START @ 2026-08-02 02:18:13
        · teir_sa:contraction_abcdef_gfab_degc laeuft [   30s] … [NEW BEST] Trial #1 | SF=2, Parallel=a -> Zeit: 70.2325 ms (62.9862 GFLOPS)
        · teir_sa:contraction_abcdef_gfab_degc laeuft [   60s] … [NEW BEST] Trial #1 | SF=2, Parallel=a -> Zeit: 70.2325 ms (62.9862 GFLOPS)
        · teir_sa:contraction_abcdef_gfab_degc laeuft [   90s] … [NEW BEST] Trial #1 | SF=2, Parallel=a -> Zeit: 70.2325 ms (62.9862 GFLOPS)
        · teir_sa:contraction_abcdef_gfab_degc laeuft [  121s] … [NEW BEST] Trial #1 | SF=2, Parallel=a -> Zeit: 70.2325 ms (62.9862 GFLOPS)
        · teir_sa:contraction_abcdef_gfab_degc laeuft [  151s] … [NEW BEST] Trial #1 | SF=2, Parallel=a -> Zeit: 70.2325 ms (62.9862 GFLOPS)
        · teir_sa:contraction_abcdef_gfab_degc laeuft [  181s] … [NEW BEST] Trial #1 | SF=2, Parallel=a -> Zeit: 70.2325 ms (62.9862 GFLOPS)
        · teir_sa:contraction_abcdef_gfab_degc laeuft [  211s] … [NEW BEST] Trial #1 | SF=2, Parallel=a -> Zeit: 70.2325 ms (62.9862 GFLOPS)
        · teir_sa:contraction_abcdef_gfab_degc laeuft [  241s] … [NEW BEST] Trial #1 | SF=2, Parallel=a -> Zeit: 70.2325 ms (62.9862 GFLOPS)
        · teir_sa:contraction_abcdef_gfab_degc laeuft [  271s] … [NEW BEST] Trial #1 | SF=2, Parallel=a -> Zeit: 70.2325 ms (62.9862 GFLOPS)
        · teir_sa:contraction_abcdef_gfab_degc laeuft [  301s] … [NEW BEST] Trial #1 | SF=2, Parallel=a -> Zeit: 70.2325 ms (62.9862 GFLOPS)
        · teir_sa:contraction_abcdef_gfab_degc laeuft [  331s] … [NEW BEST] Trial #1 | SF=2, Parallel=a -> Zeit: 70.2325 ms (62.9862 GFLOPS)
        · teir_sa:contraction_abcdef_gfab_degc laeuft [  362s] … [NEW BEST] Trial #1 | SF=2, Parallel=a -> Zeit: 70.2325 ms (62.9862 GFLOPS)
        · teir_sa:contraction_abcdef_gfab_degc laeuft [  392s] … [NEW BEST] Trial #1 | SF=2, Parallel=a -> Zeit: 70.2325 ms (62.9862 GFLOPS)
        · teir_sa:contraction_abcdef_gfab_degc laeuft [  422s] … [NEW BEST] Trial #1 | SF=2, Parallel=a -> Zeit: 70.2325 ms (62.9862 GFLOPS)
        · teir_sa:contraction_abcdef_gfab_degc laeuft [  452s] … [NEW BEST] Trial #1 | SF=2, Parallel=a -> Zeit: 70.2325 ms (62.9862 GFLOPS)
        · teir_sa:contraction_abcdef_gfab_degc laeuft [  480s] … [NEW BEST] Trial #1 | SF=2, Parallel=a -> Zeit: 70.2325 ms (62.9862 GFLOPS)
        · teir_sa:contraction_abcdef_gfab_degc laeuft [  510s] … [NEW BEST] Trial #1 | SF=2, Parallel=a -> Zeit: 70.2325 ms (62.9862 GFLOPS)
        · teir_sa:contraction_abcdef_gfab_degc laeuft [  540s] … [NEW BEST] Trial #1 | SF=2, Parallel=a -> Zeit: 70.2325 ms (62.9862 GFLOPS)
        · teir_sa:contraction_abcdef_gfab_degc laeuft [  570s] … [NEW BEST] Trial #1 | SF=2, Parallel=a -> Zeit: 70.2325 ms (62.9862 GFLOPS)
        · teir_sa:contraction_abcdef_gfab_degc laeuft [  601s] … [NEW BEST] Trial #1 | SF=2, Parallel=a -> Zeit: 70.2325 ms (62.9862 GFLOPS)
        · teir_sa:contraction_abcdef_gfab_degc laeuft [  631s] … [NEW BEST] Trial #1 | SF=2, Parallel=a -> Zeit: 70.2325 ms (62.9862 GFLOPS)
        · teir_sa:contraction_abcdef_gfab_degc laeuft [  661s] … [NEW BEST] Trial #1 | SF=2, Parallel=a -> Zeit: 70.2325 ms (62.9862 GFLOPS)
        · teir_sa:contraction_abcdef_gfab_degc laeuft [  691s] … [NEW BEST] Trial #1 | SF=2, Parallel=a -> Zeit: 70.2325 ms (62.9862 GFLOPS)
        · teir_sa:contraction_abcdef_gfab_degc laeuft [  721s] … [NEW BEST] Trial #1 | SF=2, Parallel=a -> Zeit: 70.2325 ms (62.9862 GFLOPS)
        · teir_sa:contraction_abcdef_gfab_degc laeuft [  751s] … [NEW BEST] Trial #1 | SF=2, Parallel=a -> Zeit: 70.2325 ms (62.9862 GFLOPS)
        · teir_sa:contraction_abcdef_gfab_degc laeuft [  781s] … [NEW BEST] Trial #1 | SF=2, Parallel=a -> Zeit: 70.2325 ms (62.9862 GFLOPS)
        · teir_sa:contraction_abcdef_gfab_degc laeuft [  812s] … [NEW BEST] Trial #1 | SF=2, Parallel=a -> Zeit: 70.2325 ms (62.9862 GFLOPS)
        · teir_sa:contraction_abcdef_gfab_degc laeuft [  842s] … [NEW BEST] Trial #1 | SF=2, Parallel=a -> Zeit: 70.2325 ms (62.9862 GFLOPS)
        · teir_sa:contraction_abcdef_gfab_degc laeuft [  872s] … [NEW BEST] Trial #1 | SF=2, Parallel=a -> Zeit: 70.2325 ms (62.9862 GFLOPS)
        · teir_sa:contraction_abcdef_gfab_degc laeuft [  902s] … [NEW BEST] Trial #1 | SF=2, Parallel=a -> Zeit: 70.2325 ms (62.9862 GFLOPS)
        · teir_sa:contraction_abcdef_gfab_degc laeuft [  930s] … [NEW BEST] Trial #1 | SF=2, Parallel=a -> Zeit: 70.2325 ms (62.9862 GFLOPS)
        · teir_sa:contraction_abcdef_gfab_degc laeuft [  960s] … [NEW BEST] Trial #1 | SF=2, Parallel=a -> Zeit: 70.2325 ms (62.9862 GFLOPS)
        · teir_sa:contraction_abcdef_gfab_degc laeuft [  990s] … [NEW BEST] Trial #1 | SF=2, Parallel=a -> Zeit: 70.2325 ms (62.9862 GFLOPS)
        · teir_sa:contraction_abcdef_gfab_degc laeuft [ 1020s] … [NEW BEST] Trial #1 | SF=2, Parallel=a -> Zeit: 70.2325 ms (62.9862 GFLOPS)
        · teir_sa:contraction_abcdef_gfab_degc laeuft [ 1051s] … [NEW BEST] Trial #1 | SF=2, Parallel=a -> Zeit: 70.2325 ms (62.9862 GFLOPS)
        · teir_sa:contraction_abcdef_gfab_degc laeuft [ 1081s] … [NEW BEST] Trial #1 | SF=2, Parallel=a -> Zeit: 70.2325 ms (62.9862 GFLOPS)
        · teir_sa:contraction_abcdef_gfab_degc laeuft [ 1111s] … [NEW BEST] Trial #1 | SF=2, Parallel=a -> Zeit: 70.2325 ms (62.9862 GFLOPS)
        · teir_sa:contraction_abcdef_gfab_degc laeuft [ 1141s] … [NEW BEST] Trial #1 | SF=2, Parallel=a -> Zeit: 70.2325 ms (62.9862 GFLOPS)
        · teir_sa:contraction_abcdef_gfab_degc laeuft [ 1171s] … [NEW BEST] Trial #1 | SF=2, Parallel=a -> Zeit: 70.2325 ms (62.9862 GFLOPS)
        · teir_sa:contraction_abcdef_gfab_degc laeuft [ 1201s] … [NEW BEST] Trial #1 | SF=2, Parallel=a -> Zeit: 70.2325 ms (62.9862 GFLOPS)
        · teir_sa:contraction_abcdef_gfab_degc laeuft [ 1231s] … [NEW BEST] Trial #1 | SF=2, Parallel=a -> Zeit: 70.2325 ms (62.9862 GFLOPS)
        · teir_sa:contraction_abcdef_gfab_degc laeuft [ 1261s] … [NEW BEST] Trial #1 | SF=2, Parallel=a -> Zeit: 70.2325 ms (62.9862 GFLOPS)
        · teir_sa:contraction_abcdef_gfab_degc laeuft [ 1292s] … [NEW BEST] Trial #1 | SF=2, Parallel=a -> Zeit: 70.2325 ms (62.9862 GFLOPS)
        · teir_sa:contraction_abcdef_gfab_degc laeuft [ 1322s] … [NEW BEST] Trial #1 | SF=2, Parallel=a -> Zeit: 70.2325 ms (62.9862 GFLOPS)
        · teir_sa:contraction_abcdef_gfab_degc laeuft [ 1352s] … [NEW BEST] Trial #1 | SF=2, Parallel=a -> Zeit: 70.2325 ms (62.9862 GFLOPS)
        · teir_sa:contraction_abcdef_gfab_degc laeuft [ 1380s] … [NEW BEST] Trial #1 | SF=2, Parallel=a -> Zeit: 70.2325 ms (62.9862 GFLOPS)
        · teir_sa:contraction_abcdef_gfab_degc laeuft [ 1410s] … [NEW BEST] Trial #1 | SF=2, Parallel=a -> Zeit: 70.2325 ms (62.9862 GFLOPS)
        · teir_sa:contraction_abcdef_gfab_degc laeuft [ 1440s] … [NEW BEST] Trial #1 | SF=2, Parallel=a -> Zeit: 70.2325 ms (62.9862 GFLOPS)
        · teir_sa:contraction_abcdef_gfab_degc laeuft [ 1470s] … [NEW BEST] Trial #1 | SF=2, Parallel=a -> Zeit: 70.2325 ms (62.9862 GFLOPS)
        · teir_sa:contraction_abcdef_gfab_degc laeuft [ 1501s] … [NEW BEST] Trial #1 | SF=2, Parallel=a -> Zeit: 70.2325 ms (62.9862 GFLOPS)
        · teir_sa:contraction_abcdef_gfab_degc laeuft [ 1531s] … [NEW BEST] Trial #1 | SF=2, Parallel=a -> Zeit: 70.2325 ms (62.9862 GFLOPS)
        · teir_sa:contraction_abcdef_gfab_degc laeuft [ 1561s] … [NEW BEST] Trial #1 | SF=2, Parallel=a -> Zeit: 70.2325 ms (62.9862 GFLOPS)
        · teir_sa:contraction_abcdef_gfab_degc laeuft [ 1591s] … [NEW BEST] Trial #1 | SF=2, Parallel=a -> Zeit: 70.2325 ms (62.9862 GFLOPS)
        · teir_sa:contraction_abcdef_gfab_degc laeuft [ 1621s] … [NEW BEST] Trial #1 | SF=2, Parallel=a -> Zeit: 70.2325 ms (62.9862 GFLOPS)
        · teir_sa:contraction_abcdef_gfab_degc laeuft [ 1651s] … [NEW BEST] Trial #1 | SF=2, Parallel=a -> Zeit: 70.2325 ms (62.9862 GFLOPS)
        · teir_sa:contraction_abcdef_gfab_degc laeuft [ 1681s] … [NEW BEST] Trial #1 | SF=2, Parallel=a -> Zeit: 70.2325 ms (62.9862 GFLOPS)
        · teir_sa:contraction_abcdef_gfab_degc laeuft [ 1711s] … [NEW BEST] Trial #1 | SF=2, Parallel=a -> Zeit: 70.2325 ms (62.9862 GFLOPS)
        · teir_sa:contraction_abcdef_gfab_degc laeuft [ 1742s] … [NEW BEST] Trial #1 | SF=2, Parallel=a -> Zeit: 70.2325 ms (62.9862 GFLOPS)
        · teir_sa:contraction_abcdef_gfab_degc laeuft [ 1772s] … [NEW BEST] Trial #1 | SF=2, Parallel=a -> Zeit: 70.2325 ms (62.9862 GFLOPS)
        · teir_sa:contraction_abcdef_gfab_degc laeuft [ 1802s] … [NEW BEST] Trial #1 | SF=2, Parallel=a -> Zeit: 70.2325 ms (62.9862 GFLOPS)
  [teir_sa] 34/36 contraction_abcdef_gfab_degc           63.0 GFLOPS [partial-timeout]   1802s  DONE @ 2026-08-02 02:48:15
  [teir_sa] 35/36 contraction_abcdef_gfac_degb           ... START @ 2026-08-02 02:48:15
        · teir_sa:contraction_abcdef_gfac_degb laeuft [   30s] … [NEW BEST] Trial #1 | SF=2, Parallel=a -> Zeit: 70.4283 ms (62.8111 GFLOPS)
        · teir_sa:contraction_abcdef_gfac_degb laeuft [   60s] … [NEW BEST] Trial #1 | SF=2, Parallel=a -> Zeit: 70.4283 ms (62.8111 GFLOPS)
        · teir_sa:contraction_abcdef_gfac_degb laeuft [   90s] … [NEW BEST] Trial #1 | SF=2, Parallel=a -> Zeit: 70.4283 ms (62.8111 GFLOPS)
        · teir_sa:contraction_abcdef_gfac_degb laeuft [  121s] … [NEW BEST] Trial #1 | SF=2, Parallel=a -> Zeit: 70.4283 ms (62.8111 GFLOPS)
        · teir_sa:contraction_abcdef_gfac_degb laeuft [  151s] … [NEW BEST] Trial #1 | SF=2, Parallel=a -> Zeit: 70.4283 ms (62.8111 GFLOPS)
        · teir_sa:contraction_abcdef_gfac_degb laeuft [  181s] … [NEW BEST] Trial #1 | SF=2, Parallel=a -> Zeit: 70.4283 ms (62.8111 GFLOPS)
        · teir_sa:contraction_abcdef_gfac_degb laeuft [  211s] … [NEW BEST] Trial #1 | SF=2, Parallel=a -> Zeit: 70.4283 ms (62.8111 GFLOPS)
        · teir_sa:contraction_abcdef_gfac_degb laeuft [  241s] … [NEW BEST] Trial #1 | SF=2, Parallel=a -> Zeit: 70.4283 ms (62.8111 GFLOPS)
        · teir_sa:contraction_abcdef_gfac_degb laeuft [  271s] … [NEW BEST] Trial #1 | SF=2, Parallel=a -> Zeit: 70.4283 ms (62.8111 GFLOPS)
        · teir_sa:contraction_abcdef_gfac_degb laeuft [  301s] … [NEW BEST] Trial #1 | SF=2, Parallel=a -> Zeit: 70.4283 ms (62.8111 GFLOPS)
        · teir_sa:contraction_abcdef_gfac_degb laeuft [  331s] … [NEW BEST] Trial #1 | SF=2, Parallel=a -> Zeit: 70.4283 ms (62.8111 GFLOPS)
        · teir_sa:contraction_abcdef_gfac_degb laeuft [  362s] … [NEW BEST] Trial #1 | SF=2, Parallel=a -> Zeit: 70.4283 ms (62.8111 GFLOPS)
        · teir_sa:contraction_abcdef_gfac_degb laeuft [  392s] … [NEW BEST] Trial #1 | SF=2, Parallel=a -> Zeit: 70.4283 ms (62.8111 GFLOPS)
        · teir_sa:contraction_abcdef_gfac_degb laeuft [  422s] … [NEW BEST] Trial #4 | SF=4, Parallel=a -> Zeit: 68.6337 ms (64.4535 GFLOPS)
        · teir_sa:contraction_abcdef_gfac_degb laeuft [  452s] … [NEW BEST] Trial #4 | SF=4, Parallel=a -> Zeit: 68.6337 ms (64.4535 GFLOPS)
        · teir_sa:contraction_abcdef_gfac_degb laeuft [  480s] … [NEW BEST] Trial #4 | SF=4, Parallel=a -> Zeit: 68.6337 ms (64.4535 GFLOPS)
        · teir_sa:contraction_abcdef_gfac_degb laeuft [  510s] … [NEW BEST] Trial #4 | SF=4, Parallel=a -> Zeit: 68.6337 ms (64.4535 GFLOPS)
        · teir_sa:contraction_abcdef_gfac_degb laeuft [  540s] … [NEW BEST] Trial #4 | SF=4, Parallel=a -> Zeit: 68.6337 ms (64.4535 GFLOPS)
        · teir_sa:contraction_abcdef_gfac_degb laeuft [  571s] … [NEW BEST] Trial #4 | SF=4, Parallel=a -> Zeit: 68.6337 ms (64.4535 GFLOPS)
        · teir_sa:contraction_abcdef_gfac_degb laeuft [  601s] … [NEW BEST] Trial #4 | SF=4, Parallel=a -> Zeit: 68.6337 ms (64.4535 GFLOPS)
        · teir_sa:contraction_abcdef_gfac_degb laeuft [  631s] … [NEW BEST] Trial #4 | SF=4, Parallel=a -> Zeit: 68.6337 ms (64.4535 GFLOPS)
        · teir_sa:contraction_abcdef_gfac_degb laeuft [  661s] … [NEW BEST] Trial #4 | SF=4, Parallel=a -> Zeit: 68.6337 ms (64.4535 GFLOPS)
        · teir_sa:contraction_abcdef_gfac_degb laeuft [  691s] … [NEW BEST] Trial #4 | SF=4, Parallel=a -> Zeit: 68.6337 ms (64.4535 GFLOPS)
        · teir_sa:contraction_abcdef_gfac_degb laeuft [  721s] … [NEW BEST] Trial #4 | SF=4, Parallel=a -> Zeit: 68.6337 ms (64.4535 GFLOPS)
        · teir_sa:contraction_abcdef_gfac_degb laeuft [  751s] … [NEW BEST] Trial #4 | SF=4, Parallel=a -> Zeit: 68.6337 ms (64.4535 GFLOPS)
        · teir_sa:contraction_abcdef_gfac_degb laeuft [  781s] … [NEW BEST] Trial #4 | SF=4, Parallel=a -> Zeit: 68.6337 ms (64.4535 GFLOPS)
        · teir_sa:contraction_abcdef_gfac_degb laeuft [  812s] … [NEW BEST] Trial #4 | SF=4, Parallel=a -> Zeit: 68.6337 ms (64.4535 GFLOPS)
  [teir_sa] 35/36 contraction_abcdef_gfac_degb           64.7 GFLOPS [ok]                837s  DONE @ 2026-08-02 03:02:12
  [teir_sa] 36/36 contraction_abcdef_gfbc_dega           ... START @ 2026-08-02 03:02:12
        · teir_sa:contraction_abcdef_gfbc_dega laeuft [   30s] … [NEW BEST] Trial #1 | SF=2, Parallel=a -> Zeit: 64.8079 ms (68.2584 GFLOPS)
        · teir_sa:contraction_abcdef_gfbc_dega laeuft [   60s] … [NEW BEST] Trial #1 | SF=2, Parallel=a -> Zeit: 64.8079 ms (68.2584 GFLOPS)
        · teir_sa:contraction_abcdef_gfbc_dega laeuft [   90s] … [NEW BEST] Trial #1 | SF=2, Parallel=a -> Zeit: 64.8079 ms (68.2584 GFLOPS)
        · teir_sa:contraction_abcdef_gfbc_dega laeuft [  121s] … [NEW BEST] Trial #1 | SF=2, Parallel=a -> Zeit: 64.8079 ms (68.2584 GFLOPS)
        · teir_sa:contraction_abcdef_gfbc_dega laeuft [  151s] … [NEW BEST] Trial #1 | SF=2, Parallel=a -> Zeit: 64.8079 ms (68.2584 GFLOPS)
        · teir_sa:contraction_abcdef_gfbc_dega laeuft [  181s] … [NEW BEST] Trial #1 | SF=2, Parallel=a -> Zeit: 64.8079 ms (68.2584 GFLOPS)
        · teir_sa:contraction_abcdef_gfbc_dega laeuft [  211s] … [NEW BEST] Trial #1 | SF=2, Parallel=a -> Zeit: 64.8079 ms (68.2584 GFLOPS)
        · teir_sa:contraction_abcdef_gfbc_dega laeuft [  241s] … [NEW BEST] Trial #1 | SF=2, Parallel=a -> Zeit: 64.8079 ms (68.2584 GFLOPS)
        · teir_sa:contraction_abcdef_gfbc_dega laeuft [  271s] … [NEW BEST] Trial #1 | SF=2, Parallel=a -> Zeit: 64.8079 ms (68.2584 GFLOPS)
        · teir_sa:contraction_abcdef_gfbc_dega laeuft [  301s] … [NEW BEST] Trial #1 | SF=2, Parallel=a -> Zeit: 64.8079 ms (68.2584 GFLOPS)
        · teir_sa:contraction_abcdef_gfbc_dega laeuft [  331s] … [NEW BEST] Trial #1 | SF=2, Parallel=a -> Zeit: 64.8079 ms (68.2584 GFLOPS)
        · teir_sa:contraction_abcdef_gfbc_dega laeuft [  362s] … [NEW BEST] Trial #1 | SF=2, Parallel=a -> Zeit: 64.8079 ms (68.2584 GFLOPS)
        · teir_sa:contraction_abcdef_gfbc_dega laeuft [  392s] … [NEW BEST] Trial #1 | SF=2, Parallel=a -> Zeit: 64.8079 ms (68.2584 GFLOPS)
        · teir_sa:contraction_abcdef_gfbc_dega laeuft [  422s] … [NEW BEST] Trial #1 | SF=2, Parallel=a -> Zeit: 64.8079 ms (68.2584 GFLOPS)
        · teir_sa:contraction_abcdef_gfbc_dega laeuft [  452s] … [NEW BEST] Trial #1 | SF=2, Parallel=a -> Zeit: 64.8079 ms (68.2584 GFLOPS)
        · teir_sa:contraction_abcdef_gfbc_dega laeuft [  482s] … [NEW BEST] Trial #1 | SF=2, Parallel=a -> Zeit: 64.8079 ms (68.2584 GFLOPS)
        · teir_sa:contraction_abcdef_gfbc_dega laeuft [  510s] … [NEW BEST] Trial #1 | SF=2, Parallel=a -> Zeit: 64.8079 ms (68.2584 GFLOPS)
        · teir_sa:contraction_abcdef_gfbc_dega laeuft [  540s] … [NEW BEST] Trial #1 | SF=2, Parallel=a -> Zeit: 64.8079 ms (68.2584 GFLOPS)
        · teir_sa:contraction_abcdef_gfbc_dega laeuft [  570s] … [NEW BEST] Trial #1 | SF=2, Parallel=a -> Zeit: 64.8079 ms (68.2584 GFLOPS)
        · teir_sa:contraction_abcdef_gfbc_dega laeuft [  601s] … [NEW BEST] Trial #1 | SF=2, Parallel=a -> Zeit: 64.8079 ms (68.2584 GFLOPS)
        · teir_sa:contraction_abcdef_gfbc_dega laeuft [  631s] … [NEW BEST] Trial #1 | SF=2, Parallel=a -> Zeit: 64.8079 ms (68.2584 GFLOPS)
        · teir_sa:contraction_abcdef_gfbc_dega laeuft [  661s] … [NEW BEST] Trial #1 | SF=2, Parallel=a -> Zeit: 64.8079 ms (68.2584 GFLOPS)
        · teir_sa:contraction_abcdef_gfbc_dega laeuft [  691s] … [NEW BEST] Trial #1 | SF=2, Parallel=a -> Zeit: 64.8079 ms (68.2584 GFLOPS)
        · teir_sa:contraction_abcdef_gfbc_dega laeuft [  721s] … [NEW BEST] Trial #1 | SF=2, Parallel=a -> Zeit: 64.8079 ms (68.2584 GFLOPS)
        · teir_sa:contraction_abcdef_gfbc_dega laeuft [  751s] … [NEW BEST] Trial #1 | SF=2, Parallel=a -> Zeit: 64.8079 ms (68.2584 GFLOPS)
        · teir_sa:contraction_abcdef_gfbc_dega laeuft [  781s] … [NEW BEST] Trial #1 | SF=2, Parallel=a -> Zeit: 64.8079 ms (68.2584 GFLOPS)
        · teir_sa:contraction_abcdef_gfbc_dega laeuft [  811s] … [NEW BEST] Trial #1 | SF=2, Parallel=a -> Zeit: 64.8079 ms (68.2584 GFLOPS)
        · teir_sa:contraction_abcdef_gfbc_dega laeuft [  842s] … [NEW BEST] Trial #1 | SF=2, Parallel=a -> Zeit: 64.8079 ms (68.2584 GFLOPS)
        · teir_sa:contraction_abcdef_gfbc_dega laeuft [  872s] … [NEW BEST] Trial #1 | SF=2, Parallel=a -> Zeit: 64.8079 ms (68.2584 GFLOPS)
        · teir_sa:contraction_abcdef_gfbc_dega laeuft [  902s] … [NEW BEST] Trial #1 | SF=2, Parallel=a -> Zeit: 64.8079 ms (68.2584 GFLOPS)
        · teir_sa:contraction_abcdef_gfbc_dega laeuft [  932s] … [NEW BEST] Trial #1 | SF=2, Parallel=a -> Zeit: 64.8079 ms (68.2584 GFLOPS)
        · teir_sa:contraction_abcdef_gfbc_dega laeuft [  960s] … [NEW BEST] Trial #1 | SF=2, Parallel=a -> Zeit: 64.8079 ms (68.2584 GFLOPS)
        · teir_sa:contraction_abcdef_gfbc_dega laeuft [  990s] … [NEW BEST] Trial #1 | SF=2, Parallel=a -> Zeit: 64.8079 ms (68.2584 GFLOPS)
        · teir_sa:contraction_abcdef_gfbc_dega laeuft [ 1020s] … [NEW BEST] Trial #1 | SF=2, Parallel=a -> Zeit: 64.8079 ms (68.2584 GFLOPS)
        · teir_sa:contraction_abcdef_gfbc_dega laeuft [ 1050s] … [NEW BEST] Trial #1 | SF=2, Parallel=a -> Zeit: 64.8079 ms (68.2584 GFLOPS)
        · teir_sa:contraction_abcdef_gfbc_dega laeuft [ 1081s] … [NEW BEST] Trial #1 | SF=2, Parallel=a -> Zeit: 64.8079 ms (68.2584 GFLOPS)
        · teir_sa:contraction_abcdef_gfbc_dega laeuft [ 1111s] … [NEW BEST] Trial #1 | SF=2, Parallel=a -> Zeit: 64.8079 ms (68.2584 GFLOPS)
        · teir_sa:contraction_abcdef_gfbc_dega laeuft [ 1141s] … [NEW BEST] Trial #1 | SF=2, Parallel=a -> Zeit: 64.8079 ms (68.2584 GFLOPS)
        · teir_sa:contraction_abcdef_gfbc_dega laeuft [ 1171s] … [NEW BEST] Trial #1 | SF=2, Parallel=a -> Zeit: 64.8079 ms (68.2584 GFLOPS)
        · teir_sa:contraction_abcdef_gfbc_dega laeuft [ 1201s] … [NEW BEST] Trial #1 | SF=2, Parallel=a -> Zeit: 64.8079 ms (68.2584 GFLOPS)
        · teir_sa:contraction_abcdef_gfbc_dega laeuft [ 1231s] … [NEW BEST] Trial #1 | SF=2, Parallel=a -> Zeit: 64.8079 ms (68.2584 GFLOPS)
        · teir_sa:contraction_abcdef_gfbc_dega laeuft [ 1261s] … [NEW BEST] Trial #1 | SF=2, Parallel=a -> Zeit: 64.8079 ms (68.2584 GFLOPS)
        · teir_sa:contraction_abcdef_gfbc_dega laeuft [ 1292s] … [NEW BEST] Trial #1 | SF=2, Parallel=a -> Zeit: 64.8079 ms (68.2584 GFLOPS)
        · teir_sa:contraction_abcdef_gfbc_dega laeuft [ 1322s] … [NEW BEST] Trial #1 | SF=2, Parallel=a -> Zeit: 64.8079 ms (68.2584 GFLOPS)
        · teir_sa:contraction_abcdef_gfbc_dega laeuft [ 1352s] … [NEW BEST] Trial #1 | SF=2, Parallel=a -> Zeit: 64.8079 ms (68.2584 GFLOPS)
        · teir_sa:contraction_abcdef_gfbc_dega laeuft [ 1382s] … [NEW BEST] Trial #1 | SF=2, Parallel=a -> Zeit: 64.8079 ms (68.2584 GFLOPS)
        · teir_sa:contraction_abcdef_gfbc_dega laeuft [ 1410s] … [NEW BEST] Trial #1 | SF=2, Parallel=a -> Zeit: 64.8079 ms (68.2584 GFLOPS)
        · teir_sa:contraction_abcdef_gfbc_dega laeuft [ 1440s] … [NEW BEST] Trial #1 | SF=2, Parallel=a -> Zeit: 64.8079 ms (68.2584 GFLOPS)
        · teir_sa:contraction_abcdef_gfbc_dega laeuft [ 1470s] … [NEW BEST] Trial #1 | SF=2, Parallel=a -> Zeit: 64.8079 ms (68.2584 GFLOPS)
        · teir_sa:contraction_abcdef_gfbc_dega laeuft [ 1500s] … [NEW BEST] Trial #1 | SF=2, Parallel=a -> Zeit: 64.8079 ms (68.2584 GFLOPS)
        · teir_sa:contraction_abcdef_gfbc_dega laeuft [ 1531s] … [NEW BEST] Trial #1 | SF=2, Parallel=a -> Zeit: 64.8079 ms (68.2584 GFLOPS)
        · teir_sa:contraction_abcdef_gfbc_dega laeuft [ 1561s] … [NEW BEST] Trial #1 | SF=2, Parallel=a -> Zeit: 64.8079 ms (68.2584 GFLOPS)
        · teir_sa:contraction_abcdef_gfbc_dega laeuft [ 1591s] … [NEW BEST] Trial #1 | SF=2, Parallel=a -> Zeit: 64.8079 ms (68.2584 GFLOPS)
        · teir_sa:contraction_abcdef_gfbc_dega laeuft [ 1621s] … [NEW BEST] Trial #1 | SF=2, Parallel=a -> Zeit: 64.8079 ms (68.2584 GFLOPS)
        · teir_sa:contraction_abcdef_gfbc_dega laeuft [ 1651s] … [NEW BEST] Trial #1 | SF=2, Parallel=a -> Zeit: 64.8079 ms (68.2584 GFLOPS)
        · teir_sa:contraction_abcdef_gfbc_dega laeuft [ 1681s] … [NEW BEST] Trial #1 | SF=2, Parallel=a -> Zeit: 64.8079 ms (68.2584 GFLOPS)
        · teir_sa:contraction_abcdef_gfbc_dega laeuft [ 1711s] … [NEW BEST] Trial #1 | SF=2, Parallel=a -> Zeit: 64.8079 ms (68.2584 GFLOPS)
        · teir_sa:contraction_abcdef_gfbc_dega laeuft [ 1741s] … [NEW BEST] Trial #1 | SF=2, Parallel=a -> Zeit: 64.8079 ms (68.2584 GFLOPS)
        · teir_sa:contraction_abcdef_gfbc_dega laeuft [ 1772s] … [NEW BEST] Trial #1 | SF=2, Parallel=a -> Zeit: 64.8079 ms (68.2584 GFLOPS)
        · teir_sa:contraction_abcdef_gfbc_dega laeuft [ 1802s] … [NEW BEST] Trial #1 | SF=2, Parallel=a -> Zeit: 64.8079 ms (68.2584 GFLOPS)
  [teir_sa] 36/36 contraction_abcdef_gfbc_dega           68.3 GFLOPS [partial-timeout]   1802s  DONE @ 2026-08-02 03:32:13
----- Stufe TEIR_SA fertig in 806.3 min @ 2026-08-02 03:32:13 -----

----- Stufe TEIR_GA -> teir_ga.csv (0 bereits erledigt) @ 2026-08-02 03:32:13 -----
  [teir_ga]  1/36 contraction_abc_bda_dc                 ... START @ 2026-08-02 03:32:13
        · teir_ga:contraction_abc_bda_dc laeuft [   30s] … [NEW BEST] Trial #1 | SF=2, Parallel=a -> Zeit: 75.3058 ms (36.0916 GFLOPS)
        · teir_ga:contraction_abc_bda_dc laeuft [   60s] … [NEW BEST] Trial #1 | SF=2, Parallel=a -> Zeit: 75.3058 ms (36.0916 GFLOPS)
        · teir_ga:contraction_abc_bda_dc laeuft [   90s] … [NEW BEST] Trial #1 | SF=2, Parallel=a -> Zeit: 75.3058 ms (36.0916 GFLOPS)
        · teir_ga:contraction_abc_bda_dc laeuft [  121s] … [NEW BEST] Trial #1 | SF=2, Parallel=a -> Zeit: 75.3058 ms (36.0916 GFLOPS)
        · teir_ga:contraction_abc_bda_dc laeuft [  151s] … [NEW BEST] Trial #1 | SF=2, Parallel=a -> Zeit: 75.3058 ms (36.0916 GFLOPS)
        · teir_ga:contraction_abc_bda_dc laeuft [  181s] … [NEW BEST] Trial #5 | SF=2, Parallel=b -> Zeit: 65.0863 ms (41.7585 GFLOPS)
        · teir_ga:contraction_abc_bda_dc laeuft [  211s] … [NEW BEST] Trial #5 | SF=2, Parallel=b -> Zeit: 65.0863 ms (41.7585 GFLOPS)
        · teir_ga:contraction_abc_bda_dc laeuft [  241s] … [NEW BEST] Trial #5 | SF=2, Parallel=b -> Zeit: 65.0863 ms (41.7585 GFLOPS)
        · teir_ga:contraction_abc_bda_dc laeuft [  271s] … [NEW BEST] Trial #5 | SF=2, Parallel=b -> Zeit: 65.0863 ms (41.7585 GFLOPS)
        · teir_ga:contraction_abc_bda_dc laeuft [  301s] … [NEW BEST] Trial #5 | SF=2, Parallel=b -> Zeit: 65.0863 ms (41.7585 GFLOPS)
        · teir_ga:contraction_abc_bda_dc laeuft [  331s] … [NEW BEST] Trial #5 | SF=2, Parallel=b -> Zeit: 65.0863 ms (41.7585 GFLOPS)
  [teir_ga]  1/36 contraction_abc_bda_dc                 37.0 GFLOPS [ok]                346s  DONE @ 2026-08-02 03:38:00
  [teir_ga]  2/36 contraction_abc_dca_bd                 ... START @ 2026-08-02 03:38:00
        · teir_ga:contraction_abc_dca_bd laeuft [   30s] … [NEW BEST] Trial #1 | SF=2, Parallel=a -> Zeit: 623.229 ms (4.27016 GFLOPS)
        · teir_ga:contraction_abc_dca_bd laeuft [   60s] … [NEW BEST] Trial #1 | SF=2, Parallel=a -> Zeit: 623.229 ms (4.27016 GFLOPS)
        · teir_ga:contraction_abc_dca_bd laeuft [   90s] … [NEW BEST] Trial #1 | SF=2, Parallel=a -> Zeit: 623.229 ms (4.27016 GFLOPS)
        · teir_ga:contraction_abc_dca_bd laeuft [  121s] … [NEW BEST] Trial #1 | SF=2, Parallel=a -> Zeit: 623.229 ms (4.27016 GFLOPS)
        · teir_ga:contraction_abc_dca_bd laeuft [  151s] … [NEW BEST] Trial #1 | SF=2, Parallel=a -> Zeit: 623.229 ms (4.27016 GFLOPS)
        · teir_ga:contraction_abc_dca_bd laeuft [  181s] … [NEW BEST] Trial #1 | SF=2, Parallel=a -> Zeit: 623.229 ms (4.27016 GFLOPS)
        · teir_ga:contraction_abc_dca_bd laeuft [  211s] … [NEW BEST] Trial #1 | SF=2, Parallel=a -> Zeit: 623.229 ms (4.27016 GFLOPS)
        · teir_ga:contraction_abc_dca_bd laeuft [  241s] … [NEW BEST] Trial #5 | SF=2, Parallel=b -> Zeit: 224.65 ms (11.8464 GFLOPS)
        · teir_ga:contraction_abc_dca_bd laeuft [  271s] … [NEW BEST] Trial #5 | SF=2, Parallel=b -> Zeit: 224.65 ms (11.8464 GFLOPS)
        · teir_ga:contraction_abc_dca_bd laeuft [  301s] … [NEW BEST] Trial #5 | SF=2, Parallel=b -> Zeit: 224.65 ms (11.8464 GFLOPS)
        · teir_ga:contraction_abc_dca_bd laeuft [  331s] … [NEW BEST] Trial #5 | SF=2, Parallel=b -> Zeit: 224.65 ms (11.8464 GFLOPS)
        · teir_ga:contraction_abc_dca_bd laeuft [  362s] … [NEW BEST] Trial #5 | SF=2, Parallel=b -> Zeit: 224.65 ms (11.8464 GFLOPS)
        · teir_ga:contraction_abc_dca_bd laeuft [  392s] … [NEW BEST] Trial #5 | SF=2, Parallel=b -> Zeit: 224.65 ms (11.8464 GFLOPS)
        · teir_ga:contraction_abc_dca_bd laeuft [  422s] … [NEW BEST] Trial #5 | SF=2, Parallel=b -> Zeit: 224.65 ms (11.8464 GFLOPS)
        · teir_ga:contraction_abc_dca_bd laeuft [  452s] … [NEW BEST] Trial #5 | SF=2, Parallel=b -> Zeit: 224.65 ms (11.8464 GFLOPS)
        · teir_ga:contraction_abc_dca_bd laeuft [  480s] … [NEW BEST] Trial #12 | SF=2, Parallel=a -> Zeit: 190.722 ms (13.9537 GFLOPS)
  [teir_ga]  2/36 contraction_abc_dca_bd                 14.2 GFLOPS [ok]                507s  DONE @ 2026-08-02 03:46:26
  [teir_ga]  3/36 contraction_abcd_dbea_ec               ... START @ 2026-08-02 03:46:26
        · teir_ga:contraction_abcd_dbea_ec laeuft [   30s] … [NEW BEST] Trial #6 | SF=4, Parallel=b -> Zeit: 95.522 ms (37.3449 GFLOPS)
        · teir_ga:contraction_abcd_dbea_ec laeuft [   60s] … [NEW BEST] Trial #6 | SF=4, Parallel=b -> Zeit: 95.522 ms (37.3449 GFLOPS)
  [teir_ga]  3/36 contraction_abcd_dbea_ec               62.3 GFLOPS [ok]                 88s  DONE @ 2026-08-02 03:47:55
  [teir_ga]  4/36 contraction_abcd_deca_be               ... START @ 2026-08-02 03:47:55
        · teir_ga:contraction_abcd_deca_be laeuft [   30s] … [NEW BEST] Trial #7 | SF=2, Parallel=d -> Zeit: 38.8338 ms (80.377 GFLOPS)
        · teir_ga:contraction_abcd_deca_be laeuft [   60s] … [NEW BEST] Trial #7 | SF=2, Parallel=d -> Zeit: 38.8338 ms (80.377 GFLOPS)
        · teir_ga:contraction_abcd_deca_be laeuft [   90s] … [NEW BEST] Trial #7 | SF=2, Parallel=d -> Zeit: 38.8338 ms (80.377 GFLOPS)
        · teir_ga:contraction_abcd_deca_be laeuft [  121s] … [NEW BEST] Trial #7 | SF=2, Parallel=d -> Zeit: 38.8338 ms (80.377 GFLOPS)
        · teir_ga:contraction_abcd_deca_be laeuft [  151s] … [NEW BEST] Trial #7 | SF=2, Parallel=d -> Zeit: 38.8338 ms (80.377 GFLOPS)
  [teir_ga]  4/36 contraction_abcd_deca_be               79.6 GFLOPS [ok]                177s  DONE @ 2026-08-02 03:50:52
  [teir_ga]  5/36 contraction_abcd_ebad_ce               ... START @ 2026-08-02 03:50:52
        · teir_ga:contraction_abcd_ebad_ce laeuft [   30s] … [NEW BEST] Trial #1 | SF=2, Parallel=a -> Zeit: 75.2576 ms (41.4755 GFLOPS)
        · teir_ga:contraction_abcd_ebad_ce laeuft [   60s] … [NEW BEST] Trial #1 | SF=2, Parallel=a -> Zeit: 75.2576 ms (41.4755 GFLOPS)
        · teir_ga:contraction_abcd_ebad_ce laeuft [   90s] … [NEW BEST] Trial #1 | SF=2, Parallel=a -> Zeit: 75.2576 ms (41.4755 GFLOPS)
        · teir_ga:contraction_abcd_ebad_ce laeuft [  120s] … [NEW BEST] Trial #1 | SF=2, Parallel=a -> Zeit: 75.2576 ms (41.4755 GFLOPS)
        · teir_ga:contraction_abcd_ebad_ce laeuft [  151s] … [NEW BEST] Trial #1 | SF=2, Parallel=a -> Zeit: 75.2576 ms (41.4755 GFLOPS)
  [teir_ga]  5/36 contraction_abcd_ebad_ce               41.1 GFLOPS [ok]                153s  DONE @ 2026-08-02 03:53:25
  [teir_ga]  6/36 contraction_abcde_efbad_cf             ... START @ 2026-08-02 03:53:25
  [teir_ga]  6/36 contraction_abcde_efbad_cf             FAIL:no-success                   7s  DONE @ 2026-08-02 03:53:32
  [teir_ga]  7/36 contraction_abcde_ecbfa_fd             ... START @ 2026-08-02 03:53:32
  [teir_ga]  7/36 contraction_abcde_ecbfa_fd             FAIL:no-success                   7s  DONE @ 2026-08-02 03:53:39
  [teir_ga]  8/36 contraction_abcde_efcad_bf             ... START @ 2026-08-02 03:53:39
  [teir_ga]  8/36 contraction_abcde_efcad_bf             FAIL:no-success                   7s  DONE @ 2026-08-02 03:53:46
  [teir_ga]  9/36 contraction_abcd_ea_ebcd               ... START @ 2026-08-02 03:53:46
        · teir_ga:contraction_abcd_ea_ebcd laeuft [   30s] … [NEW BEST] Trial #1 | SF=2, Parallel=a -> Zeit: 175.382 ms (62.2911 GFLOPS)
        · teir_ga:contraction_abcd_ea_ebcd laeuft [   60s] … [NEW BEST] Trial #1 | SF=2, Parallel=a -> Zeit: 175.382 ms (62.2911 GFLOPS)
        · teir_ga:contraction_abcd_ea_ebcd laeuft [   90s] … [NEW BEST] Trial #8 | SF=4, Parallel=c -> Zeit: 172.176 ms (63.4511 GFLOPS)
        · teir_ga:contraction_abcd_ea_ebcd laeuft [  121s] … [NEW BEST] Trial #8 | SF=4, Parallel=c -> Zeit: 172.176 ms (63.4511 GFLOPS)
        · teir_ga:contraction_abcd_ea_ebcd laeuft [  151s] … [NEW BEST] Trial #8 | SF=4, Parallel=c -> Zeit: 172.176 ms (63.4511 GFLOPS)
        · teir_ga:contraction_abcd_ea_ebcd laeuft [  181s] … [NEW BEST] Trial #8 | SF=4, Parallel=c -> Zeit: 172.176 ms (63.4511 GFLOPS)
        · teir_ga:contraction_abcd_ea_ebcd laeuft [  211s] … [NEW BEST] Trial #12 | SF=2, Parallel=c -> Zeit: 147.709 ms (73.961 GFLOPS)
        · teir_ga:contraction_abcd_ea_ebcd laeuft [  241s] … [NEW BEST] Trial #12 | SF=2, Parallel=c -> Zeit: 147.709 ms (73.961 GFLOPS)
        · teir_ga:contraction_abcd_ea_ebcd laeuft [  271s] … [NEW BEST] Trial #12 | SF=2, Parallel=c -> Zeit: 147.709 ms (73.961 GFLOPS)
  [teir_ga]  9/36 contraction_abcd_ea_ebcd               73.7 GFLOPS [ok]                274s  DONE @ 2026-08-02 03:58:21
  [teir_ga] 10/36 contraction_abcd_eb_aecd               ... START @ 2026-08-02 03:58:21
        · teir_ga:contraction_abcd_eb_aecd laeuft [   30s] … [NEW BEST] Trial #1 | SF=2, Parallel=a -> Zeit: 145.868 ms (74.8948 GFLOPS)
        · teir_ga:contraction_abcd_eb_aecd laeuft [   60s] … [NEW BEST] Trial #1 | SF=2, Parallel=a -> Zeit: 145.868 ms (74.8948 GFLOPS)
        · teir_ga:contraction_abcd_eb_aecd laeuft [   90s] … [NEW BEST] Trial #1 | SF=2, Parallel=a -> Zeit: 145.868 ms (74.8948 GFLOPS)
        · teir_ga:contraction_abcd_eb_aecd laeuft [  121s] … [NEW BEST] Trial #1 | SF=2, Parallel=a -> Zeit: 145.868 ms (74.8948 GFLOPS)
        · teir_ga:contraction_abcd_eb_aecd laeuft [  151s] … [NEW BEST] Trial #1 | SF=2, Parallel=a -> Zeit: 145.868 ms (74.8948 GFLOPS)
        · teir_ga:contraction_abcd_eb_aecd laeuft [  181s] … [NEW BEST] Trial #1 | SF=2, Parallel=a -> Zeit: 145.868 ms (74.8948 GFLOPS)
        · teir_ga:contraction_abcd_eb_aecd laeuft [  211s] … [NEW BEST] Trial #1 | SF=2, Parallel=a -> Zeit: 145.868 ms (74.8948 GFLOPS)
        · teir_ga:contraction_abcd_eb_aecd laeuft [  241s] … [NEW BEST] Trial #1 | SF=2, Parallel=a -> Zeit: 145.868 ms (74.8948 GFLOPS)
        · teir_ga:contraction_abcd_eb_aecd laeuft [  271s] … [NEW BEST] Trial #1 | SF=2, Parallel=a -> Zeit: 145.868 ms (74.8948 GFLOPS)
        · teir_ga:contraction_abcd_eb_aecd laeuft [  301s] … [NEW BEST] Trial #1 | SF=2, Parallel=a -> Zeit: 145.868 ms (74.8948 GFLOPS)
        · teir_ga:contraction_abcd_eb_aecd laeuft [  331s] … [NEW BEST] Trial #1 | SF=2, Parallel=a -> Zeit: 145.868 ms (74.8948 GFLOPS)
        · teir_ga:contraction_abcd_eb_aecd laeuft [  362s] … [NEW BEST] Trial #1 | SF=2, Parallel=a -> Zeit: 145.868 ms (74.8948 GFLOPS)
        · teir_ga:contraction_abcd_eb_aecd laeuft [  392s] … [NEW BEST] Trial #1 | SF=2, Parallel=a -> Zeit: 145.868 ms (74.8948 GFLOPS)
        · teir_ga:contraction_abcd_eb_aecd laeuft [  422s] … [NEW BEST] Trial #1 | SF=2, Parallel=a -> Zeit: 145.868 ms (74.8948 GFLOPS)
        · teir_ga:contraction_abcd_eb_aecd laeuft [  452s] … [NEW BEST] Trial #1 | SF=2, Parallel=a -> Zeit: 145.868 ms (74.8948 GFLOPS)
        · teir_ga:contraction_abcd_eb_aecd laeuft [  480s] … [NEW BEST] Trial #1 | SF=2, Parallel=a -> Zeit: 145.868 ms (74.8948 GFLOPS)
        · teir_ga:contraction_abcd_eb_aecd laeuft [  510s] … [NEW BEST] Trial #1 | SF=2, Parallel=a -> Zeit: 145.868 ms (74.8948 GFLOPS)
        · teir_ga:contraction_abcd_eb_aecd laeuft [  540s] … [NEW BEST] Trial #1 | SF=2, Parallel=a -> Zeit: 145.868 ms (74.8948 GFLOPS)
        · teir_ga:contraction_abcd_eb_aecd laeuft [  570s] … [NEW BEST] Trial #1 | SF=2, Parallel=a -> Zeit: 145.868 ms (74.8948 GFLOPS)
        · teir_ga:contraction_abcd_eb_aecd laeuft [  601s] … [NEW BEST] Trial #1 | SF=2, Parallel=a -> Zeit: 145.868 ms (74.8948 GFLOPS)
        · teir_ga:contraction_abcd_eb_aecd laeuft [  631s] … [NEW BEST] Trial #1 | SF=2, Parallel=a -> Zeit: 145.868 ms (74.8948 GFLOPS)
        · teir_ga:contraction_abcd_eb_aecd laeuft [  661s] … [NEW BEST] Trial #1 | SF=2, Parallel=a -> Zeit: 145.868 ms (74.8948 GFLOPS)
        · teir_ga:contraction_abcd_eb_aecd laeuft [  691s] … [NEW BEST] Trial #1 | SF=2, Parallel=a -> Zeit: 145.868 ms (74.8948 GFLOPS)
        · teir_ga:contraction_abcd_eb_aecd laeuft [  721s] … [NEW BEST] Trial #1 | SF=2, Parallel=a -> Zeit: 145.868 ms (74.8948 GFLOPS)
        · teir_ga:contraction_abcd_eb_aecd laeuft [  751s] … [NEW BEST] Trial #1 | SF=2, Parallel=a -> Zeit: 145.868 ms (74.8948 GFLOPS)
        · teir_ga:contraction_abcd_eb_aecd laeuft [  781s] … [NEW BEST] Trial #1 | SF=2, Parallel=a -> Zeit: 145.868 ms (74.8948 GFLOPS)
        · teir_ga:contraction_abcd_eb_aecd laeuft [  812s] … [NEW BEST] Trial #1 | SF=2, Parallel=a -> Zeit: 145.868 ms (74.8948 GFLOPS)
        · teir_ga:contraction_abcd_eb_aecd laeuft [  842s] … [NEW BEST] Trial #1 | SF=2, Parallel=a -> Zeit: 145.868 ms (74.8948 GFLOPS)
        · teir_ga:contraction_abcd_eb_aecd laeuft [  872s] … [NEW BEST] Trial #1 | SF=2, Parallel=a -> Zeit: 145.868 ms (74.8948 GFLOPS)
        · teir_ga:contraction_abcd_eb_aecd laeuft [  902s] … [NEW BEST] Trial #1 | SF=2, Parallel=a -> Zeit: 145.868 ms (74.8948 GFLOPS)
        · teir_ga:contraction_abcd_eb_aecd laeuft [  930s] … [NEW BEST] Trial #1 | SF=2, Parallel=a -> Zeit: 145.868 ms (74.8948 GFLOPS)
        · teir_ga:contraction_abcd_eb_aecd laeuft [  960s] … [NEW BEST] Trial #1 | SF=2, Parallel=a -> Zeit: 145.868 ms (74.8948 GFLOPS)
        · teir_ga:contraction_abcd_eb_aecd laeuft [  990s] … [NEW BEST] Trial #1 | SF=2, Parallel=a -> Zeit: 145.868 ms (74.8948 GFLOPS)
        · teir_ga:contraction_abcd_eb_aecd laeuft [ 1020s] … [NEW BEST] Trial #1 | SF=2, Parallel=a -> Zeit: 145.868 ms (74.8948 GFLOPS)
        · teir_ga:contraction_abcd_eb_aecd laeuft [ 1051s] … [NEW BEST] Trial #1 | SF=2, Parallel=a -> Zeit: 145.868 ms (74.8948 GFLOPS)
        · teir_ga:contraction_abcd_eb_aecd laeuft [ 1081s] … [NEW BEST] Trial #1 | SF=2, Parallel=a -> Zeit: 145.868 ms (74.8948 GFLOPS)
        · teir_ga:contraction_abcd_eb_aecd laeuft [ 1111s] … [NEW BEST] Trial #1 | SF=2, Parallel=a -> Zeit: 145.868 ms (74.8948 GFLOPS)
        · teir_ga:contraction_abcd_eb_aecd laeuft [ 1141s] … [NEW BEST] Trial #1 | SF=2, Parallel=a -> Zeit: 145.868 ms (74.8948 GFLOPS)
        · teir_ga:contraction_abcd_eb_aecd laeuft [ 1171s] … [NEW BEST] Trial #1 | SF=2, Parallel=a -> Zeit: 145.868 ms (74.8948 GFLOPS)
        · teir_ga:contraction_abcd_eb_aecd laeuft [ 1201s] … [NEW BEST] Trial #1 | SF=2, Parallel=a -> Zeit: 145.868 ms (74.8948 GFLOPS)
        · teir_ga:contraction_abcd_eb_aecd laeuft [ 1231s] … [NEW BEST] Trial #1 | SF=2, Parallel=a -> Zeit: 145.868 ms (74.8948 GFLOPS)
        · teir_ga:contraction_abcd_eb_aecd laeuft [ 1262s] … [NEW BEST] Trial #1 | SF=2, Parallel=a -> Zeit: 145.868 ms (74.8948 GFLOPS)
        · teir_ga:contraction_abcd_eb_aecd laeuft [ 1292s] … [NEW BEST] Trial #1 | SF=2, Parallel=a -> Zeit: 145.868 ms (74.8948 GFLOPS)
        · teir_ga:contraction_abcd_eb_aecd laeuft [ 1322s] … [NEW BEST] Trial #1 | SF=2, Parallel=a -> Zeit: 145.868 ms (74.8948 GFLOPS)
        · teir_ga:contraction_abcd_eb_aecd laeuft [ 1352s] … [NEW BEST] Trial #1 | SF=2, Parallel=a -> Zeit: 145.868 ms (74.8948 GFLOPS)
        · teir_ga:contraction_abcd_eb_aecd laeuft [ 1380s] … [NEW BEST] Trial #1 | SF=2, Parallel=a -> Zeit: 145.868 ms (74.8948 GFLOPS)
        · teir_ga:contraction_abcd_eb_aecd laeuft [ 1410s] … [NEW BEST] Trial #1 | SF=2, Parallel=a -> Zeit: 145.868 ms (74.8948 GFLOPS)
        · teir_ga:contraction_abcd_eb_aecd laeuft [ 1440s] … [NEW BEST] Trial #1 | SF=2, Parallel=a -> Zeit: 145.868 ms (74.8948 GFLOPS)
        · teir_ga:contraction_abcd_eb_aecd laeuft [ 1470s] … [NEW BEST] Trial #1 | SF=2, Parallel=a -> Zeit: 145.868 ms (74.8948 GFLOPS)
        · teir_ga:contraction_abcd_eb_aecd laeuft [ 1501s] … [NEW BEST] Trial #1 | SF=2, Parallel=a -> Zeit: 145.868 ms (74.8948 GFLOPS)
        · teir_ga:contraction_abcd_eb_aecd laeuft [ 1531s] … [NEW BEST] Trial #1 | SF=2, Parallel=a -> Zeit: 145.868 ms (74.8948 GFLOPS)
        · teir_ga:contraction_abcd_eb_aecd laeuft [ 1561s] … [NEW BEST] Trial #1 | SF=2, Parallel=a -> Zeit: 145.868 ms (74.8948 GFLOPS)
        · teir_ga:contraction_abcd_eb_aecd laeuft [ 1591s] … [NEW BEST] Trial #1 | SF=2, Parallel=a -> Zeit: 145.868 ms (74.8948 GFLOPS)
        · teir_ga:contraction_abcd_eb_aecd laeuft [ 1621s] … [NEW BEST] Trial #1 | SF=2, Parallel=a -> Zeit: 145.868 ms (74.8948 GFLOPS)
        · teir_ga:contraction_abcd_eb_aecd laeuft [ 1651s] … [NEW BEST] Trial #1 | SF=2, Parallel=a -> Zeit: 145.868 ms (74.8948 GFLOPS)
        · teir_ga:contraction_abcd_eb_aecd laeuft [ 1681s] … [NEW BEST] Trial #1 | SF=2, Parallel=a -> Zeit: 145.868 ms (74.8948 GFLOPS)
        · teir_ga:contraction_abcd_eb_aecd laeuft [ 1712s] … [NEW BEST] Trial #1 | SF=2, Parallel=a -> Zeit: 145.868 ms (74.8948 GFLOPS)
        · teir_ga:contraction_abcd_eb_aecd laeuft [ 1742s] … [NEW BEST] Trial #1 | SF=2, Parallel=a -> Zeit: 145.868 ms (74.8948 GFLOPS)
        · teir_ga:contraction_abcd_eb_aecd laeuft [ 1772s] … [NEW BEST] Trial #1 | SF=2, Parallel=a -> Zeit: 145.868 ms (74.8948 GFLOPS)
        · teir_ga:contraction_abcd_eb_aecd laeuft [ 1802s] … [NEW BEST] Trial #1 | SF=2, Parallel=a -> Zeit: 145.868 ms (74.8948 GFLOPS)
  [teir_ga] 10/36 contraction_abcd_eb_aecd               74.9 GFLOPS [partial-timeout]   1802s  DONE @ 2026-08-02 04:28:22
  [teir_ga] 11/36 contraction_abcd_ec_abed               ... START @ 2026-08-02 04:28:22
        · teir_ga:contraction_abcd_ec_abed laeuft [   30s] … [NEW BEST] Trial #1 | SF=2, Parallel=a -> Zeit: 166.254 ms (65.7109 GFLOPS)
        · teir_ga:contraction_abcd_ec_abed laeuft [   60s] … [NEW BEST] Trial #1 | SF=2, Parallel=a -> Zeit: 166.254 ms (65.7109 GFLOPS)
        · teir_ga:contraction_abcd_ec_abed laeuft [   90s] … [NEW BEST] Trial #1 | SF=2, Parallel=a -> Zeit: 166.254 ms (65.7109 GFLOPS)
        · teir_ga:contraction_abcd_ec_abed laeuft [  120s] … [NEW BEST] Trial #1 | SF=2, Parallel=a -> Zeit: 166.254 ms (65.7109 GFLOPS)
        · teir_ga:contraction_abcd_ec_abed laeuft [  151s] … [NEW BEST] Trial #1 | SF=2, Parallel=a -> Zeit: 166.254 ms (65.7109 GFLOPS)
        · teir_ga:contraction_abcd_ec_abed laeuft [  181s] … [NEW BEST] Trial #1 | SF=2, Parallel=a -> Zeit: 166.254 ms (65.7109 GFLOPS)
        · teir_ga:contraction_abcd_ec_abed laeuft [  211s] … [NEW BEST] Trial #1 | SF=2, Parallel=a -> Zeit: 166.254 ms (65.7109 GFLOPS)
        · teir_ga:contraction_abcd_ec_abed laeuft [  241s] … [NEW BEST] Trial #12 | SF=2, Parallel=c -> Zeit: 156.186 ms (69.9469 GFLOPS)
        · teir_ga:contraction_abcd_ec_abed laeuft [  271s] … [NEW BEST] Trial #12 | SF=2, Parallel=c -> Zeit: 156.186 ms (69.9469 GFLOPS)
        · teir_ga:contraction_abcd_ec_abed laeuft [  301s] … [NEW BEST] Trial #12 | SF=2, Parallel=c -> Zeit: 156.186 ms (69.9469 GFLOPS)
        · teir_ga:contraction_abcd_ec_abed laeuft [  331s] … [NEW BEST] Trial #12 | SF=2, Parallel=c -> Zeit: 156.186 ms (69.9469 GFLOPS)
  [teir_ga] 11/36 contraction_abcd_ec_abed               70.0 GFLOPS [ok]                347s  DONE @ 2026-08-02 04:34:09
  [teir_ga] 12/36 contraction_ab_acd_dbc                 ... START @ 2026-08-02 04:34:09
        · teir_ga:contraction_ab_acd_dbc laeuft [   30s] … [NEW BEST] Trial #2 | SF=1, Parallel=a -> Zeit: 1287.57 ms (32.3815 GFLOPS)
        · teir_ga:contraction_ab_acd_dbc laeuft [   60s] … [NEW BEST] Trial #2 | SF=1, Parallel=a -> Zeit: 1287.57 ms (32.3815 GFLOPS)
        · teir_ga:contraction_ab_acd_dbc laeuft [   90s] … [NEW BEST] Trial #2 | SF=1, Parallel=a -> Zeit: 1287.57 ms (32.3815 GFLOPS)
  [teir_ga] 12/36 contraction_ab_acd_dbc                 33.2 GFLOPS [ok]                108s  DONE @ 2026-08-02 04:35:57
  [teir_ga] 13/36 contraction_ab_cad_dcb                 ... START @ 2026-08-02 04:35:57
        · teir_ga:contraction_ab_cad_dcb laeuft [   30s] … [NEW BEST] Trial #1 | SF=1, Parallel=a -> Zeit: 10336.2 ms (4.11957 GFLOPS)
        · teir_ga:contraction_ab_cad_dcb laeuft [   60s] … [NEW BEST] Trial #1 | SF=1, Parallel=a -> Zeit: 10336.2 ms (4.11957 GFLOPS)
        · teir_ga:contraction_ab_cad_dcb laeuft [   90s] … [NEW BEST] Trial #3 | SF=1, Parallel=a -> Zeit: 9379.77 ms (4.53962 GFLOPS)
        · teir_ga:contraction_ab_cad_dcb laeuft [  120s] … [NEW BEST] Trial #3 | SF=1, Parallel=a -> Zeit: 9379.77 ms (4.53962 GFLOPS)
        · teir_ga:contraction_ab_cad_dcb laeuft [  150s] … [NEW BEST] Trial #3 | SF=1, Parallel=a -> Zeit: 9379.77 ms (4.53962 GFLOPS)
        · teir_ga:contraction_ab_cad_dcb laeuft [  181s] … [NEW BEST] Trial #3 | SF=1, Parallel=a -> Zeit: 9379.77 ms (4.53962 GFLOPS)
        · teir_ga:contraction_ab_cad_dcb laeuft [  211s] … [NEW BEST] Trial #3 | SF=1, Parallel=a -> Zeit: 9379.77 ms (4.53962 GFLOPS)
        · teir_ga:contraction_ab_cad_dcb laeuft [  241s] … [NEW BEST] Trial #3 | SF=1, Parallel=a -> Zeit: 9379.77 ms (4.53962 GFLOPS)
        · teir_ga:contraction_ab_cad_dcb laeuft [  271s] … [NEW BEST] Trial #3 | SF=1, Parallel=a -> Zeit: 9379.77 ms (4.53962 GFLOPS)
        · teir_ga:contraction_ab_cad_dcb laeuft [  301s] … [NEW BEST] Trial #12 | SF=64, Parallel=a -> Zeit: 8799.2 ms (4.83914 GFLOPS)
        · teir_ga:contraction_ab_cad_dcb laeuft [  331s] … [NEW BEST] Trial #12 | SF=64, Parallel=a -> Zeit: 8799.2 ms (4.83914 GFLOPS)
        · teir_ga:contraction_ab_cad_dcb laeuft [  361s] … [NEW BEST] Trial #12 | SF=64, Parallel=a -> Zeit: 8799.2 ms (4.83914 GFLOPS)
        · teir_ga:contraction_ab_cad_dcb laeuft [  391s] … [NEW BEST] Trial #12 | SF=64, Parallel=a -> Zeit: 8799.2 ms (4.83914 GFLOPS)
        · teir_ga:contraction_ab_cad_dcb laeuft [  421s] … [NEW BEST] Trial #12 | SF=64, Parallel=a -> Zeit: 8799.2 ms (4.83914 GFLOPS)
        · teir_ga:contraction_ab_cad_dcb laeuft [  452s] … [SUCCESS] Validation passed.
  [teir_ga] 13/36 contraction_ab_cad_dcb                 5.0 GFLOPS [ok]                 477s  DONE @ 2026-08-02 04:43:54
  [teir_ga] 14/36 contraction_abc_acd_db                 ... START @ 2026-08-02 04:43:54
        · teir_ga:contraction_abc_acd_db laeuft [   30s] … [NEW BEST] Trial #1 | SF=2, Parallel=a -> Zeit: 754.897 ms (55.2307 GFLOPS)
        · teir_ga:contraction_abc_acd_db laeuft [   60s] … [NEW BEST] Trial #1 | SF=2, Parallel=a -> Zeit: 754.897 ms (55.2307 GFLOPS)
        · teir_ga:contraction_abc_acd_db laeuft [   90s] … [NEW BEST] Trial #1 | SF=2, Parallel=a -> Zeit: 754.897 ms (55.2307 GFLOPS)
        · teir_ga:contraction_abc_acd_db laeuft [  121s] … [NEW BEST] Trial #1 | SF=2, Parallel=a -> Zeit: 754.897 ms (55.2307 GFLOPS)
        · teir_ga:contraction_abc_acd_db laeuft [  151s] … [NEW BEST] Trial #1 | SF=2, Parallel=a -> Zeit: 754.897 ms (55.2307 GFLOPS)
        · teir_ga:contraction_abc_acd_db laeuft [  181s] … [NEW BEST] Trial #1 | SF=2, Parallel=a -> Zeit: 754.897 ms (55.2307 GFLOPS)
        · teir_ga:contraction_abc_acd_db laeuft [  211s] … [NEW BEST] Trial #1 | SF=2, Parallel=a -> Zeit: 754.897 ms (55.2307 GFLOPS)
        · teir_ga:contraction_abc_acd_db laeuft [  241s] … [NEW BEST] Trial #1 | SF=2, Parallel=a -> Zeit: 754.897 ms (55.2307 GFLOPS)
        · teir_ga:contraction_abc_acd_db laeuft [  271s] … [NEW BEST] Trial #1 | SF=2, Parallel=a -> Zeit: 754.897 ms (55.2307 GFLOPS)
        · teir_ga:contraction_abc_acd_db laeuft [  301s] … [NEW BEST] Trial #1 | SF=2, Parallel=a -> Zeit: 754.897 ms (55.2307 GFLOPS)
        · teir_ga:contraction_abc_acd_db laeuft [  331s] … [NEW BEST] Trial #1 | SF=2, Parallel=a -> Zeit: 754.897 ms (55.2307 GFLOPS)
        · teir_ga:contraction_abc_acd_db laeuft [  362s] … [NEW BEST] Trial #1 | SF=2, Parallel=a -> Zeit: 754.897 ms (55.2307 GFLOPS)
        · teir_ga:contraction_abc_acd_db laeuft [  392s] … [NEW BEST] Trial #1 | SF=2, Parallel=a -> Zeit: 754.897 ms (55.2307 GFLOPS)
        · teir_ga:contraction_abc_acd_db laeuft [  422s] … [NEW BEST] Trial #1 | SF=2, Parallel=a -> Zeit: 754.897 ms (55.2307 GFLOPS)
        · teir_ga:contraction_abc_acd_db laeuft [  452s] … [NEW BEST] Trial #1 | SF=2, Parallel=a -> Zeit: 754.897 ms (55.2307 GFLOPS)
        · teir_ga:contraction_abc_acd_db laeuft [  480s] … [NEW BEST] Trial #1 | SF=2, Parallel=a -> Zeit: 754.897 ms (55.2307 GFLOPS)
        · teir_ga:contraction_abc_acd_db laeuft [  510s] … [NEW BEST] Trial #1 | SF=2, Parallel=a -> Zeit: 754.897 ms (55.2307 GFLOPS)
        · teir_ga:contraction_abc_acd_db laeuft [  540s] … [NEW BEST] Trial #1 | SF=2, Parallel=a -> Zeit: 754.897 ms (55.2307 GFLOPS)
        · teir_ga:contraction_abc_acd_db laeuft [  570s] … [NEW BEST] Trial #1 | SF=2, Parallel=a -> Zeit: 754.897 ms (55.2307 GFLOPS)
        · teir_ga:contraction_abc_acd_db laeuft [  601s] … [NEW BEST] Trial #1 | SF=2, Parallel=a -> Zeit: 754.897 ms (55.2307 GFLOPS)
        · teir_ga:contraction_abc_acd_db laeuft [  631s] … [NEW BEST] Trial #1 | SF=2, Parallel=a -> Zeit: 754.897 ms (55.2307 GFLOPS)
        · teir_ga:contraction_abc_acd_db laeuft [  661s] … [NEW BEST] Trial #1 | SF=2, Parallel=a -> Zeit: 754.897 ms (55.2307 GFLOPS)
        · teir_ga:contraction_abc_acd_db laeuft [  691s] … [NEW BEST] Trial #1 | SF=2, Parallel=a -> Zeit: 754.897 ms (55.2307 GFLOPS)
        · teir_ga:contraction_abc_acd_db laeuft [  721s] … [NEW BEST] Trial #1 | SF=2, Parallel=a -> Zeit: 754.897 ms (55.2307 GFLOPS)
        · teir_ga:contraction_abc_acd_db laeuft [  751s] … [NEW BEST] Trial #1 | SF=2, Parallel=a -> Zeit: 754.897 ms (55.2307 GFLOPS)
        · teir_ga:contraction_abc_acd_db laeuft [  781s] … [NEW BEST] Trial #1 | SF=2, Parallel=a -> Zeit: 754.897 ms (55.2307 GFLOPS)
        · teir_ga:contraction_abc_acd_db laeuft [  812s] … [NEW BEST] Trial #1 | SF=2, Parallel=a -> Zeit: 754.897 ms (55.2307 GFLOPS)
        · teir_ga:contraction_abc_acd_db laeuft [  842s] … [NEW BEST] Trial #1 | SF=2, Parallel=a -> Zeit: 754.897 ms (55.2307 GFLOPS)
        · teir_ga:contraction_abc_acd_db laeuft [  872s] … [NEW BEST] Trial #1 | SF=2, Parallel=a -> Zeit: 754.897 ms (55.2307 GFLOPS)
        · teir_ga:contraction_abc_acd_db laeuft [  902s] … [NEW BEST] Trial #1 | SF=2, Parallel=a -> Zeit: 754.897 ms (55.2307 GFLOPS)
        · teir_ga:contraction_abc_acd_db laeuft [  930s] … [NEW BEST] Trial #1 | SF=2, Parallel=a -> Zeit: 754.897 ms (55.2307 GFLOPS)
        · teir_ga:contraction_abc_acd_db laeuft [  960s] … [NEW BEST] Trial #1 | SF=2, Parallel=a -> Zeit: 754.897 ms (55.2307 GFLOPS)
        · teir_ga:contraction_abc_acd_db laeuft [  990s] … [NEW BEST] Trial #1 | SF=2, Parallel=a -> Zeit: 754.897 ms (55.2307 GFLOPS)
        · teir_ga:contraction_abc_acd_db laeuft [ 1020s] … [NEW BEST] Trial #1 | SF=2, Parallel=a -> Zeit: 754.897 ms (55.2307 GFLOPS)
        · teir_ga:contraction_abc_acd_db laeuft [ 1051s] … [NEW BEST] Trial #1 | SF=2, Parallel=a -> Zeit: 754.897 ms (55.2307 GFLOPS)
        · teir_ga:contraction_abc_acd_db laeuft [ 1081s] … [NEW BEST] Trial #1 | SF=2, Parallel=a -> Zeit: 754.897 ms (55.2307 GFLOPS)
        · teir_ga:contraction_abc_acd_db laeuft [ 1111s] … [NEW BEST] Trial #1 | SF=2, Parallel=a -> Zeit: 754.897 ms (55.2307 GFLOPS)
        · teir_ga:contraction_abc_acd_db laeuft [ 1141s] … [NEW BEST] Trial #1 | SF=2, Parallel=a -> Zeit: 754.897 ms (55.2307 GFLOPS)
        · teir_ga:contraction_abc_acd_db laeuft [ 1171s] … [NEW BEST] Trial #1 | SF=2, Parallel=a -> Zeit: 754.897 ms (55.2307 GFLOPS)
        · teir_ga:contraction_abc_acd_db laeuft [ 1201s] … [NEW BEST] Trial #1 | SF=2, Parallel=a -> Zeit: 754.897 ms (55.2307 GFLOPS)
        · teir_ga:contraction_abc_acd_db laeuft [ 1231s] … [NEW BEST] Trial #1 | SF=2, Parallel=a -> Zeit: 754.897 ms (55.2307 GFLOPS)
        · teir_ga:contraction_abc_acd_db laeuft [ 1262s] … [NEW BEST] Trial #1 | SF=2, Parallel=a -> Zeit: 754.897 ms (55.2307 GFLOPS)
        · teir_ga:contraction_abc_acd_db laeuft [ 1292s] … [NEW BEST] Trial #1 | SF=2, Parallel=a -> Zeit: 754.897 ms (55.2307 GFLOPS)
        · teir_ga:contraction_abc_acd_db laeuft [ 1322s] … [NEW BEST] Trial #1 | SF=2, Parallel=a -> Zeit: 754.897 ms (55.2307 GFLOPS)
        · teir_ga:contraction_abc_acd_db laeuft [ 1352s] … [NEW BEST] Trial #1 | SF=2, Parallel=a -> Zeit: 754.897 ms (55.2307 GFLOPS)
        · teir_ga:contraction_abc_acd_db laeuft [ 1380s] … [NEW BEST] Trial #1 | SF=2, Parallel=a -> Zeit: 754.897 ms (55.2307 GFLOPS)
        · teir_ga:contraction_abc_acd_db laeuft [ 1410s] … [NEW BEST] Trial #1 | SF=2, Parallel=a -> Zeit: 754.897 ms (55.2307 GFLOPS)
        · teir_ga:contraction_abc_acd_db laeuft [ 1440s] … [NEW BEST] Trial #1 | SF=2, Parallel=a -> Zeit: 754.897 ms (55.2307 GFLOPS)
        · teir_ga:contraction_abc_acd_db laeuft [ 1470s] … [NEW BEST] Trial #1 | SF=2, Parallel=a -> Zeit: 754.897 ms (55.2307 GFLOPS)
        · teir_ga:contraction_abc_acd_db laeuft [ 1501s] … [NEW BEST] Trial #1 | SF=2, Parallel=a -> Zeit: 754.897 ms (55.2307 GFLOPS)
        · teir_ga:contraction_abc_acd_db laeuft [ 1531s] … [NEW BEST] Trial #1 | SF=2, Parallel=a -> Zeit: 754.897 ms (55.2307 GFLOPS)
        · teir_ga:contraction_abc_acd_db laeuft [ 1561s] … [NEW BEST] Trial #1 | SF=2, Parallel=a -> Zeit: 754.897 ms (55.2307 GFLOPS)
        · teir_ga:contraction_abc_acd_db laeuft [ 1591s] … [NEW BEST] Trial #1 | SF=2, Parallel=a -> Zeit: 754.897 ms (55.2307 GFLOPS)
        · teir_ga:contraction_abc_acd_db laeuft [ 1621s] … [NEW BEST] Trial #1 | SF=2, Parallel=a -> Zeit: 754.897 ms (55.2307 GFLOPS)
        · teir_ga:contraction_abc_acd_db laeuft [ 1651s] … [NEW BEST] Trial #1 | SF=2, Parallel=a -> Zeit: 754.897 ms (55.2307 GFLOPS)
        · teir_ga:contraction_abc_acd_db laeuft [ 1681s] … [NEW BEST] Trial #1 | SF=2, Parallel=a -> Zeit: 754.897 ms (55.2307 GFLOPS)
        · teir_ga:contraction_abc_acd_db laeuft [ 1711s] … [NEW BEST] Trial #1 | SF=2, Parallel=a -> Zeit: 754.897 ms (55.2307 GFLOPS)
        · teir_ga:contraction_abc_acd_db laeuft [ 1742s] … [NEW BEST] Trial #1 | SF=2, Parallel=a -> Zeit: 754.897 ms (55.2307 GFLOPS)
        · teir_ga:contraction_abc_acd_db laeuft [ 1772s] … [NEW BEST] Trial #1 | SF=2, Parallel=a -> Zeit: 754.897 ms (55.2307 GFLOPS)
        · teir_ga:contraction_abc_acd_db laeuft [ 1802s] … [NEW BEST] Trial #1 | SF=2, Parallel=a -> Zeit: 754.897 ms (55.2307 GFLOPS)
  [teir_ga] 14/36 contraction_abc_acd_db                 55.2 GFLOPS [partial-timeout]   1802s  DONE @ 2026-08-02 05:13:56
  [teir_ga] 15/36 contraction_abc_ad_bdc                 ... START @ 2026-08-02 05:13:56
        · teir_ga:contraction_abc_ad_bdc laeuft [   30s] … [NEW BEST] Trial #1 | SF=2, Parallel=a -> Zeit: 862.939 ms (48.3157 GFLOPS)
        · teir_ga:contraction_abc_ad_bdc laeuft [   60s] … [NEW BEST] Trial #1 | SF=2, Parallel=a -> Zeit: 862.939 ms (48.3157 GFLOPS)
        · teir_ga:contraction_abc_ad_bdc laeuft [   90s] … [NEW BEST] Trial #1 | SF=2, Parallel=a -> Zeit: 862.939 ms (48.3157 GFLOPS)
        · teir_ga:contraction_abc_ad_bdc laeuft [  121s] … [NEW BEST] Trial #1 | SF=2, Parallel=a -> Zeit: 862.939 ms (48.3157 GFLOPS)
        · teir_ga:contraction_abc_ad_bdc laeuft [  151s] … [NEW BEST] Trial #1 | SF=2, Parallel=a -> Zeit: 862.939 ms (48.3157 GFLOPS)
        · teir_ga:contraction_abc_ad_bdc laeuft [  181s] … [NEW BEST] Trial #1 | SF=2, Parallel=a -> Zeit: 862.939 ms (48.3157 GFLOPS)
        · teir_ga:contraction_abc_ad_bdc laeuft [  211s] … [NEW BEST] Trial #1 | SF=2, Parallel=a -> Zeit: 862.939 ms (48.3157 GFLOPS)
        · teir_ga:contraction_abc_ad_bdc laeuft [  241s] … [NEW BEST] Trial #1 | SF=2, Parallel=a -> Zeit: 862.939 ms (48.3157 GFLOPS)
        · teir_ga:contraction_abc_ad_bdc laeuft [  271s] … [NEW BEST] Trial #1 | SF=2, Parallel=a -> Zeit: 862.939 ms (48.3157 GFLOPS)
        · teir_ga:contraction_abc_ad_bdc laeuft [  301s] … [NEW BEST] Trial #1 | SF=2, Parallel=a -> Zeit: 862.939 ms (48.3157 GFLOPS)
        · teir_ga:contraction_abc_ad_bdc laeuft [  331s] … [NEW BEST] Trial #1 | SF=2, Parallel=a -> Zeit: 862.939 ms (48.3157 GFLOPS)
        · teir_ga:contraction_abc_ad_bdc laeuft [  362s] … [NEW BEST] Trial #1 | SF=2, Parallel=a -> Zeit: 862.939 ms (48.3157 GFLOPS)
        · teir_ga:contraction_abc_ad_bdc laeuft [  392s] … [NEW BEST] Trial #1 | SF=2, Parallel=a -> Zeit: 862.939 ms (48.3157 GFLOPS)
        · teir_ga:contraction_abc_ad_bdc laeuft [  422s] … [NEW BEST] Trial #1 | SF=2, Parallel=a -> Zeit: 862.939 ms (48.3157 GFLOPS)
        · teir_ga:contraction_abc_ad_bdc laeuft [  452s] … [NEW BEST] Trial #1 | SF=2, Parallel=a -> Zeit: 862.939 ms (48.3157 GFLOPS)
        · teir_ga:contraction_abc_ad_bdc laeuft [  480s] … [NEW BEST] Trial #1 | SF=2, Parallel=a -> Zeit: 862.939 ms (48.3157 GFLOPS)
        · teir_ga:contraction_abc_ad_bdc laeuft [  510s] … [NEW BEST] Trial #1 | SF=2, Parallel=a -> Zeit: 862.939 ms (48.3157 GFLOPS)
        · teir_ga:contraction_abc_ad_bdc laeuft [  540s] … [NEW BEST] Trial #1 | SF=2, Parallel=a -> Zeit: 862.939 ms (48.3157 GFLOPS)
        · teir_ga:contraction_abc_ad_bdc laeuft [  570s] … [NEW BEST] Trial #1 | SF=2, Parallel=a -> Zeit: 862.939 ms (48.3157 GFLOPS)
        · teir_ga:contraction_abc_ad_bdc laeuft [  601s] … [NEW BEST] Trial #1 | SF=2, Parallel=a -> Zeit: 862.939 ms (48.3157 GFLOPS)
        · teir_ga:contraction_abc_ad_bdc laeuft [  631s] … [NEW BEST] Trial #1 | SF=2, Parallel=a -> Zeit: 862.939 ms (48.3157 GFLOPS)
        · teir_ga:contraction_abc_ad_bdc laeuft [  661s] … [NEW BEST] Trial #1 | SF=2, Parallel=a -> Zeit: 862.939 ms (48.3157 GFLOPS)
        · teir_ga:contraction_abc_ad_bdc laeuft [  691s] … [NEW BEST] Trial #1 | SF=2, Parallel=a -> Zeit: 862.939 ms (48.3157 GFLOPS)
        · teir_ga:contraction_abc_ad_bdc laeuft [  721s] … [NEW BEST] Trial #1 | SF=2, Parallel=a -> Zeit: 862.939 ms (48.3157 GFLOPS)
        · teir_ga:contraction_abc_ad_bdc laeuft [  751s] … [NEW BEST] Trial #1 | SF=2, Parallel=a -> Zeit: 862.939 ms (48.3157 GFLOPS)
        · teir_ga:contraction_abc_ad_bdc laeuft [  781s] … [NEW BEST] Trial #1 | SF=2, Parallel=a -> Zeit: 862.939 ms (48.3157 GFLOPS)
        · teir_ga:contraction_abc_ad_bdc laeuft [  812s] … [NEW BEST] Trial #1 | SF=2, Parallel=a -> Zeit: 862.939 ms (48.3157 GFLOPS)
        · teir_ga:contraction_abc_ad_bdc laeuft [  842s] … [NEW BEST] Trial #1 | SF=2, Parallel=a -> Zeit: 862.939 ms (48.3157 GFLOPS)
        · teir_ga:contraction_abc_ad_bdc laeuft [  872s] … [NEW BEST] Trial #1 | SF=2, Parallel=a -> Zeit: 862.939 ms (48.3157 GFLOPS)
        · teir_ga:contraction_abc_ad_bdc laeuft [  902s] … [NEW BEST] Trial #1 | SF=2, Parallel=a -> Zeit: 862.939 ms (48.3157 GFLOPS)
        · teir_ga:contraction_abc_ad_bdc laeuft [  930s] … [NEW BEST] Trial #1 | SF=2, Parallel=a -> Zeit: 862.939 ms (48.3157 GFLOPS)
        · teir_ga:contraction_abc_ad_bdc laeuft [  960s] … [NEW BEST] Trial #1 | SF=2, Parallel=a -> Zeit: 862.939 ms (48.3157 GFLOPS)
        · teir_ga:contraction_abc_ad_bdc laeuft [  990s] … [NEW BEST] Trial #1 | SF=2, Parallel=a -> Zeit: 862.939 ms (48.3157 GFLOPS)
        · teir_ga:contraction_abc_ad_bdc laeuft [ 1020s] … [NEW BEST] Trial #1 | SF=2, Parallel=a -> Zeit: 862.939 ms (48.3157 GFLOPS)
        · teir_ga:contraction_abc_ad_bdc laeuft [ 1051s] … [NEW BEST] Trial #1 | SF=2, Parallel=a -> Zeit: 862.939 ms (48.3157 GFLOPS)
        · teir_ga:contraction_abc_ad_bdc laeuft [ 1081s] … [NEW BEST] Trial #1 | SF=2, Parallel=a -> Zeit: 862.939 ms (48.3157 GFLOPS)
        · teir_ga:contraction_abc_ad_bdc laeuft [ 1111s] … [NEW BEST] Trial #1 | SF=2, Parallel=a -> Zeit: 862.939 ms (48.3157 GFLOPS)
        · teir_ga:contraction_abc_ad_bdc laeuft [ 1141s] … [NEW BEST] Trial #1 | SF=2, Parallel=a -> Zeit: 862.939 ms (48.3157 GFLOPS)
        · teir_ga:contraction_abc_ad_bdc laeuft [ 1171s] … [NEW BEST] Trial #1 | SF=2, Parallel=a -> Zeit: 862.939 ms (48.3157 GFLOPS)
        · teir_ga:contraction_abc_ad_bdc laeuft [ 1201s] … [NEW BEST] Trial #1 | SF=2, Parallel=a -> Zeit: 862.939 ms (48.3157 GFLOPS)
        · teir_ga:contraction_abc_ad_bdc laeuft [ 1231s] … [NEW BEST] Trial #1 | SF=2, Parallel=a -> Zeit: 862.939 ms (48.3157 GFLOPS)
        · teir_ga:contraction_abc_ad_bdc laeuft [ 1262s] … [NEW BEST] Trial #1 | SF=2, Parallel=a -> Zeit: 862.939 ms (48.3157 GFLOPS)
        · teir_ga:contraction_abc_ad_bdc laeuft [ 1292s] … [NEW BEST] Trial #1 | SF=2, Parallel=a -> Zeit: 862.939 ms (48.3157 GFLOPS)
        · teir_ga:contraction_abc_ad_bdc laeuft [ 1322s] … [NEW BEST] Trial #1 | SF=2, Parallel=a -> Zeit: 862.939 ms (48.3157 GFLOPS)
        · teir_ga:contraction_abc_ad_bdc laeuft [ 1352s] … [NEW BEST] Trial #1 | SF=2, Parallel=a -> Zeit: 862.939 ms (48.3157 GFLOPS)
        · teir_ga:contraction_abc_ad_bdc laeuft [ 1380s] … [NEW BEST] Trial #1 | SF=2, Parallel=a -> Zeit: 862.939 ms (48.3157 GFLOPS)
        · teir_ga:contraction_abc_ad_bdc laeuft [ 1410s] … [NEW BEST] Trial #1 | SF=2, Parallel=a -> Zeit: 862.939 ms (48.3157 GFLOPS)
        · teir_ga:contraction_abc_ad_bdc laeuft [ 1440s] … [NEW BEST] Trial #1 | SF=2, Parallel=a -> Zeit: 862.939 ms (48.3157 GFLOPS)
        · teir_ga:contraction_abc_ad_bdc laeuft [ 1470s] … [NEW BEST] Trial #1 | SF=2, Parallel=a -> Zeit: 862.939 ms (48.3157 GFLOPS)
        · teir_ga:contraction_abc_ad_bdc laeuft [ 1501s] … [NEW BEST] Trial #1 | SF=2, Parallel=a -> Zeit: 862.939 ms (48.3157 GFLOPS)
        · teir_ga:contraction_abc_ad_bdc laeuft [ 1531s] … [NEW BEST] Trial #1 | SF=2, Parallel=a -> Zeit: 862.939 ms (48.3157 GFLOPS)
        · teir_ga:contraction_abc_ad_bdc laeuft [ 1561s] … [NEW BEST] Trial #1 | SF=2, Parallel=a -> Zeit: 862.939 ms (48.3157 GFLOPS)
        · teir_ga:contraction_abc_ad_bdc laeuft [ 1591s] … [NEW BEST] Trial #1 | SF=2, Parallel=a -> Zeit: 862.939 ms (48.3157 GFLOPS)
        · teir_ga:contraction_abc_ad_bdc laeuft [ 1621s] … [NEW BEST] Trial #1 | SF=2, Parallel=a -> Zeit: 862.939 ms (48.3157 GFLOPS)
        · teir_ga:contraction_abc_ad_bdc laeuft [ 1651s] … [NEW BEST] Trial #1 | SF=2, Parallel=a -> Zeit: 862.939 ms (48.3157 GFLOPS)
        · teir_ga:contraction_abc_ad_bdc laeuft [ 1681s] … [NEW BEST] Trial #1 | SF=2, Parallel=a -> Zeit: 862.939 ms (48.3157 GFLOPS)
        · teir_ga:contraction_abc_ad_bdc laeuft [ 1712s] … [NEW BEST] Trial #1 | SF=2, Parallel=a -> Zeit: 862.939 ms (48.3157 GFLOPS)
        · teir_ga:contraction_abc_ad_bdc laeuft [ 1742s] … [NEW BEST] Trial #1 | SF=2, Parallel=a -> Zeit: 862.939 ms (48.3157 GFLOPS)
        · teir_ga:contraction_abc_ad_bdc laeuft [ 1772s] … [NEW BEST] Trial #1 | SF=2, Parallel=a -> Zeit: 862.939 ms (48.3157 GFLOPS)
        · teir_ga:contraction_abc_ad_bdc laeuft [ 1802s] … [NEW BEST] Trial #1 | SF=2, Parallel=a -> Zeit: 862.939 ms (48.3157 GFLOPS)
  [teir_ga] 15/36 contraction_abc_ad_bdc                 48.3 GFLOPS [partial-timeout]   1802s  DONE @ 2026-08-02 05:43:58
  [teir_ga] 16/36 contraction_abc_adc_bd                 ... START @ 2026-08-02 05:43:58
        · teir_ga:contraction_abc_adc_bd laeuft [   30s] … [NEW BEST] Trial #1 | SF=2, Parallel=a -> Zeit: 845.279 ms (49.3251 GFLOPS)
        · teir_ga:contraction_abc_adc_bd laeuft [   60s] … [NEW BEST] Trial #1 | SF=2, Parallel=a -> Zeit: 845.279 ms (49.3251 GFLOPS)
        · teir_ga:contraction_abc_adc_bd laeuft [   90s] … [NEW BEST] Trial #1 | SF=2, Parallel=a -> Zeit: 845.279 ms (49.3251 GFLOPS)
        · teir_ga:contraction_abc_adc_bd laeuft [  121s] … [NEW BEST] Trial #1 | SF=2, Parallel=a -> Zeit: 845.279 ms (49.3251 GFLOPS)
        · teir_ga:contraction_abc_adc_bd laeuft [  151s] … [NEW BEST] Trial #1 | SF=2, Parallel=a -> Zeit: 845.279 ms (49.3251 GFLOPS)
        · teir_ga:contraction_abc_adc_bd laeuft [  181s] … [NEW BEST] Trial #1 | SF=2, Parallel=a -> Zeit: 845.279 ms (49.3251 GFLOPS)
        · teir_ga:contraction_abc_adc_bd laeuft [  211s] … [NEW BEST] Trial #1 | SF=2, Parallel=a -> Zeit: 845.279 ms (49.3251 GFLOPS)
        · teir_ga:contraction_abc_adc_bd laeuft [  241s] … [NEW BEST] Trial #1 | SF=2, Parallel=a -> Zeit: 845.279 ms (49.3251 GFLOPS)
        · teir_ga:contraction_abc_adc_bd laeuft [  271s] … [NEW BEST] Trial #1 | SF=2, Parallel=a -> Zeit: 845.279 ms (49.3251 GFLOPS)
        · teir_ga:contraction_abc_adc_bd laeuft [  301s] … [NEW BEST] Trial #1 | SF=2, Parallel=a -> Zeit: 845.279 ms (49.3251 GFLOPS)
        · teir_ga:contraction_abc_adc_bd laeuft [  331s] … [NEW BEST] Trial #1 | SF=2, Parallel=a -> Zeit: 845.279 ms (49.3251 GFLOPS)
        · teir_ga:contraction_abc_adc_bd laeuft [  362s] … [NEW BEST] Trial #1 | SF=2, Parallel=a -> Zeit: 845.279 ms (49.3251 GFLOPS)
        · teir_ga:contraction_abc_adc_bd laeuft [  392s] … [NEW BEST] Trial #1 | SF=2, Parallel=a -> Zeit: 845.279 ms (49.3251 GFLOPS)
        · teir_ga:contraction_abc_adc_bd laeuft [  422s] … [NEW BEST] Trial #1 | SF=2, Parallel=a -> Zeit: 845.279 ms (49.3251 GFLOPS)
        · teir_ga:contraction_abc_adc_bd laeuft [  452s] … [NEW BEST] Trial #1 | SF=2, Parallel=a -> Zeit: 845.279 ms (49.3251 GFLOPS)
        · teir_ga:contraction_abc_adc_bd laeuft [  480s] … [NEW BEST] Trial #1 | SF=2, Parallel=a -> Zeit: 845.279 ms (49.3251 GFLOPS)
        · teir_ga:contraction_abc_adc_bd laeuft [  510s] … [NEW BEST] Trial #1 | SF=2, Parallel=a -> Zeit: 845.279 ms (49.3251 GFLOPS)
        · teir_ga:contraction_abc_adc_bd laeuft [  540s] … [NEW BEST] Trial #1 | SF=2, Parallel=a -> Zeit: 845.279 ms (49.3251 GFLOPS)
        · teir_ga:contraction_abc_adc_bd laeuft [  571s] … [NEW BEST] Trial #1 | SF=2, Parallel=a -> Zeit: 845.279 ms (49.3251 GFLOPS)
        · teir_ga:contraction_abc_adc_bd laeuft [  601s] … [NEW BEST] Trial #1 | SF=2, Parallel=a -> Zeit: 845.279 ms (49.3251 GFLOPS)
        · teir_ga:contraction_abc_adc_bd laeuft [  631s] … [NEW BEST] Trial #1 | SF=2, Parallel=a -> Zeit: 845.279 ms (49.3251 GFLOPS)
        · teir_ga:contraction_abc_adc_bd laeuft [  661s] … [NEW BEST] Trial #1 | SF=2, Parallel=a -> Zeit: 845.279 ms (49.3251 GFLOPS)
        · teir_ga:contraction_abc_adc_bd laeuft [  691s] … [NEW BEST] Trial #1 | SF=2, Parallel=a -> Zeit: 845.279 ms (49.3251 GFLOPS)
        · teir_ga:contraction_abc_adc_bd laeuft [  721s] … [NEW BEST] Trial #1 | SF=2, Parallel=a -> Zeit: 845.279 ms (49.3251 GFLOPS)
        · teir_ga:contraction_abc_adc_bd laeuft [  751s] … [NEW BEST] Trial #1 | SF=2, Parallel=a -> Zeit: 845.279 ms (49.3251 GFLOPS)
        · teir_ga:contraction_abc_adc_bd laeuft [  781s] … [NEW BEST] Trial #1 | SF=2, Parallel=a -> Zeit: 845.279 ms (49.3251 GFLOPS)
        · teir_ga:contraction_abc_adc_bd laeuft [  812s] … [NEW BEST] Trial #1 | SF=2, Parallel=a -> Zeit: 845.279 ms (49.3251 GFLOPS)
        · teir_ga:contraction_abc_adc_bd laeuft [  842s] … [NEW BEST] Trial #1 | SF=2, Parallel=a -> Zeit: 845.279 ms (49.3251 GFLOPS)
        · teir_ga:contraction_abc_adc_bd laeuft [  872s] … [NEW BEST] Trial #1 | SF=2, Parallel=a -> Zeit: 845.279 ms (49.3251 GFLOPS)
        · teir_ga:contraction_abc_adc_bd laeuft [  902s] … [NEW BEST] Trial #1 | SF=2, Parallel=a -> Zeit: 845.279 ms (49.3251 GFLOPS)
        · teir_ga:contraction_abc_adc_bd laeuft [  930s] … [NEW BEST] Trial #1 | SF=2, Parallel=a -> Zeit: 845.279 ms (49.3251 GFLOPS)
        · teir_ga:contraction_abc_adc_bd laeuft [  960s] … [NEW BEST] Trial #1 | SF=2, Parallel=a -> Zeit: 845.279 ms (49.3251 GFLOPS)
        · teir_ga:contraction_abc_adc_bd laeuft [  990s] … [NEW BEST] Trial #1 | SF=2, Parallel=a -> Zeit: 845.279 ms (49.3251 GFLOPS)
        · teir_ga:contraction_abc_adc_bd laeuft [ 1020s] … [NEW BEST] Trial #1 | SF=2, Parallel=a -> Zeit: 845.279 ms (49.3251 GFLOPS)
        · teir_ga:contraction_abc_adc_bd laeuft [ 1051s] … [NEW BEST] Trial #1 | SF=2, Parallel=a -> Zeit: 845.279 ms (49.3251 GFLOPS)
        · teir_ga:contraction_abc_adc_bd laeuft [ 1081s] … [NEW BEST] Trial #1 | SF=2, Parallel=a -> Zeit: 845.279 ms (49.3251 GFLOPS)
        · teir_ga:contraction_abc_adc_bd laeuft [ 1111s] … [NEW BEST] Trial #1 | SF=2, Parallel=a -> Zeit: 845.279 ms (49.3251 GFLOPS)
        · teir_ga:contraction_abc_adc_bd laeuft [ 1141s] … [NEW BEST] Trial #1 | SF=2, Parallel=a -> Zeit: 845.279 ms (49.3251 GFLOPS)
        · teir_ga:contraction_abc_adc_bd laeuft [ 1171s] … [NEW BEST] Trial #1 | SF=2, Parallel=a -> Zeit: 845.279 ms (49.3251 GFLOPS)
        · teir_ga:contraction_abc_adc_bd laeuft [ 1201s] … [NEW BEST] Trial #1 | SF=2, Parallel=a -> Zeit: 845.279 ms (49.3251 GFLOPS)
        · teir_ga:contraction_abc_adc_bd laeuft [ 1231s] … [NEW BEST] Trial #1 | SF=2, Parallel=a -> Zeit: 845.279 ms (49.3251 GFLOPS)
        · teir_ga:contraction_abc_adc_bd laeuft [ 1262s] … [NEW BEST] Trial #1 | SF=2, Parallel=a -> Zeit: 845.279 ms (49.3251 GFLOPS)
        · teir_ga:contraction_abc_adc_bd laeuft [ 1292s] … [NEW BEST] Trial #1 | SF=2, Parallel=a -> Zeit: 845.279 ms (49.3251 GFLOPS)
        · teir_ga:contraction_abc_adc_bd laeuft [ 1322s] … [NEW BEST] Trial #1 | SF=2, Parallel=a -> Zeit: 845.279 ms (49.3251 GFLOPS)
        · teir_ga:contraction_abc_adc_bd laeuft [ 1352s] … [NEW BEST] Trial #1 | SF=2, Parallel=a -> Zeit: 845.279 ms (49.3251 GFLOPS)
        · teir_ga:contraction_abc_adc_bd laeuft [ 1380s] … [NEW BEST] Trial #1 | SF=2, Parallel=a -> Zeit: 845.279 ms (49.3251 GFLOPS)
        · teir_ga:contraction_abc_adc_bd laeuft [ 1410s] … [NEW BEST] Trial #1 | SF=2, Parallel=a -> Zeit: 845.279 ms (49.3251 GFLOPS)
        · teir_ga:contraction_abc_adc_bd laeuft [ 1440s] … [NEW BEST] Trial #1 | SF=2, Parallel=a -> Zeit: 845.279 ms (49.3251 GFLOPS)
        · teir_ga:contraction_abc_adc_bd laeuft [ 1470s] … [NEW BEST] Trial #1 | SF=2, Parallel=a -> Zeit: 845.279 ms (49.3251 GFLOPS)
        · teir_ga:contraction_abc_adc_bd laeuft [ 1501s] … [NEW BEST] Trial #1 | SF=2, Parallel=a -> Zeit: 845.279 ms (49.3251 GFLOPS)
        · teir_ga:contraction_abc_adc_bd laeuft [ 1531s] … [NEW BEST] Trial #1 | SF=2, Parallel=a -> Zeit: 845.279 ms (49.3251 GFLOPS)
        · teir_ga:contraction_abc_adc_bd laeuft [ 1561s] … [NEW BEST] Trial #1 | SF=2, Parallel=a -> Zeit: 845.279 ms (49.3251 GFLOPS)
        · teir_ga:contraction_abc_adc_bd laeuft [ 1591s] … [NEW BEST] Trial #1 | SF=2, Parallel=a -> Zeit: 845.279 ms (49.3251 GFLOPS)
        · teir_ga:contraction_abc_adc_bd laeuft [ 1621s] … [NEW BEST] Trial #1 | SF=2, Parallel=a -> Zeit: 845.279 ms (49.3251 GFLOPS)
        · teir_ga:contraction_abc_adc_bd laeuft [ 1651s] … [NEW BEST] Trial #1 | SF=2, Parallel=a -> Zeit: 845.279 ms (49.3251 GFLOPS)
        · teir_ga:contraction_abc_adc_bd laeuft [ 1681s] … [NEW BEST] Trial #1 | SF=2, Parallel=a -> Zeit: 845.279 ms (49.3251 GFLOPS)
        · teir_ga:contraction_abc_adc_bd laeuft [ 1711s] … [NEW BEST] Trial #1 | SF=2, Parallel=a -> Zeit: 845.279 ms (49.3251 GFLOPS)
        · teir_ga:contraction_abc_adc_bd laeuft [ 1742s] … [NEW BEST] Trial #1 | SF=2, Parallel=a -> Zeit: 845.279 ms (49.3251 GFLOPS)
        · teir_ga:contraction_abc_adc_bd laeuft [ 1772s] … [NEW BEST] Trial #1 | SF=2, Parallel=a -> Zeit: 845.279 ms (49.3251 GFLOPS)
        · teir_ga:contraction_abc_adc_bd laeuft [ 1802s] … [NEW BEST] Trial #1 | SF=2, Parallel=a -> Zeit: 845.279 ms (49.3251 GFLOPS)
  [teir_ga] 16/36 contraction_abc_adc_bd                 49.3 GFLOPS [partial-timeout]   1802s  DONE @ 2026-08-02 06:14:00
  [teir_ga] 17/36 contraction_abc_adc_db                 ... START @ 2026-08-02 06:14:00
        · teir_ga:contraction_abc_adc_db laeuft [   30s] … [NEW BEST] Trial #1 | SF=2, Parallel=a -> Zeit: 985.401 ms (42.3112 GFLOPS)
        · teir_ga:contraction_abc_adc_db laeuft [   60s] … [NEW BEST] Trial #1 | SF=2, Parallel=a -> Zeit: 985.401 ms (42.3112 GFLOPS)
        · teir_ga:contraction_abc_adc_db laeuft [   90s] … [NEW BEST] Trial #1 | SF=2, Parallel=a -> Zeit: 985.401 ms (42.3112 GFLOPS)
        · teir_ga:contraction_abc_adc_db laeuft [  121s] … [NEW BEST] Trial #1 | SF=2, Parallel=a -> Zeit: 985.401 ms (42.3112 GFLOPS)
        · teir_ga:contraction_abc_adc_db laeuft [  151s] … [NEW BEST] Trial #1 | SF=2, Parallel=a -> Zeit: 985.401 ms (42.3112 GFLOPS)
        · teir_ga:contraction_abc_adc_db laeuft [  181s] … [NEW BEST] Trial #1 | SF=2, Parallel=a -> Zeit: 985.401 ms (42.3112 GFLOPS)
        · teir_ga:contraction_abc_adc_db laeuft [  211s] … [NEW BEST] Trial #1 | SF=2, Parallel=a -> Zeit: 985.401 ms (42.3112 GFLOPS)
        · teir_ga:contraction_abc_adc_db laeuft [  241s] … [NEW BEST] Trial #1 | SF=2, Parallel=a -> Zeit: 985.401 ms (42.3112 GFLOPS)
        · teir_ga:contraction_abc_adc_db laeuft [  271s] … [NEW BEST] Trial #1 | SF=2, Parallel=a -> Zeit: 985.401 ms (42.3112 GFLOPS)
        · teir_ga:contraction_abc_adc_db laeuft [  301s] … [NEW BEST] Trial #1 | SF=2, Parallel=a -> Zeit: 985.401 ms (42.3112 GFLOPS)
        · teir_ga:contraction_abc_adc_db laeuft [  331s] … [NEW BEST] Trial #1 | SF=2, Parallel=a -> Zeit: 985.401 ms (42.3112 GFLOPS)
        · teir_ga:contraction_abc_adc_db laeuft [  362s] … [NEW BEST] Trial #1 | SF=2, Parallel=a -> Zeit: 985.401 ms (42.3112 GFLOPS)
        · teir_ga:contraction_abc_adc_db laeuft [  392s] … [NEW BEST] Trial #1 | SF=2, Parallel=a -> Zeit: 985.401 ms (42.3112 GFLOPS)
        · teir_ga:contraction_abc_adc_db laeuft [  422s] … [NEW BEST] Trial #1 | SF=2, Parallel=a -> Zeit: 985.401 ms (42.3112 GFLOPS)
        · teir_ga:contraction_abc_adc_db laeuft [  452s] … [NEW BEST] Trial #1 | SF=2, Parallel=a -> Zeit: 985.401 ms (42.3112 GFLOPS)
        · teir_ga:contraction_abc_adc_db laeuft [  480s] … [NEW BEST] Trial #1 | SF=2, Parallel=a -> Zeit: 985.401 ms (42.3112 GFLOPS)
        · teir_ga:contraction_abc_adc_db laeuft [  510s] … [NEW BEST] Trial #1 | SF=2, Parallel=a -> Zeit: 985.401 ms (42.3112 GFLOPS)
        · teir_ga:contraction_abc_adc_db laeuft [  540s] … [NEW BEST] Trial #1 | SF=2, Parallel=a -> Zeit: 985.401 ms (42.3112 GFLOPS)
        · teir_ga:contraction_abc_adc_db laeuft [  570s] … [NEW BEST] Trial #1 | SF=2, Parallel=a -> Zeit: 985.401 ms (42.3112 GFLOPS)
        · teir_ga:contraction_abc_adc_db laeuft [  601s] … [NEW BEST] Trial #1 | SF=2, Parallel=a -> Zeit: 985.401 ms (42.3112 GFLOPS)
        · teir_ga:contraction_abc_adc_db laeuft [  631s] … [NEW BEST] Trial #1 | SF=2, Parallel=a -> Zeit: 985.401 ms (42.3112 GFLOPS)
        · teir_ga:contraction_abc_adc_db laeuft [  661s] … [NEW BEST] Trial #1 | SF=2, Parallel=a -> Zeit: 985.401 ms (42.3112 GFLOPS)
        · teir_ga:contraction_abc_adc_db laeuft [  691s] … [NEW BEST] Trial #1 | SF=2, Parallel=a -> Zeit: 985.401 ms (42.3112 GFLOPS)
        · teir_ga:contraction_abc_adc_db laeuft [  721s] … [NEW BEST] Trial #1 | SF=2, Parallel=a -> Zeit: 985.401 ms (42.3112 GFLOPS)
        · teir_ga:contraction_abc_adc_db laeuft [  751s] … [NEW BEST] Trial #1 | SF=2, Parallel=a -> Zeit: 985.401 ms (42.3112 GFLOPS)
        · teir_ga:contraction_abc_adc_db laeuft [  781s] … [NEW BEST] Trial #1 | SF=2, Parallel=a -> Zeit: 985.401 ms (42.3112 GFLOPS)
        · teir_ga:contraction_abc_adc_db laeuft [  812s] … [NEW BEST] Trial #1 | SF=2, Parallel=a -> Zeit: 985.401 ms (42.3112 GFLOPS)
        · teir_ga:contraction_abc_adc_db laeuft [  842s] … [NEW BEST] Trial #1 | SF=2, Parallel=a -> Zeit: 985.401 ms (42.3112 GFLOPS)
        · teir_ga:contraction_abc_adc_db laeuft [  872s] … [NEW BEST] Trial #1 | SF=2, Parallel=a -> Zeit: 985.401 ms (42.3112 GFLOPS)
        · teir_ga:contraction_abc_adc_db laeuft [  902s] … [NEW BEST] Trial #1 | SF=2, Parallel=a -> Zeit: 985.401 ms (42.3112 GFLOPS)
        · teir_ga:contraction_abc_adc_db laeuft [  930s] … [NEW BEST] Trial #1 | SF=2, Parallel=a -> Zeit: 985.401 ms (42.3112 GFLOPS)
        · teir_ga:contraction_abc_adc_db laeuft [  960s] … [NEW BEST] Trial #1 | SF=2, Parallel=a -> Zeit: 985.401 ms (42.3112 GFLOPS)
        · teir_ga:contraction_abc_adc_db laeuft [  990s] … [NEW BEST] Trial #1 | SF=2, Parallel=a -> Zeit: 985.401 ms (42.3112 GFLOPS)
        · teir_ga:contraction_abc_adc_db laeuft [ 1021s] … [NEW BEST] Trial #1 | SF=2, Parallel=a -> Zeit: 985.401 ms (42.3112 GFLOPS)
        · teir_ga:contraction_abc_adc_db laeuft [ 1051s] … [NEW BEST] Trial #1 | SF=2, Parallel=a -> Zeit: 985.401 ms (42.3112 GFLOPS)
        · teir_ga:contraction_abc_adc_db laeuft [ 1081s] … [NEW BEST] Trial #1 | SF=2, Parallel=a -> Zeit: 985.401 ms (42.3112 GFLOPS)
        · teir_ga:contraction_abc_adc_db laeuft [ 1111s] … [NEW BEST] Trial #1 | SF=2, Parallel=a -> Zeit: 985.401 ms (42.3112 GFLOPS)
        · teir_ga:contraction_abc_adc_db laeuft [ 1141s] … [NEW BEST] Trial #1 | SF=2, Parallel=a -> Zeit: 985.401 ms (42.3112 GFLOPS)
        · teir_ga:contraction_abc_adc_db laeuft [ 1171s] … [NEW BEST] Trial #1 | SF=2, Parallel=a -> Zeit: 985.401 ms (42.3112 GFLOPS)
        · teir_ga:contraction_abc_adc_db laeuft [ 1201s] … [NEW BEST] Trial #1 | SF=2, Parallel=a -> Zeit: 985.401 ms (42.3112 GFLOPS)
        · teir_ga:contraction_abc_adc_db laeuft [ 1231s] … [NEW BEST] Trial #1 | SF=2, Parallel=a -> Zeit: 985.401 ms (42.3112 GFLOPS)
        · teir_ga:contraction_abc_adc_db laeuft [ 1262s] … [NEW BEST] Trial #1 | SF=2, Parallel=a -> Zeit: 985.401 ms (42.3112 GFLOPS)
        · teir_ga:contraction_abc_adc_db laeuft [ 1292s] … [NEW BEST] Trial #1 | SF=2, Parallel=a -> Zeit: 985.401 ms (42.3112 GFLOPS)
        · teir_ga:contraction_abc_adc_db laeuft [ 1322s] … [NEW BEST] Trial #1 | SF=2, Parallel=a -> Zeit: 985.401 ms (42.3112 GFLOPS)
        · teir_ga:contraction_abc_adc_db laeuft [ 1352s] … [NEW BEST] Trial #1 | SF=2, Parallel=a -> Zeit: 985.401 ms (42.3112 GFLOPS)
        · teir_ga:contraction_abc_adc_db laeuft [ 1380s] … [NEW BEST] Trial #1 | SF=2, Parallel=a -> Zeit: 985.401 ms (42.3112 GFLOPS)
        · teir_ga:contraction_abc_adc_db laeuft [ 1410s] … [NEW BEST] Trial #1 | SF=2, Parallel=a -> Zeit: 985.401 ms (42.3112 GFLOPS)
        · teir_ga:contraction_abc_adc_db laeuft [ 1440s] … [NEW BEST] Trial #1 | SF=2, Parallel=a -> Zeit: 985.401 ms (42.3112 GFLOPS)
        · teir_ga:contraction_abc_adc_db laeuft [ 1470s] … [NEW BEST] Trial #1 | SF=2, Parallel=a -> Zeit: 985.401 ms (42.3112 GFLOPS)
        · teir_ga:contraction_abc_adc_db laeuft [ 1501s] … [NEW BEST] Trial #1 | SF=2, Parallel=a -> Zeit: 985.401 ms (42.3112 GFLOPS)
        · teir_ga:contraction_abc_adc_db laeuft [ 1531s] … [NEW BEST] Trial #1 | SF=2, Parallel=a -> Zeit: 985.401 ms (42.3112 GFLOPS)
        · teir_ga:contraction_abc_adc_db laeuft [ 1561s] … [NEW BEST] Trial #1 | SF=2, Parallel=a -> Zeit: 985.401 ms (42.3112 GFLOPS)
        · teir_ga:contraction_abc_adc_db laeuft [ 1591s] … [NEW BEST] Trial #1 | SF=2, Parallel=a -> Zeit: 985.401 ms (42.3112 GFLOPS)
        · teir_ga:contraction_abc_adc_db laeuft [ 1621s] … [NEW BEST] Trial #1 | SF=2, Parallel=a -> Zeit: 985.401 ms (42.3112 GFLOPS)
        · teir_ga:contraction_abc_adc_db laeuft [ 1651s] … [NEW BEST] Trial #1 | SF=2, Parallel=a -> Zeit: 985.401 ms (42.3112 GFLOPS)
        · teir_ga:contraction_abc_adc_db laeuft [ 1681s] … [NEW BEST] Trial #1 | SF=2, Parallel=a -> Zeit: 985.401 ms (42.3112 GFLOPS)
        · teir_ga:contraction_abc_adc_db laeuft [ 1712s] … [NEW BEST] Trial #1 | SF=2, Parallel=a -> Zeit: 985.401 ms (42.3112 GFLOPS)
        · teir_ga:contraction_abc_adc_db laeuft [ 1742s] … [NEW BEST] Trial #1 | SF=2, Parallel=a -> Zeit: 985.401 ms (42.3112 GFLOPS)
        · teir_ga:contraction_abc_adc_db laeuft [ 1772s] … [NEW BEST] Trial #1 | SF=2, Parallel=a -> Zeit: 985.401 ms (42.3112 GFLOPS)
        · teir_ga:contraction_abc_adc_db laeuft [ 1802s] … [NEW BEST] Trial #1 | SF=2, Parallel=a -> Zeit: 985.401 ms (42.3112 GFLOPS)
  [teir_ga] 17/36 contraction_abc_adc_db                 42.3 GFLOPS [partial-timeout]   1802s  DONE @ 2026-08-02 06:44:02
  [teir_ga] 18/36 contraction_abc_adec_ebd               ... START @ 2026-08-02 06:44:02
        · teir_ga:contraction_abc_adec_ebd laeuft [   30s] … [NEW BEST] Trial #1 | SF=1, Parallel=a -> Zeit: 366.199 ms (29.8328 GFLOPS)
        · teir_ga:contraction_abc_adec_ebd laeuft [   60s] … [NEW BEST] Trial #1 | SF=1, Parallel=a -> Zeit: 366.199 ms (29.8328 GFLOPS)
        · teir_ga:contraction_abc_adec_ebd laeuft [   90s] … [SUCCESS] Validation passed.
  [teir_ga] 18/36 contraction_abc_adec_ebd               29.4 GFLOPS [ok]                 92s  DONE @ 2026-08-02 06:45:33
  [teir_ga] 19/36 contraction_abcdef_dega_gfbc           ... START @ 2026-08-02 06:45:33
        · teir_ga:contraction_abcdef_dega_gfbc laeuft [   30s] … [NEW BEST] Trial #1 | SF=2, Parallel=a -> Zeit: 66.8471 ms (66.1761 GFLOPS)
        · teir_ga:contraction_abcdef_dega_gfbc laeuft [   60s] … [NEW BEST] Trial #1 | SF=2, Parallel=a -> Zeit: 66.8471 ms (66.1761 GFLOPS)
        · teir_ga:contraction_abcdef_dega_gfbc laeuft [   90s] … [NEW BEST] Trial #1 | SF=2, Parallel=a -> Zeit: 66.8471 ms (66.1761 GFLOPS)
        · teir_ga:contraction_abcdef_dega_gfbc laeuft [  121s] … [NEW BEST] Trial #1 | SF=2, Parallel=a -> Zeit: 66.8471 ms (66.1761 GFLOPS)
        · teir_ga:contraction_abcdef_dega_gfbc laeuft [  151s] … [NEW BEST] Trial #1 | SF=2, Parallel=a -> Zeit: 66.8471 ms (66.1761 GFLOPS)
        · teir_ga:contraction_abcdef_dega_gfbc laeuft [  181s] … [NEW BEST] Trial #1 | SF=2, Parallel=a -> Zeit: 66.8471 ms (66.1761 GFLOPS)
        · teir_ga:contraction_abcdef_dega_gfbc laeuft [  211s] … [NEW BEST] Trial #1 | SF=2, Parallel=a -> Zeit: 66.8471 ms (66.1761 GFLOPS)
        · teir_ga:contraction_abcdef_dega_gfbc laeuft [  241s] … [NEW BEST] Trial #1 | SF=2, Parallel=a -> Zeit: 66.8471 ms (66.1761 GFLOPS)
        · teir_ga:contraction_abcdef_dega_gfbc laeuft [  271s] … [NEW BEST] Trial #1 | SF=2, Parallel=a -> Zeit: 66.8471 ms (66.1761 GFLOPS)
        · teir_ga:contraction_abcdef_dega_gfbc laeuft [  301s] … [NEW BEST] Trial #1 | SF=2, Parallel=a -> Zeit: 66.8471 ms (66.1761 GFLOPS)
        · teir_ga:contraction_abcdef_dega_gfbc laeuft [  331s] … [NEW BEST] Trial #1 | SF=2, Parallel=a -> Zeit: 66.8471 ms (66.1761 GFLOPS)
        · teir_ga:contraction_abcdef_dega_gfbc laeuft [  362s] … [NEW BEST] Trial #1 | SF=2, Parallel=a -> Zeit: 66.8471 ms (66.1761 GFLOPS)
        · teir_ga:contraction_abcdef_dega_gfbc laeuft [  392s] … [NEW BEST] Trial #1 | SF=2, Parallel=a -> Zeit: 66.8471 ms (66.1761 GFLOPS)
        · teir_ga:contraction_abcdef_dega_gfbc laeuft [  422s] … [NEW BEST] Trial #1 | SF=2, Parallel=a -> Zeit: 66.8471 ms (66.1761 GFLOPS)
        · teir_ga:contraction_abcdef_dega_gfbc laeuft [  452s] … [NEW BEST] Trial #1 | SF=2, Parallel=a -> Zeit: 66.8471 ms (66.1761 GFLOPS)
        · teir_ga:contraction_abcdef_dega_gfbc laeuft [  480s] … [NEW BEST] Trial #1 | SF=2, Parallel=a -> Zeit: 66.8471 ms (66.1761 GFLOPS)
        · teir_ga:contraction_abcdef_dega_gfbc laeuft [  510s] … [NEW BEST] Trial #1 | SF=2, Parallel=a -> Zeit: 66.8471 ms (66.1761 GFLOPS)
        · teir_ga:contraction_abcdef_dega_gfbc laeuft [  540s] … [NEW BEST] Trial #1 | SF=2, Parallel=a -> Zeit: 66.8471 ms (66.1761 GFLOPS)
        · teir_ga:contraction_abcdef_dega_gfbc laeuft [  570s] … [NEW BEST] Trial #1 | SF=2, Parallel=a -> Zeit: 66.8471 ms (66.1761 GFLOPS)
        · teir_ga:contraction_abcdef_dega_gfbc laeuft [  601s] … [NEW BEST] Trial #1 | SF=2, Parallel=a -> Zeit: 66.8471 ms (66.1761 GFLOPS)
        · teir_ga:contraction_abcdef_dega_gfbc laeuft [  631s] … [NEW BEST] Trial #1 | SF=2, Parallel=a -> Zeit: 66.8471 ms (66.1761 GFLOPS)
        · teir_ga:contraction_abcdef_dega_gfbc laeuft [  661s] … [NEW BEST] Trial #1 | SF=2, Parallel=a -> Zeit: 66.8471 ms (66.1761 GFLOPS)
        · teir_ga:contraction_abcdef_dega_gfbc laeuft [  691s] … [NEW BEST] Trial #1 | SF=2, Parallel=a -> Zeit: 66.8471 ms (66.1761 GFLOPS)
        · teir_ga:contraction_abcdef_dega_gfbc laeuft [  721s] … [NEW BEST] Trial #1 | SF=2, Parallel=a -> Zeit: 66.8471 ms (66.1761 GFLOPS)
        · teir_ga:contraction_abcdef_dega_gfbc laeuft [  751s] … [NEW BEST] Trial #1 | SF=2, Parallel=a -> Zeit: 66.8471 ms (66.1761 GFLOPS)
        · teir_ga:contraction_abcdef_dega_gfbc laeuft [  781s] … [NEW BEST] Trial #1 | SF=2, Parallel=a -> Zeit: 66.8471 ms (66.1761 GFLOPS)
        · teir_ga:contraction_abcdef_dega_gfbc laeuft [  812s] … [NEW BEST] Trial #1 | SF=2, Parallel=a -> Zeit: 66.8471 ms (66.1761 GFLOPS)
        · teir_ga:contraction_abcdef_dega_gfbc laeuft [  842s] … [NEW BEST] Trial #1 | SF=2, Parallel=a -> Zeit: 66.8471 ms (66.1761 GFLOPS)
        · teir_ga:contraction_abcdef_dega_gfbc laeuft [  872s] … [NEW BEST] Trial #1 | SF=2, Parallel=a -> Zeit: 66.8471 ms (66.1761 GFLOPS)
        · teir_ga:contraction_abcdef_dega_gfbc laeuft [  902s] … [NEW BEST] Trial #1 | SF=2, Parallel=a -> Zeit: 66.8471 ms (66.1761 GFLOPS)
        · teir_ga:contraction_abcdef_dega_gfbc laeuft [  930s] … [NEW BEST] Trial #1 | SF=2, Parallel=a -> Zeit: 66.8471 ms (66.1761 GFLOPS)
        · teir_ga:contraction_abcdef_dega_gfbc laeuft [  960s] … [NEW BEST] Trial #1 | SF=2, Parallel=a -> Zeit: 66.8471 ms (66.1761 GFLOPS)
        · teir_ga:contraction_abcdef_dega_gfbc laeuft [  990s] … [NEW BEST] Trial #1 | SF=2, Parallel=a -> Zeit: 66.8471 ms (66.1761 GFLOPS)
        · teir_ga:contraction_abcdef_dega_gfbc laeuft [ 1020s] … [NEW BEST] Trial #1 | SF=2, Parallel=a -> Zeit: 66.8471 ms (66.1761 GFLOPS)
        · teir_ga:contraction_abcdef_dega_gfbc laeuft [ 1051s] … [NEW BEST] Trial #1 | SF=2, Parallel=a -> Zeit: 66.8471 ms (66.1761 GFLOPS)
        · teir_ga:contraction_abcdef_dega_gfbc laeuft [ 1081s] … [NEW BEST] Trial #1 | SF=2, Parallel=a -> Zeit: 66.8471 ms (66.1761 GFLOPS)
        · teir_ga:contraction_abcdef_dega_gfbc laeuft [ 1111s] … [NEW BEST] Trial #1 | SF=2, Parallel=a -> Zeit: 66.8471 ms (66.1761 GFLOPS)
        · teir_ga:contraction_abcdef_dega_gfbc laeuft [ 1141s] … [NEW BEST] Trial #1 | SF=2, Parallel=a -> Zeit: 66.8471 ms (66.1761 GFLOPS)
        · teir_ga:contraction_abcdef_dega_gfbc laeuft [ 1171s] … [NEW BEST] Trial #1 | SF=2, Parallel=a -> Zeit: 66.8471 ms (66.1761 GFLOPS)
        · teir_ga:contraction_abcdef_dega_gfbc laeuft [ 1201s] … [NEW BEST] Trial #1 | SF=2, Parallel=a -> Zeit: 66.8471 ms (66.1761 GFLOPS)
        · teir_ga:contraction_abcdef_dega_gfbc laeuft [ 1231s] … [NEW BEST] Trial #1 | SF=2, Parallel=a -> Zeit: 66.8471 ms (66.1761 GFLOPS)
        · teir_ga:contraction_abcdef_dega_gfbc laeuft [ 1262s] … [NEW BEST] Trial #1 | SF=2, Parallel=a -> Zeit: 66.8471 ms (66.1761 GFLOPS)
        · teir_ga:contraction_abcdef_dega_gfbc laeuft [ 1292s] … [NEW BEST] Trial #1 | SF=2, Parallel=a -> Zeit: 66.8471 ms (66.1761 GFLOPS)
        · teir_ga:contraction_abcdef_dega_gfbc laeuft [ 1322s] … [NEW BEST] Trial #1 | SF=2, Parallel=a -> Zeit: 66.8471 ms (66.1761 GFLOPS)
        · teir_ga:contraction_abcdef_dega_gfbc laeuft [ 1352s] … [NEW BEST] Trial #1 | SF=2, Parallel=a -> Zeit: 66.8471 ms (66.1761 GFLOPS)
        · teir_ga:contraction_abcdef_dega_gfbc laeuft [ 1380s] … [NEW BEST] Trial #1 | SF=2, Parallel=a -> Zeit: 66.8471 ms (66.1761 GFLOPS)
        · teir_ga:contraction_abcdef_dega_gfbc laeuft [ 1410s] … [NEW BEST] Trial #1 | SF=2, Parallel=a -> Zeit: 66.8471 ms (66.1761 GFLOPS)
        · teir_ga:contraction_abcdef_dega_gfbc laeuft [ 1440s] … [NEW BEST] Trial #1 | SF=2, Parallel=a -> Zeit: 66.8471 ms (66.1761 GFLOPS)
        · teir_ga:contraction_abcdef_dega_gfbc laeuft [ 1470s] … [NEW BEST] Trial #1 | SF=2, Parallel=a -> Zeit: 66.8471 ms (66.1761 GFLOPS)
        · teir_ga:contraction_abcdef_dega_gfbc laeuft [ 1501s] … [NEW BEST] Trial #1 | SF=2, Parallel=a -> Zeit: 66.8471 ms (66.1761 GFLOPS)
        · teir_ga:contraction_abcdef_dega_gfbc laeuft [ 1531s] … [NEW BEST] Trial #1 | SF=2, Parallel=a -> Zeit: 66.8471 ms (66.1761 GFLOPS)
        · teir_ga:contraction_abcdef_dega_gfbc laeuft [ 1561s] … [NEW BEST] Trial #1 | SF=2, Parallel=a -> Zeit: 66.8471 ms (66.1761 GFLOPS)
        · teir_ga:contraction_abcdef_dega_gfbc laeuft [ 1591s] … [NEW BEST] Trial #1 | SF=2, Parallel=a -> Zeit: 66.8471 ms (66.1761 GFLOPS)
        · teir_ga:contraction_abcdef_dega_gfbc laeuft [ 1621s] … [NEW BEST] Trial #1 | SF=2, Parallel=a -> Zeit: 66.8471 ms (66.1761 GFLOPS)
        · teir_ga:contraction_abcdef_dega_gfbc laeuft [ 1651s] … [NEW BEST] Trial #1 | SF=2, Parallel=a -> Zeit: 66.8471 ms (66.1761 GFLOPS)
        · teir_ga:contraction_abcdef_dega_gfbc laeuft [ 1681s] … [NEW BEST] Trial #1 | SF=2, Parallel=a -> Zeit: 66.8471 ms (66.1761 GFLOPS)
        · teir_ga:contraction_abcdef_dega_gfbc laeuft [ 1711s] … [NEW BEST] Trial #1 | SF=2, Parallel=a -> Zeit: 66.8471 ms (66.1761 GFLOPS)
        · teir_ga:contraction_abcdef_dega_gfbc laeuft [ 1742s] … [NEW BEST] Trial #1 | SF=2, Parallel=a -> Zeit: 66.8471 ms (66.1761 GFLOPS)
        · teir_ga:contraction_abcdef_dega_gfbc laeuft [ 1772s] … [NEW BEST] Trial #1 | SF=2, Parallel=a -> Zeit: 66.8471 ms (66.1761 GFLOPS)
        · teir_ga:contraction_abcdef_dega_gfbc laeuft [ 1802s] … [NEW BEST] Trial #1 | SF=2, Parallel=a -> Zeit: 66.8471 ms (66.1761 GFLOPS)
  [teir_ga] 19/36 contraction_abcdef_dega_gfbc           66.2 GFLOPS [partial-timeout]   1802s  DONE @ 2026-08-02 07:15:35
  [teir_ga] 20/36 contraction_abcdef_degb_gfac           ... START @ 2026-08-02 07:15:35
        · teir_ga:contraction_abcdef_degb_gfac laeuft [   30s] … [NEW BEST] Trial #2 | SF=2, Parallel=b -> Zeit: 63.9296 ms (69.1961 GFLOPS)
        · teir_ga:contraction_abcdef_degb_gfac laeuft [   60s] … [NEW BEST] Trial #2 | SF=2, Parallel=b -> Zeit: 63.9296 ms (69.1961 GFLOPS)
        · teir_ga:contraction_abcdef_degb_gfac laeuft [   90s] … [NEW BEST] Trial #2 | SF=2, Parallel=b -> Zeit: 63.9296 ms (69.1961 GFLOPS)
        · teir_ga:contraction_abcdef_degb_gfac laeuft [  121s] … [NEW BEST] Trial #2 | SF=2, Parallel=b -> Zeit: 63.9296 ms (69.1961 GFLOPS)
        · teir_ga:contraction_abcdef_degb_gfac laeuft [  151s] … [NEW BEST] Trial #2 | SF=2, Parallel=b -> Zeit: 63.9296 ms (69.1961 GFLOPS)
        · teir_ga:contraction_abcdef_degb_gfac laeuft [  181s] … [NEW BEST] Trial #2 | SF=2, Parallel=b -> Zeit: 63.9296 ms (69.1961 GFLOPS)
        · teir_ga:contraction_abcdef_degb_gfac laeuft [  211s] … [NEW BEST] Trial #2 | SF=2, Parallel=b -> Zeit: 63.9296 ms (69.1961 GFLOPS)
        · teir_ga:contraction_abcdef_degb_gfac laeuft [  241s] … [NEW BEST] Trial #2 | SF=2, Parallel=b -> Zeit: 63.9296 ms (69.1961 GFLOPS)
        · teir_ga:contraction_abcdef_degb_gfac laeuft [  271s] … [NEW BEST] Trial #2 | SF=2, Parallel=b -> Zeit: 63.9296 ms (69.1961 GFLOPS)
        · teir_ga:contraction_abcdef_degb_gfac laeuft [  301s] … [NEW BEST] Trial #2 | SF=2, Parallel=b -> Zeit: 63.9296 ms (69.1961 GFLOPS)
        · teir_ga:contraction_abcdef_degb_gfac laeuft [  331s] … [NEW BEST] Trial #2 | SF=2, Parallel=b -> Zeit: 63.9296 ms (69.1961 GFLOPS)
        · teir_ga:contraction_abcdef_degb_gfac laeuft [  362s] … [NEW BEST] Trial #2 | SF=2, Parallel=b -> Zeit: 63.9296 ms (69.1961 GFLOPS)
        · teir_ga:contraction_abcdef_degb_gfac laeuft [  392s] … [NEW BEST] Trial #2 | SF=2, Parallel=b -> Zeit: 63.9296 ms (69.1961 GFLOPS)
        · teir_ga:contraction_abcdef_degb_gfac laeuft [  422s] … [NEW BEST] Trial #2 | SF=2, Parallel=b -> Zeit: 63.9296 ms (69.1961 GFLOPS)
        · teir_ga:contraction_abcdef_degb_gfac laeuft [  452s] … [NEW BEST] Trial #2 | SF=2, Parallel=b -> Zeit: 63.9296 ms (69.1961 GFLOPS)
        · teir_ga:contraction_abcdef_degb_gfac laeuft [  480s] … [NEW BEST] Trial #2 | SF=2, Parallel=b -> Zeit: 63.9296 ms (69.1961 GFLOPS)
        · teir_ga:contraction_abcdef_degb_gfac laeuft [  510s] … [NEW BEST] Trial #2 | SF=2, Parallel=b -> Zeit: 63.9296 ms (69.1961 GFLOPS)
        · teir_ga:contraction_abcdef_degb_gfac laeuft [  540s] … [NEW BEST] Trial #2 | SF=2, Parallel=b -> Zeit: 63.9296 ms (69.1961 GFLOPS)
        · teir_ga:contraction_abcdef_degb_gfac laeuft [  571s] … [NEW BEST] Trial #2 | SF=2, Parallel=b -> Zeit: 63.9296 ms (69.1961 GFLOPS)
        · teir_ga:contraction_abcdef_degb_gfac laeuft [  601s] … [NEW BEST] Trial #2 | SF=2, Parallel=b -> Zeit: 63.9296 ms (69.1961 GFLOPS)
        · teir_ga:contraction_abcdef_degb_gfac laeuft [  631s] … [NEW BEST] Trial #2 | SF=2, Parallel=b -> Zeit: 63.9296 ms (69.1961 GFLOPS)
        · teir_ga:contraction_abcdef_degb_gfac laeuft [  661s] … [NEW BEST] Trial #2 | SF=2, Parallel=b -> Zeit: 63.9296 ms (69.1961 GFLOPS)
        · teir_ga:contraction_abcdef_degb_gfac laeuft [  691s] … [NEW BEST] Trial #2 | SF=2, Parallel=b -> Zeit: 63.9296 ms (69.1961 GFLOPS)
        · teir_ga:contraction_abcdef_degb_gfac laeuft [  721s] … [NEW BEST] Trial #2 | SF=2, Parallel=b -> Zeit: 63.9296 ms (69.1961 GFLOPS)
        · teir_ga:contraction_abcdef_degb_gfac laeuft [  751s] … [NEW BEST] Trial #2 | SF=2, Parallel=b -> Zeit: 63.9296 ms (69.1961 GFLOPS)
        · teir_ga:contraction_abcdef_degb_gfac laeuft [  781s] … [NEW BEST] Trial #2 | SF=2, Parallel=b -> Zeit: 63.9296 ms (69.1961 GFLOPS)
        · teir_ga:contraction_abcdef_degb_gfac laeuft [  812s] … [NEW BEST] Trial #2 | SF=2, Parallel=b -> Zeit: 63.9296 ms (69.1961 GFLOPS)
        · teir_ga:contraction_abcdef_degb_gfac laeuft [  842s] … [NEW BEST] Trial #2 | SF=2, Parallel=b -> Zeit: 63.9296 ms (69.1961 GFLOPS)
        · teir_ga:contraction_abcdef_degb_gfac laeuft [  872s] … [NEW BEST] Trial #2 | SF=2, Parallel=b -> Zeit: 63.9296 ms (69.1961 GFLOPS)
        · teir_ga:contraction_abcdef_degb_gfac laeuft [  902s] … [NEW BEST] Trial #2 | SF=2, Parallel=b -> Zeit: 63.9296 ms (69.1961 GFLOPS)
        · teir_ga:contraction_abcdef_degb_gfac laeuft [  930s] … [NEW BEST] Trial #2 | SF=2, Parallel=b -> Zeit: 63.9296 ms (69.1961 GFLOPS)
        · teir_ga:contraction_abcdef_degb_gfac laeuft [  960s] … [NEW BEST] Trial #2 | SF=2, Parallel=b -> Zeit: 63.9296 ms (69.1961 GFLOPS)
        · teir_ga:contraction_abcdef_degb_gfac laeuft [  990s] … [NEW BEST] Trial #2 | SF=2, Parallel=b -> Zeit: 63.9296 ms (69.1961 GFLOPS)
        · teir_ga:contraction_abcdef_degb_gfac laeuft [ 1020s] … [NEW BEST] Trial #2 | SF=2, Parallel=b -> Zeit: 63.9296 ms (69.1961 GFLOPS)
        · teir_ga:contraction_abcdef_degb_gfac laeuft [ 1051s] … [NEW BEST] Trial #2 | SF=2, Parallel=b -> Zeit: 63.9296 ms (69.1961 GFLOPS)
        · teir_ga:contraction_abcdef_degb_gfac laeuft [ 1081s] … [NEW BEST] Trial #2 | SF=2, Parallel=b -> Zeit: 63.9296 ms (69.1961 GFLOPS)
        · teir_ga:contraction_abcdef_degb_gfac laeuft [ 1111s] … [NEW BEST] Trial #2 | SF=2, Parallel=b -> Zeit: 63.9296 ms (69.1961 GFLOPS)
        · teir_ga:contraction_abcdef_degb_gfac laeuft [ 1141s] … [NEW BEST] Trial #2 | SF=2, Parallel=b -> Zeit: 63.9296 ms (69.1961 GFLOPS)
        · teir_ga:contraction_abcdef_degb_gfac laeuft [ 1171s] … [NEW BEST] Trial #2 | SF=2, Parallel=b -> Zeit: 63.9296 ms (69.1961 GFLOPS)
        · teir_ga:contraction_abcdef_degb_gfac laeuft [ 1201s] … [NEW BEST] Trial #2 | SF=2, Parallel=b -> Zeit: 63.9296 ms (69.1961 GFLOPS)
        · teir_ga:contraction_abcdef_degb_gfac laeuft [ 1231s] … [NEW BEST] Trial #2 | SF=2, Parallel=b -> Zeit: 63.9296 ms (69.1961 GFLOPS)
        · teir_ga:contraction_abcdef_degb_gfac laeuft [ 1262s] … [NEW BEST] Trial #2 | SF=2, Parallel=b -> Zeit: 63.9296 ms (69.1961 GFLOPS)
        · teir_ga:contraction_abcdef_degb_gfac laeuft [ 1292s] … [NEW BEST] Trial #2 | SF=2, Parallel=b -> Zeit: 63.9296 ms (69.1961 GFLOPS)
        · teir_ga:contraction_abcdef_degb_gfac laeuft [ 1322s] … [NEW BEST] Trial #2 | SF=2, Parallel=b -> Zeit: 63.9296 ms (69.1961 GFLOPS)
        · teir_ga:contraction_abcdef_degb_gfac laeuft [ 1352s] … [NEW BEST] Trial #2 | SF=2, Parallel=b -> Zeit: 63.9296 ms (69.1961 GFLOPS)
        · teir_ga:contraction_abcdef_degb_gfac laeuft [ 1380s] … [NEW BEST] Trial #2 | SF=2, Parallel=b -> Zeit: 63.9296 ms (69.1961 GFLOPS)
        · teir_ga:contraction_abcdef_degb_gfac laeuft [ 1410s] … [NEW BEST] Trial #2 | SF=2, Parallel=b -> Zeit: 63.9296 ms (69.1961 GFLOPS)
        · teir_ga:contraction_abcdef_degb_gfac laeuft [ 1440s] … [NEW BEST] Trial #2 | SF=2, Parallel=b -> Zeit: 63.9296 ms (69.1961 GFLOPS)
        · teir_ga:contraction_abcdef_degb_gfac laeuft [ 1470s] … [NEW BEST] Trial #2 | SF=2, Parallel=b -> Zeit: 63.9296 ms (69.1961 GFLOPS)
        · teir_ga:contraction_abcdef_degb_gfac laeuft [ 1501s] … [NEW BEST] Trial #2 | SF=2, Parallel=b -> Zeit: 63.9296 ms (69.1961 GFLOPS)
        · teir_ga:contraction_abcdef_degb_gfac laeuft [ 1531s] … [NEW BEST] Trial #2 | SF=2, Parallel=b -> Zeit: 63.9296 ms (69.1961 GFLOPS)
        · teir_ga:contraction_abcdef_degb_gfac laeuft [ 1561s] … [NEW BEST] Trial #2 | SF=2, Parallel=b -> Zeit: 63.9296 ms (69.1961 GFLOPS)
        · teir_ga:contraction_abcdef_degb_gfac laeuft [ 1591s] … [NEW BEST] Trial #2 | SF=2, Parallel=b -> Zeit: 63.9296 ms (69.1961 GFLOPS)
        · teir_ga:contraction_abcdef_degb_gfac laeuft [ 1621s] … [NEW BEST] Trial #2 | SF=2, Parallel=b -> Zeit: 63.9296 ms (69.1961 GFLOPS)
        · teir_ga:contraction_abcdef_degb_gfac laeuft [ 1651s] … [NEW BEST] Trial #2 | SF=2, Parallel=b -> Zeit: 63.9296 ms (69.1961 GFLOPS)
        · teir_ga:contraction_abcdef_degb_gfac laeuft [ 1681s] … [NEW BEST] Trial #2 | SF=2, Parallel=b -> Zeit: 63.9296 ms (69.1961 GFLOPS)
        · teir_ga:contraction_abcdef_degb_gfac laeuft [ 1712s] … [NEW BEST] Trial #2 | SF=2, Parallel=b -> Zeit: 63.9296 ms (69.1961 GFLOPS)
        · teir_ga:contraction_abcdef_degb_gfac laeuft [ 1742s] … [NEW BEST] Trial #2 | SF=2, Parallel=b -> Zeit: 63.9296 ms (69.1961 GFLOPS)
        · teir_ga:contraction_abcdef_degb_gfac laeuft [ 1772s] … [NEW BEST] Trial #2 | SF=2, Parallel=b -> Zeit: 63.9296 ms (69.1961 GFLOPS)
        · teir_ga:contraction_abcdef_degb_gfac laeuft [ 1802s] … [NEW BEST] Trial #2 | SF=2, Parallel=b -> Zeit: 63.9296 ms (69.1961 GFLOPS)
  [teir_ga] 20/36 contraction_abcdef_degb_gfac           69.2 GFLOPS [partial-timeout]   1802s  DONE @ 2026-08-02 07:45:37
  [teir_ga] 21/36 contraction_abcdef_degc_gfab           ... START @ 2026-08-02 07:45:37
        · teir_ga:contraction_abcdef_degc_gfab laeuft [   30s] … [NEW BEST] Trial #2 | SF=2, Parallel=b -> Zeit: 64.3898 ms (68.7015 GFLOPS)
        · teir_ga:contraction_abcdef_degc_gfab laeuft [   60s] … [NEW BEST] Trial #2 | SF=2, Parallel=b -> Zeit: 64.3898 ms (68.7015 GFLOPS)
        · teir_ga:contraction_abcdef_degc_gfab laeuft [   90s] … [NEW BEST] Trial #2 | SF=2, Parallel=b -> Zeit: 64.3898 ms (68.7015 GFLOPS)
        · teir_ga:contraction_abcdef_degc_gfab laeuft [  121s] … [NEW BEST] Trial #2 | SF=2, Parallel=b -> Zeit: 64.3898 ms (68.7015 GFLOPS)
        · teir_ga:contraction_abcdef_degc_gfab laeuft [  151s] … [NEW BEST] Trial #2 | SF=2, Parallel=b -> Zeit: 64.3898 ms (68.7015 GFLOPS)
        · teir_ga:contraction_abcdef_degc_gfab laeuft [  181s] … [NEW BEST] Trial #2 | SF=2, Parallel=b -> Zeit: 64.3898 ms (68.7015 GFLOPS)
        · teir_ga:contraction_abcdef_degc_gfab laeuft [  211s] … [NEW BEST] Trial #2 | SF=2, Parallel=b -> Zeit: 64.3898 ms (68.7015 GFLOPS)
        · teir_ga:contraction_abcdef_degc_gfab laeuft [  241s] … [NEW BEST] Trial #2 | SF=2, Parallel=b -> Zeit: 64.3898 ms (68.7015 GFLOPS)
        · teir_ga:contraction_abcdef_degc_gfab laeuft [  271s] … [NEW BEST] Trial #2 | SF=2, Parallel=b -> Zeit: 64.3898 ms (68.7015 GFLOPS)
        · teir_ga:contraction_abcdef_degc_gfab laeuft [  301s] … [NEW BEST] Trial #2 | SF=2, Parallel=b -> Zeit: 64.3898 ms (68.7015 GFLOPS)
        · teir_ga:contraction_abcdef_degc_gfab laeuft [  331s] … [NEW BEST] Trial #2 | SF=2, Parallel=b -> Zeit: 64.3898 ms (68.7015 GFLOPS)
        · teir_ga:contraction_abcdef_degc_gfab laeuft [  362s] … [NEW BEST] Trial #2 | SF=2, Parallel=b -> Zeit: 64.3898 ms (68.7015 GFLOPS)
        · teir_ga:contraction_abcdef_degc_gfab laeuft [  392s] … [NEW BEST] Trial #2 | SF=2, Parallel=b -> Zeit: 64.3898 ms (68.7015 GFLOPS)
        · teir_ga:contraction_abcdef_degc_gfab laeuft [  422s] … [NEW BEST] Trial #2 | SF=2, Parallel=b -> Zeit: 64.3898 ms (68.7015 GFLOPS)
        · teir_ga:contraction_abcdef_degc_gfab laeuft [  452s] … [NEW BEST] Trial #2 | SF=2, Parallel=b -> Zeit: 64.3898 ms (68.7015 GFLOPS)
        · teir_ga:contraction_abcdef_degc_gfab laeuft [  480s] … [NEW BEST] Trial #2 | SF=2, Parallel=b -> Zeit: 64.3898 ms (68.7015 GFLOPS)
        · teir_ga:contraction_abcdef_degc_gfab laeuft [  510s] … [NEW BEST] Trial #2 | SF=2, Parallel=b -> Zeit: 64.3898 ms (68.7015 GFLOPS)
        · teir_ga:contraction_abcdef_degc_gfab laeuft [  540s] … [NEW BEST] Trial #2 | SF=2, Parallel=b -> Zeit: 64.3898 ms (68.7015 GFLOPS)
        · teir_ga:contraction_abcdef_degc_gfab laeuft [  570s] … [NEW BEST] Trial #2 | SF=2, Parallel=b -> Zeit: 64.3898 ms (68.7015 GFLOPS)
        · teir_ga:contraction_abcdef_degc_gfab laeuft [  601s] … [NEW BEST] Trial #2 | SF=2, Parallel=b -> Zeit: 64.3898 ms (68.7015 GFLOPS)
        · teir_ga:contraction_abcdef_degc_gfab laeuft [  631s] … [NEW BEST] Trial #2 | SF=2, Parallel=b -> Zeit: 64.3898 ms (68.7015 GFLOPS)
        · teir_ga:contraction_abcdef_degc_gfab laeuft [  661s] … [NEW BEST] Trial #2 | SF=2, Parallel=b -> Zeit: 64.3898 ms (68.7015 GFLOPS)
        · teir_ga:contraction_abcdef_degc_gfab laeuft [  691s] … [NEW BEST] Trial #2 | SF=2, Parallel=b -> Zeit: 64.3898 ms (68.7015 GFLOPS)
        · teir_ga:contraction_abcdef_degc_gfab laeuft [  721s] … [NEW BEST] Trial #2 | SF=2, Parallel=b -> Zeit: 64.3898 ms (68.7015 GFLOPS)
        · teir_ga:contraction_abcdef_degc_gfab laeuft [  751s] … [NEW BEST] Trial #2 | SF=2, Parallel=b -> Zeit: 64.3898 ms (68.7015 GFLOPS)
        · teir_ga:contraction_abcdef_degc_gfab laeuft [  781s] … [NEW BEST] Trial #2 | SF=2, Parallel=b -> Zeit: 64.3898 ms (68.7015 GFLOPS)
        · teir_ga:contraction_abcdef_degc_gfab laeuft [  812s] … [NEW BEST] Trial #2 | SF=2, Parallel=b -> Zeit: 64.3898 ms (68.7015 GFLOPS)
        · teir_ga:contraction_abcdef_degc_gfab laeuft [  842s] … [NEW BEST] Trial #2 | SF=2, Parallel=b -> Zeit: 64.3898 ms (68.7015 GFLOPS)
        · teir_ga:contraction_abcdef_degc_gfab laeuft [  872s] … [NEW BEST] Trial #2 | SF=2, Parallel=b -> Zeit: 64.3898 ms (68.7015 GFLOPS)
        · teir_ga:contraction_abcdef_degc_gfab laeuft [  902s] … [NEW BEST] Trial #2 | SF=2, Parallel=b -> Zeit: 64.3898 ms (68.7015 GFLOPS)
        · teir_ga:contraction_abcdef_degc_gfab laeuft [  930s] … [NEW BEST] Trial #2 | SF=2, Parallel=b -> Zeit: 64.3898 ms (68.7015 GFLOPS)
        · teir_ga:contraction_abcdef_degc_gfab laeuft [  960s] … [NEW BEST] Trial #2 | SF=2, Parallel=b -> Zeit: 64.3898 ms (68.7015 GFLOPS)
        · teir_ga:contraction_abcdef_degc_gfab laeuft [  990s] … [NEW BEST] Trial #2 | SF=2, Parallel=b -> Zeit: 64.3898 ms (68.7015 GFLOPS)
        · teir_ga:contraction_abcdef_degc_gfab laeuft [ 1020s] … [NEW BEST] Trial #2 | SF=2, Parallel=b -> Zeit: 64.3898 ms (68.7015 GFLOPS)
        · teir_ga:contraction_abcdef_degc_gfab laeuft [ 1051s] … [NEW BEST] Trial #2 | SF=2, Parallel=b -> Zeit: 64.3898 ms (68.7015 GFLOPS)
        · teir_ga:contraction_abcdef_degc_gfab laeuft [ 1081s] … [NEW BEST] Trial #2 | SF=2, Parallel=b -> Zeit: 64.3898 ms (68.7015 GFLOPS)
        · teir_ga:contraction_abcdef_degc_gfab laeuft [ 1111s] … [NEW BEST] Trial #2 | SF=2, Parallel=b -> Zeit: 64.3898 ms (68.7015 GFLOPS)
        · teir_ga:contraction_abcdef_degc_gfab laeuft [ 1141s] … [NEW BEST] Trial #2 | SF=2, Parallel=b -> Zeit: 64.3898 ms (68.7015 GFLOPS)
        · teir_ga:contraction_abcdef_degc_gfab laeuft [ 1171s] … [NEW BEST] Trial #2 | SF=2, Parallel=b -> Zeit: 64.3898 ms (68.7015 GFLOPS)
        · teir_ga:contraction_abcdef_degc_gfab laeuft [ 1201s] … [NEW BEST] Trial #2 | SF=2, Parallel=b -> Zeit: 64.3898 ms (68.7015 GFLOPS)
        · teir_ga:contraction_abcdef_degc_gfab laeuft [ 1231s] … [NEW BEST] Trial #2 | SF=2, Parallel=b -> Zeit: 64.3898 ms (68.7015 GFLOPS)
        · teir_ga:contraction_abcdef_degc_gfab laeuft [ 1262s] … [NEW BEST] Trial #2 | SF=2, Parallel=b -> Zeit: 64.3898 ms (68.7015 GFLOPS)
        · teir_ga:contraction_abcdef_degc_gfab laeuft [ 1292s] … [NEW BEST] Trial #2 | SF=2, Parallel=b -> Zeit: 64.3898 ms (68.7015 GFLOPS)
        · teir_ga:contraction_abcdef_degc_gfab laeuft [ 1322s] … [NEW BEST] Trial #2 | SF=2, Parallel=b -> Zeit: 64.3898 ms (68.7015 GFLOPS)
        · teir_ga:contraction_abcdef_degc_gfab laeuft [ 1352s] … [NEW BEST] Trial #2 | SF=2, Parallel=b -> Zeit: 64.3898 ms (68.7015 GFLOPS)
        · teir_ga:contraction_abcdef_degc_gfab laeuft [ 1380s] … [NEW BEST] Trial #2 | SF=2, Parallel=b -> Zeit: 64.3898 ms (68.7015 GFLOPS)
        · teir_ga:contraction_abcdef_degc_gfab laeuft [ 1410s] … [NEW BEST] Trial #2 | SF=2, Parallel=b -> Zeit: 64.3898 ms (68.7015 GFLOPS)
        · teir_ga:contraction_abcdef_degc_gfab laeuft [ 1440s] … [NEW BEST] Trial #2 | SF=2, Parallel=b -> Zeit: 64.3898 ms (68.7015 GFLOPS)
        · teir_ga:contraction_abcdef_degc_gfab laeuft [ 1470s] … [NEW BEST] Trial #2 | SF=2, Parallel=b -> Zeit: 64.3898 ms (68.7015 GFLOPS)
        · teir_ga:contraction_abcdef_degc_gfab laeuft [ 1501s] … [NEW BEST] Trial #2 | SF=2, Parallel=b -> Zeit: 64.3898 ms (68.7015 GFLOPS)
        · teir_ga:contraction_abcdef_degc_gfab laeuft [ 1531s] … [NEW BEST] Trial #2 | SF=2, Parallel=b -> Zeit: 64.3898 ms (68.7015 GFLOPS)
        · teir_ga:contraction_abcdef_degc_gfab laeuft [ 1561s] … [NEW BEST] Trial #2 | SF=2, Parallel=b -> Zeit: 64.3898 ms (68.7015 GFLOPS)
        · teir_ga:contraction_abcdef_degc_gfab laeuft [ 1591s] … [NEW BEST] Trial #2 | SF=2, Parallel=b -> Zeit: 64.3898 ms (68.7015 GFLOPS)
        · teir_ga:contraction_abcdef_degc_gfab laeuft [ 1621s] … [NEW BEST] Trial #2 | SF=2, Parallel=b -> Zeit: 64.3898 ms (68.7015 GFLOPS)
        · teir_ga:contraction_abcdef_degc_gfab laeuft [ 1651s] … [NEW BEST] Trial #2 | SF=2, Parallel=b -> Zeit: 64.3898 ms (68.7015 GFLOPS)
        · teir_ga:contraction_abcdef_degc_gfab laeuft [ 1681s] … [NEW BEST] Trial #2 | SF=2, Parallel=b -> Zeit: 64.3898 ms (68.7015 GFLOPS)
        · teir_ga:contraction_abcdef_degc_gfab laeuft [ 1711s] … [NEW BEST] Trial #2 | SF=2, Parallel=b -> Zeit: 64.3898 ms (68.7015 GFLOPS)
        · teir_ga:contraction_abcdef_degc_gfab laeuft [ 1742s] … [NEW BEST] Trial #2 | SF=2, Parallel=b -> Zeit: 64.3898 ms (68.7015 GFLOPS)
        · teir_ga:contraction_abcdef_degc_gfab laeuft [ 1772s] … [NEW BEST] Trial #2 | SF=2, Parallel=b -> Zeit: 64.3898 ms (68.7015 GFLOPS)
        · teir_ga:contraction_abcdef_degc_gfab laeuft [ 1802s] … [NEW BEST] Trial #2 | SF=2, Parallel=b -> Zeit: 64.3898 ms (68.7015 GFLOPS)
  [teir_ga] 21/36 contraction_abcdef_degc_gfab           68.7 GFLOPS [partial-timeout]   1802s  DONE @ 2026-08-02 08:15:39
  [teir_ga] 22/36 contraction_abcdef_dfga_gebc           ... START @ 2026-08-02 08:15:39
        · teir_ga:contraction_abcdef_dfga_gebc laeuft [   30s] … [NEW BEST] Trial #1 | SF=2, Parallel=a -> Zeit: 60.464 ms (73.1623 GFLOPS)
        · teir_ga:contraction_abcdef_dfga_gebc laeuft [   60s] … [NEW BEST] Trial #1 | SF=2, Parallel=a -> Zeit: 60.464 ms (73.1623 GFLOPS)
        · teir_ga:contraction_abcdef_dfga_gebc laeuft [   90s] … [NEW BEST] Trial #1 | SF=2, Parallel=a -> Zeit: 60.464 ms (73.1623 GFLOPS)
        · teir_ga:contraction_abcdef_dfga_gebc laeuft [  121s] … [NEW BEST] Trial #1 | SF=2, Parallel=a -> Zeit: 60.464 ms (73.1623 GFLOPS)
        · teir_ga:contraction_abcdef_dfga_gebc laeuft [  151s] … [NEW BEST] Trial #1 | SF=2, Parallel=a -> Zeit: 60.464 ms (73.1623 GFLOPS)
        · teir_ga:contraction_abcdef_dfga_gebc laeuft [  181s] … [NEW BEST] Trial #1 | SF=2, Parallel=a -> Zeit: 60.464 ms (73.1623 GFLOPS)
        · teir_ga:contraction_abcdef_dfga_gebc laeuft [  211s] … [NEW BEST] Trial #1 | SF=2, Parallel=a -> Zeit: 60.464 ms (73.1623 GFLOPS)
        · teir_ga:contraction_abcdef_dfga_gebc laeuft [  241s] … [NEW BEST] Trial #1 | SF=2, Parallel=a -> Zeit: 60.464 ms (73.1623 GFLOPS)
        · teir_ga:contraction_abcdef_dfga_gebc laeuft [  271s] … [NEW BEST] Trial #1 | SF=2, Parallel=a -> Zeit: 60.464 ms (73.1623 GFLOPS)
        · teir_ga:contraction_abcdef_dfga_gebc laeuft [  301s] … [NEW BEST] Trial #1 | SF=2, Parallel=a -> Zeit: 60.464 ms (73.1623 GFLOPS)
        · teir_ga:contraction_abcdef_dfga_gebc laeuft [  331s] … [NEW BEST] Trial #1 | SF=2, Parallel=a -> Zeit: 60.464 ms (73.1623 GFLOPS)
        · teir_ga:contraction_abcdef_dfga_gebc laeuft [  362s] … [NEW BEST] Trial #1 | SF=2, Parallel=a -> Zeit: 60.464 ms (73.1623 GFLOPS)
        · teir_ga:contraction_abcdef_dfga_gebc laeuft [  392s] … [NEW BEST] Trial #1 | SF=2, Parallel=a -> Zeit: 60.464 ms (73.1623 GFLOPS)
        · teir_ga:contraction_abcdef_dfga_gebc laeuft [  422s] … [NEW BEST] Trial #1 | SF=2, Parallel=a -> Zeit: 60.464 ms (73.1623 GFLOPS)
        · teir_ga:contraction_abcdef_dfga_gebc laeuft [  452s] … [NEW BEST] Trial #1 | SF=2, Parallel=a -> Zeit: 60.464 ms (73.1623 GFLOPS)
        · teir_ga:contraction_abcdef_dfga_gebc laeuft [  480s] … [NEW BEST] Trial #1 | SF=2, Parallel=a -> Zeit: 60.464 ms (73.1623 GFLOPS)
        · teir_ga:contraction_abcdef_dfga_gebc laeuft [  510s] … [NEW BEST] Trial #1 | SF=2, Parallel=a -> Zeit: 60.464 ms (73.1623 GFLOPS)
        · teir_ga:contraction_abcdef_dfga_gebc laeuft [  540s] … [NEW BEST] Trial #1 | SF=2, Parallel=a -> Zeit: 60.464 ms (73.1623 GFLOPS)
        · teir_ga:contraction_abcdef_dfga_gebc laeuft [  571s] … [NEW BEST] Trial #1 | SF=2, Parallel=a -> Zeit: 60.464 ms (73.1623 GFLOPS)
        · teir_ga:contraction_abcdef_dfga_gebc laeuft [  601s] … [NEW BEST] Trial #1 | SF=2, Parallel=a -> Zeit: 60.464 ms (73.1623 GFLOPS)
        · teir_ga:contraction_abcdef_dfga_gebc laeuft [  631s] … [NEW BEST] Trial #1 | SF=2, Parallel=a -> Zeit: 60.464 ms (73.1623 GFLOPS)
        · teir_ga:contraction_abcdef_dfga_gebc laeuft [  661s] … [NEW BEST] Trial #1 | SF=2, Parallel=a -> Zeit: 60.464 ms (73.1623 GFLOPS)
        · teir_ga:contraction_abcdef_dfga_gebc laeuft [  691s] … [NEW BEST] Trial #1 | SF=2, Parallel=a -> Zeit: 60.464 ms (73.1623 GFLOPS)
        · teir_ga:contraction_abcdef_dfga_gebc laeuft [  721s] … [NEW BEST] Trial #1 | SF=2, Parallel=a -> Zeit: 60.464 ms (73.1623 GFLOPS)
        · teir_ga:contraction_abcdef_dfga_gebc laeuft [  751s] … [NEW BEST] Trial #1 | SF=2, Parallel=a -> Zeit: 60.464 ms (73.1623 GFLOPS)
        · teir_ga:contraction_abcdef_dfga_gebc laeuft [  781s] … [NEW BEST] Trial #1 | SF=2, Parallel=a -> Zeit: 60.464 ms (73.1623 GFLOPS)
        · teir_ga:contraction_abcdef_dfga_gebc laeuft [  812s] … [NEW BEST] Trial #1 | SF=2, Parallel=a -> Zeit: 60.464 ms (73.1623 GFLOPS)
        · teir_ga:contraction_abcdef_dfga_gebc laeuft [  842s] … [NEW BEST] Trial #1 | SF=2, Parallel=a -> Zeit: 60.464 ms (73.1623 GFLOPS)
        · teir_ga:contraction_abcdef_dfga_gebc laeuft [  872s] … [NEW BEST] Trial #1 | SF=2, Parallel=a -> Zeit: 60.464 ms (73.1623 GFLOPS)
        · teir_ga:contraction_abcdef_dfga_gebc laeuft [  902s] … [NEW BEST] Trial #1 | SF=2, Parallel=a -> Zeit: 60.464 ms (73.1623 GFLOPS)
        · teir_ga:contraction_abcdef_dfga_gebc laeuft [  930s] … [NEW BEST] Trial #1 | SF=2, Parallel=a -> Zeit: 60.464 ms (73.1623 GFLOPS)
        · teir_ga:contraction_abcdef_dfga_gebc laeuft [  960s] … [NEW BEST] Trial #1 | SF=2, Parallel=a -> Zeit: 60.464 ms (73.1623 GFLOPS)
        · teir_ga:contraction_abcdef_dfga_gebc laeuft [  990s] … [NEW BEST] Trial #1 | SF=2, Parallel=a -> Zeit: 60.464 ms (73.1623 GFLOPS)
        · teir_ga:contraction_abcdef_dfga_gebc laeuft [ 1020s] … [NEW BEST] Trial #1 | SF=2, Parallel=a -> Zeit: 60.464 ms (73.1623 GFLOPS)
        · teir_ga:contraction_abcdef_dfga_gebc laeuft [ 1051s] … [NEW BEST] Trial #1 | SF=2, Parallel=a -> Zeit: 60.464 ms (73.1623 GFLOPS)
        · teir_ga:contraction_abcdef_dfga_gebc laeuft [ 1081s] … [NEW BEST] Trial #1 | SF=2, Parallel=a -> Zeit: 60.464 ms (73.1623 GFLOPS)
        · teir_ga:contraction_abcdef_dfga_gebc laeuft [ 1111s] … [NEW BEST] Trial #1 | SF=2, Parallel=a -> Zeit: 60.464 ms (73.1623 GFLOPS)
        · teir_ga:contraction_abcdef_dfga_gebc laeuft [ 1141s] … [NEW BEST] Trial #1 | SF=2, Parallel=a -> Zeit: 60.464 ms (73.1623 GFLOPS)
        · teir_ga:contraction_abcdef_dfga_gebc laeuft [ 1171s] … [NEW BEST] Trial #1 | SF=2, Parallel=a -> Zeit: 60.464 ms (73.1623 GFLOPS)
        · teir_ga:contraction_abcdef_dfga_gebc laeuft [ 1201s] … [NEW BEST] Trial #1 | SF=2, Parallel=a -> Zeit: 60.464 ms (73.1623 GFLOPS)
        · teir_ga:contraction_abcdef_dfga_gebc laeuft [ 1231s] … [NEW BEST] Trial #1 | SF=2, Parallel=a -> Zeit: 60.464 ms (73.1623 GFLOPS)
        · teir_ga:contraction_abcdef_dfga_gebc laeuft [ 1262s] … [NEW BEST] Trial #1 | SF=2, Parallel=a -> Zeit: 60.464 ms (73.1623 GFLOPS)
        · teir_ga:contraction_abcdef_dfga_gebc laeuft [ 1292s] … [NEW BEST] Trial #1 | SF=2, Parallel=a -> Zeit: 60.464 ms (73.1623 GFLOPS)
        · teir_ga:contraction_abcdef_dfga_gebc laeuft [ 1322s] … [NEW BEST] Trial #1 | SF=2, Parallel=a -> Zeit: 60.464 ms (73.1623 GFLOPS)
        · teir_ga:contraction_abcdef_dfga_gebc laeuft [ 1352s] … [NEW BEST] Trial #1 | SF=2, Parallel=a -> Zeit: 60.464 ms (73.1623 GFLOPS)
        · teir_ga:contraction_abcdef_dfga_gebc laeuft [ 1380s] … [NEW BEST] Trial #1 | SF=2, Parallel=a -> Zeit: 60.464 ms (73.1623 GFLOPS)
        · teir_ga:contraction_abcdef_dfga_gebc laeuft [ 1410s] … [NEW BEST] Trial #1 | SF=2, Parallel=a -> Zeit: 60.464 ms (73.1623 GFLOPS)
        · teir_ga:contraction_abcdef_dfga_gebc laeuft [ 1440s] … [NEW BEST] Trial #1 | SF=2, Parallel=a -> Zeit: 60.464 ms (73.1623 GFLOPS)
        · teir_ga:contraction_abcdef_dfga_gebc laeuft [ 1470s] … [NEW BEST] Trial #1 | SF=2, Parallel=a -> Zeit: 60.464 ms (73.1623 GFLOPS)
        · teir_ga:contraction_abcdef_dfga_gebc laeuft [ 1501s] … [NEW BEST] Trial #1 | SF=2, Parallel=a -> Zeit: 60.464 ms (73.1623 GFLOPS)
        · teir_ga:contraction_abcdef_dfga_gebc laeuft [ 1531s] … [NEW BEST] Trial #1 | SF=2, Parallel=a -> Zeit: 60.464 ms (73.1623 GFLOPS)
        · teir_ga:contraction_abcdef_dfga_gebc laeuft [ 1561s] … [NEW BEST] Trial #1 | SF=2, Parallel=a -> Zeit: 60.464 ms (73.1623 GFLOPS)
        · teir_ga:contraction_abcdef_dfga_gebc laeuft [ 1591s] … [NEW BEST] Trial #1 | SF=2, Parallel=a -> Zeit: 60.464 ms (73.1623 GFLOPS)
        · teir_ga:contraction_abcdef_dfga_gebc laeuft [ 1621s] … [NEW BEST] Trial #1 | SF=2, Parallel=a -> Zeit: 60.464 ms (73.1623 GFLOPS)
        · teir_ga:contraction_abcdef_dfga_gebc laeuft [ 1651s] … [NEW BEST] Trial #1 | SF=2, Parallel=a -> Zeit: 60.464 ms (73.1623 GFLOPS)
        · teir_ga:contraction_abcdef_dfga_gebc laeuft [ 1681s] … [NEW BEST] Trial #1 | SF=2, Parallel=a -> Zeit: 60.464 ms (73.1623 GFLOPS)
        · teir_ga:contraction_abcdef_dfga_gebc laeuft [ 1712s] … [NEW BEST] Trial #1 | SF=2, Parallel=a -> Zeit: 60.464 ms (73.1623 GFLOPS)
        · teir_ga:contraction_abcdef_dfga_gebc laeuft [ 1742s] … [NEW BEST] Trial #1 | SF=2, Parallel=a -> Zeit: 60.464 ms (73.1623 GFLOPS)
        · teir_ga:contraction_abcdef_dfga_gebc laeuft [ 1772s] … [NEW BEST] Trial #1 | SF=2, Parallel=a -> Zeit: 60.464 ms (73.1623 GFLOPS)
        · teir_ga:contraction_abcdef_dfga_gebc laeuft [ 1802s] … [NEW BEST] Trial #1 | SF=2, Parallel=a -> Zeit: 60.464 ms (73.1623 GFLOPS)
  [teir_ga] 22/36 contraction_abcdef_dfga_gebc           73.2 GFLOPS [partial-timeout]   1802s  DONE @ 2026-08-02 08:45:41
  [teir_ga] 23/36 contraction_abcdef_dfgb_geac           ... START @ 2026-08-02 08:45:41
        · teir_ga:contraction_abcdef_dfgb_geac laeuft [   30s] … [NEW BEST] Trial #1 | SF=2, Parallel=a -> Zeit: 59.8443 ms (73.9198 GFLOPS)
        · teir_ga:contraction_abcdef_dfgb_geac laeuft [   60s] … [NEW BEST] Trial #1 | SF=2, Parallel=a -> Zeit: 59.8443 ms (73.9198 GFLOPS)
        · teir_ga:contraction_abcdef_dfgb_geac laeuft [   90s] … [NEW BEST] Trial #1 | SF=2, Parallel=a -> Zeit: 59.8443 ms (73.9198 GFLOPS)
        · teir_ga:contraction_abcdef_dfgb_geac laeuft [  121s] … [NEW BEST] Trial #1 | SF=2, Parallel=a -> Zeit: 59.8443 ms (73.9198 GFLOPS)
        · teir_ga:contraction_abcdef_dfgb_geac laeuft [  151s] … [NEW BEST] Trial #1 | SF=2, Parallel=a -> Zeit: 59.8443 ms (73.9198 GFLOPS)
        · teir_ga:contraction_abcdef_dfgb_geac laeuft [  181s] … [NEW BEST] Trial #1 | SF=2, Parallel=a -> Zeit: 59.8443 ms (73.9198 GFLOPS)
        · teir_ga:contraction_abcdef_dfgb_geac laeuft [  211s] … [NEW BEST] Trial #1 | SF=2, Parallel=a -> Zeit: 59.8443 ms (73.9198 GFLOPS)
        · teir_ga:contraction_abcdef_dfgb_geac laeuft [  241s] … [NEW BEST] Trial #1 | SF=2, Parallel=a -> Zeit: 59.8443 ms (73.9198 GFLOPS)
        · teir_ga:contraction_abcdef_dfgb_geac laeuft [  271s] … [NEW BEST] Trial #1 | SF=2, Parallel=a -> Zeit: 59.8443 ms (73.9198 GFLOPS)
        · teir_ga:contraction_abcdef_dfgb_geac laeuft [  301s] … [NEW BEST] Trial #1 | SF=2, Parallel=a -> Zeit: 59.8443 ms (73.9198 GFLOPS)
        · teir_ga:contraction_abcdef_dfgb_geac laeuft [  331s] … [NEW BEST] Trial #1 | SF=2, Parallel=a -> Zeit: 59.8443 ms (73.9198 GFLOPS)
        · teir_ga:contraction_abcdef_dfgb_geac laeuft [  362s] … [NEW BEST] Trial #1 | SF=2, Parallel=a -> Zeit: 59.8443 ms (73.9198 GFLOPS)
        · teir_ga:contraction_abcdef_dfgb_geac laeuft [  392s] … [NEW BEST] Trial #1 | SF=2, Parallel=a -> Zeit: 59.8443 ms (73.9198 GFLOPS)
        · teir_ga:contraction_abcdef_dfgb_geac laeuft [  422s] … [NEW BEST] Trial #1 | SF=2, Parallel=a -> Zeit: 59.8443 ms (73.9198 GFLOPS)
        · teir_ga:contraction_abcdef_dfgb_geac laeuft [  452s] … [NEW BEST] Trial #1 | SF=2, Parallel=a -> Zeit: 59.8443 ms (73.9198 GFLOPS)
        · teir_ga:contraction_abcdef_dfgb_geac laeuft [  480s] … [NEW BEST] Trial #1 | SF=2, Parallel=a -> Zeit: 59.8443 ms (73.9198 GFLOPS)
        · teir_ga:contraction_abcdef_dfgb_geac laeuft [  510s] … [NEW BEST] Trial #1 | SF=2, Parallel=a -> Zeit: 59.8443 ms (73.9198 GFLOPS)
        · teir_ga:contraction_abcdef_dfgb_geac laeuft [  540s] … [NEW BEST] Trial #1 | SF=2, Parallel=a -> Zeit: 59.8443 ms (73.9198 GFLOPS)
        · teir_ga:contraction_abcdef_dfgb_geac laeuft [  571s] … [NEW BEST] Trial #1 | SF=2, Parallel=a -> Zeit: 59.8443 ms (73.9198 GFLOPS)
        · teir_ga:contraction_abcdef_dfgb_geac laeuft [  601s] … [NEW BEST] Trial #1 | SF=2, Parallel=a -> Zeit: 59.8443 ms (73.9198 GFLOPS)
        · teir_ga:contraction_abcdef_dfgb_geac laeuft [  631s] … [NEW BEST] Trial #1 | SF=2, Parallel=a -> Zeit: 59.8443 ms (73.9198 GFLOPS)
        · teir_ga:contraction_abcdef_dfgb_geac laeuft [  661s] … [NEW BEST] Trial #1 | SF=2, Parallel=a -> Zeit: 59.8443 ms (73.9198 GFLOPS)
        · teir_ga:contraction_abcdef_dfgb_geac laeuft [  691s] … [NEW BEST] Trial #1 | SF=2, Parallel=a -> Zeit: 59.8443 ms (73.9198 GFLOPS)
        · teir_ga:contraction_abcdef_dfgb_geac laeuft [  721s] … [NEW BEST] Trial #1 | SF=2, Parallel=a -> Zeit: 59.8443 ms (73.9198 GFLOPS)
        · teir_ga:contraction_abcdef_dfgb_geac laeuft [  751s] … [NEW BEST] Trial #1 | SF=2, Parallel=a -> Zeit: 59.8443 ms (73.9198 GFLOPS)
        · teir_ga:contraction_abcdef_dfgb_geac laeuft [  781s] … [NEW BEST] Trial #1 | SF=2, Parallel=a -> Zeit: 59.8443 ms (73.9198 GFLOPS)
        · teir_ga:contraction_abcdef_dfgb_geac laeuft [  812s] … [NEW BEST] Trial #1 | SF=2, Parallel=a -> Zeit: 59.8443 ms (73.9198 GFLOPS)
        · teir_ga:contraction_abcdef_dfgb_geac laeuft [  842s] … [NEW BEST] Trial #1 | SF=2, Parallel=a -> Zeit: 59.8443 ms (73.9198 GFLOPS)
        · teir_ga:contraction_abcdef_dfgb_geac laeuft [  872s] … [NEW BEST] Trial #1 | SF=2, Parallel=a -> Zeit: 59.8443 ms (73.9198 GFLOPS)
        · teir_ga:contraction_abcdef_dfgb_geac laeuft [  902s] … [NEW BEST] Trial #1 | SF=2, Parallel=a -> Zeit: 59.8443 ms (73.9198 GFLOPS)
        · teir_ga:contraction_abcdef_dfgb_geac laeuft [  930s] … [NEW BEST] Trial #1 | SF=2, Parallel=a -> Zeit: 59.8443 ms (73.9198 GFLOPS)
        · teir_ga:contraction_abcdef_dfgb_geac laeuft [  960s] … [NEW BEST] Trial #1 | SF=2, Parallel=a -> Zeit: 59.8443 ms (73.9198 GFLOPS)
        · teir_ga:contraction_abcdef_dfgb_geac laeuft [  990s] … [NEW BEST] Trial #1 | SF=2, Parallel=a -> Zeit: 59.8443 ms (73.9198 GFLOPS)
        · teir_ga:contraction_abcdef_dfgb_geac laeuft [ 1020s] … [NEW BEST] Trial #1 | SF=2, Parallel=a -> Zeit: 59.8443 ms (73.9198 GFLOPS)
        · teir_ga:contraction_abcdef_dfgb_geac laeuft [ 1051s] … [NEW BEST] Trial #1 | SF=2, Parallel=a -> Zeit: 59.8443 ms (73.9198 GFLOPS)
        · teir_ga:contraction_abcdef_dfgb_geac laeuft [ 1081s] … [NEW BEST] Trial #1 | SF=2, Parallel=a -> Zeit: 59.8443 ms (73.9198 GFLOPS)
        · teir_ga:contraction_abcdef_dfgb_geac laeuft [ 1111s] … [NEW BEST] Trial #1 | SF=2, Parallel=a -> Zeit: 59.8443 ms (73.9198 GFLOPS)
        · teir_ga:contraction_abcdef_dfgb_geac laeuft [ 1141s] … [NEW BEST] Trial #1 | SF=2, Parallel=a -> Zeit: 59.8443 ms (73.9198 GFLOPS)
        · teir_ga:contraction_abcdef_dfgb_geac laeuft [ 1171s] … [NEW BEST] Trial #1 | SF=2, Parallel=a -> Zeit: 59.8443 ms (73.9198 GFLOPS)
        · teir_ga:contraction_abcdef_dfgb_geac laeuft [ 1201s] … [NEW BEST] Trial #1 | SF=2, Parallel=a -> Zeit: 59.8443 ms (73.9198 GFLOPS)
        · teir_ga:contraction_abcdef_dfgb_geac laeuft [ 1231s] … [NEW BEST] Trial #1 | SF=2, Parallel=a -> Zeit: 59.8443 ms (73.9198 GFLOPS)
        · teir_ga:contraction_abcdef_dfgb_geac laeuft [ 1262s] … [NEW BEST] Trial #1 | SF=2, Parallel=a -> Zeit: 59.8443 ms (73.9198 GFLOPS)
        · teir_ga:contraction_abcdef_dfgb_geac laeuft [ 1292s] … [NEW BEST] Trial #1 | SF=2, Parallel=a -> Zeit: 59.8443 ms (73.9198 GFLOPS)
        · teir_ga:contraction_abcdef_dfgb_geac laeuft [ 1322s] … [NEW BEST] Trial #1 | SF=2, Parallel=a -> Zeit: 59.8443 ms (73.9198 GFLOPS)
        · teir_ga:contraction_abcdef_dfgb_geac laeuft [ 1352s] … [NEW BEST] Trial #1 | SF=2, Parallel=a -> Zeit: 59.8443 ms (73.9198 GFLOPS)
        · teir_ga:contraction_abcdef_dfgb_geac laeuft [ 1380s] … [NEW BEST] Trial #1 | SF=2, Parallel=a -> Zeit: 59.8443 ms (73.9198 GFLOPS)
        · teir_ga:contraction_abcdef_dfgb_geac laeuft [ 1410s] … [NEW BEST] Trial #1 | SF=2, Parallel=a -> Zeit: 59.8443 ms (73.9198 GFLOPS)
        · teir_ga:contraction_abcdef_dfgb_geac laeuft [ 1440s] … [NEW BEST] Trial #1 | SF=2, Parallel=a -> Zeit: 59.8443 ms (73.9198 GFLOPS)
        · teir_ga:contraction_abcdef_dfgb_geac laeuft [ 1470s] … [NEW BEST] Trial #1 | SF=2, Parallel=a -> Zeit: 59.8443 ms (73.9198 GFLOPS)
        · teir_ga:contraction_abcdef_dfgb_geac laeuft [ 1501s] … [NEW BEST] Trial #1 | SF=2, Parallel=a -> Zeit: 59.8443 ms (73.9198 GFLOPS)
        · teir_ga:contraction_abcdef_dfgb_geac laeuft [ 1531s] … [NEW BEST] Trial #1 | SF=2, Parallel=a -> Zeit: 59.8443 ms (73.9198 GFLOPS)
        · teir_ga:contraction_abcdef_dfgb_geac laeuft [ 1561s] … [NEW BEST] Trial #1 | SF=2, Parallel=a -> Zeit: 59.8443 ms (73.9198 GFLOPS)
        · teir_ga:contraction_abcdef_dfgb_geac laeuft [ 1591s] … [NEW BEST] Trial #1 | SF=2, Parallel=a -> Zeit: 59.8443 ms (73.9198 GFLOPS)
        · teir_ga:contraction_abcdef_dfgb_geac laeuft [ 1621s] … [NEW BEST] Trial #1 | SF=2, Parallel=a -> Zeit: 59.8443 ms (73.9198 GFLOPS)
        · teir_ga:contraction_abcdef_dfgb_geac laeuft [ 1651s] … [NEW BEST] Trial #1 | SF=2, Parallel=a -> Zeit: 59.8443 ms (73.9198 GFLOPS)
        · teir_ga:contraction_abcdef_dfgb_geac laeuft [ 1681s] … [NEW BEST] Trial #1 | SF=2, Parallel=a -> Zeit: 59.8443 ms (73.9198 GFLOPS)
        · teir_ga:contraction_abcdef_dfgb_geac laeuft [ 1712s] … [NEW BEST] Trial #1 | SF=2, Parallel=a -> Zeit: 59.8443 ms (73.9198 GFLOPS)
        · teir_ga:contraction_abcdef_dfgb_geac laeuft [ 1742s] … [NEW BEST] Trial #1 | SF=2, Parallel=a -> Zeit: 59.8443 ms (73.9198 GFLOPS)
        · teir_ga:contraction_abcdef_dfgb_geac laeuft [ 1772s] … [NEW BEST] Trial #1 | SF=2, Parallel=a -> Zeit: 59.8443 ms (73.9198 GFLOPS)
        · teir_ga:contraction_abcdef_dfgb_geac laeuft [ 1802s] … [NEW BEST] Trial #1 | SF=2, Parallel=a -> Zeit: 59.8443 ms (73.9198 GFLOPS)
  [teir_ga] 23/36 contraction_abcdef_dfgb_geac           73.9 GFLOPS [partial-timeout]   1802s  DONE @ 2026-08-02 09:15:43
  [teir_ga] 24/36 contraction_abcdef_dfgc_geab           ... START @ 2026-08-02 09:15:43
        · teir_ga:contraction_abcdef_dfgc_geab laeuft [   30s] … [NEW BEST] Trial #1 | SF=2, Parallel=a -> Zeit: 59.7745 ms (74.0062 GFLOPS)
        · teir_ga:contraction_abcdef_dfgc_geab laeuft [   60s] … [NEW BEST] Trial #1 | SF=2, Parallel=a -> Zeit: 59.7745 ms (74.0062 GFLOPS)
        · teir_ga:contraction_abcdef_dfgc_geab laeuft [   90s] … [NEW BEST] Trial #1 | SF=2, Parallel=a -> Zeit: 59.7745 ms (74.0062 GFLOPS)
        · teir_ga:contraction_abcdef_dfgc_geab laeuft [  121s] … [NEW BEST] Trial #1 | SF=2, Parallel=a -> Zeit: 59.7745 ms (74.0062 GFLOPS)
        · teir_ga:contraction_abcdef_dfgc_geab laeuft [  151s] … [NEW BEST] Trial #1 | SF=2, Parallel=a -> Zeit: 59.7745 ms (74.0062 GFLOPS)
        · teir_ga:contraction_abcdef_dfgc_geab laeuft [  181s] … [NEW BEST] Trial #1 | SF=2, Parallel=a -> Zeit: 59.7745 ms (74.0062 GFLOPS)
        · teir_ga:contraction_abcdef_dfgc_geab laeuft [  211s] … [NEW BEST] Trial #1 | SF=2, Parallel=a -> Zeit: 59.7745 ms (74.0062 GFLOPS)
        · teir_ga:contraction_abcdef_dfgc_geab laeuft [  241s] … [NEW BEST] Trial #1 | SF=2, Parallel=a -> Zeit: 59.7745 ms (74.0062 GFLOPS)
        · teir_ga:contraction_abcdef_dfgc_geab laeuft [  271s] … [NEW BEST] Trial #1 | SF=2, Parallel=a -> Zeit: 59.7745 ms (74.0062 GFLOPS)
        · teir_ga:contraction_abcdef_dfgc_geab laeuft [  301s] … [NEW BEST] Trial #1 | SF=2, Parallel=a -> Zeit: 59.7745 ms (74.0062 GFLOPS)
        · teir_ga:contraction_abcdef_dfgc_geab laeuft [  331s] … [NEW BEST] Trial #1 | SF=2, Parallel=a -> Zeit: 59.7745 ms (74.0062 GFLOPS)
        · teir_ga:contraction_abcdef_dfgc_geab laeuft [  362s] … [NEW BEST] Trial #1 | SF=2, Parallel=a -> Zeit: 59.7745 ms (74.0062 GFLOPS)
        · teir_ga:contraction_abcdef_dfgc_geab laeuft [  392s] … [NEW BEST] Trial #1 | SF=2, Parallel=a -> Zeit: 59.7745 ms (74.0062 GFLOPS)
        · teir_ga:contraction_abcdef_dfgc_geab laeuft [  422s] … [NEW BEST] Trial #1 | SF=2, Parallel=a -> Zeit: 59.7745 ms (74.0062 GFLOPS)
        · teir_ga:contraction_abcdef_dfgc_geab laeuft [  452s] … [NEW BEST] Trial #1 | SF=2, Parallel=a -> Zeit: 59.7745 ms (74.0062 GFLOPS)
        · teir_ga:contraction_abcdef_dfgc_geab laeuft [  480s] … [NEW BEST] Trial #1 | SF=2, Parallel=a -> Zeit: 59.7745 ms (74.0062 GFLOPS)
        · teir_ga:contraction_abcdef_dfgc_geab laeuft [  510s] … [NEW BEST] Trial #1 | SF=2, Parallel=a -> Zeit: 59.7745 ms (74.0062 GFLOPS)
        · teir_ga:contraction_abcdef_dfgc_geab laeuft [  540s] … [NEW BEST] Trial #1 | SF=2, Parallel=a -> Zeit: 59.7745 ms (74.0062 GFLOPS)
        · teir_ga:contraction_abcdef_dfgc_geab laeuft [  570s] … [NEW BEST] Trial #1 | SF=2, Parallel=a -> Zeit: 59.7745 ms (74.0062 GFLOPS)
        · teir_ga:contraction_abcdef_dfgc_geab laeuft [  601s] … [NEW BEST] Trial #1 | SF=2, Parallel=a -> Zeit: 59.7745 ms (74.0062 GFLOPS)
        · teir_ga:contraction_abcdef_dfgc_geab laeuft [  631s] … [NEW BEST] Trial #1 | SF=2, Parallel=a -> Zeit: 59.7745 ms (74.0062 GFLOPS)
        · teir_ga:contraction_abcdef_dfgc_geab laeuft [  661s] … [NEW BEST] Trial #1 | SF=2, Parallel=a -> Zeit: 59.7745 ms (74.0062 GFLOPS)
        · teir_ga:contraction_abcdef_dfgc_geab laeuft [  691s] … [NEW BEST] Trial #1 | SF=2, Parallel=a -> Zeit: 59.7745 ms (74.0062 GFLOPS)
        · teir_ga:contraction_abcdef_dfgc_geab laeuft [  721s] … [NEW BEST] Trial #1 | SF=2, Parallel=a -> Zeit: 59.7745 ms (74.0062 GFLOPS)
        · teir_ga:contraction_abcdef_dfgc_geab laeuft [  751s] … [NEW BEST] Trial #1 | SF=2, Parallel=a -> Zeit: 59.7745 ms (74.0062 GFLOPS)
        · teir_ga:contraction_abcdef_dfgc_geab laeuft [  781s] … [NEW BEST] Trial #1 | SF=2, Parallel=a -> Zeit: 59.7745 ms (74.0062 GFLOPS)
        · teir_ga:contraction_abcdef_dfgc_geab laeuft [  812s] … [NEW BEST] Trial #1 | SF=2, Parallel=a -> Zeit: 59.7745 ms (74.0062 GFLOPS)
        · teir_ga:contraction_abcdef_dfgc_geab laeuft [  842s] … [NEW BEST] Trial #1 | SF=2, Parallel=a -> Zeit: 59.7745 ms (74.0062 GFLOPS)
        · teir_ga:contraction_abcdef_dfgc_geab laeuft [  872s] … [NEW BEST] Trial #1 | SF=2, Parallel=a -> Zeit: 59.7745 ms (74.0062 GFLOPS)
        · teir_ga:contraction_abcdef_dfgc_geab laeuft [  902s] … [NEW BEST] Trial #1 | SF=2, Parallel=a -> Zeit: 59.7745 ms (74.0062 GFLOPS)
        · teir_ga:contraction_abcdef_dfgc_geab laeuft [  930s] … [NEW BEST] Trial #1 | SF=2, Parallel=a -> Zeit: 59.7745 ms (74.0062 GFLOPS)
        · teir_ga:contraction_abcdef_dfgc_geab laeuft [  960s] … [NEW BEST] Trial #1 | SF=2, Parallel=a -> Zeit: 59.7745 ms (74.0062 GFLOPS)
        · teir_ga:contraction_abcdef_dfgc_geab laeuft [  990s] … [NEW BEST] Trial #1 | SF=2, Parallel=a -> Zeit: 59.7745 ms (74.0062 GFLOPS)
        · teir_ga:contraction_abcdef_dfgc_geab laeuft [ 1020s] … [NEW BEST] Trial #1 | SF=2, Parallel=a -> Zeit: 59.7745 ms (74.0062 GFLOPS)
        · teir_ga:contraction_abcdef_dfgc_geab laeuft [ 1051s] … [NEW BEST] Trial #1 | SF=2, Parallel=a -> Zeit: 59.7745 ms (74.0062 GFLOPS)
        · teir_ga:contraction_abcdef_dfgc_geab laeuft [ 1081s] … [NEW BEST] Trial #1 | SF=2, Parallel=a -> Zeit: 59.7745 ms (74.0062 GFLOPS)
        · teir_ga:contraction_abcdef_dfgc_geab laeuft [ 1111s] … [NEW BEST] Trial #1 | SF=2, Parallel=a -> Zeit: 59.7745 ms (74.0062 GFLOPS)
        · teir_ga:contraction_abcdef_dfgc_geab laeuft [ 1141s] … [NEW BEST] Trial #1 | SF=2, Parallel=a -> Zeit: 59.7745 ms (74.0062 GFLOPS)
        · teir_ga:contraction_abcdef_dfgc_geab laeuft [ 1171s] … [NEW BEST] Trial #1 | SF=2, Parallel=a -> Zeit: 59.7745 ms (74.0062 GFLOPS)
        · teir_ga:contraction_abcdef_dfgc_geab laeuft [ 1201s] … [NEW BEST] Trial #1 | SF=2, Parallel=a -> Zeit: 59.7745 ms (74.0062 GFLOPS)
        · teir_ga:contraction_abcdef_dfgc_geab laeuft [ 1231s] … [NEW BEST] Trial #1 | SF=2, Parallel=a -> Zeit: 59.7745 ms (74.0062 GFLOPS)
        · teir_ga:contraction_abcdef_dfgc_geab laeuft [ 1261s] … [NEW BEST] Trial #1 | SF=2, Parallel=a -> Zeit: 59.7745 ms (74.0062 GFLOPS)
        · teir_ga:contraction_abcdef_dfgc_geab laeuft [ 1292s] … [NEW BEST] Trial #1 | SF=2, Parallel=a -> Zeit: 59.7745 ms (74.0062 GFLOPS)
        · teir_ga:contraction_abcdef_dfgc_geab laeuft [ 1322s] … [NEW BEST] Trial #1 | SF=2, Parallel=a -> Zeit: 59.7745 ms (74.0062 GFLOPS)
        · teir_ga:contraction_abcdef_dfgc_geab laeuft [ 1352s] … [NEW BEST] Trial #1 | SF=2, Parallel=a -> Zeit: 59.7745 ms (74.0062 GFLOPS)
        · teir_ga:contraction_abcdef_dfgc_geab laeuft [ 1380s] … [NEW BEST] Trial #1 | SF=2, Parallel=a -> Zeit: 59.7745 ms (74.0062 GFLOPS)
        · teir_ga:contraction_abcdef_dfgc_geab laeuft [ 1410s] … [NEW BEST] Trial #1 | SF=2, Parallel=a -> Zeit: 59.7745 ms (74.0062 GFLOPS)
        · teir_ga:contraction_abcdef_dfgc_geab laeuft [ 1440s] … [NEW BEST] Trial #1 | SF=2, Parallel=a -> Zeit: 59.7745 ms (74.0062 GFLOPS)
        · teir_ga:contraction_abcdef_dfgc_geab laeuft [ 1470s] … [NEW BEST] Trial #1 | SF=2, Parallel=a -> Zeit: 59.7745 ms (74.0062 GFLOPS)
        · teir_ga:contraction_abcdef_dfgc_geab laeuft [ 1501s] … [NEW BEST] Trial #1 | SF=2, Parallel=a -> Zeit: 59.7745 ms (74.0062 GFLOPS)
        · teir_ga:contraction_abcdef_dfgc_geab laeuft [ 1531s] … [NEW BEST] Trial #1 | SF=2, Parallel=a -> Zeit: 59.7745 ms (74.0062 GFLOPS)
        · teir_ga:contraction_abcdef_dfgc_geab laeuft [ 1561s] … [NEW BEST] Trial #1 | SF=2, Parallel=a -> Zeit: 59.7745 ms (74.0062 GFLOPS)
        · teir_ga:contraction_abcdef_dfgc_geab laeuft [ 1591s] … [NEW BEST] Trial #1 | SF=2, Parallel=a -> Zeit: 59.7745 ms (74.0062 GFLOPS)
        · teir_ga:contraction_abcdef_dfgc_geab laeuft [ 1621s] … [NEW BEST] Trial #1 | SF=2, Parallel=a -> Zeit: 59.7745 ms (74.0062 GFLOPS)
        · teir_ga:contraction_abcdef_dfgc_geab laeuft [ 1651s] … [NEW BEST] Trial #1 | SF=2, Parallel=a -> Zeit: 59.7745 ms (74.0062 GFLOPS)
        · teir_ga:contraction_abcdef_dfgc_geab laeuft [ 1681s] … [NEW BEST] Trial #1 | SF=2, Parallel=a -> Zeit: 59.7745 ms (74.0062 GFLOPS)
        · teir_ga:contraction_abcdef_dfgc_geab laeuft [ 1711s] … [NEW BEST] Trial #1 | SF=2, Parallel=a -> Zeit: 59.7745 ms (74.0062 GFLOPS)
        · teir_ga:contraction_abcdef_dfgc_geab laeuft [ 1742s] … [NEW BEST] Trial #1 | SF=2, Parallel=a -> Zeit: 59.7745 ms (74.0062 GFLOPS)
        · teir_ga:contraction_abcdef_dfgc_geab laeuft [ 1772s] … [NEW BEST] Trial #1 | SF=2, Parallel=a -> Zeit: 59.7745 ms (74.0062 GFLOPS)
        · teir_ga:contraction_abcdef_dfgc_geab laeuft [ 1802s] … [NEW BEST] Trial #1 | SF=2, Parallel=a -> Zeit: 59.7745 ms (74.0062 GFLOPS)
  [teir_ga] 24/36 contraction_abcdef_dfgc_geab           74.0 GFLOPS [partial-timeout]   1802s  DONE @ 2026-08-02 09:45:45
  [teir_ga] 25/36 contraction_abcdef_efga_gdbc           ... START @ 2026-08-02 09:45:45
        · teir_ga:contraction_abcdef_efga_gdbc laeuft [   30s] … [NEW BEST] Trial #1 | SF=2, Parallel=a -> Zeit: 128.449 ms (34.4393 GFLOPS)
        · teir_ga:contraction_abcdef_efga_gdbc laeuft [   60s] … [NEW BEST] Trial #1 | SF=2, Parallel=a -> Zeit: 128.449 ms (34.4393 GFLOPS)
        · teir_ga:contraction_abcdef_efga_gdbc laeuft [   90s] … [NEW BEST] Trial #1 | SF=2, Parallel=a -> Zeit: 128.449 ms (34.4393 GFLOPS)
        · teir_ga:contraction_abcdef_efga_gdbc laeuft [  121s] … [NEW BEST] Trial #1 | SF=2, Parallel=a -> Zeit: 128.449 ms (34.4393 GFLOPS)
        · teir_ga:contraction_abcdef_efga_gdbc laeuft [  151s] … [NEW BEST] Trial #1 | SF=2, Parallel=a -> Zeit: 128.449 ms (34.4393 GFLOPS)
        · teir_ga:contraction_abcdef_efga_gdbc laeuft [  181s] … [NEW BEST] Trial #1 | SF=2, Parallel=a -> Zeit: 128.449 ms (34.4393 GFLOPS)
        · teir_ga:contraction_abcdef_efga_gdbc laeuft [  211s] … [NEW BEST] Trial #1 | SF=2, Parallel=a -> Zeit: 128.449 ms (34.4393 GFLOPS)
        · teir_ga:contraction_abcdef_efga_gdbc laeuft [  241s] … [NEW BEST] Trial #1 | SF=2, Parallel=a -> Zeit: 128.449 ms (34.4393 GFLOPS)
        · teir_ga:contraction_abcdef_efga_gdbc laeuft [  271s] … [NEW BEST] Trial #1 | SF=2, Parallel=a -> Zeit: 128.449 ms (34.4393 GFLOPS)
        · teir_ga:contraction_abcdef_efga_gdbc laeuft [  301s] … [NEW BEST] Trial #1 | SF=2, Parallel=a -> Zeit: 128.449 ms (34.4393 GFLOPS)
        · teir_ga:contraction_abcdef_efga_gdbc laeuft [  331s] … [NEW BEST] Trial #1 | SF=2, Parallel=a -> Zeit: 128.449 ms (34.4393 GFLOPS)
        · teir_ga:contraction_abcdef_efga_gdbc laeuft [  362s] … [NEW BEST] Trial #1 | SF=2, Parallel=a -> Zeit: 128.449 ms (34.4393 GFLOPS)
        · teir_ga:contraction_abcdef_efga_gdbc laeuft [  392s] … [NEW BEST] Trial #1 | SF=2, Parallel=a -> Zeit: 128.449 ms (34.4393 GFLOPS)
        · teir_ga:contraction_abcdef_efga_gdbc laeuft [  422s] … [NEW BEST] Trial #1 | SF=2, Parallel=a -> Zeit: 128.449 ms (34.4393 GFLOPS)
        · teir_ga:contraction_abcdef_efga_gdbc laeuft [  452s] … [NEW BEST] Trial #1 | SF=2, Parallel=a -> Zeit: 128.449 ms (34.4393 GFLOPS)
        · teir_ga:contraction_abcdef_efga_gdbc laeuft [  480s] … [NEW BEST] Trial #1 | SF=2, Parallel=a -> Zeit: 128.449 ms (34.4393 GFLOPS)
        · teir_ga:contraction_abcdef_efga_gdbc laeuft [  510s] … [NEW BEST] Trial #1 | SF=2, Parallel=a -> Zeit: 128.449 ms (34.4393 GFLOPS)
        · teir_ga:contraction_abcdef_efga_gdbc laeuft [  540s] … [NEW BEST] Trial #1 | SF=2, Parallel=a -> Zeit: 128.449 ms (34.4393 GFLOPS)
        · teir_ga:contraction_abcdef_efga_gdbc laeuft [  570s] … [NEW BEST] Trial #1 | SF=2, Parallel=a -> Zeit: 128.449 ms (34.4393 GFLOPS)
        · teir_ga:contraction_abcdef_efga_gdbc laeuft [  601s] … [NEW BEST] Trial #1 | SF=2, Parallel=a -> Zeit: 128.449 ms (34.4393 GFLOPS)
        · teir_ga:contraction_abcdef_efga_gdbc laeuft [  631s] … [NEW BEST] Trial #1 | SF=2, Parallel=a -> Zeit: 128.449 ms (34.4393 GFLOPS)
        · teir_ga:contraction_abcdef_efga_gdbc laeuft [  661s] … [NEW BEST] Trial #1 | SF=2, Parallel=a -> Zeit: 128.449 ms (34.4393 GFLOPS)
        · teir_ga:contraction_abcdef_efga_gdbc laeuft [  691s] … [NEW BEST] Trial #1 | SF=2, Parallel=a -> Zeit: 128.449 ms (34.4393 GFLOPS)
        · teir_ga:contraction_abcdef_efga_gdbc laeuft [  721s] … [NEW BEST] Trial #1 | SF=2, Parallel=a -> Zeit: 128.449 ms (34.4393 GFLOPS)
        · teir_ga:contraction_abcdef_efga_gdbc laeuft [  751s] … [NEW BEST] Trial #1 | SF=2, Parallel=a -> Zeit: 128.449 ms (34.4393 GFLOPS)
        · teir_ga:contraction_abcdef_efga_gdbc laeuft [  781s] … [NEW BEST] Trial #1 | SF=2, Parallel=a -> Zeit: 128.449 ms (34.4393 GFLOPS)
        · teir_ga:contraction_abcdef_efga_gdbc laeuft [  812s] … [NEW BEST] Trial #1 | SF=2, Parallel=a -> Zeit: 128.449 ms (34.4393 GFLOPS)
        · teir_ga:contraction_abcdef_efga_gdbc laeuft [  842s] … [NEW BEST] Trial #1 | SF=2, Parallel=a -> Zeit: 128.449 ms (34.4393 GFLOPS)
        · teir_ga:contraction_abcdef_efga_gdbc laeuft [  872s] … [NEW BEST] Trial #1 | SF=2, Parallel=a -> Zeit: 128.449 ms (34.4393 GFLOPS)
        · teir_ga:contraction_abcdef_efga_gdbc laeuft [  902s] … [NEW BEST] Trial #1 | SF=2, Parallel=a -> Zeit: 128.449 ms (34.4393 GFLOPS)
        · teir_ga:contraction_abcdef_efga_gdbc laeuft [  930s] … [NEW BEST] Trial #1 | SF=2, Parallel=a -> Zeit: 128.449 ms (34.4393 GFLOPS)
        · teir_ga:contraction_abcdef_efga_gdbc laeuft [  960s] … [NEW BEST] Trial #1 | SF=2, Parallel=a -> Zeit: 128.449 ms (34.4393 GFLOPS)
        · teir_ga:contraction_abcdef_efga_gdbc laeuft [  990s] … [NEW BEST] Trial #1 | SF=2, Parallel=a -> Zeit: 128.449 ms (34.4393 GFLOPS)
        · teir_ga:contraction_abcdef_efga_gdbc laeuft [ 1020s] … [NEW BEST] Trial #1 | SF=2, Parallel=a -> Zeit: 128.449 ms (34.4393 GFLOPS)
        · teir_ga:contraction_abcdef_efga_gdbc laeuft [ 1051s] … [NEW BEST] Trial #1 | SF=2, Parallel=a -> Zeit: 128.449 ms (34.4393 GFLOPS)
        · teir_ga:contraction_abcdef_efga_gdbc laeuft [ 1081s] … [NEW BEST] Trial #1 | SF=2, Parallel=a -> Zeit: 128.449 ms (34.4393 GFLOPS)
        · teir_ga:contraction_abcdef_efga_gdbc laeuft [ 1111s] … [NEW BEST] Trial #1 | SF=2, Parallel=a -> Zeit: 128.449 ms (34.4393 GFLOPS)
        · teir_ga:contraction_abcdef_efga_gdbc laeuft [ 1141s] … [NEW BEST] Trial #1 | SF=2, Parallel=a -> Zeit: 128.449 ms (34.4393 GFLOPS)
        · teir_ga:contraction_abcdef_efga_gdbc laeuft [ 1171s] … [NEW BEST] Trial #1 | SF=2, Parallel=a -> Zeit: 128.449 ms (34.4393 GFLOPS)
        · teir_ga:contraction_abcdef_efga_gdbc laeuft [ 1201s] … [NEW BEST] Trial #1 | SF=2, Parallel=a -> Zeit: 128.449 ms (34.4393 GFLOPS)
        · teir_ga:contraction_abcdef_efga_gdbc laeuft [ 1231s] … [NEW BEST] Trial #1 | SF=2, Parallel=a -> Zeit: 128.449 ms (34.4393 GFLOPS)
        · teir_ga:contraction_abcdef_efga_gdbc laeuft [ 1262s] … [NEW BEST] Trial #1 | SF=2, Parallel=a -> Zeit: 128.449 ms (34.4393 GFLOPS)
        · teir_ga:contraction_abcdef_efga_gdbc laeuft [ 1292s] … [NEW BEST] Trial #1 | SF=2, Parallel=a -> Zeit: 128.449 ms (34.4393 GFLOPS)
        · teir_ga:contraction_abcdef_efga_gdbc laeuft [ 1322s] … [NEW BEST] Trial #1 | SF=2, Parallel=a -> Zeit: 128.449 ms (34.4393 GFLOPS)
        · teir_ga:contraction_abcdef_efga_gdbc laeuft [ 1352s] … [NEW BEST] Trial #1 | SF=2, Parallel=a -> Zeit: 128.449 ms (34.4393 GFLOPS)
        · teir_ga:contraction_abcdef_efga_gdbc laeuft [ 1380s] … [NEW BEST] Trial #1 | SF=2, Parallel=a -> Zeit: 128.449 ms (34.4393 GFLOPS)
        · teir_ga:contraction_abcdef_efga_gdbc laeuft [ 1410s] … [NEW BEST] Trial #1 | SF=2, Parallel=a -> Zeit: 128.449 ms (34.4393 GFLOPS)
        · teir_ga:contraction_abcdef_efga_gdbc laeuft [ 1440s] … [NEW BEST] Trial #1 | SF=2, Parallel=a -> Zeit: 128.449 ms (34.4393 GFLOPS)
        · teir_ga:contraction_abcdef_efga_gdbc laeuft [ 1470s] … [NEW BEST] Trial #1 | SF=2, Parallel=a -> Zeit: 128.449 ms (34.4393 GFLOPS)
        · teir_ga:contraction_abcdef_efga_gdbc laeuft [ 1501s] … [NEW BEST] Trial #1 | SF=2, Parallel=a -> Zeit: 128.449 ms (34.4393 GFLOPS)
        · teir_ga:contraction_abcdef_efga_gdbc laeuft [ 1531s] … [NEW BEST] Trial #1 | SF=2, Parallel=a -> Zeit: 128.449 ms (34.4393 GFLOPS)
        · teir_ga:contraction_abcdef_efga_gdbc laeuft [ 1561s] … [NEW BEST] Trial #1 | SF=2, Parallel=a -> Zeit: 128.449 ms (34.4393 GFLOPS)
        · teir_ga:contraction_abcdef_efga_gdbc laeuft [ 1591s] … [NEW BEST] Trial #1 | SF=2, Parallel=a -> Zeit: 128.449 ms (34.4393 GFLOPS)
        · teir_ga:contraction_abcdef_efga_gdbc laeuft [ 1621s] … [NEW BEST] Trial #1 | SF=2, Parallel=a -> Zeit: 128.449 ms (34.4393 GFLOPS)
        · teir_ga:contraction_abcdef_efga_gdbc laeuft [ 1651s] … [NEW BEST] Trial #1 | SF=2, Parallel=a -> Zeit: 128.449 ms (34.4393 GFLOPS)
        · teir_ga:contraction_abcdef_efga_gdbc laeuft [ 1681s] … [NEW BEST] Trial #1 | SF=2, Parallel=a -> Zeit: 128.449 ms (34.4393 GFLOPS)
        · teir_ga:contraction_abcdef_efga_gdbc laeuft [ 1711s] … [NEW BEST] Trial #1 | SF=2, Parallel=a -> Zeit: 128.449 ms (34.4393 GFLOPS)
        · teir_ga:contraction_abcdef_efga_gdbc laeuft [ 1742s] … [NEW BEST] Trial #1 | SF=2, Parallel=a -> Zeit: 128.449 ms (34.4393 GFLOPS)
        · teir_ga:contraction_abcdef_efga_gdbc laeuft [ 1772s] … [NEW BEST] Trial #1 | SF=2, Parallel=a -> Zeit: 128.449 ms (34.4393 GFLOPS)
        · teir_ga:contraction_abcdef_efga_gdbc laeuft [ 1802s] … [NEW BEST] Trial #1 | SF=2, Parallel=a -> Zeit: 128.449 ms (34.4393 GFLOPS)
  [teir_ga] 25/36 contraction_abcdef_efga_gdbc           34.4 GFLOPS [partial-timeout]   1802s  DONE @ 2026-08-02 10:15:46
  [teir_ga] 26/36 contraction_abcdef_efgb_gdac           ... START @ 2026-08-02 10:15:46
        · teir_ga:contraction_abcdef_efgb_gdac laeuft [   30s] … [NEW BEST] Trial #1 | SF=2, Parallel=a -> Zeit: 113.573 ms (38.9501 GFLOPS)
        · teir_ga:contraction_abcdef_efgb_gdac laeuft [   60s] … [NEW BEST] Trial #1 | SF=2, Parallel=a -> Zeit: 113.573 ms (38.9501 GFLOPS)
        · teir_ga:contraction_abcdef_efgb_gdac laeuft [   90s] … [NEW BEST] Trial #1 | SF=2, Parallel=a -> Zeit: 113.573 ms (38.9501 GFLOPS)
        · teir_ga:contraction_abcdef_efgb_gdac laeuft [  121s] … [NEW BEST] Trial #1 | SF=2, Parallel=a -> Zeit: 113.573 ms (38.9501 GFLOPS)
        · teir_ga:contraction_abcdef_efgb_gdac laeuft [  151s] … [NEW BEST] Trial #1 | SF=2, Parallel=a -> Zeit: 113.573 ms (38.9501 GFLOPS)
        · teir_ga:contraction_abcdef_efgb_gdac laeuft [  181s] … [NEW BEST] Trial #1 | SF=2, Parallel=a -> Zeit: 113.573 ms (38.9501 GFLOPS)
        · teir_ga:contraction_abcdef_efgb_gdac laeuft [  211s] … [NEW BEST] Trial #1 | SF=2, Parallel=a -> Zeit: 113.573 ms (38.9501 GFLOPS)
        · teir_ga:contraction_abcdef_efgb_gdac laeuft [  241s] … [NEW BEST] Trial #1 | SF=2, Parallel=a -> Zeit: 113.573 ms (38.9501 GFLOPS)
        · teir_ga:contraction_abcdef_efgb_gdac laeuft [  271s] … [NEW BEST] Trial #1 | SF=2, Parallel=a -> Zeit: 113.573 ms (38.9501 GFLOPS)
        · teir_ga:contraction_abcdef_efgb_gdac laeuft [  301s] … [NEW BEST] Trial #1 | SF=2, Parallel=a -> Zeit: 113.573 ms (38.9501 GFLOPS)
        · teir_ga:contraction_abcdef_efgb_gdac laeuft [  331s] … [NEW BEST] Trial #1 | SF=2, Parallel=a -> Zeit: 113.573 ms (38.9501 GFLOPS)
        · teir_ga:contraction_abcdef_efgb_gdac laeuft [  362s] … [NEW BEST] Trial #1 | SF=2, Parallel=a -> Zeit: 113.573 ms (38.9501 GFLOPS)
        · teir_ga:contraction_abcdef_efgb_gdac laeuft [  392s] … [NEW BEST] Trial #1 | SF=2, Parallel=a -> Zeit: 113.573 ms (38.9501 GFLOPS)
        · teir_ga:contraction_abcdef_efgb_gdac laeuft [  422s] … [NEW BEST] Trial #1 | SF=2, Parallel=a -> Zeit: 113.573 ms (38.9501 GFLOPS)
        · teir_ga:contraction_abcdef_efgb_gdac laeuft [  452s] … [NEW BEST] Trial #1 | SF=2, Parallel=a -> Zeit: 113.573 ms (38.9501 GFLOPS)
        · teir_ga:contraction_abcdef_efgb_gdac laeuft [  482s] … [NEW BEST] Trial #1 | SF=2, Parallel=a -> Zeit: 113.573 ms (38.9501 GFLOPS)
        · teir_ga:contraction_abcdef_efgb_gdac laeuft [  512s] … [NEW BEST] Trial #1 | SF=2, Parallel=a -> Zeit: 113.573 ms (38.9501 GFLOPS)
        · teir_ga:contraction_abcdef_efgb_gdac laeuft [  542s] … [NEW BEST] Trial #1 | SF=2, Parallel=a -> Zeit: 113.573 ms (38.9501 GFLOPS)
        · teir_ga:contraction_abcdef_efgb_gdac laeuft [  572s] … [NEW BEST] Trial #1 | SF=2, Parallel=a -> Zeit: 113.573 ms (38.9501 GFLOPS)
        · teir_ga:contraction_abcdef_efgb_gdac laeuft [  602s] … [NEW BEST] Trial #1 | SF=2, Parallel=a -> Zeit: 113.573 ms (38.9501 GFLOPS)
        · teir_ga:contraction_abcdef_efgb_gdac laeuft [  632s] … [NEW BEST] Trial #1 | SF=2, Parallel=a -> Zeit: 113.573 ms (38.9501 GFLOPS)
        · teir_ga:contraction_abcdef_efgb_gdac laeuft [  662s] … [NEW BEST] Trial #1 | SF=2, Parallel=a -> Zeit: 113.573 ms (38.9501 GFLOPS)
        · teir_ga:contraction_abcdef_efgb_gdac laeuft [  692s] … [NEW BEST] Trial #1 | SF=2, Parallel=a -> Zeit: 113.573 ms (38.9501 GFLOPS)
        · teir_ga:contraction_abcdef_efgb_gdac laeuft [  722s] … [NEW BEST] Trial #1 | SF=2, Parallel=a -> Zeit: 113.573 ms (38.9501 GFLOPS)
        · teir_ga:contraction_abcdef_efgb_gdac laeuft [  750s] … [NEW BEST] Trial #1 | SF=2, Parallel=a -> Zeit: 113.573 ms (38.9501 GFLOPS)
        · teir_ga:contraction_abcdef_efgb_gdac laeuft [  780s] … [NEW BEST] Trial #1 | SF=2, Parallel=a -> Zeit: 113.573 ms (38.9501 GFLOPS)
        · teir_ga:contraction_abcdef_efgb_gdac laeuft [  810s] … [NEW BEST] Trial #1 | SF=2, Parallel=a -> Zeit: 113.573 ms (38.9501 GFLOPS)
        · teir_ga:contraction_abcdef_efgb_gdac laeuft [  840s] … [NEW BEST] Trial #1 | SF=2, Parallel=a -> Zeit: 113.573 ms (38.9501 GFLOPS)
        · teir_ga:contraction_abcdef_efgb_gdac laeuft [  871s] … [NEW BEST] Trial #1 | SF=2, Parallel=a -> Zeit: 113.573 ms (38.9501 GFLOPS)
        · teir_ga:contraction_abcdef_efgb_gdac laeuft [  901s] … [NEW BEST] Trial #1 | SF=2, Parallel=a -> Zeit: 113.573 ms (38.9501 GFLOPS)
        · teir_ga:contraction_abcdef_efgb_gdac laeuft [  931s] … [NEW BEST] Trial #1 | SF=2, Parallel=a -> Zeit: 113.573 ms (38.9501 GFLOPS)
        · teir_ga:contraction_abcdef_efgb_gdac laeuft [  961s] … [NEW BEST] Trial #1 | SF=2, Parallel=a -> Zeit: 113.573 ms (38.9501 GFLOPS)
        · teir_ga:contraction_abcdef_efgb_gdac laeuft [  991s] … [NEW BEST] Trial #1 | SF=2, Parallel=a -> Zeit: 113.573 ms (38.9501 GFLOPS)
        · teir_ga:contraction_abcdef_efgb_gdac laeuft [ 1021s] … [NEW BEST] Trial #1 | SF=2, Parallel=a -> Zeit: 113.573 ms (38.9501 GFLOPS)
        · teir_ga:contraction_abcdef_efgb_gdac laeuft [ 1051s] … [NEW BEST] Trial #1 | SF=2, Parallel=a -> Zeit: 113.573 ms (38.9501 GFLOPS)
        · teir_ga:contraction_abcdef_efgb_gdac laeuft [ 1082s] … [NEW BEST] Trial #1 | SF=2, Parallel=a -> Zeit: 113.573 ms (38.9501 GFLOPS)
        · teir_ga:contraction_abcdef_efgb_gdac laeuft [ 1112s] … [NEW BEST] Trial #1 | SF=2, Parallel=a -> Zeit: 113.573 ms (38.9501 GFLOPS)
        · teir_ga:contraction_abcdef_efgb_gdac laeuft [ 1142s] … [NEW BEST] Trial #1 | SF=2, Parallel=a -> Zeit: 113.573 ms (38.9501 GFLOPS)
        · teir_ga:contraction_abcdef_efgb_gdac laeuft [ 1172s] … [NEW BEST] Trial #1 | SF=2, Parallel=a -> Zeit: 113.573 ms (38.9501 GFLOPS)
        · teir_ga:contraction_abcdef_efgb_gdac laeuft [ 1200s] … [NEW BEST] Trial #1 | SF=2, Parallel=a -> Zeit: 113.573 ms (38.9501 GFLOPS)
        · teir_ga:contraction_abcdef_efgb_gdac laeuft [ 1230s] … [NEW BEST] Trial #1 | SF=2, Parallel=a -> Zeit: 113.573 ms (38.9501 GFLOPS)
        · teir_ga:contraction_abcdef_efgb_gdac laeuft [ 1260s] … [NEW BEST] Trial #1 | SF=2, Parallel=a -> Zeit: 113.573 ms (38.9501 GFLOPS)
        · teir_ga:contraction_abcdef_efgb_gdac laeuft [ 1290s] … [NEW BEST] Trial #1 | SF=2, Parallel=a -> Zeit: 113.573 ms (38.9501 GFLOPS)
        · teir_ga:contraction_abcdef_efgb_gdac laeuft [ 1321s] … [NEW BEST] Trial #1 | SF=2, Parallel=a -> Zeit: 113.573 ms (38.9501 GFLOPS)
        · teir_ga:contraction_abcdef_efgb_gdac laeuft [ 1351s] … [NEW BEST] Trial #1 | SF=2, Parallel=a -> Zeit: 113.573 ms (38.9501 GFLOPS)
        · teir_ga:contraction_abcdef_efgb_gdac laeuft [ 1381s] … [NEW BEST] Trial #1 | SF=2, Parallel=a -> Zeit: 113.573 ms (38.9501 GFLOPS)
        · teir_ga:contraction_abcdef_efgb_gdac laeuft [ 1411s] … [NEW BEST] Trial #1 | SF=2, Parallel=a -> Zeit: 113.573 ms (38.9501 GFLOPS)
        · teir_ga:contraction_abcdef_efgb_gdac laeuft [ 1441s] … [NEW BEST] Trial #1 | SF=2, Parallel=a -> Zeit: 113.573 ms (38.9501 GFLOPS)
        · teir_ga:contraction_abcdef_efgb_gdac laeuft [ 1471s] … [NEW BEST] Trial #1 | SF=2, Parallel=a -> Zeit: 113.573 ms (38.9501 GFLOPS)
        · teir_ga:contraction_abcdef_efgb_gdac laeuft [ 1501s] … [NEW BEST] Trial #1 | SF=2, Parallel=a -> Zeit: 113.573 ms (38.9501 GFLOPS)
        · teir_ga:contraction_abcdef_efgb_gdac laeuft [ 1531s] … [NEW BEST] Trial #1 | SF=2, Parallel=a -> Zeit: 113.573 ms (38.9501 GFLOPS)
        · teir_ga:contraction_abcdef_efgb_gdac laeuft [ 1562s] … [NEW BEST] Trial #1 | SF=2, Parallel=a -> Zeit: 113.573 ms (38.9501 GFLOPS)
        · teir_ga:contraction_abcdef_efgb_gdac laeuft [ 1592s] … [NEW BEST] Trial #1 | SF=2, Parallel=a -> Zeit: 113.573 ms (38.9501 GFLOPS)
        · teir_ga:contraction_abcdef_efgb_gdac laeuft [ 1622s] … [NEW BEST] Trial #1 | SF=2, Parallel=a -> Zeit: 113.573 ms (38.9501 GFLOPS)
        · teir_ga:contraction_abcdef_efgb_gdac laeuft [ 1652s] … [NEW BEST] Trial #1 | SF=2, Parallel=a -> Zeit: 113.573 ms (38.9501 GFLOPS)
        · teir_ga:contraction_abcdef_efgb_gdac laeuft [ 1682s] … [NEW BEST] Trial #1 | SF=2, Parallel=a -> Zeit: 113.573 ms (38.9501 GFLOPS)
        · teir_ga:contraction_abcdef_efgb_gdac laeuft [ 1710s] … [NEW BEST] Trial #1 | SF=2, Parallel=a -> Zeit: 113.573 ms (38.9501 GFLOPS)
        · teir_ga:contraction_abcdef_efgb_gdac laeuft [ 1740s] … [NEW BEST] Trial #1 | SF=2, Parallel=a -> Zeit: 113.573 ms (38.9501 GFLOPS)
        · teir_ga:contraction_abcdef_efgb_gdac laeuft [ 1770s] … [NEW BEST] Trial #1 | SF=2, Parallel=a -> Zeit: 113.573 ms (38.9501 GFLOPS)
        · teir_ga:contraction_abcdef_efgb_gdac laeuft [ 1800s] … [NEW BEST] Trial #1 | SF=2, Parallel=a -> Zeit: 113.573 ms (38.9501 GFLOPS)
  [teir_ga] 26/36 contraction_abcdef_efgb_gdac           39.0 GFLOPS [partial-timeout]   1800s  DONE @ 2026-08-02 10:45:47
  [teir_ga] 27/36 contraction_abcdef_efgc_gdab           ... START @ 2026-08-02 10:45:47
        · teir_ga:contraction_abcdef_efgc_gdab laeuft [   30s] … [NEW BEST] Trial #1 | SF=2, Parallel=a -> Zeit: 124.49 ms (35.5344 GFLOPS)
        · teir_ga:contraction_abcdef_efgc_gdab laeuft [   60s] … [NEW BEST] Trial #1 | SF=2, Parallel=a -> Zeit: 124.49 ms (35.5344 GFLOPS)
        · teir_ga:contraction_abcdef_efgc_gdab laeuft [   90s] … [NEW BEST] Trial #1 | SF=2, Parallel=a -> Zeit: 124.49 ms (35.5344 GFLOPS)
        · teir_ga:contraction_abcdef_efgc_gdab laeuft [  120s] … [NEW BEST] Trial #1 | SF=2, Parallel=a -> Zeit: 124.49 ms (35.5344 GFLOPS)
        · teir_ga:contraction_abcdef_efgc_gdab laeuft [  150s] … [NEW BEST] Trial #1 | SF=2, Parallel=a -> Zeit: 124.49 ms (35.5344 GFLOPS)
        · teir_ga:contraction_abcdef_efgc_gdab laeuft [  181s] … [NEW BEST] Trial #1 | SF=2, Parallel=a -> Zeit: 124.49 ms (35.5344 GFLOPS)
        · teir_ga:contraction_abcdef_efgc_gdab laeuft [  211s] … [NEW BEST] Trial #1 | SF=2, Parallel=a -> Zeit: 124.49 ms (35.5344 GFLOPS)
        · teir_ga:contraction_abcdef_efgc_gdab laeuft [  241s] … [NEW BEST] Trial #1 | SF=2, Parallel=a -> Zeit: 124.49 ms (35.5344 GFLOPS)
        · teir_ga:contraction_abcdef_efgc_gdab laeuft [  271s] … [NEW BEST] Trial #1 | SF=2, Parallel=a -> Zeit: 124.49 ms (35.5344 GFLOPS)
        · teir_ga:contraction_abcdef_efgc_gdab laeuft [  301s] … [NEW BEST] Trial #1 | SF=2, Parallel=a -> Zeit: 124.49 ms (35.5344 GFLOPS)
        · teir_ga:contraction_abcdef_efgc_gdab laeuft [  331s] … [NEW BEST] Trial #1 | SF=2, Parallel=a -> Zeit: 124.49 ms (35.5344 GFLOPS)
        · teir_ga:contraction_abcdef_efgc_gdab laeuft [  361s] … [NEW BEST] Trial #1 | SF=2, Parallel=a -> Zeit: 124.49 ms (35.5344 GFLOPS)
        · teir_ga:contraction_abcdef_efgc_gdab laeuft [  391s] … [NEW BEST] Trial #1 | SF=2, Parallel=a -> Zeit: 124.49 ms (35.5344 GFLOPS)
        · teir_ga:contraction_abcdef_efgc_gdab laeuft [  421s] … [NEW BEST] Trial #1 | SF=2, Parallel=a -> Zeit: 124.49 ms (35.5344 GFLOPS)
        · teir_ga:contraction_abcdef_efgc_gdab laeuft [  451s] … [NEW BEST] Trial #1 | SF=2, Parallel=a -> Zeit: 124.49 ms (35.5344 GFLOPS)
        · teir_ga:contraction_abcdef_efgc_gdab laeuft [  481s] … [NEW BEST] Trial #1 | SF=2, Parallel=a -> Zeit: 124.49 ms (35.5344 GFLOPS)
        · teir_ga:contraction_abcdef_efgc_gdab laeuft [  512s] … [NEW BEST] Trial #1 | SF=2, Parallel=a -> Zeit: 124.49 ms (35.5344 GFLOPS)
        · teir_ga:contraction_abcdef_efgc_gdab laeuft [  542s] … [NEW BEST] Trial #1 | SF=2, Parallel=a -> Zeit: 124.49 ms (35.5344 GFLOPS)
        · teir_ga:contraction_abcdef_efgc_gdab laeuft [  572s] … [NEW BEST] Trial #1 | SF=2, Parallel=a -> Zeit: 124.49 ms (35.5344 GFLOPS)
        · teir_ga:contraction_abcdef_efgc_gdab laeuft [  602s] … [NEW BEST] Trial #1 | SF=2, Parallel=a -> Zeit: 124.49 ms (35.5344 GFLOPS)
        · teir_ga:contraction_abcdef_efgc_gdab laeuft [  632s] … [NEW BEST] Trial #1 | SF=2, Parallel=a -> Zeit: 124.49 ms (35.5344 GFLOPS)
        · teir_ga:contraction_abcdef_efgc_gdab laeuft [  662s] … [NEW BEST] Trial #1 | SF=2, Parallel=a -> Zeit: 124.49 ms (35.5344 GFLOPS)
        · teir_ga:contraction_abcdef_efgc_gdab laeuft [  690s] … [NEW BEST] Trial #1 | SF=2, Parallel=a -> Zeit: 124.49 ms (35.5344 GFLOPS)
        · teir_ga:contraction_abcdef_efgc_gdab laeuft [  720s] … [NEW BEST] Trial #1 | SF=2, Parallel=a -> Zeit: 124.49 ms (35.5344 GFLOPS)
        · teir_ga:contraction_abcdef_efgc_gdab laeuft [  750s] … [NEW BEST] Trial #1 | SF=2, Parallel=a -> Zeit: 124.49 ms (35.5344 GFLOPS)
        · teir_ga:contraction_abcdef_efgc_gdab laeuft [  780s] … [NEW BEST] Trial #1 | SF=2, Parallel=a -> Zeit: 124.49 ms (35.5344 GFLOPS)
        · teir_ga:contraction_abcdef_efgc_gdab laeuft [  810s] … [NEW BEST] Trial #1 | SF=2, Parallel=a -> Zeit: 124.49 ms (35.5344 GFLOPS)
        · teir_ga:contraction_abcdef_efgc_gdab laeuft [  841s] … [NEW BEST] Trial #1 | SF=2, Parallel=a -> Zeit: 124.49 ms (35.5344 GFLOPS)
        · teir_ga:contraction_abcdef_efgc_gdab laeuft [  871s] … [NEW BEST] Trial #1 | SF=2, Parallel=a -> Zeit: 124.49 ms (35.5344 GFLOPS)
        · teir_ga:contraction_abcdef_efgc_gdab laeuft [  901s] … [NEW BEST] Trial #1 | SF=2, Parallel=a -> Zeit: 124.49 ms (35.5344 GFLOPS)
        · teir_ga:contraction_abcdef_efgc_gdab laeuft [  931s] … [NEW BEST] Trial #1 | SF=2, Parallel=a -> Zeit: 124.49 ms (35.5344 GFLOPS)
        · teir_ga:contraction_abcdef_efgc_gdab laeuft [  961s] … [NEW BEST] Trial #1 | SF=2, Parallel=a -> Zeit: 124.49 ms (35.5344 GFLOPS)
        · teir_ga:contraction_abcdef_efgc_gdab laeuft [  991s] … [NEW BEST] Trial #1 | SF=2, Parallel=a -> Zeit: 124.49 ms (35.5344 GFLOPS)
        · teir_ga:contraction_abcdef_efgc_gdab laeuft [ 1021s] … [NEW BEST] Trial #1 | SF=2, Parallel=a -> Zeit: 124.49 ms (35.5344 GFLOPS)
        · teir_ga:contraction_abcdef_efgc_gdab laeuft [ 1051s] … [NEW BEST] Trial #1 | SF=2, Parallel=a -> Zeit: 124.49 ms (35.5344 GFLOPS)
        · teir_ga:contraction_abcdef_efgc_gdab laeuft [ 1081s] … [NEW BEST] Trial #1 | SF=2, Parallel=a -> Zeit: 124.49 ms (35.5344 GFLOPS)
        · teir_ga:contraction_abcdef_efgc_gdab laeuft [ 1111s] … [NEW BEST] Trial #1 | SF=2, Parallel=a -> Zeit: 124.49 ms (35.5344 GFLOPS)
        · teir_ga:contraction_abcdef_efgc_gdab laeuft [ 1141s] … [NEW BEST] Trial #1 | SF=2, Parallel=a -> Zeit: 124.49 ms (35.5344 GFLOPS)
        · teir_ga:contraction_abcdef_efgc_gdab laeuft [ 1171s] … [NEW BEST] Trial #1 | SF=2, Parallel=a -> Zeit: 124.49 ms (35.5344 GFLOPS)
        · teir_ga:contraction_abcdef_efgc_gdab laeuft [ 1202s] … [NEW BEST] Trial #1 | SF=2, Parallel=a -> Zeit: 124.49 ms (35.5344 GFLOPS)
        · teir_ga:contraction_abcdef_efgc_gdab laeuft [ 1232s] … [NEW BEST] Trial #1 | SF=2, Parallel=a -> Zeit: 124.49 ms (35.5344 GFLOPS)
        · teir_ga:contraction_abcdef_efgc_gdab laeuft [ 1262s] … [NEW BEST] Trial #1 | SF=2, Parallel=a -> Zeit: 124.49 ms (35.5344 GFLOPS)
        · teir_ga:contraction_abcdef_efgc_gdab laeuft [ 1292s] … [NEW BEST] Trial #1 | SF=2, Parallel=a -> Zeit: 124.49 ms (35.5344 GFLOPS)
        · teir_ga:contraction_abcdef_efgc_gdab laeuft [ 1322s] … [NEW BEST] Trial #1 | SF=2, Parallel=a -> Zeit: 124.49 ms (35.5344 GFLOPS)
        · teir_ga:contraction_abcdef_efgc_gdab laeuft [ 1350s] … [NEW BEST] Trial #1 | SF=2, Parallel=a -> Zeit: 124.49 ms (35.5344 GFLOPS)
        · teir_ga:contraction_abcdef_efgc_gdab laeuft [ 1380s] … [NEW BEST] Trial #1 | SF=2, Parallel=a -> Zeit: 124.49 ms (35.5344 GFLOPS)
        · teir_ga:contraction_abcdef_efgc_gdab laeuft [ 1410s] … [NEW BEST] Trial #1 | SF=2, Parallel=a -> Zeit: 124.49 ms (35.5344 GFLOPS)
        · teir_ga:contraction_abcdef_efgc_gdab laeuft [ 1440s] … [NEW BEST] Trial #1 | SF=2, Parallel=a -> Zeit: 124.49 ms (35.5344 GFLOPS)
        · teir_ga:contraction_abcdef_efgc_gdab laeuft [ 1470s] … [NEW BEST] Trial #1 | SF=2, Parallel=a -> Zeit: 124.49 ms (35.5344 GFLOPS)
        · teir_ga:contraction_abcdef_efgc_gdab laeuft [ 1501s] … [NEW BEST] Trial #1 | SF=2, Parallel=a -> Zeit: 124.49 ms (35.5344 GFLOPS)
        · teir_ga:contraction_abcdef_efgc_gdab laeuft [ 1531s] … [NEW BEST] Trial #1 | SF=2, Parallel=a -> Zeit: 124.49 ms (35.5344 GFLOPS)
        · teir_ga:contraction_abcdef_efgc_gdab laeuft [ 1561s] … [NEW BEST] Trial #1 | SF=2, Parallel=a -> Zeit: 124.49 ms (35.5344 GFLOPS)
        · teir_ga:contraction_abcdef_efgc_gdab laeuft [ 1591s] … [NEW BEST] Trial #1 | SF=2, Parallel=a -> Zeit: 124.49 ms (35.5344 GFLOPS)
        · teir_ga:contraction_abcdef_efgc_gdab laeuft [ 1621s] … [NEW BEST] Trial #1 | SF=2, Parallel=a -> Zeit: 124.49 ms (35.5344 GFLOPS)
        · teir_ga:contraction_abcdef_efgc_gdab laeuft [ 1651s] … [NEW BEST] Trial #1 | SF=2, Parallel=a -> Zeit: 124.49 ms (35.5344 GFLOPS)
        · teir_ga:contraction_abcdef_efgc_gdab laeuft [ 1681s] … [NEW BEST] Trial #1 | SF=2, Parallel=a -> Zeit: 124.49 ms (35.5344 GFLOPS)
        · teir_ga:contraction_abcdef_efgc_gdab laeuft [ 1711s] … [NEW BEST] Trial #1 | SF=2, Parallel=a -> Zeit: 124.49 ms (35.5344 GFLOPS)
        · teir_ga:contraction_abcdef_efgc_gdab laeuft [ 1741s] … [NEW BEST] Trial #1 | SF=2, Parallel=a -> Zeit: 124.49 ms (35.5344 GFLOPS)
        · teir_ga:contraction_abcdef_efgc_gdab laeuft [ 1771s] … [NEW BEST] Trial #1 | SF=2, Parallel=a -> Zeit: 124.49 ms (35.5344 GFLOPS)
        · teir_ga:contraction_abcdef_efgc_gdab laeuft [ 1801s] … [NEW BEST] Trial #1 | SF=2, Parallel=a -> Zeit: 124.49 ms (35.5344 GFLOPS)
  [teir_ga] 27/36 contraction_abcdef_efgc_gdab           35.5 GFLOPS [partial-timeout]   1801s  DONE @ 2026-08-02 11:15:48
  [teir_ga] 28/36 contraction_abcdef_gdab_efgc           ... START @ 2026-08-02 11:15:48
        · teir_ga:contraction_abcdef_gdab_efgc laeuft [   30s] … [NEW BEST] Trial #1 | SF=2, Parallel=a -> Zeit: 128.243 ms (34.4946 GFLOPS)
        · teir_ga:contraction_abcdef_gdab_efgc laeuft [   60s] … [NEW BEST] Trial #1 | SF=2, Parallel=a -> Zeit: 128.243 ms (34.4946 GFLOPS)
        · teir_ga:contraction_abcdef_gdab_efgc laeuft [   90s] … [NEW BEST] Trial #1 | SF=2, Parallel=a -> Zeit: 128.243 ms (34.4946 GFLOPS)
        · teir_ga:contraction_abcdef_gdab_efgc laeuft [  120s] … [NEW BEST] Trial #1 | SF=2, Parallel=a -> Zeit: 128.243 ms (34.4946 GFLOPS)
        · teir_ga:contraction_abcdef_gdab_efgc laeuft [  151s] … [NEW BEST] Trial #1 | SF=2, Parallel=a -> Zeit: 128.243 ms (34.4946 GFLOPS)
        · teir_ga:contraction_abcdef_gdab_efgc laeuft [  181s] … [NEW BEST] Trial #1 | SF=2, Parallel=a -> Zeit: 128.243 ms (34.4946 GFLOPS)
        · teir_ga:contraction_abcdef_gdab_efgc laeuft [  211s] … [NEW BEST] Trial #1 | SF=2, Parallel=a -> Zeit: 128.243 ms (34.4946 GFLOPS)
        · teir_ga:contraction_abcdef_gdab_efgc laeuft [  241s] … [NEW BEST] Trial #1 | SF=2, Parallel=a -> Zeit: 128.243 ms (34.4946 GFLOPS)
        · teir_ga:contraction_abcdef_gdab_efgc laeuft [  271s] … [NEW BEST] Trial #1 | SF=2, Parallel=a -> Zeit: 128.243 ms (34.4946 GFLOPS)
        · teir_ga:contraction_abcdef_gdab_efgc laeuft [  301s] … [NEW BEST] Trial #1 | SF=2, Parallel=a -> Zeit: 128.243 ms (34.4946 GFLOPS)
        · teir_ga:contraction_abcdef_gdab_efgc laeuft [  331s] … [NEW BEST] Trial #1 | SF=2, Parallel=a -> Zeit: 128.243 ms (34.4946 GFLOPS)
        · teir_ga:contraction_abcdef_gdab_efgc laeuft [  361s] … [NEW BEST] Trial #1 | SF=2, Parallel=a -> Zeit: 128.243 ms (34.4946 GFLOPS)
        · teir_ga:contraction_abcdef_gdab_efgc laeuft [  391s] … [NEW BEST] Trial #1 | SF=2, Parallel=a -> Zeit: 128.243 ms (34.4946 GFLOPS)
        · teir_ga:contraction_abcdef_gdab_efgc laeuft [  421s] … [NEW BEST] Trial #1 | SF=2, Parallel=a -> Zeit: 128.243 ms (34.4946 GFLOPS)
        · teir_ga:contraction_abcdef_gdab_efgc laeuft [  451s] … [NEW BEST] Trial #1 | SF=2, Parallel=a -> Zeit: 128.243 ms (34.4946 GFLOPS)
        · teir_ga:contraction_abcdef_gdab_efgc laeuft [  482s] … [NEW BEST] Trial #1 | SF=2, Parallel=a -> Zeit: 128.243 ms (34.4946 GFLOPS)
        · teir_ga:contraction_abcdef_gdab_efgc laeuft [  512s] … [NEW BEST] Trial #1 | SF=2, Parallel=a -> Zeit: 128.243 ms (34.4946 GFLOPS)
        · teir_ga:contraction_abcdef_gdab_efgc laeuft [  542s] … [NEW BEST] Trial #1 | SF=2, Parallel=a -> Zeit: 128.243 ms (34.4946 GFLOPS)
        · teir_ga:contraction_abcdef_gdab_efgc laeuft [  572s] … [NEW BEST] Trial #1 | SF=2, Parallel=a -> Zeit: 128.243 ms (34.4946 GFLOPS)
        · teir_ga:contraction_abcdef_gdab_efgc laeuft [  602s] … [NEW BEST] Trial #1 | SF=2, Parallel=a -> Zeit: 128.243 ms (34.4946 GFLOPS)
        · teir_ga:contraction_abcdef_gdab_efgc laeuft [  632s] … [NEW BEST] Trial #1 | SF=2, Parallel=a -> Zeit: 128.243 ms (34.4946 GFLOPS)
        · teir_ga:contraction_abcdef_gdab_efgc laeuft [  662s] … [NEW BEST] Trial #1 | SF=2, Parallel=a -> Zeit: 128.243 ms (34.4946 GFLOPS)
        · teir_ga:contraction_abcdef_gdab_efgc laeuft [  692s] … [NEW BEST] Trial #1 | SF=2, Parallel=a -> Zeit: 128.243 ms (34.4946 GFLOPS)
        · teir_ga:contraction_abcdef_gdab_efgc laeuft [  722s] … [NEW BEST] Trial #1 | SF=2, Parallel=a -> Zeit: 128.243 ms (34.4946 GFLOPS)
        · teir_ga:contraction_abcdef_gdab_efgc laeuft [  752s] … [NEW BEST] Trial #1 | SF=2, Parallel=a -> Zeit: 128.243 ms (34.4946 GFLOPS)
        · teir_ga:contraction_abcdef_gdab_efgc laeuft [  782s] … [NEW BEST] Trial #1 | SF=2, Parallel=a -> Zeit: 128.243 ms (34.4946 GFLOPS)
        · teir_ga:contraction_abcdef_gdab_efgc laeuft [  812s] … [NEW BEST] Trial #1 | SF=2, Parallel=a -> Zeit: 128.243 ms (34.4946 GFLOPS)
        · teir_ga:contraction_abcdef_gdab_efgc laeuft [  842s] … [NEW BEST] Trial #1 | SF=2, Parallel=a -> Zeit: 128.243 ms (34.4946 GFLOPS)
        · teir_ga:contraction_abcdef_gdab_efgc laeuft [  872s] … [NEW BEST] Trial #1 | SF=2, Parallel=a -> Zeit: 128.243 ms (34.4946 GFLOPS)
        · teir_ga:contraction_abcdef_gdab_efgc laeuft [  900s] … [NEW BEST] Trial #1 | SF=2, Parallel=a -> Zeit: 128.243 ms (34.4946 GFLOPS)
        · teir_ga:contraction_abcdef_gdab_efgc laeuft [  930s] … [NEW BEST] Trial #1 | SF=2, Parallel=a -> Zeit: 128.243 ms (34.4946 GFLOPS)
        · teir_ga:contraction_abcdef_gdab_efgc laeuft [  960s] … [NEW BEST] Trial #1 | SF=2, Parallel=a -> Zeit: 128.243 ms (34.4946 GFLOPS)
        · teir_ga:contraction_abcdef_gdab_efgc laeuft [  991s] … [NEW BEST] Trial #1 | SF=2, Parallel=a -> Zeit: 128.243 ms (34.4946 GFLOPS)
        · teir_ga:contraction_abcdef_gdab_efgc laeuft [ 1021s] … [NEW BEST] Trial #1 | SF=2, Parallel=a -> Zeit: 128.243 ms (34.4946 GFLOPS)
        · teir_ga:contraction_abcdef_gdab_efgc laeuft [ 1051s] … [NEW BEST] Trial #1 | SF=2, Parallel=a -> Zeit: 128.243 ms (34.4946 GFLOPS)
        · teir_ga:contraction_abcdef_gdab_efgc laeuft [ 1081s] … [NEW BEST] Trial #1 | SF=2, Parallel=a -> Zeit: 128.243 ms (34.4946 GFLOPS)
        · teir_ga:contraction_abcdef_gdab_efgc laeuft [ 1111s] … [NEW BEST] Trial #1 | SF=2, Parallel=a -> Zeit: 128.243 ms (34.4946 GFLOPS)
        · teir_ga:contraction_abcdef_gdab_efgc laeuft [ 1141s] … [NEW BEST] Trial #1 | SF=2, Parallel=a -> Zeit: 128.243 ms (34.4946 GFLOPS)
        · teir_ga:contraction_abcdef_gdab_efgc laeuft [ 1171s] … [NEW BEST] Trial #1 | SF=2, Parallel=a -> Zeit: 128.243 ms (34.4946 GFLOPS)
        · teir_ga:contraction_abcdef_gdab_efgc laeuft [ 1201s] … [NEW BEST] Trial #1 | SF=2, Parallel=a -> Zeit: 128.243 ms (34.4946 GFLOPS)
        · teir_ga:contraction_abcdef_gdab_efgc laeuft [ 1232s] … [NEW BEST] Trial #1 | SF=2, Parallel=a -> Zeit: 128.243 ms (34.4946 GFLOPS)
        · teir_ga:contraction_abcdef_gdab_efgc laeuft [ 1262s] … [NEW BEST] Trial #1 | SF=2, Parallel=a -> Zeit: 128.243 ms (34.4946 GFLOPS)
        · teir_ga:contraction_abcdef_gdab_efgc laeuft [ 1292s] … [NEW BEST] Trial #1 | SF=2, Parallel=a -> Zeit: 128.243 ms (34.4946 GFLOPS)
        · teir_ga:contraction_abcdef_gdab_efgc laeuft [ 1322s] … [NEW BEST] Trial #1 | SF=2, Parallel=a -> Zeit: 128.243 ms (34.4946 GFLOPS)
        · teir_ga:contraction_abcdef_gdab_efgc laeuft [ 1350s] … [NEW BEST] Trial #1 | SF=2, Parallel=a -> Zeit: 128.243 ms (34.4946 GFLOPS)
        · teir_ga:contraction_abcdef_gdab_efgc laeuft [ 1380s] … [NEW BEST] Trial #1 | SF=2, Parallel=a -> Zeit: 128.243 ms (34.4946 GFLOPS)
        · teir_ga:contraction_abcdef_gdab_efgc laeuft [ 1410s] … [NEW BEST] Trial #1 | SF=2, Parallel=a -> Zeit: 128.243 ms (34.4946 GFLOPS)
        · teir_ga:contraction_abcdef_gdab_efgc laeuft [ 1440s] … [NEW BEST] Trial #1 | SF=2, Parallel=a -> Zeit: 128.243 ms (34.4946 GFLOPS)
        · teir_ga:contraction_abcdef_gdab_efgc laeuft [ 1471s] … [NEW BEST] Trial #1 | SF=2, Parallel=a -> Zeit: 128.243 ms (34.4946 GFLOPS)
        · teir_ga:contraction_abcdef_gdab_efgc laeuft [ 1501s] … [NEW BEST] Trial #1 | SF=2, Parallel=a -> Zeit: 128.243 ms (34.4946 GFLOPS)
        · teir_ga:contraction_abcdef_gdab_efgc laeuft [ 1531s] … [NEW BEST] Trial #1 | SF=2, Parallel=a -> Zeit: 128.243 ms (34.4946 GFLOPS)
        · teir_ga:contraction_abcdef_gdab_efgc laeuft [ 1561s] … [NEW BEST] Trial #1 | SF=2, Parallel=a -> Zeit: 128.243 ms (34.4946 GFLOPS)
        · teir_ga:contraction_abcdef_gdab_efgc laeuft [ 1591s] … [NEW BEST] Trial #1 | SF=2, Parallel=a -> Zeit: 128.243 ms (34.4946 GFLOPS)
        · teir_ga:contraction_abcdef_gdab_efgc laeuft [ 1621s] … [NEW BEST] Trial #1 | SF=2, Parallel=a -> Zeit: 128.243 ms (34.4946 GFLOPS)
        · teir_ga:contraction_abcdef_gdab_efgc laeuft [ 1651s] … [NEW BEST] Trial #1 | SF=2, Parallel=a -> Zeit: 128.243 ms (34.4946 GFLOPS)
        · teir_ga:contraction_abcdef_gdab_efgc laeuft [ 1681s] … [NEW BEST] Trial #1 | SF=2, Parallel=a -> Zeit: 128.243 ms (34.4946 GFLOPS)
        · teir_ga:contraction_abcdef_gdab_efgc laeuft [ 1712s] … [NEW BEST] Trial #1 | SF=2, Parallel=a -> Zeit: 128.243 ms (34.4946 GFLOPS)
        · teir_ga:contraction_abcdef_gdab_efgc laeuft [ 1742s] … [NEW BEST] Trial #1 | SF=2, Parallel=a -> Zeit: 128.243 ms (34.4946 GFLOPS)
        · teir_ga:contraction_abcdef_gdab_efgc laeuft [ 1772s] … [NEW BEST] Trial #1 | SF=2, Parallel=a -> Zeit: 128.243 ms (34.4946 GFLOPS)
        · teir_ga:contraction_abcdef_gdab_efgc laeuft [ 1802s] … [NEW BEST] Trial #1 | SF=2, Parallel=a -> Zeit: 128.243 ms (34.4946 GFLOPS)
  [teir_ga] 28/36 contraction_abcdef_gdab_efgc           34.5 GFLOPS [partial-timeout]   1802s  DONE @ 2026-08-02 11:45:50
  [teir_ga] 29/36 contraction_abcdef_gdac_efgb           ... START @ 2026-08-02 11:45:50
        · teir_ga:contraction_abcdef_gdac_efgb laeuft [   30s] … [NEW BEST] Trial #1 | SF=2, Parallel=a -> Zeit: 124.769 ms (35.4549 GFLOPS)
        · teir_ga:contraction_abcdef_gdac_efgb laeuft [   60s] … [NEW BEST] Trial #1 | SF=2, Parallel=a -> Zeit: 124.769 ms (35.4549 GFLOPS)
        · teir_ga:contraction_abcdef_gdac_efgb laeuft [   90s] … [NEW BEST] Trial #1 | SF=2, Parallel=a -> Zeit: 124.769 ms (35.4549 GFLOPS)
        · teir_ga:contraction_abcdef_gdac_efgb laeuft [  120s] … [NEW BEST] Trial #1 | SF=2, Parallel=a -> Zeit: 124.769 ms (35.4549 GFLOPS)
        · teir_ga:contraction_abcdef_gdac_efgb laeuft [  151s] … [NEW BEST] Trial #1 | SF=2, Parallel=a -> Zeit: 124.769 ms (35.4549 GFLOPS)
        · teir_ga:contraction_abcdef_gdac_efgb laeuft [  181s] … [NEW BEST] Trial #1 | SF=2, Parallel=a -> Zeit: 124.769 ms (35.4549 GFLOPS)
        · teir_ga:contraction_abcdef_gdac_efgb laeuft [  211s] … [NEW BEST] Trial #1 | SF=2, Parallel=a -> Zeit: 124.769 ms (35.4549 GFLOPS)
        · teir_ga:contraction_abcdef_gdac_efgb laeuft [  241s] … [NEW BEST] Trial #1 | SF=2, Parallel=a -> Zeit: 124.769 ms (35.4549 GFLOPS)
        · teir_ga:contraction_abcdef_gdac_efgb laeuft [  271s] … [NEW BEST] Trial #1 | SF=2, Parallel=a -> Zeit: 124.769 ms (35.4549 GFLOPS)
        · teir_ga:contraction_abcdef_gdac_efgb laeuft [  301s] … [NEW BEST] Trial #1 | SF=2, Parallel=a -> Zeit: 124.769 ms (35.4549 GFLOPS)
        · teir_ga:contraction_abcdef_gdac_efgb laeuft [  331s] … [NEW BEST] Trial #1 | SF=2, Parallel=a -> Zeit: 124.769 ms (35.4549 GFLOPS)
        · teir_ga:contraction_abcdef_gdac_efgb laeuft [  361s] … [NEW BEST] Trial #1 | SF=2, Parallel=a -> Zeit: 124.769 ms (35.4549 GFLOPS)
        · teir_ga:contraction_abcdef_gdac_efgb laeuft [  391s] … [NEW BEST] Trial #1 | SF=2, Parallel=a -> Zeit: 124.769 ms (35.4549 GFLOPS)
        · teir_ga:contraction_abcdef_gdac_efgb laeuft [  421s] … [NEW BEST] Trial #1 | SF=2, Parallel=a -> Zeit: 124.769 ms (35.4549 GFLOPS)
        · teir_ga:contraction_abcdef_gdac_efgb laeuft [  451s] … [NEW BEST] Trial #1 | SF=2, Parallel=a -> Zeit: 124.769 ms (35.4549 GFLOPS)
        · teir_ga:contraction_abcdef_gdac_efgb laeuft [  481s] … [NEW BEST] Trial #1 | SF=2, Parallel=a -> Zeit: 124.769 ms (35.4549 GFLOPS)
        · teir_ga:contraction_abcdef_gdac_efgb laeuft [  512s] … [NEW BEST] Trial #1 | SF=2, Parallel=a -> Zeit: 124.769 ms (35.4549 GFLOPS)
        · teir_ga:contraction_abcdef_gdac_efgb laeuft [  542s] … [NEW BEST] Trial #1 | SF=2, Parallel=a -> Zeit: 124.769 ms (35.4549 GFLOPS)
        · teir_ga:contraction_abcdef_gdac_efgb laeuft [  572s] … [NEW BEST] Trial #1 | SF=2, Parallel=a -> Zeit: 124.769 ms (35.4549 GFLOPS)
        · teir_ga:contraction_abcdef_gdac_efgb laeuft [  602s] … [NEW BEST] Trial #1 | SF=2, Parallel=a -> Zeit: 124.769 ms (35.4549 GFLOPS)
        · teir_ga:contraction_abcdef_gdac_efgb laeuft [  632s] … [NEW BEST] Trial #1 | SF=2, Parallel=a -> Zeit: 124.769 ms (35.4549 GFLOPS)
        · teir_ga:contraction_abcdef_gdac_efgb laeuft [  662s] … [NEW BEST] Trial #1 | SF=2, Parallel=a -> Zeit: 124.769 ms (35.4549 GFLOPS)
        · teir_ga:contraction_abcdef_gdac_efgb laeuft [  690s] … [NEW BEST] Trial #1 | SF=2, Parallel=a -> Zeit: 124.769 ms (35.4549 GFLOPS)
        · teir_ga:contraction_abcdef_gdac_efgb laeuft [  720s] … [NEW BEST] Trial #1 | SF=2, Parallel=a -> Zeit: 124.769 ms (35.4549 GFLOPS)
        · teir_ga:contraction_abcdef_gdac_efgb laeuft [  750s] … [NEW BEST] Trial #1 | SF=2, Parallel=a -> Zeit: 124.769 ms (35.4549 GFLOPS)
        · teir_ga:contraction_abcdef_gdac_efgb laeuft [  780s] … [NEW BEST] Trial #1 | SF=2, Parallel=a -> Zeit: 124.769 ms (35.4549 GFLOPS)
        · teir_ga:contraction_abcdef_gdac_efgb laeuft [  810s] … [NEW BEST] Trial #1 | SF=2, Parallel=a -> Zeit: 124.769 ms (35.4549 GFLOPS)
        · teir_ga:contraction_abcdef_gdac_efgb laeuft [  841s] … [NEW BEST] Trial #1 | SF=2, Parallel=a -> Zeit: 124.769 ms (35.4549 GFLOPS)
        · teir_ga:contraction_abcdef_gdac_efgb laeuft [  871s] … [NEW BEST] Trial #1 | SF=2, Parallel=a -> Zeit: 124.769 ms (35.4549 GFLOPS)
        · teir_ga:contraction_abcdef_gdac_efgb laeuft [  901s] … [NEW BEST] Trial #1 | SF=2, Parallel=a -> Zeit: 124.769 ms (35.4549 GFLOPS)
        · teir_ga:contraction_abcdef_gdac_efgb laeuft [  931s] … [NEW BEST] Trial #1 | SF=2, Parallel=a -> Zeit: 124.769 ms (35.4549 GFLOPS)
        · teir_ga:contraction_abcdef_gdac_efgb laeuft [  961s] … [NEW BEST] Trial #1 | SF=2, Parallel=a -> Zeit: 124.769 ms (35.4549 GFLOPS)
        · teir_ga:contraction_abcdef_gdac_efgb laeuft [  991s] … [NEW BEST] Trial #1 | SF=2, Parallel=a -> Zeit: 124.769 ms (35.4549 GFLOPS)
        · teir_ga:contraction_abcdef_gdac_efgb laeuft [ 1021s] … [NEW BEST] Trial #1 | SF=2, Parallel=a -> Zeit: 124.769 ms (35.4549 GFLOPS)
        · teir_ga:contraction_abcdef_gdac_efgb laeuft [ 1051s] … [NEW BEST] Trial #1 | SF=2, Parallel=a -> Zeit: 124.769 ms (35.4549 GFLOPS)
        · teir_ga:contraction_abcdef_gdac_efgb laeuft [ 1081s] … [NEW BEST] Trial #1 | SF=2, Parallel=a -> Zeit: 124.769 ms (35.4549 GFLOPS)
        · teir_ga:contraction_abcdef_gdac_efgb laeuft [ 1111s] … [NEW BEST] Trial #1 | SF=2, Parallel=a -> Zeit: 124.769 ms (35.4549 GFLOPS)
        · teir_ga:contraction_abcdef_gdac_efgb laeuft [ 1141s] … [NEW BEST] Trial #1 | SF=2, Parallel=a -> Zeit: 124.769 ms (35.4549 GFLOPS)
        · teir_ga:contraction_abcdef_gdac_efgb laeuft [ 1172s] … [NEW BEST] Trial #1 | SF=2, Parallel=a -> Zeit: 124.769 ms (35.4549 GFLOPS)
        · teir_ga:contraction_abcdef_gdac_efgb laeuft [ 1202s] … [NEW BEST] Trial #1 | SF=2, Parallel=a -> Zeit: 124.769 ms (35.4549 GFLOPS)
        · teir_ga:contraction_abcdef_gdac_efgb laeuft [ 1232s] … [NEW BEST] Trial #1 | SF=2, Parallel=a -> Zeit: 124.769 ms (35.4549 GFLOPS)
        · teir_ga:contraction_abcdef_gdac_efgb laeuft [ 1262s] … [NEW BEST] Trial #1 | SF=2, Parallel=a -> Zeit: 124.769 ms (35.4549 GFLOPS)
        · teir_ga:contraction_abcdef_gdac_efgb laeuft [ 1292s] … [NEW BEST] Trial #1 | SF=2, Parallel=a -> Zeit: 124.769 ms (35.4549 GFLOPS)
        · teir_ga:contraction_abcdef_gdac_efgb laeuft [ 1320s] … [NEW BEST] Trial #1 | SF=2, Parallel=a -> Zeit: 124.769 ms (35.4549 GFLOPS)
        · teir_ga:contraction_abcdef_gdac_efgb laeuft [ 1350s] … [NEW BEST] Trial #1 | SF=2, Parallel=a -> Zeit: 124.769 ms (35.4549 GFLOPS)
        · teir_ga:contraction_abcdef_gdac_efgb laeuft [ 1380s] … [NEW BEST] Trial #1 | SF=2, Parallel=a -> Zeit: 124.769 ms (35.4549 GFLOPS)
        · teir_ga:contraction_abcdef_gdac_efgb laeuft [ 1410s] … [NEW BEST] Trial #1 | SF=2, Parallel=a -> Zeit: 124.769 ms (35.4549 GFLOPS)
        · teir_ga:contraction_abcdef_gdac_efgb laeuft [ 1440s] … [NEW BEST] Trial #1 | SF=2, Parallel=a -> Zeit: 124.769 ms (35.4549 GFLOPS)
        · teir_ga:contraction_abcdef_gdac_efgb laeuft [ 1471s] … [NEW BEST] Trial #1 | SF=2, Parallel=a -> Zeit: 124.769 ms (35.4549 GFLOPS)
        · teir_ga:contraction_abcdef_gdac_efgb laeuft [ 1501s] … [NEW BEST] Trial #1 | SF=2, Parallel=a -> Zeit: 124.769 ms (35.4549 GFLOPS)
        · teir_ga:contraction_abcdef_gdac_efgb laeuft [ 1531s] … [NEW BEST] Trial #1 | SF=2, Parallel=a -> Zeit: 124.769 ms (35.4549 GFLOPS)
        · teir_ga:contraction_abcdef_gdac_efgb laeuft [ 1561s] … [NEW BEST] Trial #1 | SF=2, Parallel=a -> Zeit: 124.769 ms (35.4549 GFLOPS)
        · teir_ga:contraction_abcdef_gdac_efgb laeuft [ 1591s] … [NEW BEST] Trial #1 | SF=2, Parallel=a -> Zeit: 124.769 ms (35.4549 GFLOPS)
        · teir_ga:contraction_abcdef_gdac_efgb laeuft [ 1621s] … [NEW BEST] Trial #1 | SF=2, Parallel=a -> Zeit: 124.769 ms (35.4549 GFLOPS)
        · teir_ga:contraction_abcdef_gdac_efgb laeuft [ 1651s] … [NEW BEST] Trial #1 | SF=2, Parallel=a -> Zeit: 124.769 ms (35.4549 GFLOPS)
        · teir_ga:contraction_abcdef_gdac_efgb laeuft [ 1681s] … [NEW BEST] Trial #1 | SF=2, Parallel=a -> Zeit: 124.769 ms (35.4549 GFLOPS)
        · teir_ga:contraction_abcdef_gdac_efgb laeuft [ 1711s] … [NEW BEST] Trial #1 | SF=2, Parallel=a -> Zeit: 124.769 ms (35.4549 GFLOPS)
        · teir_ga:contraction_abcdef_gdac_efgb laeuft [ 1741s] … [NEW BEST] Trial #1 | SF=2, Parallel=a -> Zeit: 124.769 ms (35.4549 GFLOPS)
        · teir_ga:contraction_abcdef_gdac_efgb laeuft [ 1771s] … [NEW BEST] Trial #1 | SF=2, Parallel=a -> Zeit: 124.769 ms (35.4549 GFLOPS)
        · teir_ga:contraction_abcdef_gdac_efgb laeuft [ 1801s] … [NEW BEST] Trial #1 | SF=2, Parallel=a -> Zeit: 124.769 ms (35.4549 GFLOPS)
  [teir_ga] 29/36 contraction_abcdef_gdac_efgb           35.5 GFLOPS [partial-timeout]   1801s  DONE @ 2026-08-02 12:15:51
  [teir_ga] 30/36 contraction_abcdef_gdbc_efga           ... START @ 2026-08-02 12:15:51
        · teir_ga:contraction_abcdef_gdbc_efga laeuft [   30s] … [NEW BEST] Trial #1 | SF=2, Parallel=a -> Zeit: 123.243 ms (35.894 GFLOPS)
        · teir_ga:contraction_abcdef_gdbc_efga laeuft [   60s] … [NEW BEST] Trial #1 | SF=2, Parallel=a -> Zeit: 123.243 ms (35.894 GFLOPS)
        · teir_ga:contraction_abcdef_gdbc_efga laeuft [   90s] … [NEW BEST] Trial #1 | SF=2, Parallel=a -> Zeit: 123.243 ms (35.894 GFLOPS)
        · teir_ga:contraction_abcdef_gdbc_efga laeuft [  120s] … [NEW BEST] Trial #1 | SF=2, Parallel=a -> Zeit: 123.243 ms (35.894 GFLOPS)
        · teir_ga:contraction_abcdef_gdbc_efga laeuft [  150s] … [NEW BEST] Trial #1 | SF=2, Parallel=a -> Zeit: 123.243 ms (35.894 GFLOPS)
        · teir_ga:contraction_abcdef_gdbc_efga laeuft [  180s] … [NEW BEST] Trial #1 | SF=2, Parallel=a -> Zeit: 123.243 ms (35.894 GFLOPS)
        · teir_ga:contraction_abcdef_gdbc_efga laeuft [  210s] … [NEW BEST] Trial #1 | SF=2, Parallel=a -> Zeit: 123.243 ms (35.894 GFLOPS)
        · teir_ga:contraction_abcdef_gdbc_efga laeuft [  240s] … [NEW BEST] Trial #1 | SF=2, Parallel=a -> Zeit: 123.243 ms (35.894 GFLOPS)
        · teir_ga:contraction_abcdef_gdbc_efga laeuft [  271s] … [NEW BEST] Trial #1 | SF=2, Parallel=a -> Zeit: 123.243 ms (35.894 GFLOPS)
        · teir_ga:contraction_abcdef_gdbc_efga laeuft [  301s] … [NEW BEST] Trial #1 | SF=2, Parallel=a -> Zeit: 123.243 ms (35.894 GFLOPS)
        · teir_ga:contraction_abcdef_gdbc_efga laeuft [  331s] … [NEW BEST] Trial #1 | SF=2, Parallel=a -> Zeit: 123.243 ms (35.894 GFLOPS)
        · teir_ga:contraction_abcdef_gdbc_efga laeuft [  361s] … [NEW BEST] Trial #1 | SF=2, Parallel=a -> Zeit: 123.243 ms (35.894 GFLOPS)
        · teir_ga:contraction_abcdef_gdbc_efga laeuft [  391s] … [NEW BEST] Trial #1 | SF=2, Parallel=a -> Zeit: 123.243 ms (35.894 GFLOPS)
        · teir_ga:contraction_abcdef_gdbc_efga laeuft [  421s] … [NEW BEST] Trial #1 | SF=2, Parallel=a -> Zeit: 123.243 ms (35.894 GFLOPS)
        · teir_ga:contraction_abcdef_gdbc_efga laeuft [  451s] … [NEW BEST] Trial #1 | SF=2, Parallel=a -> Zeit: 123.243 ms (35.894 GFLOPS)
        · teir_ga:contraction_abcdef_gdbc_efga laeuft [  481s] … [NEW BEST] Trial #1 | SF=2, Parallel=a -> Zeit: 123.243 ms (35.894 GFLOPS)
        · teir_ga:contraction_abcdef_gdbc_efga laeuft [  512s] … [NEW BEST] Trial #1 | SF=2, Parallel=a -> Zeit: 123.243 ms (35.894 GFLOPS)
        · teir_ga:contraction_abcdef_gdbc_efga laeuft [  542s] … [NEW BEST] Trial #1 | SF=2, Parallel=a -> Zeit: 123.243 ms (35.894 GFLOPS)
        · teir_ga:contraction_abcdef_gdbc_efga laeuft [  572s] … [NEW BEST] Trial #1 | SF=2, Parallel=a -> Zeit: 123.243 ms (35.894 GFLOPS)
        · teir_ga:contraction_abcdef_gdbc_efga laeuft [  602s] … [NEW BEST] Trial #1 | SF=2, Parallel=a -> Zeit: 123.243 ms (35.894 GFLOPS)
        · teir_ga:contraction_abcdef_gdbc_efga laeuft [  630s] … [NEW BEST] Trial #1 | SF=2, Parallel=a -> Zeit: 123.243 ms (35.894 GFLOPS)
        · teir_ga:contraction_abcdef_gdbc_efga laeuft [  660s] … [NEW BEST] Trial #1 | SF=2, Parallel=a -> Zeit: 123.243 ms (35.894 GFLOPS)
        · teir_ga:contraction_abcdef_gdbc_efga laeuft [  690s] … [NEW BEST] Trial #1 | SF=2, Parallel=a -> Zeit: 123.243 ms (35.894 GFLOPS)
        · teir_ga:contraction_abcdef_gdbc_efga laeuft [  720s] … [NEW BEST] Trial #1 | SF=2, Parallel=a -> Zeit: 123.243 ms (35.894 GFLOPS)
        · teir_ga:contraction_abcdef_gdbc_efga laeuft [  751s] … [NEW BEST] Trial #1 | SF=2, Parallel=a -> Zeit: 123.243 ms (35.894 GFLOPS)
        · teir_ga:contraction_abcdef_gdbc_efga laeuft [  781s] … [NEW BEST] Trial #1 | SF=2, Parallel=a -> Zeit: 123.243 ms (35.894 GFLOPS)
        · teir_ga:contraction_abcdef_gdbc_efga laeuft [  811s] … [NEW BEST] Trial #1 | SF=2, Parallel=a -> Zeit: 123.243 ms (35.894 GFLOPS)
        · teir_ga:contraction_abcdef_gdbc_efga laeuft [  841s] … [NEW BEST] Trial #1 | SF=2, Parallel=a -> Zeit: 123.243 ms (35.894 GFLOPS)
        · teir_ga:contraction_abcdef_gdbc_efga laeuft [  871s] … [NEW BEST] Trial #1 | SF=2, Parallel=a -> Zeit: 123.243 ms (35.894 GFLOPS)
        · teir_ga:contraction_abcdef_gdbc_efga laeuft [  901s] … [NEW BEST] Trial #1 | SF=2, Parallel=a -> Zeit: 123.243 ms (35.894 GFLOPS)
        · teir_ga:contraction_abcdef_gdbc_efga laeuft [  931s] … [NEW BEST] Trial #1 | SF=2, Parallel=a -> Zeit: 123.243 ms (35.894 GFLOPS)
        · teir_ga:contraction_abcdef_gdbc_efga laeuft [  962s] … [NEW BEST] Trial #1 | SF=2, Parallel=a -> Zeit: 123.243 ms (35.894 GFLOPS)
        · teir_ga:contraction_abcdef_gdbc_efga laeuft [  992s] … [NEW BEST] Trial #1 | SF=2, Parallel=a -> Zeit: 123.243 ms (35.894 GFLOPS)
        · teir_ga:contraction_abcdef_gdbc_efga laeuft [ 1022s] … [NEW BEST] Trial #1 | SF=2, Parallel=a -> Zeit: 123.243 ms (35.894 GFLOPS)
        · teir_ga:contraction_abcdef_gdbc_efga laeuft [ 1052s] … [NEW BEST] Trial #1 | SF=2, Parallel=a -> Zeit: 123.243 ms (35.894 GFLOPS)
        · teir_ga:contraction_abcdef_gdbc_efga laeuft [ 1080s] … [NEW BEST] Trial #1 | SF=2, Parallel=a -> Zeit: 123.243 ms (35.894 GFLOPS)
        · teir_ga:contraction_abcdef_gdbc_efga laeuft [ 1110s] … [NEW BEST] Trial #1 | SF=2, Parallel=a -> Zeit: 123.243 ms (35.894 GFLOPS)
        · teir_ga:contraction_abcdef_gdbc_efga laeuft [ 1140s] … [NEW BEST] Trial #1 | SF=2, Parallel=a -> Zeit: 123.243 ms (35.894 GFLOPS)
        · teir_ga:contraction_abcdef_gdbc_efga laeuft [ 1170s] … [NEW BEST] Trial #1 | SF=2, Parallel=a -> Zeit: 123.243 ms (35.894 GFLOPS)
        · teir_ga:contraction_abcdef_gdbc_efga laeuft [ 1200s] … [NEW BEST] Trial #1 | SF=2, Parallel=a -> Zeit: 123.243 ms (35.894 GFLOPS)
        · teir_ga:contraction_abcdef_gdbc_efga laeuft [ 1231s] … [NEW BEST] Trial #1 | SF=2, Parallel=a -> Zeit: 123.243 ms (35.894 GFLOPS)
        · teir_ga:contraction_abcdef_gdbc_efga laeuft [ 1261s] … [NEW BEST] Trial #1 | SF=2, Parallel=a -> Zeit: 123.243 ms (35.894 GFLOPS)
        · teir_ga:contraction_abcdef_gdbc_efga laeuft [ 1291s] … [NEW BEST] Trial #1 | SF=2, Parallel=a -> Zeit: 123.243 ms (35.894 GFLOPS)
        · teir_ga:contraction_abcdef_gdbc_efga laeuft [ 1321s] … [NEW BEST] Trial #1 | SF=2, Parallel=a -> Zeit: 123.243 ms (35.894 GFLOPS)
        · teir_ga:contraction_abcdef_gdbc_efga laeuft [ 1351s] … [NEW BEST] Trial #1 | SF=2, Parallel=a -> Zeit: 123.243 ms (35.894 GFLOPS)
        · teir_ga:contraction_abcdef_gdbc_efga laeuft [ 1381s] … [NEW BEST] Trial #1 | SF=2, Parallel=a -> Zeit: 123.243 ms (35.894 GFLOPS)
        · teir_ga:contraction_abcdef_gdbc_efga laeuft [ 1411s] … [NEW BEST] Trial #1 | SF=2, Parallel=a -> Zeit: 123.243 ms (35.894 GFLOPS)
        · teir_ga:contraction_abcdef_gdbc_efga laeuft [ 1441s] … [NEW BEST] Trial #1 | SF=2, Parallel=a -> Zeit: 123.243 ms (35.894 GFLOPS)
        · teir_ga:contraction_abcdef_gdbc_efga laeuft [ 1471s] … [NEW BEST] Trial #1 | SF=2, Parallel=a -> Zeit: 123.243 ms (35.894 GFLOPS)
        · teir_ga:contraction_abcdef_gdbc_efga laeuft [ 1501s] … [NEW BEST] Trial #1 | SF=2, Parallel=a -> Zeit: 123.243 ms (35.894 GFLOPS)
        · teir_ga:contraction_abcdef_gdbc_efga laeuft [ 1531s] … [NEW BEST] Trial #1 | SF=2, Parallel=a -> Zeit: 123.243 ms (35.894 GFLOPS)
        · teir_ga:contraction_abcdef_gdbc_efga laeuft [ 1562s] … [NEW BEST] Trial #1 | SF=2, Parallel=a -> Zeit: 123.243 ms (35.894 GFLOPS)
        · teir_ga:contraction_abcdef_gdbc_efga laeuft [ 1592s] … [NEW BEST] Trial #1 | SF=2, Parallel=a -> Zeit: 123.243 ms (35.894 GFLOPS)
        · teir_ga:contraction_abcdef_gdbc_efga laeuft [ 1622s] … [NEW BEST] Trial #1 | SF=2, Parallel=a -> Zeit: 123.243 ms (35.894 GFLOPS)
        · teir_ga:contraction_abcdef_gdbc_efga laeuft [ 1652s] … [NEW BEST] Trial #1 | SF=2, Parallel=a -> Zeit: 123.243 ms (35.894 GFLOPS)
        · teir_ga:contraction_abcdef_gdbc_efga laeuft [ 1682s] … [NEW BEST] Trial #1 | SF=2, Parallel=a -> Zeit: 123.243 ms (35.894 GFLOPS)
        · teir_ga:contraction_abcdef_gdbc_efga laeuft [ 1710s] … [NEW BEST] Trial #1 | SF=2, Parallel=a -> Zeit: 123.243 ms (35.894 GFLOPS)
        · teir_ga:contraction_abcdef_gdbc_efga laeuft [ 1740s] … [NEW BEST] Trial #1 | SF=2, Parallel=a -> Zeit: 123.243 ms (35.894 GFLOPS)
        · teir_ga:contraction_abcdef_gdbc_efga laeuft [ 1770s] … [NEW BEST] Trial #1 | SF=2, Parallel=a -> Zeit: 123.243 ms (35.894 GFLOPS)
        · teir_ga:contraction_abcdef_gdbc_efga laeuft [ 1800s] … [NEW BEST] Trial #1 | SF=2, Parallel=a -> Zeit: 123.243 ms (35.894 GFLOPS)
  [teir_ga] 30/36 contraction_abcdef_gdbc_efga           35.9 GFLOPS [partial-timeout]   1800s  DONE @ 2026-08-02 12:45:52
  [teir_ga] 31/36 contraction_abcdef_geab_dfgc           ... START @ 2026-08-02 12:45:52
        · teir_ga:contraction_abcdef_geab_dfgc laeuft [   30s] … [NEW BEST] Trial #1 | SF=2, Parallel=a -> Zeit: 63.931 ms (69.1946 GFLOPS)
        · teir_ga:contraction_abcdef_geab_dfgc laeuft [   60s] … [NEW BEST] Trial #1 | SF=2, Parallel=a -> Zeit: 63.931 ms (69.1946 GFLOPS)
        · teir_ga:contraction_abcdef_geab_dfgc laeuft [   90s] … [NEW BEST] Trial #1 | SF=2, Parallel=a -> Zeit: 63.931 ms (69.1946 GFLOPS)
        · teir_ga:contraction_abcdef_geab_dfgc laeuft [  120s] … [NEW BEST] Trial #1 | SF=2, Parallel=a -> Zeit: 63.931 ms (69.1946 GFLOPS)
        · teir_ga:contraction_abcdef_geab_dfgc laeuft [  150s] … [NEW BEST] Trial #1 | SF=2, Parallel=a -> Zeit: 63.931 ms (69.1946 GFLOPS)
        · teir_ga:contraction_abcdef_geab_dfgc laeuft [  181s] … [NEW BEST] Trial #1 | SF=2, Parallel=a -> Zeit: 63.931 ms (69.1946 GFLOPS)
        · teir_ga:contraction_abcdef_geab_dfgc laeuft [  211s] … [NEW BEST] Trial #1 | SF=2, Parallel=a -> Zeit: 63.931 ms (69.1946 GFLOPS)
        · teir_ga:contraction_abcdef_geab_dfgc laeuft [  241s] … [NEW BEST] Trial #1 | SF=2, Parallel=a -> Zeit: 63.931 ms (69.1946 GFLOPS)
        · teir_ga:contraction_abcdef_geab_dfgc laeuft [  271s] … [NEW BEST] Trial #1 | SF=2, Parallel=a -> Zeit: 63.931 ms (69.1946 GFLOPS)
        · teir_ga:contraction_abcdef_geab_dfgc laeuft [  301s] … [NEW BEST] Trial #1 | SF=2, Parallel=a -> Zeit: 63.931 ms (69.1946 GFLOPS)
        · teir_ga:contraction_abcdef_geab_dfgc laeuft [  331s] … [NEW BEST] Trial #1 | SF=2, Parallel=a -> Zeit: 63.931 ms (69.1946 GFLOPS)
        · teir_ga:contraction_abcdef_geab_dfgc laeuft [  361s] … [NEW BEST] Trial #1 | SF=2, Parallel=a -> Zeit: 63.931 ms (69.1946 GFLOPS)
        · teir_ga:contraction_abcdef_geab_dfgc laeuft [  391s] … [NEW BEST] Trial #1 | SF=2, Parallel=a -> Zeit: 63.931 ms (69.1946 GFLOPS)
        · teir_ga:contraction_abcdef_geab_dfgc laeuft [  421s] … [NEW BEST] Trial #1 | SF=2, Parallel=a -> Zeit: 63.931 ms (69.1946 GFLOPS)
        · teir_ga:contraction_abcdef_geab_dfgc laeuft [  451s] … [NEW BEST] Trial #1 | SF=2, Parallel=a -> Zeit: 63.931 ms (69.1946 GFLOPS)
        · teir_ga:contraction_abcdef_geab_dfgc laeuft [  482s] … [NEW BEST] Trial #1 | SF=2, Parallel=a -> Zeit: 63.931 ms (69.1946 GFLOPS)
        · teir_ga:contraction_abcdef_geab_dfgc laeuft [  512s] … [NEW BEST] Trial #1 | SF=2, Parallel=a -> Zeit: 63.931 ms (69.1946 GFLOPS)
        · teir_ga:contraction_abcdef_geab_dfgc laeuft [  542s] … [NEW BEST] Trial #1 | SF=2, Parallel=a -> Zeit: 63.931 ms (69.1946 GFLOPS)
        · teir_ga:contraction_abcdef_geab_dfgc laeuft [  572s] … [NEW BEST] Trial #1 | SF=2, Parallel=a -> Zeit: 63.931 ms (69.1946 GFLOPS)
        · teir_ga:contraction_abcdef_geab_dfgc laeuft [  602s] … [NEW BEST] Trial #1 | SF=2, Parallel=a -> Zeit: 63.931 ms (69.1946 GFLOPS)
        · teir_ga:contraction_abcdef_geab_dfgc laeuft [  630s] … [NEW BEST] Trial #1 | SF=2, Parallel=a -> Zeit: 63.931 ms (69.1946 GFLOPS)
        · teir_ga:contraction_abcdef_geab_dfgc laeuft [  660s] … [NEW BEST] Trial #1 | SF=2, Parallel=a -> Zeit: 63.931 ms (69.1946 GFLOPS)
        · teir_ga:contraction_abcdef_geab_dfgc laeuft [  690s] … [NEW BEST] Trial #1 | SF=2, Parallel=a -> Zeit: 63.931 ms (69.1946 GFLOPS)
        · teir_ga:contraction_abcdef_geab_dfgc laeuft [  720s] … [NEW BEST] Trial #1 | SF=2, Parallel=a -> Zeit: 63.931 ms (69.1946 GFLOPS)
        · teir_ga:contraction_abcdef_geab_dfgc laeuft [  750s] … [NEW BEST] Trial #1 | SF=2, Parallel=a -> Zeit: 63.931 ms (69.1946 GFLOPS)
        · teir_ga:contraction_abcdef_geab_dfgc laeuft [  781s] … [NEW BEST] Trial #1 | SF=2, Parallel=a -> Zeit: 63.931 ms (69.1946 GFLOPS)
        · teir_ga:contraction_abcdef_geab_dfgc laeuft [  811s] … [NEW BEST] Trial #1 | SF=2, Parallel=a -> Zeit: 63.931 ms (69.1946 GFLOPS)
        · teir_ga:contraction_abcdef_geab_dfgc laeuft [  841s] … [NEW BEST] Trial #1 | SF=2, Parallel=a -> Zeit: 63.931 ms (69.1946 GFLOPS)
        · teir_ga:contraction_abcdef_geab_dfgc laeuft [  871s] … [NEW BEST] Trial #1 | SF=2, Parallel=a -> Zeit: 63.931 ms (69.1946 GFLOPS)
        · teir_ga:contraction_abcdef_geab_dfgc laeuft [  901s] … [NEW BEST] Trial #1 | SF=2, Parallel=a -> Zeit: 63.931 ms (69.1946 GFLOPS)
        · teir_ga:contraction_abcdef_geab_dfgc laeuft [  931s] … [NEW BEST] Trial #1 | SF=2, Parallel=a -> Zeit: 63.931 ms (69.1946 GFLOPS)
        · teir_ga:contraction_abcdef_geab_dfgc laeuft [  961s] … [NEW BEST] Trial #1 | SF=2, Parallel=a -> Zeit: 63.931 ms (69.1946 GFLOPS)
        · teir_ga:contraction_abcdef_geab_dfgc laeuft [  991s] … [NEW BEST] Trial #1 | SF=2, Parallel=a -> Zeit: 63.931 ms (69.1946 GFLOPS)
        · teir_ga:contraction_abcdef_geab_dfgc laeuft [ 1021s] … [NEW BEST] Trial #1 | SF=2, Parallel=a -> Zeit: 63.931 ms (69.1946 GFLOPS)
        · teir_ga:contraction_abcdef_geab_dfgc laeuft [ 1051s] … [NEW BEST] Trial #1 | SF=2, Parallel=a -> Zeit: 63.931 ms (69.1946 GFLOPS)
        · teir_ga:contraction_abcdef_geab_dfgc laeuft [ 1082s] … [NEW BEST] Trial #1 | SF=2, Parallel=a -> Zeit: 63.931 ms (69.1946 GFLOPS)
        · teir_ga:contraction_abcdef_geab_dfgc laeuft [ 1112s] … [NEW BEST] Trial #1 | SF=2, Parallel=a -> Zeit: 63.931 ms (69.1946 GFLOPS)
        · teir_ga:contraction_abcdef_geab_dfgc laeuft [ 1142s] … [NEW BEST] Trial #1 | SF=2, Parallel=a -> Zeit: 63.931 ms (69.1946 GFLOPS)
        · teir_ga:contraction_abcdef_geab_dfgc laeuft [ 1172s] … [NEW BEST] Trial #1 | SF=2, Parallel=a -> Zeit: 63.931 ms (69.1946 GFLOPS)
        · teir_ga:contraction_abcdef_geab_dfgc laeuft [ 1202s] … [NEW BEST] Trial #1 | SF=2, Parallel=a -> Zeit: 63.931 ms (69.1946 GFLOPS)
        · teir_ga:contraction_abcdef_geab_dfgc laeuft [ 1232s] … [NEW BEST] Trial #1 | SF=2, Parallel=a -> Zeit: 63.931 ms (69.1946 GFLOPS)
        · teir_ga:contraction_abcdef_geab_dfgc laeuft [ 1262s] … [NEW BEST] Trial #1 | SF=2, Parallel=a -> Zeit: 63.931 ms (69.1946 GFLOPS)
        · teir_ga:contraction_abcdef_geab_dfgc laeuft [ 1292s] … [NEW BEST] Trial #1 | SF=2, Parallel=a -> Zeit: 63.931 ms (69.1946 GFLOPS)
        · teir_ga:contraction_abcdef_geab_dfgc laeuft [ 1322s] … [NEW BEST] Trial #1 | SF=2, Parallel=a -> Zeit: 63.931 ms (69.1946 GFLOPS)
        · teir_ga:contraction_abcdef_geab_dfgc laeuft [ 1352s] … [NEW BEST] Trial #1 | SF=2, Parallel=a -> Zeit: 63.931 ms (69.1946 GFLOPS)
        · teir_ga:contraction_abcdef_geab_dfgc laeuft [ 1382s] … [NEW BEST] Trial #1 | SF=2, Parallel=a -> Zeit: 63.931 ms (69.1946 GFLOPS)
        · teir_ga:contraction_abcdef_geab_dfgc laeuft [ 1412s] … [NEW BEST] Trial #1 | SF=2, Parallel=a -> Zeit: 63.931 ms (69.1946 GFLOPS)
        · teir_ga:contraction_abcdef_geab_dfgc laeuft [ 1442s] … [NEW BEST] Trial #1 | SF=2, Parallel=a -> Zeit: 63.931 ms (69.1946 GFLOPS)
        · teir_ga:contraction_abcdef_geab_dfgc laeuft [ 1470s] … [NEW BEST] Trial #1 | SF=2, Parallel=a -> Zeit: 63.931 ms (69.1946 GFLOPS)
        · teir_ga:contraction_abcdef_geab_dfgc laeuft [ 1500s] … [NEW BEST] Trial #1 | SF=2, Parallel=a -> Zeit: 63.931 ms (69.1946 GFLOPS)
        · teir_ga:contraction_abcdef_geab_dfgc laeuft [ 1530s] … [NEW BEST] Trial #1 | SF=2, Parallel=a -> Zeit: 63.931 ms (69.1946 GFLOPS)
        · teir_ga:contraction_abcdef_geab_dfgc laeuft [ 1560s] … [NEW BEST] Trial #1 | SF=2, Parallel=a -> Zeit: 63.931 ms (69.1946 GFLOPS)
        · teir_ga:contraction_abcdef_geab_dfgc laeuft [ 1591s] … [NEW BEST] Trial #1 | SF=2, Parallel=a -> Zeit: 63.931 ms (69.1946 GFLOPS)
        · teir_ga:contraction_abcdef_geab_dfgc laeuft [ 1621s] … [NEW BEST] Trial #1 | SF=2, Parallel=a -> Zeit: 63.931 ms (69.1946 GFLOPS)
        · teir_ga:contraction_abcdef_geab_dfgc laeuft [ 1651s] … [NEW BEST] Trial #1 | SF=2, Parallel=a -> Zeit: 63.931 ms (69.1946 GFLOPS)
        · teir_ga:contraction_abcdef_geab_dfgc laeuft [ 1681s] … [NEW BEST] Trial #1 | SF=2, Parallel=a -> Zeit: 63.931 ms (69.1946 GFLOPS)
        · teir_ga:contraction_abcdef_geab_dfgc laeuft [ 1711s] … [NEW BEST] Trial #1 | SF=2, Parallel=a -> Zeit: 63.931 ms (69.1946 GFLOPS)
        · teir_ga:contraction_abcdef_geab_dfgc laeuft [ 1741s] … [NEW BEST] Trial #1 | SF=2, Parallel=a -> Zeit: 63.931 ms (69.1946 GFLOPS)
        · teir_ga:contraction_abcdef_geab_dfgc laeuft [ 1771s] … [NEW BEST] Trial #1 | SF=2, Parallel=a -> Zeit: 63.931 ms (69.1946 GFLOPS)
        · teir_ga:contraction_abcdef_geab_dfgc laeuft [ 1802s] … [NEW BEST] Trial #1 | SF=2, Parallel=a -> Zeit: 63.931 ms (69.1946 GFLOPS)
  [teir_ga] 31/36 contraction_abcdef_geab_dfgc           69.2 GFLOPS [partial-timeout]   1802s  DONE @ 2026-08-02 13:15:53
  [teir_ga] 32/36 contraction_abcdef_geac_dfgb           ... START @ 2026-08-02 13:15:53
        · teir_ga:contraction_abcdef_geac_dfgb laeuft [   30s] … [NEW BEST] Trial #1 | SF=2, Parallel=a -> Zeit: 59.8467 ms (73.9168 GFLOPS)
        · teir_ga:contraction_abcdef_geac_dfgb laeuft [   60s] … [NEW BEST] Trial #1 | SF=2, Parallel=a -> Zeit: 59.8467 ms (73.9168 GFLOPS)
        · teir_ga:contraction_abcdef_geac_dfgb laeuft [   90s] … [NEW BEST] Trial #1 | SF=2, Parallel=a -> Zeit: 59.8467 ms (73.9168 GFLOPS)
        · teir_ga:contraction_abcdef_geac_dfgb laeuft [  121s] … [NEW BEST] Trial #1 | SF=2, Parallel=a -> Zeit: 59.8467 ms (73.9168 GFLOPS)
        · teir_ga:contraction_abcdef_geac_dfgb laeuft [  151s] … [NEW BEST] Trial #1 | SF=2, Parallel=a -> Zeit: 59.8467 ms (73.9168 GFLOPS)
        · teir_ga:contraction_abcdef_geac_dfgb laeuft [  181s] … [NEW BEST] Trial #1 | SF=2, Parallel=a -> Zeit: 59.8467 ms (73.9168 GFLOPS)
        · teir_ga:contraction_abcdef_geac_dfgb laeuft [  211s] … [NEW BEST] Trial #1 | SF=2, Parallel=a -> Zeit: 59.8467 ms (73.9168 GFLOPS)
        · teir_ga:contraction_abcdef_geac_dfgb laeuft [  241s] … [NEW BEST] Trial #1 | SF=2, Parallel=a -> Zeit: 59.8467 ms (73.9168 GFLOPS)
        · teir_ga:contraction_abcdef_geac_dfgb laeuft [  271s] … [NEW BEST] Trial #1 | SF=2, Parallel=a -> Zeit: 59.8467 ms (73.9168 GFLOPS)
        · teir_ga:contraction_abcdef_geac_dfgb laeuft [  301s] … [NEW BEST] Trial #1 | SF=2, Parallel=a -> Zeit: 59.8467 ms (73.9168 GFLOPS)
        · teir_ga:contraction_abcdef_geac_dfgb laeuft [  331s] … [NEW BEST] Trial #1 | SF=2, Parallel=a -> Zeit: 59.8467 ms (73.9168 GFLOPS)
        · teir_ga:contraction_abcdef_geac_dfgb laeuft [  362s] … [NEW BEST] Trial #1 | SF=2, Parallel=a -> Zeit: 59.8467 ms (73.9168 GFLOPS)
        · teir_ga:contraction_abcdef_geac_dfgb laeuft [  392s] … [NEW BEST] Trial #1 | SF=2, Parallel=a -> Zeit: 59.8467 ms (73.9168 GFLOPS)
        · teir_ga:contraction_abcdef_geac_dfgb laeuft [  422s] … [NEW BEST] Trial #1 | SF=2, Parallel=a -> Zeit: 59.8467 ms (73.9168 GFLOPS)
        · teir_ga:contraction_abcdef_geac_dfgb laeuft [  452s] … [NEW BEST] Trial #1 | SF=2, Parallel=a -> Zeit: 59.8467 ms (73.9168 GFLOPS)
        · teir_ga:contraction_abcdef_geac_dfgb laeuft [  480s] … [NEW BEST] Trial #1 | SF=2, Parallel=a -> Zeit: 59.8467 ms (73.9168 GFLOPS)
        · teir_ga:contraction_abcdef_geac_dfgb laeuft [  510s] … [NEW BEST] Trial #1 | SF=2, Parallel=a -> Zeit: 59.8467 ms (73.9168 GFLOPS)
        · teir_ga:contraction_abcdef_geac_dfgb laeuft [  540s] … [NEW BEST] Trial #1 | SF=2, Parallel=a -> Zeit: 59.8467 ms (73.9168 GFLOPS)
        · teir_ga:contraction_abcdef_geac_dfgb laeuft [  570s] … [NEW BEST] Trial #1 | SF=2, Parallel=a -> Zeit: 59.8467 ms (73.9168 GFLOPS)
        · teir_ga:contraction_abcdef_geac_dfgb laeuft [  600s] … [NEW BEST] Trial #1 | SF=2, Parallel=a -> Zeit: 59.8467 ms (73.9168 GFLOPS)
        · teir_ga:contraction_abcdef_geac_dfgb laeuft [  631s] … [NEW BEST] Trial #1 | SF=2, Parallel=a -> Zeit: 59.8467 ms (73.9168 GFLOPS)
        · teir_ga:contraction_abcdef_geac_dfgb laeuft [  661s] … [NEW BEST] Trial #1 | SF=2, Parallel=a -> Zeit: 59.8467 ms (73.9168 GFLOPS)
        · teir_ga:contraction_abcdef_geac_dfgb laeuft [  691s] … [NEW BEST] Trial #1 | SF=2, Parallel=a -> Zeit: 59.8467 ms (73.9168 GFLOPS)
        · teir_ga:contraction_abcdef_geac_dfgb laeuft [  721s] … [NEW BEST] Trial #1 | SF=2, Parallel=a -> Zeit: 59.8467 ms (73.9168 GFLOPS)
        · teir_ga:contraction_abcdef_geac_dfgb laeuft [  751s] … [NEW BEST] Trial #1 | SF=2, Parallel=a -> Zeit: 59.8467 ms (73.9168 GFLOPS)
        · teir_ga:contraction_abcdef_geac_dfgb laeuft [  781s] … [NEW BEST] Trial #1 | SF=2, Parallel=a -> Zeit: 59.8467 ms (73.9168 GFLOPS)
        · teir_ga:contraction_abcdef_geac_dfgb laeuft [  811s] … [NEW BEST] Trial #1 | SF=2, Parallel=a -> Zeit: 59.8467 ms (73.9168 GFLOPS)
        · teir_ga:contraction_abcdef_geac_dfgb laeuft [  841s] … [NEW BEST] Trial #1 | SF=2, Parallel=a -> Zeit: 59.8467 ms (73.9168 GFLOPS)
        · teir_ga:contraction_abcdef_geac_dfgb laeuft [  871s] … [NEW BEST] Trial #1 | SF=2, Parallel=a -> Zeit: 59.8467 ms (73.9168 GFLOPS)
        · teir_ga:contraction_abcdef_geac_dfgb laeuft [  901s] … [NEW BEST] Trial #1 | SF=2, Parallel=a -> Zeit: 59.8467 ms (73.9168 GFLOPS)
        · teir_ga:contraction_abcdef_geac_dfgb laeuft [  932s] … [NEW BEST] Trial #1 | SF=2, Parallel=a -> Zeit: 59.8467 ms (73.9168 GFLOPS)
        · teir_ga:contraction_abcdef_geac_dfgb laeuft [  962s] … [NEW BEST] Trial #1 | SF=2, Parallel=a -> Zeit: 59.8467 ms (73.9168 GFLOPS)
        · teir_ga:contraction_abcdef_geac_dfgb laeuft [  992s] … [NEW BEST] Trial #1 | SF=2, Parallel=a -> Zeit: 59.8467 ms (73.9168 GFLOPS)
        · teir_ga:contraction_abcdef_geac_dfgb laeuft [ 1022s] … [NEW BEST] Trial #1 | SF=2, Parallel=a -> Zeit: 59.8467 ms (73.9168 GFLOPS)
        · teir_ga:contraction_abcdef_geac_dfgb laeuft [ 1052s] … [NEW BEST] Trial #1 | SF=2, Parallel=a -> Zeit: 59.8467 ms (73.9168 GFLOPS)
        · teir_ga:contraction_abcdef_geac_dfgb laeuft [ 1082s] … [NEW BEST] Trial #1 | SF=2, Parallel=a -> Zeit: 59.8467 ms (73.9168 GFLOPS)
        · teir_ga:contraction_abcdef_geac_dfgb laeuft [ 1110s] … [NEW BEST] Trial #1 | SF=2, Parallel=a -> Zeit: 59.8467 ms (73.9168 GFLOPS)
        · teir_ga:contraction_abcdef_geac_dfgb laeuft [ 1140s] … [NEW BEST] Trial #1 | SF=2, Parallel=a -> Zeit: 59.8467 ms (73.9168 GFLOPS)
        · teir_ga:contraction_abcdef_geac_dfgb laeuft [ 1170s] … [NEW BEST] Trial #1 | SF=2, Parallel=a -> Zeit: 59.8467 ms (73.9168 GFLOPS)
        · teir_ga:contraction_abcdef_geac_dfgb laeuft [ 1200s] … [NEW BEST] Trial #1 | SF=2, Parallel=a -> Zeit: 59.8467 ms (73.9168 GFLOPS)
        · teir_ga:contraction_abcdef_geac_dfgb laeuft [ 1231s] … [NEW BEST] Trial #1 | SF=2, Parallel=a -> Zeit: 59.8467 ms (73.9168 GFLOPS)
        · teir_ga:contraction_abcdef_geac_dfgb laeuft [ 1261s] … [NEW BEST] Trial #1 | SF=2, Parallel=a -> Zeit: 59.8467 ms (73.9168 GFLOPS)
        · teir_ga:contraction_abcdef_geac_dfgb laeuft [ 1291s] … [NEW BEST] Trial #1 | SF=2, Parallel=a -> Zeit: 59.8467 ms (73.9168 GFLOPS)
        · teir_ga:contraction_abcdef_geac_dfgb laeuft [ 1321s] … [NEW BEST] Trial #1 | SF=2, Parallel=a -> Zeit: 59.8467 ms (73.9168 GFLOPS)
        · teir_ga:contraction_abcdef_geac_dfgb laeuft [ 1351s] … [NEW BEST] Trial #1 | SF=2, Parallel=a -> Zeit: 59.8467 ms (73.9168 GFLOPS)
        · teir_ga:contraction_abcdef_geac_dfgb laeuft [ 1381s] … [NEW BEST] Trial #1 | SF=2, Parallel=a -> Zeit: 59.8467 ms (73.9168 GFLOPS)
        · teir_ga:contraction_abcdef_geac_dfgb laeuft [ 1411s] … [NEW BEST] Trial #1 | SF=2, Parallel=a -> Zeit: 59.8467 ms (73.9168 GFLOPS)
        · teir_ga:contraction_abcdef_geac_dfgb laeuft [ 1441s] … [NEW BEST] Trial #1 | SF=2, Parallel=a -> Zeit: 59.8467 ms (73.9168 GFLOPS)
        · teir_ga:contraction_abcdef_geac_dfgb laeuft [ 1471s] … [NEW BEST] Trial #1 | SF=2, Parallel=a -> Zeit: 59.8467 ms (73.9168 GFLOPS)
        · teir_ga:contraction_abcdef_geac_dfgb laeuft [ 1501s] … [NEW BEST] Trial #1 | SF=2, Parallel=a -> Zeit: 59.8467 ms (73.9168 GFLOPS)
        · teir_ga:contraction_abcdef_geac_dfgb laeuft [ 1531s] … [NEW BEST] Trial #1 | SF=2, Parallel=a -> Zeit: 59.8467 ms (73.9168 GFLOPS)
        · teir_ga:contraction_abcdef_geac_dfgb laeuft [ 1562s] … [NEW BEST] Trial #1 | SF=2, Parallel=a -> Zeit: 59.8467 ms (73.9168 GFLOPS)
        · teir_ga:contraction_abcdef_geac_dfgb laeuft [ 1592s] … [NEW BEST] Trial #1 | SF=2, Parallel=a -> Zeit: 59.8467 ms (73.9168 GFLOPS)
        · teir_ga:contraction_abcdef_geac_dfgb laeuft [ 1622s] … [NEW BEST] Trial #1 | SF=2, Parallel=a -> Zeit: 59.8467 ms (73.9168 GFLOPS)
        · teir_ga:contraction_abcdef_geac_dfgb laeuft [ 1652s] … [NEW BEST] Trial #1 | SF=2, Parallel=a -> Zeit: 59.8467 ms (73.9168 GFLOPS)
        · teir_ga:contraction_abcdef_geac_dfgb laeuft [ 1682s] … [NEW BEST] Trial #1 | SF=2, Parallel=a -> Zeit: 59.8467 ms (73.9168 GFLOPS)
        · teir_ga:contraction_abcdef_geac_dfgb laeuft [ 1710s] … [NEW BEST] Trial #1 | SF=2, Parallel=a -> Zeit: 59.8467 ms (73.9168 GFLOPS)
        · teir_ga:contraction_abcdef_geac_dfgb laeuft [ 1740s] … [NEW BEST] Trial #1 | SF=2, Parallel=a -> Zeit: 59.8467 ms (73.9168 GFLOPS)
        · teir_ga:contraction_abcdef_geac_dfgb laeuft [ 1770s] … [NEW BEST] Trial #1 | SF=2, Parallel=a -> Zeit: 59.8467 ms (73.9168 GFLOPS)
        · teir_ga:contraction_abcdef_geac_dfgb laeuft [ 1800s] … [NEW BEST] Trial #1 | SF=2, Parallel=a -> Zeit: 59.8467 ms (73.9168 GFLOPS)
  [teir_ga] 32/36 contraction_abcdef_geac_dfgb           73.9 GFLOPS [partial-timeout]   1800s  DONE @ 2026-08-02 13:45:54
  [teir_ga] 33/36 contraction_abcdef_gebc_dfga           ... START @ 2026-08-02 13:45:54
        · teir_ga:contraction_abcdef_gebc_dfga laeuft [   30s] … [NEW BEST] Trial #1 | SF=2, Parallel=a -> Zeit: 66.6312 ms (66.3906 GFLOPS)
        · teir_ga:contraction_abcdef_gebc_dfga laeuft [   60s] … [NEW BEST] Trial #1 | SF=2, Parallel=a -> Zeit: 66.6312 ms (66.3906 GFLOPS)
        · teir_ga:contraction_abcdef_gebc_dfga laeuft [   90s] … [NEW BEST] Trial #1 | SF=2, Parallel=a -> Zeit: 66.6312 ms (66.3906 GFLOPS)
        · teir_ga:contraction_abcdef_gebc_dfga laeuft [  120s] … [NEW BEST] Trial #1 | SF=2, Parallel=a -> Zeit: 66.6312 ms (66.3906 GFLOPS)
        · teir_ga:contraction_abcdef_gebc_dfga laeuft [  150s] … [NEW BEST] Trial #1 | SF=2, Parallel=a -> Zeit: 66.6312 ms (66.3906 GFLOPS)
        · teir_ga:contraction_abcdef_gebc_dfga laeuft [  181s] … [NEW BEST] Trial #1 | SF=2, Parallel=a -> Zeit: 66.6312 ms (66.3906 GFLOPS)
        · teir_ga:contraction_abcdef_gebc_dfga laeuft [  211s] … [NEW BEST] Trial #1 | SF=2, Parallel=a -> Zeit: 66.6312 ms (66.3906 GFLOPS)
        · teir_ga:contraction_abcdef_gebc_dfga laeuft [  241s] … [NEW BEST] Trial #1 | SF=2, Parallel=a -> Zeit: 66.6312 ms (66.3906 GFLOPS)
        · teir_ga:contraction_abcdef_gebc_dfga laeuft [  271s] … [NEW BEST] Trial #1 | SF=2, Parallel=a -> Zeit: 66.6312 ms (66.3906 GFLOPS)
        · teir_ga:contraction_abcdef_gebc_dfga laeuft [  301s] … [NEW BEST] Trial #1 | SF=2, Parallel=a -> Zeit: 66.6312 ms (66.3906 GFLOPS)
        · teir_ga:contraction_abcdef_gebc_dfga laeuft [  331s] … [NEW BEST] Trial #1 | SF=2, Parallel=a -> Zeit: 66.6312 ms (66.3906 GFLOPS)
        · teir_ga:contraction_abcdef_gebc_dfga laeuft [  361s] … [NEW BEST] Trial #1 | SF=2, Parallel=a -> Zeit: 66.6312 ms (66.3906 GFLOPS)
        · teir_ga:contraction_abcdef_gebc_dfga laeuft [  391s] … [NEW BEST] Trial #1 | SF=2, Parallel=a -> Zeit: 66.6312 ms (66.3906 GFLOPS)
        · teir_ga:contraction_abcdef_gebc_dfga laeuft [  421s] … [NEW BEST] Trial #1 | SF=2, Parallel=a -> Zeit: 66.6312 ms (66.3906 GFLOPS)
        · teir_ga:contraction_abcdef_gebc_dfga laeuft [  451s] … [NEW BEST] Trial #1 | SF=2, Parallel=a -> Zeit: 66.6312 ms (66.3906 GFLOPS)
        · teir_ga:contraction_abcdef_gebc_dfga laeuft [  482s] … [NEW BEST] Trial #1 | SF=2, Parallel=a -> Zeit: 66.6312 ms (66.3906 GFLOPS)
        · teir_ga:contraction_abcdef_gebc_dfga laeuft [  512s] … [NEW BEST] Trial #1 | SF=2, Parallel=a -> Zeit: 66.6312 ms (66.3906 GFLOPS)
        · teir_ga:contraction_abcdef_gebc_dfga laeuft [  542s] … [NEW BEST] Trial #1 | SF=2, Parallel=a -> Zeit: 66.6312 ms (66.3906 GFLOPS)
        · teir_ga:contraction_abcdef_gebc_dfga laeuft [  572s] … [NEW BEST] Trial #1 | SF=2, Parallel=a -> Zeit: 66.6312 ms (66.3906 GFLOPS)
        · teir_ga:contraction_abcdef_gebc_dfga laeuft [  602s] … [NEW BEST] Trial #1 | SF=2, Parallel=a -> Zeit: 66.6312 ms (66.3906 GFLOPS)
        · teir_ga:contraction_abcdef_gebc_dfga laeuft [  632s] … [NEW BEST] Trial #1 | SF=2, Parallel=a -> Zeit: 66.6312 ms (66.3906 GFLOPS)
        · teir_ga:contraction_abcdef_gebc_dfga laeuft [  662s] … [NEW BEST] Trial #1 | SF=2, Parallel=a -> Zeit: 66.6312 ms (66.3906 GFLOPS)
        · teir_ga:contraction_abcdef_gebc_dfga laeuft [  692s] … [NEW BEST] Trial #1 | SF=2, Parallel=a -> Zeit: 66.6312 ms (66.3906 GFLOPS)
        · teir_ga:contraction_abcdef_gebc_dfga laeuft [  722s] … [NEW BEST] Trial #1 | SF=2, Parallel=a -> Zeit: 66.6312 ms (66.3906 GFLOPS)
        · teir_ga:contraction_abcdef_gebc_dfga laeuft [  752s] … [NEW BEST] Trial #1 | SF=2, Parallel=a -> Zeit: 66.6312 ms (66.3906 GFLOPS)
        · teir_ga:contraction_abcdef_gebc_dfga laeuft [  782s] … [NEW BEST] Trial #1 | SF=2, Parallel=a -> Zeit: 66.6312 ms (66.3906 GFLOPS)
        · teir_ga:contraction_abcdef_gebc_dfga laeuft [  812s] … [NEW BEST] Trial #1 | SF=2, Parallel=a -> Zeit: 66.6312 ms (66.3906 GFLOPS)
        · teir_ga:contraction_abcdef_gebc_dfga laeuft [  842s] … [NEW BEST] Trial #1 | SF=2, Parallel=a -> Zeit: 66.6312 ms (66.3906 GFLOPS)
        · teir_ga:contraction_abcdef_gebc_dfga laeuft [  870s] … [NEW BEST] Trial #1 | SF=2, Parallel=a -> Zeit: 66.6312 ms (66.3906 GFLOPS)
        · teir_ga:contraction_abcdef_gebc_dfga laeuft [  900s] … [NEW BEST] Trial #1 | SF=2, Parallel=a -> Zeit: 66.6312 ms (66.3906 GFLOPS)
        · teir_ga:contraction_abcdef_gebc_dfga laeuft [  930s] … [NEW BEST] Trial #1 | SF=2, Parallel=a -> Zeit: 66.6312 ms (66.3906 GFLOPS)
        · teir_ga:contraction_abcdef_gebc_dfga laeuft [  960s] … [NEW BEST] Trial #1 | SF=2, Parallel=a -> Zeit: 66.6312 ms (66.3906 GFLOPS)
        · teir_ga:contraction_abcdef_gebc_dfga laeuft [  991s] … [NEW BEST] Trial #1 | SF=2, Parallel=a -> Zeit: 66.6312 ms (66.3906 GFLOPS)
        · teir_ga:contraction_abcdef_gebc_dfga laeuft [ 1021s] … [NEW BEST] Trial #1 | SF=2, Parallel=a -> Zeit: 66.6312 ms (66.3906 GFLOPS)
        · teir_ga:contraction_abcdef_gebc_dfga laeuft [ 1051s] … [NEW BEST] Trial #1 | SF=2, Parallel=a -> Zeit: 66.6312 ms (66.3906 GFLOPS)
        · teir_ga:contraction_abcdef_gebc_dfga laeuft [ 1081s] … [NEW BEST] Trial #1 | SF=2, Parallel=a -> Zeit: 66.6312 ms (66.3906 GFLOPS)
        · teir_ga:contraction_abcdef_gebc_dfga laeuft [ 1111s] … [NEW BEST] Trial #1 | SF=2, Parallel=a -> Zeit: 66.6312 ms (66.3906 GFLOPS)
        · teir_ga:contraction_abcdef_gebc_dfga laeuft [ 1141s] … [NEW BEST] Trial #1 | SF=2, Parallel=a -> Zeit: 66.6312 ms (66.3906 GFLOPS)
        · teir_ga:contraction_abcdef_gebc_dfga laeuft [ 1171s] … [NEW BEST] Trial #1 | SF=2, Parallel=a -> Zeit: 66.6312 ms (66.3906 GFLOPS)
        · teir_ga:contraction_abcdef_gebc_dfga laeuft [ 1201s] … [NEW BEST] Trial #1 | SF=2, Parallel=a -> Zeit: 66.6312 ms (66.3906 GFLOPS)
        · teir_ga:contraction_abcdef_gebc_dfga laeuft [ 1232s] … [NEW BEST] Trial #1 | SF=2, Parallel=a -> Zeit: 66.6312 ms (66.3906 GFLOPS)
        · teir_ga:contraction_abcdef_gebc_dfga laeuft [ 1262s] … [NEW BEST] Trial #1 | SF=2, Parallel=a -> Zeit: 66.6312 ms (66.3906 GFLOPS)
        · teir_ga:contraction_abcdef_gebc_dfga laeuft [ 1292s] … [NEW BEST] Trial #1 | SF=2, Parallel=a -> Zeit: 66.6312 ms (66.3906 GFLOPS)
        · teir_ga:contraction_abcdef_gebc_dfga laeuft [ 1322s] … [NEW BEST] Trial #1 | SF=2, Parallel=a -> Zeit: 66.6312 ms (66.3906 GFLOPS)
        · teir_ga:contraction_abcdef_gebc_dfga laeuft [ 1350s] … [NEW BEST] Trial #1 | SF=2, Parallel=a -> Zeit: 66.6312 ms (66.3906 GFLOPS)
        · teir_ga:contraction_abcdef_gebc_dfga laeuft [ 1380s] … [NEW BEST] Trial #1 | SF=2, Parallel=a -> Zeit: 66.6312 ms (66.3906 GFLOPS)
        · teir_ga:contraction_abcdef_gebc_dfga laeuft [ 1410s] … [NEW BEST] Trial #1 | SF=2, Parallel=a -> Zeit: 66.6312 ms (66.3906 GFLOPS)
        · teir_ga:contraction_abcdef_gebc_dfga laeuft [ 1440s] … [NEW BEST] Trial #1 | SF=2, Parallel=a -> Zeit: 66.6312 ms (66.3906 GFLOPS)
        · teir_ga:contraction_abcdef_gebc_dfga laeuft [ 1471s] … [NEW BEST] Trial #1 | SF=2, Parallel=a -> Zeit: 66.6312 ms (66.3906 GFLOPS)
        · teir_ga:contraction_abcdef_gebc_dfga laeuft [ 1501s] … [NEW BEST] Trial #1 | SF=2, Parallel=a -> Zeit: 66.6312 ms (66.3906 GFLOPS)
        · teir_ga:contraction_abcdef_gebc_dfga laeuft [ 1531s] … [NEW BEST] Trial #1 | SF=2, Parallel=a -> Zeit: 66.6312 ms (66.3906 GFLOPS)
        · teir_ga:contraction_abcdef_gebc_dfga laeuft [ 1561s] … [NEW BEST] Trial #1 | SF=2, Parallel=a -> Zeit: 66.6312 ms (66.3906 GFLOPS)
        · teir_ga:contraction_abcdef_gebc_dfga laeuft [ 1591s] … [NEW BEST] Trial #1 | SF=2, Parallel=a -> Zeit: 66.6312 ms (66.3906 GFLOPS)
        · teir_ga:contraction_abcdef_gebc_dfga laeuft [ 1621s] … [NEW BEST] Trial #1 | SF=2, Parallel=a -> Zeit: 66.6312 ms (66.3906 GFLOPS)
        · teir_ga:contraction_abcdef_gebc_dfga laeuft [ 1651s] … [NEW BEST] Trial #1 | SF=2, Parallel=a -> Zeit: 66.6312 ms (66.3906 GFLOPS)
        · teir_ga:contraction_abcdef_gebc_dfga laeuft [ 1682s] … [NEW BEST] Trial #1 | SF=2, Parallel=a -> Zeit: 66.6312 ms (66.3906 GFLOPS)
        · teir_ga:contraction_abcdef_gebc_dfga laeuft [ 1712s] … [NEW BEST] Trial #1 | SF=2, Parallel=a -> Zeit: 66.6312 ms (66.3906 GFLOPS)
        · teir_ga:contraction_abcdef_gebc_dfga laeuft [ 1742s] … [NEW BEST] Trial #1 | SF=2, Parallel=a -> Zeit: 66.6312 ms (66.3906 GFLOPS)
        · teir_ga:contraction_abcdef_gebc_dfga laeuft [ 1772s] … [NEW BEST] Trial #1 | SF=2, Parallel=a -> Zeit: 66.6312 ms (66.3906 GFLOPS)
        · teir_ga:contraction_abcdef_gebc_dfga laeuft [ 1802s] … [NEW BEST] Trial #1 | SF=2, Parallel=a -> Zeit: 66.6312 ms (66.3906 GFLOPS)
  [teir_ga] 33/36 contraction_abcdef_gebc_dfga           66.4 GFLOPS [partial-timeout]   1802s  DONE @ 2026-08-02 14:15:55
  [teir_ga] 34/36 contraction_abcdef_gfab_degc           ... START @ 2026-08-02 14:15:55
        · teir_ga:contraction_abcdef_gfab_degc laeuft [   30s] … [NEW BEST] Trial #2 | SF=2, Parallel=b -> Zeit: 80.1969 ms (55.1603 GFLOPS)
        · teir_ga:contraction_abcdef_gfab_degc laeuft [   60s] … [NEW BEST] Trial #2 | SF=2, Parallel=b -> Zeit: 80.1969 ms (55.1603 GFLOPS)
        · teir_ga:contraction_abcdef_gfab_degc laeuft [   90s] … [NEW BEST] Trial #2 | SF=2, Parallel=b -> Zeit: 80.1969 ms (55.1603 GFLOPS)
        · teir_ga:contraction_abcdef_gfab_degc laeuft [  120s] … [NEW BEST] Trial #2 | SF=2, Parallel=b -> Zeit: 80.1969 ms (55.1603 GFLOPS)
        · teir_ga:contraction_abcdef_gfab_degc laeuft [  150s] … [NEW BEST] Trial #2 | SF=2, Parallel=b -> Zeit: 80.1969 ms (55.1603 GFLOPS)
        · teir_ga:contraction_abcdef_gfab_degc laeuft [  181s] … [NEW BEST] Trial #2 | SF=2, Parallel=b -> Zeit: 80.1969 ms (55.1603 GFLOPS)
        · teir_ga:contraction_abcdef_gfab_degc laeuft [  211s] … [NEW BEST] Trial #2 | SF=2, Parallel=b -> Zeit: 80.1969 ms (55.1603 GFLOPS)
        · teir_ga:contraction_abcdef_gfab_degc laeuft [  241s] … [NEW BEST] Trial #2 | SF=2, Parallel=b -> Zeit: 80.1969 ms (55.1603 GFLOPS)
        · teir_ga:contraction_abcdef_gfab_degc laeuft [  271s] … [NEW BEST] Trial #2 | SF=2, Parallel=b -> Zeit: 80.1969 ms (55.1603 GFLOPS)
        · teir_ga:contraction_abcdef_gfab_degc laeuft [  301s] … [NEW BEST] Trial #2 | SF=2, Parallel=b -> Zeit: 80.1969 ms (55.1603 GFLOPS)
        · teir_ga:contraction_abcdef_gfab_degc laeuft [  331s] … [NEW BEST] Trial #2 | SF=2, Parallel=b -> Zeit: 80.1969 ms (55.1603 GFLOPS)
        · teir_ga:contraction_abcdef_gfab_degc laeuft [  361s] … [NEW BEST] Trial #2 | SF=2, Parallel=b -> Zeit: 80.1969 ms (55.1603 GFLOPS)
        · teir_ga:contraction_abcdef_gfab_degc laeuft [  391s] … [NEW BEST] Trial #2 | SF=2, Parallel=b -> Zeit: 80.1969 ms (55.1603 GFLOPS)
        · teir_ga:contraction_abcdef_gfab_degc laeuft [  421s] … [NEW BEST] Trial #2 | SF=2, Parallel=b -> Zeit: 80.1969 ms (55.1603 GFLOPS)
        · teir_ga:contraction_abcdef_gfab_degc laeuft [  451s] … [NEW BEST] Trial #2 | SF=2, Parallel=b -> Zeit: 80.1969 ms (55.1603 GFLOPS)
        · teir_ga:contraction_abcdef_gfab_degc laeuft [  482s] … [NEW BEST] Trial #2 | SF=2, Parallel=b -> Zeit: 80.1969 ms (55.1603 GFLOPS)
        · teir_ga:contraction_abcdef_gfab_degc laeuft [  512s] … [NEW BEST] Trial #2 | SF=2, Parallel=b -> Zeit: 80.1969 ms (55.1603 GFLOPS)
        · teir_ga:contraction_abcdef_gfab_degc laeuft [  542s] … [NEW BEST] Trial #2 | SF=2, Parallel=b -> Zeit: 80.1969 ms (55.1603 GFLOPS)
        · teir_ga:contraction_abcdef_gfab_degc laeuft [  572s] … [NEW BEST] Trial #2 | SF=2, Parallel=b -> Zeit: 80.1969 ms (55.1603 GFLOPS)
        · teir_ga:contraction_abcdef_gfab_degc laeuft [  602s] … [NEW BEST] Trial #2 | SF=2, Parallel=b -> Zeit: 80.1969 ms (55.1603 GFLOPS)
        · teir_ga:contraction_abcdef_gfab_degc laeuft [  632s] … [NEW BEST] Trial #2 | SF=2, Parallel=b -> Zeit: 80.1969 ms (55.1603 GFLOPS)
        · teir_ga:contraction_abcdef_gfab_degc laeuft [  660s] … [NEW BEST] Trial #2 | SF=2, Parallel=b -> Zeit: 80.1969 ms (55.1603 GFLOPS)
        · teir_ga:contraction_abcdef_gfab_degc laeuft [  690s] … [NEW BEST] Trial #2 | SF=2, Parallel=b -> Zeit: 80.1969 ms (55.1603 GFLOPS)
        · teir_ga:contraction_abcdef_gfab_degc laeuft [  720s] … [NEW BEST] Trial #2 | SF=2, Parallel=b -> Zeit: 80.1969 ms (55.1603 GFLOPS)
        · teir_ga:contraction_abcdef_gfab_degc laeuft [  750s] … [NEW BEST] Trial #2 | SF=2, Parallel=b -> Zeit: 80.1969 ms (55.1603 GFLOPS)
        · teir_ga:contraction_abcdef_gfab_degc laeuft [  780s] … [NEW BEST] Trial #2 | SF=2, Parallel=b -> Zeit: 80.1969 ms (55.1603 GFLOPS)
        · teir_ga:contraction_abcdef_gfab_degc laeuft [  811s] … [NEW BEST] Trial #2 | SF=2, Parallel=b -> Zeit: 80.1969 ms (55.1603 GFLOPS)
        · teir_ga:contraction_abcdef_gfab_degc laeuft [  841s] … [NEW BEST] Trial #2 | SF=2, Parallel=b -> Zeit: 80.1969 ms (55.1603 GFLOPS)
        · teir_ga:contraction_abcdef_gfab_degc laeuft [  871s] … [NEW BEST] Trial #2 | SF=2, Parallel=b -> Zeit: 80.1969 ms (55.1603 GFLOPS)
        · teir_ga:contraction_abcdef_gfab_degc laeuft [  901s] … [NEW BEST] Trial #2 | SF=2, Parallel=b -> Zeit: 80.1969 ms (55.1603 GFLOPS)
        · teir_ga:contraction_abcdef_gfab_degc laeuft [  931s] … [NEW BEST] Trial #2 | SF=2, Parallel=b -> Zeit: 80.1969 ms (55.1603 GFLOPS)
        · teir_ga:contraction_abcdef_gfab_degc laeuft [  961s] … [NEW BEST] Trial #2 | SF=2, Parallel=b -> Zeit: 80.1969 ms (55.1603 GFLOPS)
        · teir_ga:contraction_abcdef_gfab_degc laeuft [  991s] … [NEW BEST] Trial #2 | SF=2, Parallel=b -> Zeit: 80.1969 ms (55.1603 GFLOPS)
        · teir_ga:contraction_abcdef_gfab_degc laeuft [ 1021s] … [NEW BEST] Trial #2 | SF=2, Parallel=b -> Zeit: 80.1969 ms (55.1603 GFLOPS)
        · teir_ga:contraction_abcdef_gfab_degc laeuft [ 1051s] … [NEW BEST] Trial #2 | SF=2, Parallel=b -> Zeit: 80.1969 ms (55.1603 GFLOPS)
        · teir_ga:contraction_abcdef_gfab_degc laeuft [ 1082s] … [NEW BEST] Trial #2 | SF=2, Parallel=b -> Zeit: 80.1969 ms (55.1603 GFLOPS)
        · teir_ga:contraction_abcdef_gfab_degc laeuft [ 1112s] … [NEW BEST] Trial #2 | SF=2, Parallel=b -> Zeit: 80.1969 ms (55.1603 GFLOPS)
        · teir_ga:contraction_abcdef_gfab_degc laeuft [ 1142s] … [NEW BEST] Trial #2 | SF=2, Parallel=b -> Zeit: 80.1969 ms (55.1603 GFLOPS)
        · teir_ga:contraction_abcdef_gfab_degc laeuft [ 1172s] … [NEW BEST] Trial #2 | SF=2, Parallel=b -> Zeit: 80.1969 ms (55.1603 GFLOPS)
        · teir_ga:contraction_abcdef_gfab_degc laeuft [ 1202s] … [NEW BEST] Trial #2 | SF=2, Parallel=b -> Zeit: 80.1969 ms (55.1603 GFLOPS)
        · teir_ga:contraction_abcdef_gfab_degc laeuft [ 1230s] … [NEW BEST] Trial #2 | SF=2, Parallel=b -> Zeit: 80.1969 ms (55.1603 GFLOPS)
        · teir_ga:contraction_abcdef_gfab_degc laeuft [ 1260s] … [NEW BEST] Trial #2 | SF=2, Parallel=b -> Zeit: 80.1969 ms (55.1603 GFLOPS)
        · teir_ga:contraction_abcdef_gfab_degc laeuft [ 1290s] … [NEW BEST] Trial #2 | SF=2, Parallel=b -> Zeit: 80.1969 ms (55.1603 GFLOPS)
        · teir_ga:contraction_abcdef_gfab_degc laeuft [ 1320s] … [NEW BEST] Trial #2 | SF=2, Parallel=b -> Zeit: 80.1969 ms (55.1603 GFLOPS)
        · teir_ga:contraction_abcdef_gfab_degc laeuft [ 1350s] … [NEW BEST] Trial #2 | SF=2, Parallel=b -> Zeit: 80.1969 ms (55.1603 GFLOPS)
        · teir_ga:contraction_abcdef_gfab_degc laeuft [ 1381s] … [NEW BEST] Trial #2 | SF=2, Parallel=b -> Zeit: 80.1969 ms (55.1603 GFLOPS)
        · teir_ga:contraction_abcdef_gfab_degc laeuft [ 1411s] … [NEW BEST] Trial #2 | SF=2, Parallel=b -> Zeit: 80.1969 ms (55.1603 GFLOPS)
        · teir_ga:contraction_abcdef_gfab_degc laeuft [ 1441s] … [NEW BEST] Trial #2 | SF=2, Parallel=b -> Zeit: 80.1969 ms (55.1603 GFLOPS)
        · teir_ga:contraction_abcdef_gfab_degc laeuft [ 1471s] … [NEW BEST] Trial #2 | SF=2, Parallel=b -> Zeit: 80.1969 ms (55.1603 GFLOPS)
        · teir_ga:contraction_abcdef_gfab_degc laeuft [ 1501s] … [NEW BEST] Trial #2 | SF=2, Parallel=b -> Zeit: 80.1969 ms (55.1603 GFLOPS)
        · teir_ga:contraction_abcdef_gfab_degc laeuft [ 1531s] … [NEW BEST] Trial #2 | SF=2, Parallel=b -> Zeit: 80.1969 ms (55.1603 GFLOPS)
        · teir_ga:contraction_abcdef_gfab_degc laeuft [ 1561s] … [NEW BEST] Trial #2 | SF=2, Parallel=b -> Zeit: 80.1969 ms (55.1603 GFLOPS)
        · teir_ga:contraction_abcdef_gfab_degc laeuft [ 1591s] … [NEW BEST] Trial #2 | SF=2, Parallel=b -> Zeit: 80.1969 ms (55.1603 GFLOPS)
        · teir_ga:contraction_abcdef_gfab_degc laeuft [ 1621s] … [NEW BEST] Trial #2 | SF=2, Parallel=b -> Zeit: 80.1969 ms (55.1603 GFLOPS)
        · teir_ga:contraction_abcdef_gfab_degc laeuft [ 1651s] … [NEW BEST] Trial #2 | SF=2, Parallel=b -> Zeit: 80.1969 ms (55.1603 GFLOPS)
        · teir_ga:contraction_abcdef_gfab_degc laeuft [ 1682s] … [NEW BEST] Trial #2 | SF=2, Parallel=b -> Zeit: 80.1969 ms (55.1603 GFLOPS)
        · teir_ga:contraction_abcdef_gfab_degc laeuft [ 1712s] … [NEW BEST] Trial #2 | SF=2, Parallel=b -> Zeit: 80.1969 ms (55.1603 GFLOPS)
        · teir_ga:contraction_abcdef_gfab_degc laeuft [ 1742s] … [NEW BEST] Trial #2 | SF=2, Parallel=b -> Zeit: 80.1969 ms (55.1603 GFLOPS)
        · teir_ga:contraction_abcdef_gfab_degc laeuft [ 1772s] … [NEW BEST] Trial #2 | SF=2, Parallel=b -> Zeit: 80.1969 ms (55.1603 GFLOPS)
        · teir_ga:contraction_abcdef_gfab_degc laeuft [ 1802s] … [NEW BEST] Trial #2 | SF=2, Parallel=b -> Zeit: 80.1969 ms (55.1603 GFLOPS)
  [teir_ga] 34/36 contraction_abcdef_gfab_degc           55.2 GFLOPS [partial-timeout]   1802s  DONE @ 2026-08-02 14:45:57
  [teir_ga] 35/36 contraction_abcdef_gfac_degb           ... START @ 2026-08-02 14:45:57
        · teir_ga:contraction_abcdef_gfac_degb laeuft [   30s] … [NEW BEST] Trial #2 | SF=2, Parallel=b -> Zeit: 68.1913 ms (64.8716 GFLOPS)
        · teir_ga:contraction_abcdef_gfac_degb laeuft [   60s] … [NEW BEST] Trial #2 | SF=2, Parallel=b -> Zeit: 68.1913 ms (64.8716 GFLOPS)
        · teir_ga:contraction_abcdef_gfac_degb laeuft [   90s] … [NEW BEST] Trial #2 | SF=2, Parallel=b -> Zeit: 68.1913 ms (64.8716 GFLOPS)
        · teir_ga:contraction_abcdef_gfac_degb laeuft [  120s] … [NEW BEST] Trial #2 | SF=2, Parallel=b -> Zeit: 68.1913 ms (64.8716 GFLOPS)
        · teir_ga:contraction_abcdef_gfac_degb laeuft [  151s] … [NEW BEST] Trial #2 | SF=2, Parallel=b -> Zeit: 68.1913 ms (64.8716 GFLOPS)
        · teir_ga:contraction_abcdef_gfac_degb laeuft [  181s] … [NEW BEST] Trial #2 | SF=2, Parallel=b -> Zeit: 68.1913 ms (64.8716 GFLOPS)
        · teir_ga:contraction_abcdef_gfac_degb laeuft [  211s] … [NEW BEST] Trial #2 | SF=2, Parallel=b -> Zeit: 68.1913 ms (64.8716 GFLOPS)
        · teir_ga:contraction_abcdef_gfac_degb laeuft [  241s] … [NEW BEST] Trial #2 | SF=2, Parallel=b -> Zeit: 68.1913 ms (64.8716 GFLOPS)
        · teir_ga:contraction_abcdef_gfac_degb laeuft [  271s] … [NEW BEST] Trial #2 | SF=2, Parallel=b -> Zeit: 68.1913 ms (64.8716 GFLOPS)
        · teir_ga:contraction_abcdef_gfac_degb laeuft [  301s] … [NEW BEST] Trial #2 | SF=2, Parallel=b -> Zeit: 68.1913 ms (64.8716 GFLOPS)
        · teir_ga:contraction_abcdef_gfac_degb laeuft [  331s] … [NEW BEST] Trial #2 | SF=2, Parallel=b -> Zeit: 68.1913 ms (64.8716 GFLOPS)
        · teir_ga:contraction_abcdef_gfac_degb laeuft [  361s] … [NEW BEST] Trial #2 | SF=2, Parallel=b -> Zeit: 68.1913 ms (64.8716 GFLOPS)
        · teir_ga:contraction_abcdef_gfac_degb laeuft [  391s] … [NEW BEST] Trial #2 | SF=2, Parallel=b -> Zeit: 68.1913 ms (64.8716 GFLOPS)
        · teir_ga:contraction_abcdef_gfac_degb laeuft [  421s] … [NEW BEST] Trial #2 | SF=2, Parallel=b -> Zeit: 68.1913 ms (64.8716 GFLOPS)
        · teir_ga:contraction_abcdef_gfac_degb laeuft [  452s] … [NEW BEST] Trial #2 | SF=2, Parallel=b -> Zeit: 68.1913 ms (64.8716 GFLOPS)
        · teir_ga:contraction_abcdef_gfac_degb laeuft [  482s] … [NEW BEST] Trial #2 | SF=2, Parallel=b -> Zeit: 68.1913 ms (64.8716 GFLOPS)
        · teir_ga:contraction_abcdef_gfac_degb laeuft [  512s] … [NEW BEST] Trial #2 | SF=2, Parallel=b -> Zeit: 68.1913 ms (64.8716 GFLOPS)
        · teir_ga:contraction_abcdef_gfac_degb laeuft [  542s] … [NEW BEST] Trial #2 | SF=2, Parallel=b -> Zeit: 68.1913 ms (64.8716 GFLOPS)
        · teir_ga:contraction_abcdef_gfac_degb laeuft [  570s] … [NEW BEST] Trial #2 | SF=2, Parallel=b -> Zeit: 68.1913 ms (64.8716 GFLOPS)
        · teir_ga:contraction_abcdef_gfac_degb laeuft [  600s] … [NEW BEST] Trial #2 | SF=2, Parallel=b -> Zeit: 68.1913 ms (64.8716 GFLOPS)
        · teir_ga:contraction_abcdef_gfac_degb laeuft [  630s] … [NEW BEST] Trial #2 | SF=2, Parallel=b -> Zeit: 68.1913 ms (64.8716 GFLOPS)
        · teir_ga:contraction_abcdef_gfac_degb laeuft [  660s] … [NEW BEST] Trial #2 | SF=2, Parallel=b -> Zeit: 68.1913 ms (64.8716 GFLOPS)
        · teir_ga:contraction_abcdef_gfac_degb laeuft [  691s] … [NEW BEST] Trial #2 | SF=2, Parallel=b -> Zeit: 68.1913 ms (64.8716 GFLOPS)
        · teir_ga:contraction_abcdef_gfac_degb laeuft [  721s] … [NEW BEST] Trial #2 | SF=2, Parallel=b -> Zeit: 68.1913 ms (64.8716 GFLOPS)
        · teir_ga:contraction_abcdef_gfac_degb laeuft [  751s] … [NEW BEST] Trial #2 | SF=2, Parallel=b -> Zeit: 68.1913 ms (64.8716 GFLOPS)
        · teir_ga:contraction_abcdef_gfac_degb laeuft [  781s] … [NEW BEST] Trial #2 | SF=2, Parallel=b -> Zeit: 68.1913 ms (64.8716 GFLOPS)
        · teir_ga:contraction_abcdef_gfac_degb laeuft [  811s] … [NEW BEST] Trial #2 | SF=2, Parallel=b -> Zeit: 68.1913 ms (64.8716 GFLOPS)
        · teir_ga:contraction_abcdef_gfac_degb laeuft [  841s] … [NEW BEST] Trial #2 | SF=2, Parallel=b -> Zeit: 68.1913 ms (64.8716 GFLOPS)
        · teir_ga:contraction_abcdef_gfac_degb laeuft [  871s] … [NEW BEST] Trial #2 | SF=2, Parallel=b -> Zeit: 68.1913 ms (64.8716 GFLOPS)
        · teir_ga:contraction_abcdef_gfac_degb laeuft [  902s] … [NEW BEST] Trial #2 | SF=2, Parallel=b -> Zeit: 68.1913 ms (64.8716 GFLOPS)
        · teir_ga:contraction_abcdef_gfac_degb laeuft [  932s] … [NEW BEST] Trial #2 | SF=2, Parallel=b -> Zeit: 68.1913 ms (64.8716 GFLOPS)
        · teir_ga:contraction_abcdef_gfac_degb laeuft [  962s] … [NEW BEST] Trial #2 | SF=2, Parallel=b -> Zeit: 68.1913 ms (64.8716 GFLOPS)
        · teir_ga:contraction_abcdef_gfac_degb laeuft [  992s] … [NEW BEST] Trial #2 | SF=2, Parallel=b -> Zeit: 68.1913 ms (64.8716 GFLOPS)
        · teir_ga:contraction_abcdef_gfac_degb laeuft [ 1020s] … [NEW BEST] Trial #2 | SF=2, Parallel=b -> Zeit: 68.1913 ms (64.8716 GFLOPS)
        · teir_ga:contraction_abcdef_gfac_degb laeuft [ 1050s] … [NEW BEST] Trial #2 | SF=2, Parallel=b -> Zeit: 68.1913 ms (64.8716 GFLOPS)
        · teir_ga:contraction_abcdef_gfac_degb laeuft [ 1080s] … [NEW BEST] Trial #2 | SF=2, Parallel=b -> Zeit: 68.1913 ms (64.8716 GFLOPS)
        · teir_ga:contraction_abcdef_gfac_degb laeuft [ 1110s] … [NEW BEST] Trial #2 | SF=2, Parallel=b -> Zeit: 68.1913 ms (64.8716 GFLOPS)
        · teir_ga:contraction_abcdef_gfac_degb laeuft [ 1141s] … [NEW BEST] Trial #2 | SF=2, Parallel=b -> Zeit: 68.1913 ms (64.8716 GFLOPS)
        · teir_ga:contraction_abcdef_gfac_degb laeuft [ 1171s] … [NEW BEST] Trial #2 | SF=2, Parallel=b -> Zeit: 68.1913 ms (64.8716 GFLOPS)
        · teir_ga:contraction_abcdef_gfac_degb laeuft [ 1201s] … [NEW BEST] Trial #2 | SF=2, Parallel=b -> Zeit: 68.1913 ms (64.8716 GFLOPS)
        · teir_ga:contraction_abcdef_gfac_degb laeuft [ 1231s] … [NEW BEST] Trial #2 | SF=2, Parallel=b -> Zeit: 68.1913 ms (64.8716 GFLOPS)
        · teir_ga:contraction_abcdef_gfac_degb laeuft [ 1261s] … [NEW BEST] Trial #2 | SF=2, Parallel=b -> Zeit: 68.1913 ms (64.8716 GFLOPS)
        · teir_ga:contraction_abcdef_gfac_degb laeuft [ 1291s] … [NEW BEST] Trial #2 | SF=2, Parallel=b -> Zeit: 68.1913 ms (64.8716 GFLOPS)
        · teir_ga:contraction_abcdef_gfac_degb laeuft [ 1321s] … [NEW BEST] Trial #2 | SF=2, Parallel=b -> Zeit: 68.1913 ms (64.8716 GFLOPS)
        · teir_ga:contraction_abcdef_gfac_degb laeuft [ 1351s] … [NEW BEST] Trial #2 | SF=2, Parallel=b -> Zeit: 68.1913 ms (64.8716 GFLOPS)
        · teir_ga:contraction_abcdef_gfac_degb laeuft [ 1381s] … [NEW BEST] Trial #2 | SF=2, Parallel=b -> Zeit: 68.1913 ms (64.8716 GFLOPS)
        · teir_ga:contraction_abcdef_gfac_degb laeuft [ 1411s] … [NEW BEST] Trial #2 | SF=2, Parallel=b -> Zeit: 68.1913 ms (64.8716 GFLOPS)
        · teir_ga:contraction_abcdef_gfac_degb laeuft [ 1441s] … [NEW BEST] Trial #2 | SF=2, Parallel=b -> Zeit: 68.1913 ms (64.8716 GFLOPS)
        · teir_ga:contraction_abcdef_gfac_degb laeuft [ 1471s] … [NEW BEST] Trial #2 | SF=2, Parallel=b -> Zeit: 68.1913 ms (64.8716 GFLOPS)
        · teir_ga:contraction_abcdef_gfac_degb laeuft [ 1501s] … [NEW BEST] Trial #2 | SF=2, Parallel=b -> Zeit: 68.1913 ms (64.8716 GFLOPS)
        · teir_ga:contraction_abcdef_gfac_degb laeuft [ 1531s] … [NEW BEST] Trial #2 | SF=2, Parallel=b -> Zeit: 68.1913 ms (64.8716 GFLOPS)
        · teir_ga:contraction_abcdef_gfac_degb laeuft [ 1561s] … [NEW BEST] Trial #2 | SF=2, Parallel=b -> Zeit: 68.1913 ms (64.8716 GFLOPS)
        · teir_ga:contraction_abcdef_gfac_degb laeuft [ 1591s] … [NEW BEST] Trial #2 | SF=2, Parallel=b -> Zeit: 68.1913 ms (64.8716 GFLOPS)
        · teir_ga:contraction_abcdef_gfac_degb laeuft [ 1621s] … [NEW BEST] Trial #2 | SF=2, Parallel=b -> Zeit: 68.1913 ms (64.8716 GFLOPS)
        · teir_ga:contraction_abcdef_gfac_degb laeuft [ 1652s] … [NEW BEST] Trial #2 | SF=2, Parallel=b -> Zeit: 68.1913 ms (64.8716 GFLOPS)
        · teir_ga:contraction_abcdef_gfac_degb laeuft [ 1682s] … [NEW BEST] Trial #2 | SF=2, Parallel=b -> Zeit: 68.1913 ms (64.8716 GFLOPS)
        · teir_ga:contraction_abcdef_gfac_degb laeuft [ 1712s] … [NEW BEST] Trial #2 | SF=2, Parallel=b -> Zeit: 68.1913 ms (64.8716 GFLOPS)
        · teir_ga:contraction_abcdef_gfac_degb laeuft [ 1742s] … [NEW BEST] Trial #2 | SF=2, Parallel=b -> Zeit: 68.1913 ms (64.8716 GFLOPS)
        · teir_ga:contraction_abcdef_gfac_degb laeuft [ 1770s] … [NEW BEST] Trial #2 | SF=2, Parallel=b -> Zeit: 68.1913 ms (64.8716 GFLOPS)
        · teir_ga:contraction_abcdef_gfac_degb laeuft [ 1800s] … [NEW BEST] Trial #2 | SF=2, Parallel=b -> Zeit: 68.1913 ms (64.8716 GFLOPS)
  [teir_ga] 35/36 contraction_abcdef_gfac_degb           64.9 GFLOPS [partial-timeout]   1800s  DONE @ 2026-08-02 15:15:58
  [teir_ga] 36/36 contraction_abcdef_gfbc_dega           ... START @ 2026-08-02 15:15:58
        · teir_ga:contraction_abcdef_gfbc_dega laeuft [   30s] … [NEW BEST] Trial #1 | SF=2, Parallel=a -> Zeit: 65.2272 ms (67.8196 GFLOPS)
        · teir_ga:contraction_abcdef_gfbc_dega laeuft [   60s] … [NEW BEST] Trial #1 | SF=2, Parallel=a -> Zeit: 65.2272 ms (67.8196 GFLOPS)
        · teir_ga:contraction_abcdef_gfbc_dega laeuft [   90s] … [NEW BEST] Trial #1 | SF=2, Parallel=a -> Zeit: 65.2272 ms (67.8196 GFLOPS)
        · teir_ga:contraction_abcdef_gfbc_dega laeuft [  120s] … [NEW BEST] Trial #1 | SF=2, Parallel=a -> Zeit: 65.2272 ms (67.8196 GFLOPS)
        · teir_ga:contraction_abcdef_gfbc_dega laeuft [  151s] … [NEW BEST] Trial #1 | SF=2, Parallel=a -> Zeit: 65.2272 ms (67.8196 GFLOPS)
        · teir_ga:contraction_abcdef_gfbc_dega laeuft [  181s] … [NEW BEST] Trial #1 | SF=2, Parallel=a -> Zeit: 65.2272 ms (67.8196 GFLOPS)
        · teir_ga:contraction_abcdef_gfbc_dega laeuft [  211s] … [NEW BEST] Trial #1 | SF=2, Parallel=a -> Zeit: 65.2272 ms (67.8196 GFLOPS)
        · teir_ga:contraction_abcdef_gfbc_dega laeuft [  241s] … [NEW BEST] Trial #1 | SF=2, Parallel=a -> Zeit: 65.2272 ms (67.8196 GFLOPS)
        · teir_ga:contraction_abcdef_gfbc_dega laeuft [  271s] … [NEW BEST] Trial #1 | SF=2, Parallel=a -> Zeit: 65.2272 ms (67.8196 GFLOPS)
        · teir_ga:contraction_abcdef_gfbc_dega laeuft [  301s] … [NEW BEST] Trial #1 | SF=2, Parallel=a -> Zeit: 65.2272 ms (67.8196 GFLOPS)
        · teir_ga:contraction_abcdef_gfbc_dega laeuft [  331s] … [NEW BEST] Trial #1 | SF=2, Parallel=a -> Zeit: 65.2272 ms (67.8196 GFLOPS)
        · teir_ga:contraction_abcdef_gfbc_dega laeuft [  362s] … [NEW BEST] Trial #1 | SF=2, Parallel=a -> Zeit: 65.2272 ms (67.8196 GFLOPS)
        · teir_ga:contraction_abcdef_gfbc_dega laeuft [  392s] … [NEW BEST] Trial #1 | SF=2, Parallel=a -> Zeit: 65.2272 ms (67.8196 GFLOPS)
        · teir_ga:contraction_abcdef_gfbc_dega laeuft [  422s] … [NEW BEST] Trial #1 | SF=2, Parallel=a -> Zeit: 65.2272 ms (67.8196 GFLOPS)
        · teir_ga:contraction_abcdef_gfbc_dega laeuft [  452s] … [NEW BEST] Trial #1 | SF=2, Parallel=a -> Zeit: 65.2272 ms (67.8196 GFLOPS)
        · teir_ga:contraction_abcdef_gfbc_dega laeuft [  480s] … [NEW BEST] Trial #1 | SF=2, Parallel=a -> Zeit: 65.2272 ms (67.8196 GFLOPS)
        · teir_ga:contraction_abcdef_gfbc_dega laeuft [  510s] … [NEW BEST] Trial #1 | SF=2, Parallel=a -> Zeit: 65.2272 ms (67.8196 GFLOPS)
        · teir_ga:contraction_abcdef_gfbc_dega laeuft [  540s] … [NEW BEST] Trial #1 | SF=2, Parallel=a -> Zeit: 65.2272 ms (67.8196 GFLOPS)
        · teir_ga:contraction_abcdef_gfbc_dega laeuft [  570s] … [NEW BEST] Trial #1 | SF=2, Parallel=a -> Zeit: 65.2272 ms (67.8196 GFLOPS)
        · teir_ga:contraction_abcdef_gfbc_dega laeuft [  601s] … [NEW BEST] Trial #1 | SF=2, Parallel=a -> Zeit: 65.2272 ms (67.8196 GFLOPS)
        · teir_ga:contraction_abcdef_gfbc_dega laeuft [  631s] … [NEW BEST] Trial #1 | SF=2, Parallel=a -> Zeit: 65.2272 ms (67.8196 GFLOPS)
        · teir_ga:contraction_abcdef_gfbc_dega laeuft [  661s] … [NEW BEST] Trial #1 | SF=2, Parallel=a -> Zeit: 65.2272 ms (67.8196 GFLOPS)
        · teir_ga:contraction_abcdef_gfbc_dega laeuft [  691s] … [NEW BEST] Trial #1 | SF=2, Parallel=a -> Zeit: 65.2272 ms (67.8196 GFLOPS)
        · teir_ga:contraction_abcdef_gfbc_dega laeuft [  721s] … [NEW BEST] Trial #1 | SF=2, Parallel=a -> Zeit: 65.2272 ms (67.8196 GFLOPS)
        · teir_ga:contraction_abcdef_gfbc_dega laeuft [  751s] … [NEW BEST] Trial #1 | SF=2, Parallel=a -> Zeit: 65.2272 ms (67.8196 GFLOPS)
        · teir_ga:contraction_abcdef_gfbc_dega laeuft [  781s] … [NEW BEST] Trial #1 | SF=2, Parallel=a -> Zeit: 65.2272 ms (67.8196 GFLOPS)
        · teir_ga:contraction_abcdef_gfbc_dega laeuft [  811s] … [NEW BEST] Trial #1 | SF=2, Parallel=a -> Zeit: 65.2272 ms (67.8196 GFLOPS)
        · teir_ga:contraction_abcdef_gfbc_dega laeuft [  841s] … [NEW BEST] Trial #1 | SF=2, Parallel=a -> Zeit: 65.2272 ms (67.8196 GFLOPS)
        · teir_ga:contraction_abcdef_gfbc_dega laeuft [  872s] … [NEW BEST] Trial #1 | SF=2, Parallel=a -> Zeit: 65.2272 ms (67.8196 GFLOPS)
        · teir_ga:contraction_abcdef_gfbc_dega laeuft [  902s] … [NEW BEST] Trial #1 | SF=2, Parallel=a -> Zeit: 65.2272 ms (67.8196 GFLOPS)
        · teir_ga:contraction_abcdef_gfbc_dega laeuft [  932s] … [NEW BEST] Trial #1 | SF=2, Parallel=a -> Zeit: 65.2272 ms (67.8196 GFLOPS)
        · teir_ga:contraction_abcdef_gfbc_dega laeuft [  962s] … [NEW BEST] Trial #1 | SF=2, Parallel=a -> Zeit: 65.2272 ms (67.8196 GFLOPS)
        · teir_ga:contraction_abcdef_gfbc_dega laeuft [  992s] … [NEW BEST] Trial #1 | SF=2, Parallel=a -> Zeit: 65.2272 ms (67.8196 GFLOPS)
        · teir_ga:contraction_abcdef_gfbc_dega laeuft [ 1022s] … [NEW BEST] Trial #1 | SF=2, Parallel=a -> Zeit: 65.2272 ms (67.8196 GFLOPS)
        · teir_ga:contraction_abcdef_gfbc_dega laeuft [ 1050s] … [NEW BEST] Trial #1 | SF=2, Parallel=a -> Zeit: 65.2272 ms (67.8196 GFLOPS)
        · teir_ga:contraction_abcdef_gfbc_dega laeuft [ 1080s] … [NEW BEST] Trial #1 | SF=2, Parallel=a -> Zeit: 65.2272 ms (67.8196 GFLOPS)
        · teir_ga:contraction_abcdef_gfbc_dega laeuft [ 1110s] … [NEW BEST] Trial #1 | SF=2, Parallel=a -> Zeit: 65.2272 ms (67.8196 GFLOPS)
        · teir_ga:contraction_abcdef_gfbc_dega laeuft [ 1140s] … [NEW BEST] Trial #1 | SF=2, Parallel=a -> Zeit: 65.2272 ms (67.8196 GFLOPS)
        · teir_ga:contraction_abcdef_gfbc_dega laeuft [ 1170s] … [NEW BEST] Trial #1 | SF=2, Parallel=a -> Zeit: 65.2272 ms (67.8196 GFLOPS)
        · teir_ga:contraction_abcdef_gfbc_dega laeuft [ 1201s] … [NEW BEST] Trial #1 | SF=2, Parallel=a -> Zeit: 65.2272 ms (67.8196 GFLOPS)
        · teir_ga:contraction_abcdef_gfbc_dega laeuft [ 1231s] … [NEW BEST] Trial #1 | SF=2, Parallel=a -> Zeit: 65.2272 ms (67.8196 GFLOPS)
        · teir_ga:contraction_abcdef_gfbc_dega laeuft [ 1261s] … [NEW BEST] Trial #1 | SF=2, Parallel=a -> Zeit: 65.2272 ms (67.8196 GFLOPS)
        · teir_ga:contraction_abcdef_gfbc_dega laeuft [ 1291s] … [NEW BEST] Trial #1 | SF=2, Parallel=a -> Zeit: 65.2272 ms (67.8196 GFLOPS)
        · teir_ga:contraction_abcdef_gfbc_dega laeuft [ 1321s] … [NEW BEST] Trial #1 | SF=2, Parallel=a -> Zeit: 65.2272 ms (67.8196 GFLOPS)
        · teir_ga:contraction_abcdef_gfbc_dega laeuft [ 1351s] … [NEW BEST] Trial #1 | SF=2, Parallel=a -> Zeit: 65.2272 ms (67.8196 GFLOPS)
        · teir_ga:contraction_abcdef_gfbc_dega laeuft [ 1381s] … [NEW BEST] Trial #1 | SF=2, Parallel=a -> Zeit: 65.2272 ms (67.8196 GFLOPS)
        · teir_ga:contraction_abcdef_gfbc_dega laeuft [ 1411s] … [NEW BEST] Trial #1 | SF=2, Parallel=a -> Zeit: 65.2272 ms (67.8196 GFLOPS)
        · teir_ga:contraction_abcdef_gfbc_dega laeuft [ 1441s] … [NEW BEST] Trial #1 | SF=2, Parallel=a -> Zeit: 65.2272 ms (67.8196 GFLOPS)
        · teir_ga:contraction_abcdef_gfbc_dega laeuft [ 1471s] … [NEW BEST] Trial #1 | SF=2, Parallel=a -> Zeit: 65.2272 ms (67.8196 GFLOPS)
        · teir_ga:contraction_abcdef_gfbc_dega laeuft [ 1502s] … [NEW BEST] Trial #1 | SF=2, Parallel=a -> Zeit: 65.2272 ms (67.8196 GFLOPS)
        · teir_ga:contraction_abcdef_gfbc_dega laeuft [ 1532s] … [NEW BEST] Trial #1 | SF=2, Parallel=a -> Zeit: 65.2272 ms (67.8196 GFLOPS)
        · teir_ga:contraction_abcdef_gfbc_dega laeuft [ 1562s] … [NEW BEST] Trial #1 | SF=2, Parallel=a -> Zeit: 65.2272 ms (67.8196 GFLOPS)
        · teir_ga:contraction_abcdef_gfbc_dega laeuft [ 1592s] … [NEW BEST] Trial #1 | SF=2, Parallel=a -> Zeit: 65.2272 ms (67.8196 GFLOPS)
        · teir_ga:contraction_abcdef_gfbc_dega laeuft [ 1622s] … [NEW BEST] Trial #1 | SF=2, Parallel=a -> Zeit: 65.2272 ms (67.8196 GFLOPS)
        · teir_ga:contraction_abcdef_gfbc_dega laeuft [ 1650s] … [NEW BEST] Trial #1 | SF=2, Parallel=a -> Zeit: 65.2272 ms (67.8196 GFLOPS)
        · teir_ga:contraction_abcdef_gfbc_dega laeuft [ 1680s] … [NEW BEST] Trial #1 | SF=2, Parallel=a -> Zeit: 65.2272 ms (67.8196 GFLOPS)
        · teir_ga:contraction_abcdef_gfbc_dega laeuft [ 1710s] … [NEW BEST] Trial #1 | SF=2, Parallel=a -> Zeit: 65.2272 ms (67.8196 GFLOPS)
        · teir_ga:contraction_abcdef_gfbc_dega laeuft [ 1740s] … [NEW BEST] Trial #1 | SF=2, Parallel=a -> Zeit: 65.2272 ms (67.8196 GFLOPS)
        · teir_ga:contraction_abcdef_gfbc_dega laeuft [ 1770s] … [NEW BEST] Trial #1 | SF=2, Parallel=a -> Zeit: 65.2272 ms (67.8196 GFLOPS)
        · teir_ga:contraction_abcdef_gfbc_dega laeuft [ 1801s] … [NEW BEST] Trial #1 | SF=2, Parallel=a -> Zeit: 65.2272 ms (67.8196 GFLOPS)
  [teir_ga] 36/36 contraction_abcdef_gfbc_dega           67.8 GFLOPS [partial-timeout]   1801s  DONE @ 2026-08-02 15:45:58
----- Stufe TEIR_GA fertig in 733.7 min @ 2026-08-02 15:45:58 -----

----- Stufe TEIR_RANDOM -> teir_random.csv (0 bereits erledigt) @ 2026-08-02 15:45:58 -----
  [teir_random]  1/36 contraction_abc_bda_dc                 ... START @ 2026-08-02 15:45:58
        · teir_random:contraction_abc_bda_dc laeuft [   30s] … [NEW BEST] Trial #1 | SF=32, Parallel=b -> Zeit: 845.946 ms (3.21286 GFLOPS)
        · teir_random:contraction_abc_bda_dc laeuft [   60s] … [NEW BEST] Trial #1 | SF=32, Parallel=b -> Zeit: 845.946 ms (3.21286 GFLOPS)
        · teir_random:contraction_abc_bda_dc laeuft [   90s] … [NEW BEST] Trial #1 | SF=32, Parallel=b -> Zeit: 845.946 ms (3.21286 GFLOPS)
        · teir_random:contraction_abc_bda_dc laeuft [  120s] … [NEW BEST] Trial #1 | SF=32, Parallel=b -> Zeit: 845.946 ms (3.21286 GFLOPS)
        · teir_random:contraction_abc_bda_dc laeuft [  151s] … [NEW BEST] Trial #1 | SF=32, Parallel=b -> Zeit: 845.946 ms (3.21286 GFLOPS)
        · teir_random:contraction_abc_bda_dc laeuft [  181s] … [NEW BEST] Trial #3 | SF=32, Parallel=b -> Zeit: 77.3499 ms (35.1379 GFLOPS)
        · teir_random:contraction_abc_bda_dc laeuft [  211s] … [NEW BEST] Trial #5 | SF=2, Parallel=b -> Zeit: 71.0006 ms (38.2801 GFLOPS)
        · teir_random:contraction_abc_bda_dc laeuft [  241s] … [NEW BEST] Trial #5 | SF=2, Parallel=b -> Zeit: 71.0006 ms (38.2801 GFLOPS)
        · teir_random:contraction_abc_bda_dc laeuft [  271s] … [NEW BEST] Trial #5 | SF=2, Parallel=b -> Zeit: 71.0006 ms (38.2801 GFLOPS)
        · teir_random:contraction_abc_bda_dc laeuft [  301s] … [NEW BEST] Trial #5 | SF=2, Parallel=b -> Zeit: 71.0006 ms (38.2801 GFLOPS)
        · teir_random:contraction_abc_bda_dc laeuft [  331s] … [NEW BEST] Trial #5 | SF=2, Parallel=b -> Zeit: 71.0006 ms (38.2801 GFLOPS)
        · teir_random:contraction_abc_bda_dc laeuft [  361s] … [NEW BEST] Trial #5 | SF=2, Parallel=b -> Zeit: 71.0006 ms (38.2801 GFLOPS)
        · teir_random:contraction_abc_bda_dc laeuft [  391s] … [NEW BEST] Trial #5 | SF=2, Parallel=b -> Zeit: 71.0006 ms (38.2801 GFLOPS)
        · teir_random:contraction_abc_bda_dc laeuft [  422s] … [NEW BEST] Trial #5 | SF=2, Parallel=b -> Zeit: 71.0006 ms (38.2801 GFLOPS)
        · teir_random:contraction_abc_bda_dc laeuft [  452s] … [NEW BEST] Trial #5 | SF=2, Parallel=b -> Zeit: 71.0006 ms (38.2801 GFLOPS)
        · teir_random:contraction_abc_bda_dc laeuft [  482s] … [NEW BEST] Trial #5 | SF=2, Parallel=b -> Zeit: 71.0006 ms (38.2801 GFLOPS)
        · teir_random:contraction_abc_bda_dc laeuft [  512s] … [NEW BEST] Trial #5 | SF=2, Parallel=b -> Zeit: 71.0006 ms (38.2801 GFLOPS)
        · teir_random:contraction_abc_bda_dc laeuft [  542s] … [NEW BEST] Trial #5 | SF=2, Parallel=b -> Zeit: 71.0006 ms (38.2801 GFLOPS)
  [teir_random]  1/36 contraction_abc_bda_dc                 42.1 GFLOPS [ok]                558s  DONE @ 2026-08-02 15:55:17
  [teir_random]  2/36 contraction_abc_dca_bd                 ... START @ 2026-08-02 15:55:17
        · teir_random:contraction_abc_dca_bd laeuft [   30s] … [NEW BEST] Trial #1 | SF=32, Parallel=b -> Zeit: 6704.51 ms (0.39694 GFLOPS)
        · teir_random:contraction_abc_dca_bd laeuft [   60s] … [NEW BEST] Trial #1 | SF=32, Parallel=b -> Zeit: 6704.51 ms (0.39694 GFLOPS)
        · teir_random:contraction_abc_dca_bd laeuft [   90s] … [NEW BEST] Trial #1 | SF=32, Parallel=b -> Zeit: 6704.51 ms (0.39694 GFLOPS)
        · teir_random:contraction_abc_dca_bd laeuft [  120s] … [NEW BEST] Trial #1 | SF=32, Parallel=b -> Zeit: 6704.51 ms (0.39694 GFLOPS)
        · teir_random:contraction_abc_dca_bd laeuft [  150s] … [NEW BEST] Trial #1 | SF=32, Parallel=b -> Zeit: 6704.51 ms (0.39694 GFLOPS)
        · teir_random:contraction_abc_dca_bd laeuft [  180s] … [NEW BEST] Trial #5 | SF=2, Parallel=b -> Zeit: 218.696 ms (12.1689 GFLOPS)
        · teir_random:contraction_abc_dca_bd laeuft [  210s] … [NEW BEST] Trial #5 | SF=2, Parallel=b -> Zeit: 218.696 ms (12.1689 GFLOPS)
        · teir_random:contraction_abc_dca_bd laeuft [  240s] … [NEW BEST] Trial #5 | SF=2, Parallel=b -> Zeit: 218.696 ms (12.1689 GFLOPS)
        · teir_random:contraction_abc_dca_bd laeuft [  270s] … [NEW BEST] Trial #5 | SF=2, Parallel=b -> Zeit: 218.696 ms (12.1689 GFLOPS)
        · teir_random:contraction_abc_dca_bd laeuft [  300s] … [NEW BEST] Trial #5 | SF=2, Parallel=b -> Zeit: 218.696 ms (12.1689 GFLOPS)
        · teir_random:contraction_abc_dca_bd laeuft [  330s] … [NEW BEST] Trial #5 | SF=2, Parallel=b -> Zeit: 218.696 ms (12.1689 GFLOPS)
        · teir_random:contraction_abc_dca_bd laeuft [  360s] … [NEW BEST] Trial #5 | SF=2, Parallel=b -> Zeit: 218.696 ms (12.1689 GFLOPS)
        · teir_random:contraction_abc_dca_bd laeuft [  391s] … [NEW BEST] Trial #5 | SF=2, Parallel=b -> Zeit: 218.696 ms (12.1689 GFLOPS)
        · teir_random:contraction_abc_dca_bd laeuft [  421s] … [NEW BEST] Trial #12 | SF=2, Parallel=a -> Zeit: 188.582 ms (14.1121 GFLOPS)
        · teir_random:contraction_abc_dca_bd laeuft [  451s] … [NEW BEST] Trial #12 | SF=2, Parallel=a -> Zeit: 188.582 ms (14.1121 GFLOPS)
        · teir_random:contraction_abc_dca_bd laeuft [  481s] … [NEW BEST] Trial #12 | SF=2, Parallel=a -> Zeit: 188.582 ms (14.1121 GFLOPS)
        · teir_random:contraction_abc_dca_bd laeuft [  511s] … [NEW BEST] Trial #12 | SF=2, Parallel=a -> Zeit: 188.582 ms (14.1121 GFLOPS)
        · teir_random:contraction_abc_dca_bd laeuft [  541s] … [NEW BEST] Trial #12 | SF=2, Parallel=a -> Zeit: 188.582 ms (14.1121 GFLOPS)
        · teir_random:contraction_abc_dca_bd laeuft [  571s] … [NEW BEST] Trial #12 | SF=2, Parallel=a -> Zeit: 188.582 ms (14.1121 GFLOPS)
        · teir_random:contraction_abc_dca_bd laeuft [  602s] … [NEW BEST] Trial #12 | SF=2, Parallel=a -> Zeit: 188.582 ms (14.1121 GFLOPS)
        · teir_random:contraction_abc_dca_bd laeuft [  632s] … [NEW BEST] Trial #12 | SF=2, Parallel=a -> Zeit: 188.582 ms (14.1121 GFLOPS)
  [teir_random]  2/36 contraction_abc_dca_bd                 14.0 GFLOPS [ok]                656s  DONE @ 2026-08-02 16:06:13
  [teir_random]  3/36 contraction_abcd_dbea_ec               ... START @ 2026-08-02 16:06:13
        · teir_random:contraction_abcd_dbea_ec laeuft [   30s] … [NEW BEST] Trial #1 | SF=4, Parallel=c -> Zeit: 588.763 ms (6.05889 GFLOPS)
        · teir_random:contraction_abcd_dbea_ec laeuft [   60s] … [NEW BEST] Trial #1 | SF=4, Parallel=c -> Zeit: 588.763 ms (6.05889 GFLOPS)
        · teir_random:contraction_abcd_dbea_ec laeuft [   90s] … [NEW BEST] Trial #1 | SF=4, Parallel=c -> Zeit: 588.763 ms (6.05889 GFLOPS)
        · teir_random:contraction_abcd_dbea_ec laeuft [  121s] … [NEW BEST] Trial #1 | SF=4, Parallel=c -> Zeit: 588.763 ms (6.05889 GFLOPS)
        · teir_random:contraction_abcd_dbea_ec laeuft [  151s] … [NEW BEST] Trial #1 | SF=4, Parallel=c -> Zeit: 588.763 ms (6.05889 GFLOPS)
        · teir_random:contraction_abcd_dbea_ec laeuft [  181s] … [NEW BEST] Trial #1 | SF=4, Parallel=c -> Zeit: 588.763 ms (6.05889 GFLOPS)
        · teir_random:contraction_abcd_dbea_ec laeuft [  211s] … [NEW BEST] Trial #1 | SF=4, Parallel=c -> Zeit: 588.763 ms (6.05889 GFLOPS)
        · teir_random:contraction_abcd_dbea_ec laeuft [  241s] … [NEW BEST] Trial #1 | SF=4, Parallel=c -> Zeit: 588.763 ms (6.05889 GFLOPS)
        · teir_random:contraction_abcd_dbea_ec laeuft [  271s] … [NEW BEST] Trial #1 | SF=4, Parallel=c -> Zeit: 588.763 ms (6.05889 GFLOPS)
        · teir_random:contraction_abcd_dbea_ec laeuft [  301s] … [NEW BEST] Trial #1 | SF=4, Parallel=c -> Zeit: 588.763 ms (6.05889 GFLOPS)
        · teir_random:contraction_abcd_dbea_ec laeuft [  331s] … [NEW BEST] Trial #1 | SF=4, Parallel=c -> Zeit: 588.763 ms (6.05889 GFLOPS)
        · teir_random:contraction_abcd_dbea_ec laeuft [  362s] … [NEW BEST] Trial #1 | SF=4, Parallel=c -> Zeit: 588.763 ms (6.05889 GFLOPS)
        · teir_random:contraction_abcd_dbea_ec laeuft [  392s] … [NEW BEST] Trial #1 | SF=4, Parallel=c -> Zeit: 588.763 ms (6.05889 GFLOPS)
        · teir_random:contraction_abcd_dbea_ec laeuft [  422s] … [NEW BEST] Trial #1 | SF=4, Parallel=c -> Zeit: 588.763 ms (6.05889 GFLOPS)
        · teir_random:contraction_abcd_dbea_ec laeuft [  452s] … [NEW BEST] Trial #1 | SF=4, Parallel=c -> Zeit: 588.763 ms (6.05889 GFLOPS)
        · teir_random:contraction_abcd_dbea_ec laeuft [  480s] … [NEW BEST] Trial #1 | SF=4, Parallel=c -> Zeit: 588.763 ms (6.05889 GFLOPS)
        · teir_random:contraction_abcd_dbea_ec laeuft [  510s] … [NEW BEST] Trial #1 | SF=4, Parallel=c -> Zeit: 588.763 ms (6.05889 GFLOPS)
        · teir_random:contraction_abcd_dbea_ec laeuft [  540s] … [NEW BEST] Trial #1 | SF=4, Parallel=c -> Zeit: 588.763 ms (6.05889 GFLOPS)
        · teir_random:contraction_abcd_dbea_ec laeuft [  570s] … [NEW BEST] Trial #1 | SF=4, Parallel=c -> Zeit: 588.763 ms (6.05889 GFLOPS)
        · teir_random:contraction_abcd_dbea_ec laeuft [  600s] … [NEW BEST] Trial #1 | SF=4, Parallel=c -> Zeit: 588.763 ms (6.05889 GFLOPS)
        · teir_random:contraction_abcd_dbea_ec laeuft [  631s] … [NEW BEST] Trial #1 | SF=4, Parallel=c -> Zeit: 588.763 ms (6.05889 GFLOPS)
        · teir_random:contraction_abcd_dbea_ec laeuft [  661s] … [NEW BEST] Trial #1 | SF=4, Parallel=c -> Zeit: 588.763 ms (6.05889 GFLOPS)
        · teir_random:contraction_abcd_dbea_ec laeuft [  691s] … [NEW BEST] Trial #1 | SF=4, Parallel=c -> Zeit: 588.763 ms (6.05889 GFLOPS)
        · teir_random:contraction_abcd_dbea_ec laeuft [  721s] … [NEW BEST] Trial #1 | SF=4, Parallel=c -> Zeit: 588.763 ms (6.05889 GFLOPS)
        · teir_random:contraction_abcd_dbea_ec laeuft [  751s] … [NEW BEST] Trial #1 | SF=4, Parallel=c -> Zeit: 588.763 ms (6.05889 GFLOPS)
        · teir_random:contraction_abcd_dbea_ec laeuft [  781s] … [NEW BEST] Trial #1 | SF=4, Parallel=c -> Zeit: 588.763 ms (6.05889 GFLOPS)
        · teir_random:contraction_abcd_dbea_ec laeuft [  811s] … [NEW BEST] Trial #1 | SF=4, Parallel=c -> Zeit: 588.763 ms (6.05889 GFLOPS)
        · teir_random:contraction_abcd_dbea_ec laeuft [  841s] … [NEW BEST] Trial #1 | SF=4, Parallel=c -> Zeit: 588.763 ms (6.05889 GFLOPS)
        · teir_random:contraction_abcd_dbea_ec laeuft [  871s] … [NEW BEST] Trial #1 | SF=4, Parallel=c -> Zeit: 588.763 ms (6.05889 GFLOPS)
        · teir_random:contraction_abcd_dbea_ec laeuft [  901s] … [NEW BEST] Trial #1 | SF=4, Parallel=c -> Zeit: 588.763 ms (6.05889 GFLOPS)
        · teir_random:contraction_abcd_dbea_ec laeuft [  931s] … [NEW BEST] Trial #1 | SF=4, Parallel=c -> Zeit: 588.763 ms (6.05889 GFLOPS)
        · teir_random:contraction_abcd_dbea_ec laeuft [  962s] … [NEW BEST] Trial #1 | SF=4, Parallel=c -> Zeit: 588.763 ms (6.05889 GFLOPS)
        · teir_random:contraction_abcd_dbea_ec laeuft [  992s] … [NEW BEST] Trial #1 | SF=4, Parallel=c -> Zeit: 588.763 ms (6.05889 GFLOPS)
        · teir_random:contraction_abcd_dbea_ec laeuft [ 1022s] … [NEW BEST] Trial #1 | SF=4, Parallel=c -> Zeit: 588.763 ms (6.05889 GFLOPS)
        · teir_random:contraction_abcd_dbea_ec laeuft [ 1052s] … [NEW BEST] Trial #1 | SF=4, Parallel=c -> Zeit: 588.763 ms (6.05889 GFLOPS)
        · teir_random:contraction_abcd_dbea_ec laeuft [ 1082s] … [NEW BEST] Trial #1 | SF=4, Parallel=c -> Zeit: 588.763 ms (6.05889 GFLOPS)
        · teir_random:contraction_abcd_dbea_ec laeuft [ 1112s] … [NEW BEST] Trial #1 | SF=4, Parallel=c -> Zeit: 588.763 ms (6.05889 GFLOPS)
        · teir_random:contraction_abcd_dbea_ec laeuft [ 1142s] … [NEW BEST] Trial #1 | SF=4, Parallel=c -> Zeit: 588.763 ms (6.05889 GFLOPS)
        · teir_random:contraction_abcd_dbea_ec laeuft [ 1172s] … [NEW BEST] Trial #1 | SF=4, Parallel=c -> Zeit: 588.763 ms (6.05889 GFLOPS)
  [teir_random]  3/36 contraction_abcd_dbea_ec               5.5 GFLOPS [ok]                1192s  DONE @ 2026-08-02 16:26:05
  [teir_random]  4/36 contraction_abcd_deca_be               ... START @ 2026-08-02 16:26:05
        · teir_random:contraction_abcd_deca_be laeuft [   30s] … [NEW BEST] Trial #1 | SF=2, Parallel=a -> Zeit: 179.263 ms (17.4121 GFLOPS)
        · teir_random:contraction_abcd_deca_be laeuft [   60s] … [NEW BEST] Trial #1 | SF=2, Parallel=a -> Zeit: 179.263 ms (17.4121 GFLOPS)
        · teir_random:contraction_abcd_deca_be laeuft [   90s] … [NEW BEST] Trial #1 | SF=2, Parallel=a -> Zeit: 179.263 ms (17.4121 GFLOPS)
        · teir_random:contraction_abcd_deca_be laeuft [  120s] … [NEW BEST] Trial #1 | SF=2, Parallel=a -> Zeit: 179.263 ms (17.4121 GFLOPS)
        · teir_random:contraction_abcd_deca_be laeuft [  151s] … [NEW BEST] Trial #1 | SF=2, Parallel=a -> Zeit: 179.263 ms (17.4121 GFLOPS)
        · teir_random:contraction_abcd_deca_be laeuft [  181s] … [NEW BEST] Trial #1 | SF=2, Parallel=a -> Zeit: 179.263 ms (17.4121 GFLOPS)
        · teir_random:contraction_abcd_deca_be laeuft [  211s] … [NEW BEST] Trial #1 | SF=2, Parallel=a -> Zeit: 179.263 ms (17.4121 GFLOPS)
        · teir_random:contraction_abcd_deca_be laeuft [  241s] … [NEW BEST] Trial #1 | SF=2, Parallel=a -> Zeit: 179.263 ms (17.4121 GFLOPS)
        · teir_random:contraction_abcd_deca_be laeuft [  271s] … [NEW BEST] Trial #1 | SF=2, Parallel=a -> Zeit: 179.263 ms (17.4121 GFLOPS)
        · teir_random:contraction_abcd_deca_be laeuft [  301s] … [NEW BEST] Trial #1 | SF=2, Parallel=a -> Zeit: 179.263 ms (17.4121 GFLOPS)
        · teir_random:contraction_abcd_deca_be laeuft [  331s] … [NEW BEST] Trial #1 | SF=2, Parallel=a -> Zeit: 179.263 ms (17.4121 GFLOPS)
        · teir_random:contraction_abcd_deca_be laeuft [  361s] … [NEW BEST] Trial #1 | SF=2, Parallel=a -> Zeit: 179.263 ms (17.4121 GFLOPS)
        · teir_random:contraction_abcd_deca_be laeuft [  392s] … [NEW BEST] Trial #1 | SF=2, Parallel=a -> Zeit: 179.263 ms (17.4121 GFLOPS)
        · teir_random:contraction_abcd_deca_be laeuft [  422s] … [NEW BEST] Trial #1 | SF=2, Parallel=a -> Zeit: 179.263 ms (17.4121 GFLOPS)
        · teir_random:contraction_abcd_deca_be laeuft [  452s] … [NEW BEST] Trial #1 | SF=2, Parallel=a -> Zeit: 179.263 ms (17.4121 GFLOPS)
        · teir_random:contraction_abcd_deca_be laeuft [  482s] … [NEW BEST] Trial #1 | SF=2, Parallel=a -> Zeit: 179.263 ms (17.4121 GFLOPS)
        · teir_random:contraction_abcd_deca_be laeuft [  510s] … [NEW BEST] Trial #1 | SF=2, Parallel=a -> Zeit: 179.263 ms (17.4121 GFLOPS)
        · teir_random:contraction_abcd_deca_be laeuft [  540s] … [NEW BEST] Trial #1 | SF=2, Parallel=a -> Zeit: 179.263 ms (17.4121 GFLOPS)
        · teir_random:contraction_abcd_deca_be laeuft [  570s] … [NEW BEST] Trial #1 | SF=2, Parallel=a -> Zeit: 179.263 ms (17.4121 GFLOPS)
        · teir_random:contraction_abcd_deca_be laeuft [  601s] … [NEW BEST] Trial #1 | SF=2, Parallel=a -> Zeit: 179.263 ms (17.4121 GFLOPS)
        · teir_random:contraction_abcd_deca_be laeuft [  631s] … [NEW BEST] Trial #1 | SF=2, Parallel=a -> Zeit: 179.263 ms (17.4121 GFLOPS)
        · teir_random:contraction_abcd_deca_be laeuft [  661s] … [NEW BEST] Trial #1 | SF=2, Parallel=a -> Zeit: 179.263 ms (17.4121 GFLOPS)
        · teir_random:contraction_abcd_deca_be laeuft [  691s] … [NEW BEST] Trial #1 | SF=2, Parallel=a -> Zeit: 179.263 ms (17.4121 GFLOPS)
        · teir_random:contraction_abcd_deca_be laeuft [  721s] … [NEW BEST] Trial #1 | SF=2, Parallel=a -> Zeit: 179.263 ms (17.4121 GFLOPS)
        · teir_random:contraction_abcd_deca_be laeuft [  751s] … [NEW BEST] Trial #1 | SF=2, Parallel=a -> Zeit: 179.263 ms (17.4121 GFLOPS)
        · teir_random:contraction_abcd_deca_be laeuft [  781s] … [NEW BEST] Trial #1 | SF=2, Parallel=a -> Zeit: 179.263 ms (17.4121 GFLOPS)
        · teir_random:contraction_abcd_deca_be laeuft [  811s] … [NEW BEST] Trial #1 | SF=2, Parallel=a -> Zeit: 179.263 ms (17.4121 GFLOPS)
  [teir_random]  4/36 contraction_abcd_deca_be               17.4 GFLOPS [ok]                834s  DONE @ 2026-08-02 16:39:59
  [teir_random]  5/36 contraction_abcd_ebad_ce               ... START @ 2026-08-02 16:39:59
        · teir_random:contraction_abcd_ebad_ce laeuft [   30s] … [NEW BEST] Trial #1 | SF=4, Parallel=c -> Zeit: 120.086 ms (25.9926 GFLOPS)
        · teir_random:contraction_abcd_ebad_ce laeuft [   60s] … [NEW BEST] Trial #1 | SF=4, Parallel=c -> Zeit: 120.086 ms (25.9926 GFLOPS)
        · teir_random:contraction_abcd_ebad_ce laeuft [   90s] … [NEW BEST] Trial #1 | SF=4, Parallel=c -> Zeit: 120.086 ms (25.9926 GFLOPS)
        · teir_random:contraction_abcd_ebad_ce laeuft [  120s] … [NEW BEST] Trial #1 | SF=4, Parallel=c -> Zeit: 120.086 ms (25.9926 GFLOPS)
        · teir_random:contraction_abcd_ebad_ce laeuft [  151s] … [NEW BEST] Trial #1 | SF=4, Parallel=c -> Zeit: 120.086 ms (25.9926 GFLOPS)
        · teir_random:contraction_abcd_ebad_ce laeuft [  181s] … [NEW BEST] Trial #1 | SF=4, Parallel=c -> Zeit: 120.086 ms (25.9926 GFLOPS)
        · teir_random:contraction_abcd_ebad_ce laeuft [  211s] … [NEW BEST] Trial #1 | SF=4, Parallel=c -> Zeit: 120.086 ms (25.9926 GFLOPS)
        · teir_random:contraction_abcd_ebad_ce laeuft [  241s] … [NEW BEST] Trial #1 | SF=4, Parallel=c -> Zeit: 120.086 ms (25.9926 GFLOPS)
        · teir_random:contraction_abcd_ebad_ce laeuft [  271s] … [NEW BEST] Trial #1 | SF=4, Parallel=c -> Zeit: 120.086 ms (25.9926 GFLOPS)
        · teir_random:contraction_abcd_ebad_ce laeuft [  301s] … [NEW BEST] Trial #1 | SF=4, Parallel=c -> Zeit: 120.086 ms (25.9926 GFLOPS)
        · teir_random:contraction_abcd_ebad_ce laeuft [  331s] … [NEW BEST] Trial #1 | SF=4, Parallel=c -> Zeit: 120.086 ms (25.9926 GFLOPS)
        · teir_random:contraction_abcd_ebad_ce laeuft [  361s] … [NEW BEST] Trial #1 | SF=4, Parallel=c -> Zeit: 120.086 ms (25.9926 GFLOPS)
        · teir_random:contraction_abcd_ebad_ce laeuft [  391s] … [NEW BEST] Trial #1 | SF=4, Parallel=c -> Zeit: 120.086 ms (25.9926 GFLOPS)
        · teir_random:contraction_abcd_ebad_ce laeuft [  422s] … [NEW BEST] Trial #1 | SF=4, Parallel=c -> Zeit: 120.086 ms (25.9926 GFLOPS)
        · teir_random:contraction_abcd_ebad_ce laeuft [  452s] … [NEW BEST] Trial #1 | SF=4, Parallel=c -> Zeit: 120.086 ms (25.9926 GFLOPS)
        · teir_random:contraction_abcd_ebad_ce laeuft [  482s] … [NEW BEST] Trial #1 | SF=4, Parallel=c -> Zeit: 120.086 ms (25.9926 GFLOPS)
        · teir_random:contraction_abcd_ebad_ce laeuft [  512s] … [NEW BEST] Trial #1 | SF=4, Parallel=c -> Zeit: 120.086 ms (25.9926 GFLOPS)
        · teir_random:contraction_abcd_ebad_ce laeuft [  542s] … [NEW BEST] Trial #1 | SF=4, Parallel=c -> Zeit: 120.086 ms (25.9926 GFLOPS)
        · teir_random:contraction_abcd_ebad_ce laeuft [  570s] … [NEW BEST] Trial #1 | SF=4, Parallel=c -> Zeit: 120.086 ms (25.9926 GFLOPS)
        · teir_random:contraction_abcd_ebad_ce laeuft [  600s] … [NEW BEST] Trial #1 | SF=4, Parallel=c -> Zeit: 120.086 ms (25.9926 GFLOPS)
        · teir_random:contraction_abcd_ebad_ce laeuft [  630s] … [NEW BEST] Trial #1 | SF=4, Parallel=c -> Zeit: 120.086 ms (25.9926 GFLOPS)
        · teir_random:contraction_abcd_ebad_ce laeuft [  660s] … [NEW BEST] Trial #1 | SF=4, Parallel=c -> Zeit: 120.086 ms (25.9926 GFLOPS)
        · teir_random:contraction_abcd_ebad_ce laeuft [  690s] … [NEW BEST] Trial #1 | SF=4, Parallel=c -> Zeit: 120.086 ms (25.9926 GFLOPS)
        · teir_random:contraction_abcd_ebad_ce laeuft [  721s] … [NEW BEST] Trial #1 | SF=4, Parallel=c -> Zeit: 120.086 ms (25.9926 GFLOPS)
        · teir_random:contraction_abcd_ebad_ce laeuft [  751s] … [NEW BEST] Trial #1 | SF=4, Parallel=c -> Zeit: 120.086 ms (25.9926 GFLOPS)
        · teir_random:contraction_abcd_ebad_ce laeuft [  781s] … [NEW BEST] Trial #1 | SF=4, Parallel=c -> Zeit: 120.086 ms (25.9926 GFLOPS)
  [teir_random]  5/36 contraction_abcd_ebad_ce               26.2 GFLOPS [ok]                808s  DONE @ 2026-08-02 16:53:27
  [teir_random]  6/36 contraction_abcde_efbad_cf             ... START @ 2026-08-02 16:53:27
  [teir_random]  6/36 contraction_abcde_efbad_cf             FAIL:no-success                   6s  DONE @ 2026-08-02 16:53:33
  [teir_random]  7/36 contraction_abcde_ecbfa_fd             ... START @ 2026-08-02 16:53:33
  [teir_random]  7/36 contraction_abcde_ecbfa_fd             FAIL:no-success                   6s  DONE @ 2026-08-02 16:53:39
  [teir_random]  8/36 contraction_abcde_efcad_bf             ... START @ 2026-08-02 16:53:39
  [teir_random]  8/36 contraction_abcde_efcad_bf             FAIL:no-success                   6s  DONE @ 2026-08-02 16:53:45
  [teir_random]  9/36 contraction_abcd_ea_ebcd               ... START @ 2026-08-02 16:53:45
        · teir_random:contraction_abcd_ea_ebcd laeuft [   30s] … [NEW BEST] Trial #1 | SF=4, Parallel=c -> Zeit: 274.745 ms (39.7632 GFLOPS)
        · teir_random:contraction_abcd_ea_ebcd laeuft [   60s] … [NEW BEST] Trial #1 | SF=4, Parallel=c -> Zeit: 274.745 ms (39.7632 GFLOPS)
        · teir_random:contraction_abcd_ea_ebcd laeuft [   90s] … [NEW BEST] Trial #1 | SF=4, Parallel=c -> Zeit: 274.745 ms (39.7632 GFLOPS)
        · teir_random:contraction_abcd_ea_ebcd laeuft [  120s] … [NEW BEST] Trial #1 | SF=4, Parallel=c -> Zeit: 274.745 ms (39.7632 GFLOPS)
        · teir_random:contraction_abcd_ea_ebcd laeuft [  151s] … [NEW BEST] Trial #1 | SF=4, Parallel=c -> Zeit: 274.745 ms (39.7632 GFLOPS)
        · teir_random:contraction_abcd_ea_ebcd laeuft [  181s] … [NEW BEST] Trial #1 | SF=4, Parallel=c -> Zeit: 274.745 ms (39.7632 GFLOPS)
        · teir_random:contraction_abcd_ea_ebcd laeuft [  211s] … [NEW BEST] Trial #1 | SF=4, Parallel=c -> Zeit: 274.745 ms (39.7632 GFLOPS)
        · teir_random:contraction_abcd_ea_ebcd laeuft [  241s] … [NEW BEST] Trial #1 | SF=4, Parallel=c -> Zeit: 274.745 ms (39.7632 GFLOPS)
        · teir_random:contraction_abcd_ea_ebcd laeuft [  271s] … [NEW BEST] Trial #1 | SF=4, Parallel=c -> Zeit: 274.745 ms (39.7632 GFLOPS)
        · teir_random:contraction_abcd_ea_ebcd laeuft [  301s] … [NEW BEST] Trial #1 | SF=4, Parallel=c -> Zeit: 274.745 ms (39.7632 GFLOPS)
        · teir_random:contraction_abcd_ea_ebcd laeuft [  331s] … [NEW BEST] Trial #1 | SF=4, Parallel=c -> Zeit: 274.745 ms (39.7632 GFLOPS)
        · teir_random:contraction_abcd_ea_ebcd laeuft [  361s] … [NEW BEST] Trial #1 | SF=4, Parallel=c -> Zeit: 274.745 ms (39.7632 GFLOPS)
        · teir_random:contraction_abcd_ea_ebcd laeuft [  391s] … [NEW BEST] Trial #1 | SF=4, Parallel=c -> Zeit: 274.745 ms (39.7632 GFLOPS)
        · teir_random:contraction_abcd_ea_ebcd laeuft [  421s] … [NEW BEST] Trial #1 | SF=4, Parallel=c -> Zeit: 274.745 ms (39.7632 GFLOPS)
        · teir_random:contraction_abcd_ea_ebcd laeuft [  452s] … [NEW BEST] Trial #1 | SF=4, Parallel=c -> Zeit: 274.745 ms (39.7632 GFLOPS)
        · teir_random:contraction_abcd_ea_ebcd laeuft [  482s] … [NEW BEST] Trial #1 | SF=4, Parallel=c -> Zeit: 274.745 ms (39.7632 GFLOPS)
        · teir_random:contraction_abcd_ea_ebcd laeuft [  512s] … [NEW BEST] Trial #1 | SF=4, Parallel=c -> Zeit: 274.745 ms (39.7632 GFLOPS)
        · teir_random:contraction_abcd_ea_ebcd laeuft [  542s] … [NEW BEST] Trial #1 | SF=4, Parallel=c -> Zeit: 274.745 ms (39.7632 GFLOPS)
        · teir_random:contraction_abcd_ea_ebcd laeuft [  570s] … [NEW BEST] Trial #1 | SF=4, Parallel=c -> Zeit: 274.745 ms (39.7632 GFLOPS)
        · teir_random:contraction_abcd_ea_ebcd laeuft [  600s] … [NEW BEST] Trial #1 | SF=4, Parallel=c -> Zeit: 274.745 ms (39.7632 GFLOPS)
        · teir_random:contraction_abcd_ea_ebcd laeuft [  630s] … [NEW BEST] Trial #1 | SF=4, Parallel=c -> Zeit: 274.745 ms (39.7632 GFLOPS)
        · teir_random:contraction_abcd_ea_ebcd laeuft [  660s] … [NEW BEST] Trial #1 | SF=4, Parallel=c -> Zeit: 274.745 ms (39.7632 GFLOPS)
        · teir_random:contraction_abcd_ea_ebcd laeuft [  690s] … [NEW BEST] Trial #1 | SF=4, Parallel=c -> Zeit: 274.745 ms (39.7632 GFLOPS)
        · teir_random:contraction_abcd_ea_ebcd laeuft [  721s] … [NEW BEST] Trial #1 | SF=4, Parallel=c -> Zeit: 274.745 ms (39.7632 GFLOPS)
        · teir_random:contraction_abcd_ea_ebcd laeuft [  751s] … [NEW BEST] Trial #1 | SF=4, Parallel=c -> Zeit: 274.745 ms (39.7632 GFLOPS)
        · teir_random:contraction_abcd_ea_ebcd laeuft [  781s] … [NEW BEST] Trial #1 | SF=4, Parallel=c -> Zeit: 274.745 ms (39.7632 GFLOPS)
        · teir_random:contraction_abcd_ea_ebcd laeuft [  811s] … [NEW BEST] Trial #1 | SF=4, Parallel=c -> Zeit: 274.745 ms (39.7632 GFLOPS)
        · teir_random:contraction_abcd_ea_ebcd laeuft [  841s] … [NEW BEST] Trial #1 | SF=4, Parallel=c -> Zeit: 274.745 ms (39.7632 GFLOPS)
        · teir_random:contraction_abcd_ea_ebcd laeuft [  871s] … [NEW BEST] Trial #1 | SF=4, Parallel=c -> Zeit: 274.745 ms (39.7632 GFLOPS)
        · teir_random:contraction_abcd_ea_ebcd laeuft [  901s] … [NEW BEST] Trial #1 | SF=4, Parallel=c -> Zeit: 274.745 ms (39.7632 GFLOPS)
        · teir_random:contraction_abcd_ea_ebcd laeuft [  931s] … [NEW BEST] Trial #1 | SF=4, Parallel=c -> Zeit: 274.745 ms (39.7632 GFLOPS)
        · teir_random:contraction_abcd_ea_ebcd laeuft [  961s] … [NEW BEST] Trial #1 | SF=4, Parallel=c -> Zeit: 274.745 ms (39.7632 GFLOPS)
        · teir_random:contraction_abcd_ea_ebcd laeuft [  991s] … [NEW BEST] Trial #1 | SF=4, Parallel=c -> Zeit: 274.745 ms (39.7632 GFLOPS)
        · teir_random:contraction_abcd_ea_ebcd laeuft [ 1022s] … [NEW BEST] Trial #1 | SF=4, Parallel=c -> Zeit: 274.745 ms (39.7632 GFLOPS)
        · teir_random:contraction_abcd_ea_ebcd laeuft [ 1052s] … [NEW BEST] Trial #1 | SF=4, Parallel=c -> Zeit: 274.745 ms (39.7632 GFLOPS)
        · teir_random:contraction_abcd_ea_ebcd laeuft [ 1082s] … [NEW BEST] Trial #1 | SF=4, Parallel=c -> Zeit: 274.745 ms (39.7632 GFLOPS)
        · teir_random:contraction_abcd_ea_ebcd laeuft [ 1112s] … [NEW BEST] Trial #1 | SF=4, Parallel=c -> Zeit: 274.745 ms (39.7632 GFLOPS)
        · teir_random:contraction_abcd_ea_ebcd laeuft [ 1142s] … [NEW BEST] Trial #1 | SF=4, Parallel=c -> Zeit: 274.745 ms (39.7632 GFLOPS)
        · teir_random:contraction_abcd_ea_ebcd laeuft [ 1170s] … [NEW BEST] Trial #1 | SF=4, Parallel=c -> Zeit: 274.745 ms (39.7632 GFLOPS)
        · teir_random:contraction_abcd_ea_ebcd laeuft [ 1200s] … [NEW BEST] Trial #1 | SF=4, Parallel=c -> Zeit: 274.745 ms (39.7632 GFLOPS)
        · teir_random:contraction_abcd_ea_ebcd laeuft [ 1230s] … [NEW BEST] Trial #1 | SF=4, Parallel=c -> Zeit: 274.745 ms (39.7632 GFLOPS)
        · teir_random:contraction_abcd_ea_ebcd laeuft [ 1260s] … [NEW BEST] Trial #1 | SF=4, Parallel=c -> Zeit: 274.745 ms (39.7632 GFLOPS)
        · teir_random:contraction_abcd_ea_ebcd laeuft [ 1290s] … [NEW BEST] Trial #1 | SF=4, Parallel=c -> Zeit: 274.745 ms (39.7632 GFLOPS)
        · teir_random:contraction_abcd_ea_ebcd laeuft [ 1321s] … [NEW BEST] Trial #1 | SF=4, Parallel=c -> Zeit: 274.745 ms (39.7632 GFLOPS)
        · teir_random:contraction_abcd_ea_ebcd laeuft [ 1351s] … [NEW BEST] Trial #1 | SF=4, Parallel=c -> Zeit: 274.745 ms (39.7632 GFLOPS)
        · teir_random:contraction_abcd_ea_ebcd laeuft [ 1381s] … [NEW BEST] Trial #1 | SF=4, Parallel=c -> Zeit: 274.745 ms (39.7632 GFLOPS)
        · teir_random:contraction_abcd_ea_ebcd laeuft [ 1411s] … [NEW BEST] Trial #1 | SF=4, Parallel=c -> Zeit: 274.745 ms (39.7632 GFLOPS)
        · teir_random:contraction_abcd_ea_ebcd laeuft [ 1441s] … [NEW BEST] Trial #1 | SF=4, Parallel=c -> Zeit: 274.745 ms (39.7632 GFLOPS)
        · teir_random:contraction_abcd_ea_ebcd laeuft [ 1471s] … [NEW BEST] Trial #1 | SF=4, Parallel=c -> Zeit: 274.745 ms (39.7632 GFLOPS)
        · teir_random:contraction_abcd_ea_ebcd laeuft [ 1501s] … [NEW BEST] Trial #1 | SF=4, Parallel=c -> Zeit: 274.745 ms (39.7632 GFLOPS)
        · teir_random:contraction_abcd_ea_ebcd laeuft [ 1531s] … [NEW BEST] Trial #1 | SF=4, Parallel=c -> Zeit: 274.745 ms (39.7632 GFLOPS)
        · teir_random:contraction_abcd_ea_ebcd laeuft [ 1561s] … [NEW BEST] Trial #1 | SF=4, Parallel=c -> Zeit: 274.745 ms (39.7632 GFLOPS)
        · teir_random:contraction_abcd_ea_ebcd laeuft [ 1591s] … [NEW BEST] Trial #1 | SF=4, Parallel=c -> Zeit: 274.745 ms (39.7632 GFLOPS)
        · teir_random:contraction_abcd_ea_ebcd laeuft [ 1622s] … [NEW BEST] Trial #1 | SF=4, Parallel=c -> Zeit: 274.745 ms (39.7632 GFLOPS)
        · teir_random:contraction_abcd_ea_ebcd laeuft [ 1652s] … [NEW BEST] Trial #1 | SF=4, Parallel=c -> Zeit: 274.745 ms (39.7632 GFLOPS)
        · teir_random:contraction_abcd_ea_ebcd laeuft [ 1682s] … [NEW BEST] Trial #1 | SF=4, Parallel=c -> Zeit: 274.745 ms (39.7632 GFLOPS)
        · teir_random:contraction_abcd_ea_ebcd laeuft [ 1712s] … [NEW BEST] Trial #1 | SF=4, Parallel=c -> Zeit: 274.745 ms (39.7632 GFLOPS)
        · teir_random:contraction_abcd_ea_ebcd laeuft [ 1740s] … [NEW BEST] Trial #1 | SF=4, Parallel=c -> Zeit: 274.745 ms (39.7632 GFLOPS)
        · teir_random:contraction_abcd_ea_ebcd laeuft [ 1770s] … [NEW BEST] Trial #1 | SF=4, Parallel=c -> Zeit: 274.745 ms (39.7632 GFLOPS)
        · teir_random:contraction_abcd_ea_ebcd laeuft [ 1800s] … [NEW BEST] Trial #1 | SF=4, Parallel=c -> Zeit: 274.745 ms (39.7632 GFLOPS)
  [teir_random]  9/36 contraction_abcd_ea_ebcd               39.8 GFLOPS [partial-timeout]   1800s  DONE @ 2026-08-02 17:23:45
  [teir_random] 10/36 contraction_abcd_eb_aecd               ... START @ 2026-08-02 17:23:45
        · teir_random:contraction_abcd_eb_aecd laeuft [   30s] … [NEW BEST] Trial #2 | SF=2, Parallel=c -> Zeit: 146.987 ms (74.3243 GFLOPS)
        · teir_random:contraction_abcd_eb_aecd laeuft [   60s] … [NEW BEST] Trial #2 | SF=2, Parallel=c -> Zeit: 146.987 ms (74.3243 GFLOPS)
        · teir_random:contraction_abcd_eb_aecd laeuft [   90s] … [NEW BEST] Trial #2 | SF=2, Parallel=c -> Zeit: 146.987 ms (74.3243 GFLOPS)
        · teir_random:contraction_abcd_eb_aecd laeuft [  121s] … [NEW BEST] Trial #2 | SF=2, Parallel=c -> Zeit: 146.987 ms (74.3243 GFLOPS)
        · teir_random:contraction_abcd_eb_aecd laeuft [  151s] … [NEW BEST] Trial #2 | SF=2, Parallel=c -> Zeit: 146.987 ms (74.3243 GFLOPS)
        · teir_random:contraction_abcd_eb_aecd laeuft [  181s] … [NEW BEST] Trial #2 | SF=2, Parallel=c -> Zeit: 146.987 ms (74.3243 GFLOPS)
        · teir_random:contraction_abcd_eb_aecd laeuft [  211s] … [NEW BEST] Trial #2 | SF=2, Parallel=c -> Zeit: 146.987 ms (74.3243 GFLOPS)
        · teir_random:contraction_abcd_eb_aecd laeuft [  241s] … [NEW BEST] Trial #2 | SF=2, Parallel=c -> Zeit: 146.987 ms (74.3243 GFLOPS)
        · teir_random:contraction_abcd_eb_aecd laeuft [  271s] … [NEW BEST] Trial #2 | SF=2, Parallel=c -> Zeit: 146.987 ms (74.3243 GFLOPS)
        · teir_random:contraction_abcd_eb_aecd laeuft [  301s] … [NEW BEST] Trial #2 | SF=2, Parallel=c -> Zeit: 146.987 ms (74.3243 GFLOPS)
        · teir_random:contraction_abcd_eb_aecd laeuft [  331s] … [NEW BEST] Trial #2 | SF=2, Parallel=c -> Zeit: 146.987 ms (74.3243 GFLOPS)
        · teir_random:contraction_abcd_eb_aecd laeuft [  362s] … [NEW BEST] Trial #2 | SF=2, Parallel=c -> Zeit: 146.987 ms (74.3243 GFLOPS)
        · teir_random:contraction_abcd_eb_aecd laeuft [  392s] … [NEW BEST] Trial #2 | SF=2, Parallel=c -> Zeit: 146.987 ms (74.3243 GFLOPS)
        · teir_random:contraction_abcd_eb_aecd laeuft [  422s] … [NEW BEST] Trial #2 | SF=2, Parallel=c -> Zeit: 146.987 ms (74.3243 GFLOPS)
        · teir_random:contraction_abcd_eb_aecd laeuft [  452s] … [NEW BEST] Trial #2 | SF=2, Parallel=c -> Zeit: 146.987 ms (74.3243 GFLOPS)
        · teir_random:contraction_abcd_eb_aecd laeuft [  480s] … [NEW BEST] Trial #2 | SF=2, Parallel=c -> Zeit: 146.987 ms (74.3243 GFLOPS)
        · teir_random:contraction_abcd_eb_aecd laeuft [  510s] … [NEW BEST] Trial #2 | SF=2, Parallel=c -> Zeit: 146.987 ms (74.3243 GFLOPS)
        · teir_random:contraction_abcd_eb_aecd laeuft [  540s] … [NEW BEST] Trial #2 | SF=2, Parallel=c -> Zeit: 146.987 ms (74.3243 GFLOPS)
        · teir_random:contraction_abcd_eb_aecd laeuft [  570s] … [NEW BEST] Trial #2 | SF=2, Parallel=c -> Zeit: 146.987 ms (74.3243 GFLOPS)
        · teir_random:contraction_abcd_eb_aecd laeuft [  601s] … [NEW BEST] Trial #2 | SF=2, Parallel=c -> Zeit: 146.987 ms (74.3243 GFLOPS)
        · teir_random:contraction_abcd_eb_aecd laeuft [  631s] … [NEW BEST] Trial #2 | SF=2, Parallel=c -> Zeit: 146.987 ms (74.3243 GFLOPS)
        · teir_random:contraction_abcd_eb_aecd laeuft [  661s] … [NEW BEST] Trial #2 | SF=2, Parallel=c -> Zeit: 146.987 ms (74.3243 GFLOPS)
        · teir_random:contraction_abcd_eb_aecd laeuft [  691s] … [NEW BEST] Trial #2 | SF=2, Parallel=c -> Zeit: 146.987 ms (74.3243 GFLOPS)
        · teir_random:contraction_abcd_eb_aecd laeuft [  721s] … [NEW BEST] Trial #2 | SF=2, Parallel=c -> Zeit: 146.987 ms (74.3243 GFLOPS)
        · teir_random:contraction_abcd_eb_aecd laeuft [  751s] … [NEW BEST] Trial #2 | SF=2, Parallel=c -> Zeit: 146.987 ms (74.3243 GFLOPS)
        · teir_random:contraction_abcd_eb_aecd laeuft [  781s] … [NEW BEST] Trial #2 | SF=2, Parallel=c -> Zeit: 146.987 ms (74.3243 GFLOPS)
        · teir_random:contraction_abcd_eb_aecd laeuft [  812s] … [NEW BEST] Trial #2 | SF=2, Parallel=c -> Zeit: 146.987 ms (74.3243 GFLOPS)
        · teir_random:contraction_abcd_eb_aecd laeuft [  842s] … [NEW BEST] Trial #2 | SF=2, Parallel=c -> Zeit: 146.987 ms (74.3243 GFLOPS)
        · teir_random:contraction_abcd_eb_aecd laeuft [  872s] … [NEW BEST] Trial #2 | SF=2, Parallel=c -> Zeit: 146.987 ms (74.3243 GFLOPS)
        · teir_random:contraction_abcd_eb_aecd laeuft [  902s] … [NEW BEST] Trial #2 | SF=2, Parallel=c -> Zeit: 146.987 ms (74.3243 GFLOPS)
        · teir_random:contraction_abcd_eb_aecd laeuft [  930s] … [NEW BEST] Trial #2 | SF=2, Parallel=c -> Zeit: 146.987 ms (74.3243 GFLOPS)
        · teir_random:contraction_abcd_eb_aecd laeuft [  960s] … [NEW BEST] Trial #2 | SF=2, Parallel=c -> Zeit: 146.987 ms (74.3243 GFLOPS)
        · teir_random:contraction_abcd_eb_aecd laeuft [  990s] … [NEW BEST] Trial #2 | SF=2, Parallel=c -> Zeit: 146.987 ms (74.3243 GFLOPS)
        · teir_random:contraction_abcd_eb_aecd laeuft [ 1020s] … [NEW BEST] Trial #2 | SF=2, Parallel=c -> Zeit: 146.987 ms (74.3243 GFLOPS)
        · teir_random:contraction_abcd_eb_aecd laeuft [ 1051s] … [NEW BEST] Trial #2 | SF=2, Parallel=c -> Zeit: 146.987 ms (74.3243 GFLOPS)
        · teir_random:contraction_abcd_eb_aecd laeuft [ 1081s] … [NEW BEST] Trial #2 | SF=2, Parallel=c -> Zeit: 146.987 ms (74.3243 GFLOPS)
        · teir_random:contraction_abcd_eb_aecd laeuft [ 1111s] … [NEW BEST] Trial #2 | SF=2, Parallel=c -> Zeit: 146.987 ms (74.3243 GFLOPS)
        · teir_random:contraction_abcd_eb_aecd laeuft [ 1141s] … [NEW BEST] Trial #2 | SF=2, Parallel=c -> Zeit: 146.987 ms (74.3243 GFLOPS)
        · teir_random:contraction_abcd_eb_aecd laeuft [ 1171s] … [NEW BEST] Trial #2 | SF=2, Parallel=c -> Zeit: 146.987 ms (74.3243 GFLOPS)
        · teir_random:contraction_abcd_eb_aecd laeuft [ 1201s] … [NEW BEST] Trial #2 | SF=2, Parallel=c -> Zeit: 146.987 ms (74.3243 GFLOPS)
        · teir_random:contraction_abcd_eb_aecd laeuft [ 1231s] … [NEW BEST] Trial #2 | SF=2, Parallel=c -> Zeit: 146.987 ms (74.3243 GFLOPS)
        · teir_random:contraction_abcd_eb_aecd laeuft [ 1261s] … [NEW BEST] Trial #2 | SF=2, Parallel=c -> Zeit: 146.987 ms (74.3243 GFLOPS)
        · teir_random:contraction_abcd_eb_aecd laeuft [ 1292s] … [NEW BEST] Trial #2 | SF=2, Parallel=c -> Zeit: 146.987 ms (74.3243 GFLOPS)
        · teir_random:contraction_abcd_eb_aecd laeuft [ 1322s] … [NEW BEST] Trial #2 | SF=2, Parallel=c -> Zeit: 146.987 ms (74.3243 GFLOPS)
        · teir_random:contraction_abcd_eb_aecd laeuft [ 1352s] … [NEW BEST] Trial #2 | SF=2, Parallel=c -> Zeit: 146.987 ms (74.3243 GFLOPS)
        · teir_random:contraction_abcd_eb_aecd laeuft [ 1380s] … [NEW BEST] Trial #2 | SF=2, Parallel=c -> Zeit: 146.987 ms (74.3243 GFLOPS)
        · teir_random:contraction_abcd_eb_aecd laeuft [ 1410s] … [NEW BEST] Trial #2 | SF=2, Parallel=c -> Zeit: 146.987 ms (74.3243 GFLOPS)
        · teir_random:contraction_abcd_eb_aecd laeuft [ 1440s] … [NEW BEST] Trial #2 | SF=2, Parallel=c -> Zeit: 146.987 ms (74.3243 GFLOPS)
        · teir_random:contraction_abcd_eb_aecd laeuft [ 1470s] … [NEW BEST] Trial #2 | SF=2, Parallel=c -> Zeit: 146.987 ms (74.3243 GFLOPS)
        · teir_random:contraction_abcd_eb_aecd laeuft [ 1501s] … [NEW BEST] Trial #2 | SF=2, Parallel=c -> Zeit: 146.987 ms (74.3243 GFLOPS)
        · teir_random:contraction_abcd_eb_aecd laeuft [ 1531s] … [NEW BEST] Trial #2 | SF=2, Parallel=c -> Zeit: 146.987 ms (74.3243 GFLOPS)
        · teir_random:contraction_abcd_eb_aecd laeuft [ 1561s] … [NEW BEST] Trial #2 | SF=2, Parallel=c -> Zeit: 146.987 ms (74.3243 GFLOPS)
        · teir_random:contraction_abcd_eb_aecd laeuft [ 1591s] … [NEW BEST] Trial #2 | SF=2, Parallel=c -> Zeit: 146.987 ms (74.3243 GFLOPS)
        · teir_random:contraction_abcd_eb_aecd laeuft [ 1621s] … [NEW BEST] Trial #2 | SF=2, Parallel=c -> Zeit: 146.987 ms (74.3243 GFLOPS)
        · teir_random:contraction_abcd_eb_aecd laeuft [ 1651s] … [NEW BEST] Trial #2 | SF=2, Parallel=c -> Zeit: 146.987 ms (74.3243 GFLOPS)
        · teir_random:contraction_abcd_eb_aecd laeuft [ 1681s] … [NEW BEST] Trial #2 | SF=2, Parallel=c -> Zeit: 146.987 ms (74.3243 GFLOPS)
        · teir_random:contraction_abcd_eb_aecd laeuft [ 1711s] … [NEW BEST] Trial #2 | SF=2, Parallel=c -> Zeit: 146.987 ms (74.3243 GFLOPS)
        · teir_random:contraction_abcd_eb_aecd laeuft [ 1742s] … [NEW BEST] Trial #2 | SF=2, Parallel=c -> Zeit: 146.987 ms (74.3243 GFLOPS)
        · teir_random:contraction_abcd_eb_aecd laeuft [ 1772s] … [NEW BEST] Trial #2 | SF=2, Parallel=c -> Zeit: 146.987 ms (74.3243 GFLOPS)
        · teir_random:contraction_abcd_eb_aecd laeuft [ 1802s] … [NEW BEST] Trial #2 | SF=2, Parallel=c -> Zeit: 146.987 ms (74.3243 GFLOPS)
  [teir_random] 10/36 contraction_abcd_eb_aecd               74.3 GFLOPS [partial-timeout]   1802s  DONE @ 2026-08-02 17:53:47
  [teir_random] 11/36 contraction_abcd_ec_abed               ... START @ 2026-08-02 17:53:47
        · teir_random:contraction_abcd_ec_abed laeuft [   30s] … [NEW BEST] Trial #1 | SF=4, Parallel=c -> Zeit: 175.077 ms (62.3994 GFLOPS)
        · teir_random:contraction_abcd_ec_abed laeuft [   60s] … [NEW BEST] Trial #1 | SF=4, Parallel=c -> Zeit: 175.077 ms (62.3994 GFLOPS)
        · teir_random:contraction_abcd_ec_abed laeuft [   90s] … [NEW BEST] Trial #1 | SF=4, Parallel=c -> Zeit: 175.077 ms (62.3994 GFLOPS)
        · teir_random:contraction_abcd_ec_abed laeuft [  121s] … [NEW BEST] Trial #1 | SF=4, Parallel=c -> Zeit: 175.077 ms (62.3994 GFLOPS)
        · teir_random:contraction_abcd_ec_abed laeuft [  151s] … [NEW BEST] Trial #1 | SF=4, Parallel=c -> Zeit: 175.077 ms (62.3994 GFLOPS)
        · teir_random:contraction_abcd_ec_abed laeuft [  181s] … [NEW BEST] Trial #1 | SF=4, Parallel=c -> Zeit: 175.077 ms (62.3994 GFLOPS)
        · teir_random:contraction_abcd_ec_abed laeuft [  211s] … [NEW BEST] Trial #1 | SF=4, Parallel=c -> Zeit: 175.077 ms (62.3994 GFLOPS)
        · teir_random:contraction_abcd_ec_abed laeuft [  241s] … [NEW BEST] Trial #1 | SF=4, Parallel=c -> Zeit: 175.077 ms (62.3994 GFLOPS)
        · teir_random:contraction_abcd_ec_abed laeuft [  271s] … [NEW BEST] Trial #1 | SF=4, Parallel=c -> Zeit: 175.077 ms (62.3994 GFLOPS)
        · teir_random:contraction_abcd_ec_abed laeuft [  301s] … [NEW BEST] Trial #1 | SF=4, Parallel=c -> Zeit: 175.077 ms (62.3994 GFLOPS)
        · teir_random:contraction_abcd_ec_abed laeuft [  331s] … [NEW BEST] Trial #1 | SF=4, Parallel=c -> Zeit: 175.077 ms (62.3994 GFLOPS)
        · teir_random:contraction_abcd_ec_abed laeuft [  362s] … [NEW BEST] Trial #1 | SF=4, Parallel=c -> Zeit: 175.077 ms (62.3994 GFLOPS)
        · teir_random:contraction_abcd_ec_abed laeuft [  392s] … [NEW BEST] Trial #1 | SF=4, Parallel=c -> Zeit: 175.077 ms (62.3994 GFLOPS)
        · teir_random:contraction_abcd_ec_abed laeuft [  422s] … [NEW BEST] Trial #1 | SF=4, Parallel=c -> Zeit: 175.077 ms (62.3994 GFLOPS)
        · teir_random:contraction_abcd_ec_abed laeuft [  452s] … [NEW BEST] Trial #1 | SF=4, Parallel=c -> Zeit: 175.077 ms (62.3994 GFLOPS)
        · teir_random:contraction_abcd_ec_abed laeuft [  480s] … [NEW BEST] Trial #1 | SF=4, Parallel=c -> Zeit: 175.077 ms (62.3994 GFLOPS)
        · teir_random:contraction_abcd_ec_abed laeuft [  510s] … [NEW BEST] Trial #1 | SF=4, Parallel=c -> Zeit: 175.077 ms (62.3994 GFLOPS)
        · teir_random:contraction_abcd_ec_abed laeuft [  540s] … [NEW BEST] Trial #1 | SF=4, Parallel=c -> Zeit: 175.077 ms (62.3994 GFLOPS)
        · teir_random:contraction_abcd_ec_abed laeuft [  571s] … [NEW BEST] Trial #1 | SF=4, Parallel=c -> Zeit: 175.077 ms (62.3994 GFLOPS)
        · teir_random:contraction_abcd_ec_abed laeuft [  601s] … [NEW BEST] Trial #1 | SF=4, Parallel=c -> Zeit: 175.077 ms (62.3994 GFLOPS)
        · teir_random:contraction_abcd_ec_abed laeuft [  631s] … [NEW BEST] Trial #1 | SF=4, Parallel=c -> Zeit: 175.077 ms (62.3994 GFLOPS)
        · teir_random:contraction_abcd_ec_abed laeuft [  661s] … [NEW BEST] Trial #1 | SF=4, Parallel=c -> Zeit: 175.077 ms (62.3994 GFLOPS)
        · teir_random:contraction_abcd_ec_abed laeuft [  691s] … [NEW BEST] Trial #1 | SF=4, Parallel=c -> Zeit: 175.077 ms (62.3994 GFLOPS)
        · teir_random:contraction_abcd_ec_abed laeuft [  721s] … [NEW BEST] Trial #1 | SF=4, Parallel=c -> Zeit: 175.077 ms (62.3994 GFLOPS)
        · teir_random:contraction_abcd_ec_abed laeuft [  751s] … [NEW BEST] Trial #1 | SF=4, Parallel=c -> Zeit: 175.077 ms (62.3994 GFLOPS)
        · teir_random:contraction_abcd_ec_abed laeuft [  781s] … [NEW BEST] Trial #1 | SF=4, Parallel=c -> Zeit: 175.077 ms (62.3994 GFLOPS)
        · teir_random:contraction_abcd_ec_abed laeuft [  812s] … [NEW BEST] Trial #1 | SF=4, Parallel=c -> Zeit: 175.077 ms (62.3994 GFLOPS)
        · teir_random:contraction_abcd_ec_abed laeuft [  842s] … [NEW BEST] Trial #1 | SF=4, Parallel=c -> Zeit: 175.077 ms (62.3994 GFLOPS)
        · teir_random:contraction_abcd_ec_abed laeuft [  872s] … [NEW BEST] Trial #1 | SF=4, Parallel=c -> Zeit: 175.077 ms (62.3994 GFLOPS)
        · teir_random:contraction_abcd_ec_abed laeuft [  902s] … [NEW BEST] Trial #1 | SF=4, Parallel=c -> Zeit: 175.077 ms (62.3994 GFLOPS)
        · teir_random:contraction_abcd_ec_abed laeuft [  930s] … [NEW BEST] Trial #1 | SF=4, Parallel=c -> Zeit: 175.077 ms (62.3994 GFLOPS)
        · teir_random:contraction_abcd_ec_abed laeuft [  960s] … [NEW BEST] Trial #1 | SF=4, Parallel=c -> Zeit: 175.077 ms (62.3994 GFLOPS)
        · teir_random:contraction_abcd_ec_abed laeuft [  990s] … [NEW BEST] Trial #1 | SF=4, Parallel=c -> Zeit: 175.077 ms (62.3994 GFLOPS)
        · teir_random:contraction_abcd_ec_abed laeuft [ 1020s] … [NEW BEST] Trial #1 | SF=4, Parallel=c -> Zeit: 175.077 ms (62.3994 GFLOPS)
        · teir_random:contraction_abcd_ec_abed laeuft [ 1050s] … [NEW BEST] Trial #1 | SF=4, Parallel=c -> Zeit: 175.077 ms (62.3994 GFLOPS)
        · teir_random:contraction_abcd_ec_abed laeuft [ 1080s] … [NEW BEST] Trial #1 | SF=4, Parallel=c -> Zeit: 175.077 ms (62.3994 GFLOPS)
        · teir_random:contraction_abcd_ec_abed laeuft [ 1110s] … [NEW BEST] Trial #1 | SF=4, Parallel=c -> Zeit: 175.077 ms (62.3994 GFLOPS)
        · teir_random:contraction_abcd_ec_abed laeuft [ 1140s] … [NEW BEST] Trial #1 | SF=4, Parallel=c -> Zeit: 175.077 ms (62.3994 GFLOPS)
        · teir_random:contraction_abcd_ec_abed laeuft [ 1170s] … [NEW BEST] Trial #1 | SF=4, Parallel=c -> Zeit: 175.077 ms (62.3994 GFLOPS)
        · teir_random:contraction_abcd_ec_abed laeuft [ 1200s] … [NEW BEST] Trial #1 | SF=4, Parallel=c -> Zeit: 175.077 ms (62.3994 GFLOPS)
        · teir_random:contraction_abcd_ec_abed laeuft [ 1230s] … [NEW BEST] Trial #1 | SF=4, Parallel=c -> Zeit: 175.077 ms (62.3994 GFLOPS)
        · teir_random:contraction_abcd_ec_abed laeuft [ 1260s] … [NEW BEST] Trial #1 | SF=4, Parallel=c -> Zeit: 175.077 ms (62.3994 GFLOPS)
        · teir_random:contraction_abcd_ec_abed laeuft [ 1290s] … [NEW BEST] Trial #1 | SF=4, Parallel=c -> Zeit: 175.077 ms (62.3994 GFLOPS)
        · teir_random:contraction_abcd_ec_abed laeuft [ 1321s] … [NEW BEST] Trial #1 | SF=4, Parallel=c -> Zeit: 175.077 ms (62.3994 GFLOPS)
        · teir_random:contraction_abcd_ec_abed laeuft [ 1351s] … [NEW BEST] Trial #1 | SF=4, Parallel=c -> Zeit: 175.077 ms (62.3994 GFLOPS)
        · teir_random:contraction_abcd_ec_abed laeuft [ 1381s] … [NEW BEST] Trial #1 | SF=4, Parallel=c -> Zeit: 175.077 ms (62.3994 GFLOPS)
        · teir_random:contraction_abcd_ec_abed laeuft [ 1411s] … [NEW BEST] Trial #1 | SF=4, Parallel=c -> Zeit: 175.077 ms (62.3994 GFLOPS)
        · teir_random:contraction_abcd_ec_abed laeuft [ 1441s] … [NEW BEST] Trial #1 | SF=4, Parallel=c -> Zeit: 175.077 ms (62.3994 GFLOPS)
        · teir_random:contraction_abcd_ec_abed laeuft [ 1471s] … [NEW BEST] Trial #1 | SF=4, Parallel=c -> Zeit: 175.077 ms (62.3994 GFLOPS)
        · teir_random:contraction_abcd_ec_abed laeuft [ 1501s] … [NEW BEST] Trial #1 | SF=4, Parallel=c -> Zeit: 175.077 ms (62.3994 GFLOPS)
        · teir_random:contraction_abcd_ec_abed laeuft [ 1531s] … [NEW BEST] Trial #1 | SF=4, Parallel=c -> Zeit: 175.077 ms (62.3994 GFLOPS)
        · teir_random:contraction_abcd_ec_abed laeuft [ 1562s] … [NEW BEST] Trial #1 | SF=4, Parallel=c -> Zeit: 175.077 ms (62.3994 GFLOPS)
        · teir_random:contraction_abcd_ec_abed laeuft [ 1592s] … [NEW BEST] Trial #1 | SF=4, Parallel=c -> Zeit: 175.077 ms (62.3994 GFLOPS)
        · teir_random:contraction_abcd_ec_abed laeuft [ 1622s] … [NEW BEST] Trial #1 | SF=4, Parallel=c -> Zeit: 175.077 ms (62.3994 GFLOPS)
        · teir_random:contraction_abcd_ec_abed laeuft [ 1652s] … [NEW BEST] Trial #1 | SF=4, Parallel=c -> Zeit: 175.077 ms (62.3994 GFLOPS)
        · teir_random:contraction_abcd_ec_abed laeuft [ 1680s] … [NEW BEST] Trial #1 | SF=4, Parallel=c -> Zeit: 175.077 ms (62.3994 GFLOPS)
        · teir_random:contraction_abcd_ec_abed laeuft [ 1710s] … [NEW BEST] Trial #1 | SF=4, Parallel=c -> Zeit: 175.077 ms (62.3994 GFLOPS)
        · teir_random:contraction_abcd_ec_abed laeuft [ 1740s] … [NEW BEST] Trial #1 | SF=4, Parallel=c -> Zeit: 175.077 ms (62.3994 GFLOPS)
        · teir_random:contraction_abcd_ec_abed laeuft [ 1770s] … [NEW BEST] Trial #1 | SF=4, Parallel=c -> Zeit: 175.077 ms (62.3994 GFLOPS)
        · teir_random:contraction_abcd_ec_abed laeuft [ 1801s] … [NEW BEST] Trial #1 | SF=4, Parallel=c -> Zeit: 175.077 ms (62.3994 GFLOPS)
  [teir_random] 11/36 contraction_abcd_ec_abed               62.4 GFLOPS [partial-timeout]   1801s  DONE @ 2026-08-02 18:23:48
  [teir_random] 12/36 contraction_ab_acd_dbc                 ... START @ 2026-08-02 18:23:48
        · teir_random:contraction_ab_acd_dbc laeuft [   30s] … [NEW BEST] Trial #1 | SF=32, Parallel=a -> Zeit: 1831.56 ms (22.7639 GFLOPS)
        · teir_random:contraction_ab_acd_dbc laeuft [   60s] … [NEW BEST] Trial #4 | SF=64, Parallel=a -> Zeit: 1327.49 ms (31.4077 GFLOPS)
        · teir_random:contraction_ab_acd_dbc laeuft [   90s] … [NEW BEST] Trial #4 | SF=64, Parallel=a -> Zeit: 1327.49 ms (31.4077 GFLOPS)
  [teir_random] 12/36 contraction_ab_acd_dbc                 29.9 GFLOPS [ok]                105s  DONE @ 2026-08-02 18:25:33
  [teir_random] 13/36 contraction_ab_cad_dcb                 ... START @ 2026-08-02 18:25:33
        · teir_random:contraction_ab_cad_dcb laeuft [   30s] … [NEW BEST] Trial #1 | SF=32, Parallel=a -> Zeit: 6508.69 ms (6.54211 GFLOPS)
        · teir_random:contraction_ab_cad_dcb laeuft [   60s] … [NEW BEST] Trial #1 | SF=32, Parallel=a -> Zeit: 6508.69 ms (6.54211 GFLOPS)
        · teir_random:contraction_ab_cad_dcb laeuft [   90s] … [NEW BEST] Trial #1 | SF=32, Parallel=a -> Zeit: 6508.69 ms (6.54211 GFLOPS)
        · teir_random:contraction_ab_cad_dcb laeuft [  120s] … [NEW BEST] Trial #1 | SF=32, Parallel=a -> Zeit: 6508.69 ms (6.54211 GFLOPS)
        · teir_random:contraction_ab_cad_dcb laeuft [  151s] … [NEW BEST] Trial #1 | SF=32, Parallel=a -> Zeit: 6508.69 ms (6.54211 GFLOPS)
        · teir_random:contraction_ab_cad_dcb laeuft [  181s] … [NEW BEST] Trial #1 | SF=32, Parallel=a -> Zeit: 6508.69 ms (6.54211 GFLOPS)
        · teir_random:contraction_ab_cad_dcb laeuft [  211s] … [NEW BEST] Trial #1 | SF=32, Parallel=a -> Zeit: 6508.69 ms (6.54211 GFLOPS)
        · teir_random:contraction_ab_cad_dcb laeuft [  241s] … [NEW BEST] Trial #1 | SF=32, Parallel=a -> Zeit: 6508.69 ms (6.54211 GFLOPS)
        · teir_random:contraction_ab_cad_dcb laeuft [  271s] … [NEW BEST] Trial #1 | SF=32, Parallel=a -> Zeit: 6508.69 ms (6.54211 GFLOPS)
        · teir_random:contraction_ab_cad_dcb laeuft [  301s] … [NEW BEST] Trial #1 | SF=32, Parallel=a -> Zeit: 6508.69 ms (6.54211 GFLOPS)
        · teir_random:contraction_ab_cad_dcb laeuft [  331s] … [NEW BEST] Trial #1 | SF=32, Parallel=a -> Zeit: 6508.69 ms (6.54211 GFLOPS)
        · teir_random:contraction_ab_cad_dcb laeuft [  361s] … [NEW BEST] Trial #1 | SF=32, Parallel=a -> Zeit: 6508.69 ms (6.54211 GFLOPS)
        · teir_random:contraction_ab_cad_dcb laeuft [  391s] … [NEW BEST] Trial #1 | SF=32, Parallel=a -> Zeit: 6508.69 ms (6.54211 GFLOPS)
        · teir_random:contraction_ab_cad_dcb laeuft [  422s] … [NEW BEST] Trial #1 | SF=32, Parallel=a -> Zeit: 6508.69 ms (6.54211 GFLOPS)
        · teir_random:contraction_ab_cad_dcb laeuft [  452s] … [SUCCESS] Validation passed.
  [teir_random] 13/36 contraction_ab_cad_dcb                 6.4 GFLOPS [ok]                 469s  DONE @ 2026-08-02 18:33:22
  [teir_random] 14/36 contraction_abc_acd_db                 ... START @ 2026-08-02 18:33:22
        · teir_random:contraction_abc_acd_db laeuft [   30s] … [AUTOTUNER] Jeder Trial wird JIT-kompiliert, auf Korrektheit geprueft und real gebenchmark
        · teir_random:contraction_abc_acd_db laeuft [   60s] … [NEW BEST] Trial #1 | SF=32, Parallel=b -> Zeit: 20806.9 ms (2.00383 GFLOPS)
        · teir_random:contraction_abc_acd_db laeuft [   90s] … [NEW BEST] Trial #1 | SF=32, Parallel=b -> Zeit: 20806.9 ms (2.00383 GFLOPS)
        · teir_random:contraction_abc_acd_db laeuft [  120s] … [NEW BEST] Trial #1 | SF=32, Parallel=b -> Zeit: 20806.9 ms (2.00383 GFLOPS)
        · teir_random:contraction_abc_acd_db laeuft [  150s] … [NEW BEST] Trial #1 | SF=32, Parallel=b -> Zeit: 20806.9 ms (2.00383 GFLOPS)
        · teir_random:contraction_abc_acd_db laeuft [  180s] … [NEW BEST] Trial #1 | SF=32, Parallel=b -> Zeit: 20806.9 ms (2.00383 GFLOPS)
        · teir_random:contraction_abc_acd_db laeuft [  210s] … [NEW BEST] Trial #1 | SF=32, Parallel=b -> Zeit: 20806.9 ms (2.00383 GFLOPS)
        · teir_random:contraction_abc_acd_db laeuft [  240s] … [NEW BEST] Trial #1 | SF=32, Parallel=b -> Zeit: 20806.9 ms (2.00383 GFLOPS)
        · teir_random:contraction_abc_acd_db laeuft [  270s] … [NEW BEST] Trial #1 | SF=32, Parallel=b -> Zeit: 20806.9 ms (2.00383 GFLOPS)
        · teir_random:contraction_abc_acd_db laeuft [  300s] … [NEW BEST] Trial #1 | SF=32, Parallel=b -> Zeit: 20806.9 ms (2.00383 GFLOPS)
        · teir_random:contraction_abc_acd_db laeuft [  330s] … [NEW BEST] Trial #1 | SF=32, Parallel=b -> Zeit: 20806.9 ms (2.00383 GFLOPS)
        · teir_random:contraction_abc_acd_db laeuft [  361s] … [NEW BEST] Trial #1 | SF=32, Parallel=b -> Zeit: 20806.9 ms (2.00383 GFLOPS)
        · teir_random:contraction_abc_acd_db laeuft [  391s] … [NEW BEST] Trial #1 | SF=32, Parallel=b -> Zeit: 20806.9 ms (2.00383 GFLOPS)
        · teir_random:contraction_abc_acd_db laeuft [  421s] … [NEW BEST] Trial #1 | SF=32, Parallel=b -> Zeit: 20806.9 ms (2.00383 GFLOPS)
        · teir_random:contraction_abc_acd_db laeuft [  451s] … [NEW BEST] Trial #1 | SF=32, Parallel=b -> Zeit: 20806.9 ms (2.00383 GFLOPS)
        · teir_random:contraction_abc_acd_db laeuft [  481s] … [NEW BEST] Trial #1 | SF=32, Parallel=b -> Zeit: 20806.9 ms (2.00383 GFLOPS)
        · teir_random:contraction_abc_acd_db laeuft [  511s] … [NEW BEST] Trial #1 | SF=32, Parallel=b -> Zeit: 20806.9 ms (2.00383 GFLOPS)
        · teir_random:contraction_abc_acd_db laeuft [  541s] … [NEW BEST] Trial #1 | SF=32, Parallel=b -> Zeit: 20806.9 ms (2.00383 GFLOPS)
        · teir_random:contraction_abc_acd_db laeuft [  571s] … [NEW BEST] Trial #1 | SF=32, Parallel=b -> Zeit: 20806.9 ms (2.00383 GFLOPS)
        · teir_random:contraction_abc_acd_db laeuft [  602s] … [NEW BEST] Trial #1 | SF=32, Parallel=b -> Zeit: 20806.9 ms (2.00383 GFLOPS)
        · teir_random:contraction_abc_acd_db laeuft [  632s] … [NEW BEST] Trial #1 | SF=32, Parallel=b -> Zeit: 20806.9 ms (2.00383 GFLOPS)
        · teir_random:contraction_abc_acd_db laeuft [  662s] … [NEW BEST] Trial #1 | SF=32, Parallel=b -> Zeit: 20806.9 ms (2.00383 GFLOPS)
        · teir_random:contraction_abc_acd_db laeuft [  692s] … [NEW BEST] Trial #1 | SF=32, Parallel=b -> Zeit: 20806.9 ms (2.00383 GFLOPS)
        · teir_random:contraction_abc_acd_db laeuft [  720s] … [NEW BEST] Trial #1 | SF=32, Parallel=b -> Zeit: 20806.9 ms (2.00383 GFLOPS)
        · teir_random:contraction_abc_acd_db laeuft [  750s] … [NEW BEST] Trial #1 | SF=32, Parallel=b -> Zeit: 20806.9 ms (2.00383 GFLOPS)
        · teir_random:contraction_abc_acd_db laeuft [  780s] … [NEW BEST] Trial #1 | SF=32, Parallel=b -> Zeit: 20806.9 ms (2.00383 GFLOPS)
        · teir_random:contraction_abc_acd_db laeuft [  810s] … [NEW BEST] Trial #1 | SF=32, Parallel=b -> Zeit: 20806.9 ms (2.00383 GFLOPS)
        · teir_random:contraction_abc_acd_db laeuft [  841s] … [NEW BEST] Trial #1 | SF=32, Parallel=b -> Zeit: 20806.9 ms (2.00383 GFLOPS)
        · teir_random:contraction_abc_acd_db laeuft [  871s] … [NEW BEST] Trial #1 | SF=32, Parallel=b -> Zeit: 20806.9 ms (2.00383 GFLOPS)
        · teir_random:contraction_abc_acd_db laeuft [  901s] … [NEW BEST] Trial #1 | SF=32, Parallel=b -> Zeit: 20806.9 ms (2.00383 GFLOPS)
        · teir_random:contraction_abc_acd_db laeuft [  931s] … [NEW BEST] Trial #1 | SF=32, Parallel=b -> Zeit: 20806.9 ms (2.00383 GFLOPS)
        · teir_random:contraction_abc_acd_db laeuft [  961s] … [NEW BEST] Trial #1 | SF=32, Parallel=b -> Zeit: 20806.9 ms (2.00383 GFLOPS)
        · teir_random:contraction_abc_acd_db laeuft [  991s] … [NEW BEST] Trial #1 | SF=32, Parallel=b -> Zeit: 20806.9 ms (2.00383 GFLOPS)
        · teir_random:contraction_abc_acd_db laeuft [ 1021s] … [NEW BEST] Trial #1 | SF=32, Parallel=b -> Zeit: 20806.9 ms (2.00383 GFLOPS)
        · teir_random:contraction_abc_acd_db laeuft [ 1051s] … [NEW BEST] Trial #1 | SF=32, Parallel=b -> Zeit: 20806.9 ms (2.00383 GFLOPS)
        · teir_random:contraction_abc_acd_db laeuft [ 1082s] … [NEW BEST] Trial #1 | SF=32, Parallel=b -> Zeit: 20806.9 ms (2.00383 GFLOPS)
        · teir_random:contraction_abc_acd_db laeuft [ 1112s] … [NEW BEST] Trial #1 | SF=32, Parallel=b -> Zeit: 20806.9 ms (2.00383 GFLOPS)
        · teir_random:contraction_abc_acd_db laeuft [ 1142s] … [NEW BEST] Trial #1 | SF=32, Parallel=b -> Zeit: 20806.9 ms (2.00383 GFLOPS)
        · teir_random:contraction_abc_acd_db laeuft [ 1172s] … [NEW BEST] Trial #1 | SF=32, Parallel=b -> Zeit: 20806.9 ms (2.00383 GFLOPS)
        · teir_random:contraction_abc_acd_db laeuft [ 1200s] … [NEW BEST] Trial #1 | SF=32, Parallel=b -> Zeit: 20806.9 ms (2.00383 GFLOPS)
        · teir_random:contraction_abc_acd_db laeuft [ 1230s] … [NEW BEST] Trial #1 | SF=32, Parallel=b -> Zeit: 20806.9 ms (2.00383 GFLOPS)
        · teir_random:contraction_abc_acd_db laeuft [ 1260s] … [NEW BEST] Trial #1 | SF=32, Parallel=b -> Zeit: 20806.9 ms (2.00383 GFLOPS)
        · teir_random:contraction_abc_acd_db laeuft [ 1290s] … [NEW BEST] Trial #1 | SF=32, Parallel=b -> Zeit: 20806.9 ms (2.00383 GFLOPS)
        · teir_random:contraction_abc_acd_db laeuft [ 1320s] … [NEW BEST] Trial #1 | SF=32, Parallel=b -> Zeit: 20806.9 ms (2.00383 GFLOPS)
        · teir_random:contraction_abc_acd_db laeuft [ 1351s] … [NEW BEST] Trial #1 | SF=32, Parallel=b -> Zeit: 20806.9 ms (2.00383 GFLOPS)
        · teir_random:contraction_abc_acd_db laeuft [ 1381s] … [NEW BEST] Trial #1 | SF=32, Parallel=b -> Zeit: 20806.9 ms (2.00383 GFLOPS)
        · teir_random:contraction_abc_acd_db laeuft [ 1411s] … [NEW BEST] Trial #1 | SF=32, Parallel=b -> Zeit: 20806.9 ms (2.00383 GFLOPS)
        · teir_random:contraction_abc_acd_db laeuft [ 1441s] … [NEW BEST] Trial #1 | SF=32, Parallel=b -> Zeit: 20806.9 ms (2.00383 GFLOPS)
        · teir_random:contraction_abc_acd_db laeuft [ 1471s] … [NEW BEST] Trial #1 | SF=32, Parallel=b -> Zeit: 20806.9 ms (2.00383 GFLOPS)
        · teir_random:contraction_abc_acd_db laeuft [ 1501s] … [NEW BEST] Trial #1 | SF=32, Parallel=b -> Zeit: 20806.9 ms (2.00383 GFLOPS)
        · teir_random:contraction_abc_acd_db laeuft [ 1531s] … [NEW BEST] Trial #1 | SF=32, Parallel=b -> Zeit: 20806.9 ms (2.00383 GFLOPS)
        · teir_random:contraction_abc_acd_db laeuft [ 1561s] … [NEW BEST] Trial #1 | SF=32, Parallel=b -> Zeit: 20806.9 ms (2.00383 GFLOPS)
        · teir_random:contraction_abc_acd_db laeuft [ 1591s] … [NEW BEST] Trial #1 | SF=32, Parallel=b -> Zeit: 20806.9 ms (2.00383 GFLOPS)
        · teir_random:contraction_abc_acd_db laeuft [ 1621s] … [NEW BEST] Trial #1 | SF=32, Parallel=b -> Zeit: 20806.9 ms (2.00383 GFLOPS)
        · teir_random:contraction_abc_acd_db laeuft [ 1651s] … [NEW BEST] Trial #1 | SF=32, Parallel=b -> Zeit: 20806.9 ms (2.00383 GFLOPS)
        · teir_random:contraction_abc_acd_db laeuft [ 1682s] … [NEW BEST] Trial #1 | SF=32, Parallel=b -> Zeit: 20806.9 ms (2.00383 GFLOPS)
        · teir_random:contraction_abc_acd_db laeuft [ 1712s] … [NEW BEST] Trial #1 | SF=32, Parallel=b -> Zeit: 20806.9 ms (2.00383 GFLOPS)
        · teir_random:contraction_abc_acd_db laeuft [ 1742s] … [NEW BEST] Trial #1 | SF=32, Parallel=b -> Zeit: 20806.9 ms (2.00383 GFLOPS)
        · teir_random:contraction_abc_acd_db laeuft [ 1772s] … [NEW BEST] Trial #1 | SF=32, Parallel=b -> Zeit: 20806.9 ms (2.00383 GFLOPS)
        · teir_random:contraction_abc_acd_db laeuft [ 1802s] … [NEW BEST] Trial #1 | SF=32, Parallel=b -> Zeit: 20806.9 ms (2.00383 GFLOPS)
  [teir_random] 14/36 contraction_abc_acd_db                 2.0 GFLOPS [partial-timeout]   1802s  DONE @ 2026-08-02 19:03:24
  [teir_random] 15/36 contraction_abc_ad_bdc                 ... START @ 2026-08-02 19:03:24
        · teir_random:contraction_abc_ad_bdc laeuft [   30s] … [AUTOTUNER] Jeder Trial wird JIT-kompiliert, auf Korrektheit geprueft und real gebenchmark
        · teir_random:contraction_abc_ad_bdc laeuft [   60s] … [AUTOTUNER] Jeder Trial wird JIT-kompiliert, auf Korrektheit geprueft und real gebenchmark
        · teir_random:contraction_abc_ad_bdc laeuft [   90s] … [AUTOTUNER] Jeder Trial wird JIT-kompiliert, auf Korrektheit geprueft und real gebenchmark
        · teir_random:contraction_abc_ad_bdc laeuft [  120s] … [AUTOTUNER] Jeder Trial wird JIT-kompiliert, auf Korrektheit geprueft und real gebenchmark
        · teir_random:contraction_abc_ad_bdc laeuft [  150s] … [AUTOTUNER] Jeder Trial wird JIT-kompiliert, auf Korrektheit geprueft und real gebenchmark
        · teir_random:contraction_abc_ad_bdc laeuft [  181s] … [AUTOTUNER] Jeder Trial wird JIT-kompiliert, auf Korrektheit geprueft und real gebenchmark
        · teir_random:contraction_abc_ad_bdc laeuft [  211s] … [AUTOTUNER] Jeder Trial wird JIT-kompiliert, auf Korrektheit geprueft und real gebenchmark
        · teir_random:contraction_abc_ad_bdc laeuft [  241s] … [AUTOTUNER] Jeder Trial wird JIT-kompiliert, auf Korrektheit geprueft und real gebenchmark
        · teir_random:contraction_abc_ad_bdc laeuft [  271s] … [AUTOTUNER] Jeder Trial wird JIT-kompiliert, auf Korrektheit geprueft und real gebenchmark
        · teir_random:contraction_abc_ad_bdc laeuft [  301s] … [AUTOTUNER] Jeder Trial wird JIT-kompiliert, auf Korrektheit geprueft und real gebenchmark
        · teir_random:contraction_abc_ad_bdc laeuft [  331s] … [AUTOTUNER] Jeder Trial wird JIT-kompiliert, auf Korrektheit geprueft und real gebenchmark
        · teir_random:contraction_abc_ad_bdc laeuft [  361s] … [AUTOTUNER] Jeder Trial wird JIT-kompiliert, auf Korrektheit geprueft und real gebenchmark
        · teir_random:contraction_abc_ad_bdc laeuft [  391s] … [AUTOTUNER] Jeder Trial wird JIT-kompiliert, auf Korrektheit geprueft und real gebenchmark
        · teir_random:contraction_abc_ad_bdc laeuft [  421s] … [AUTOTUNER] Jeder Trial wird JIT-kompiliert, auf Korrektheit geprueft und real gebenchmark
        · teir_random:contraction_abc_ad_bdc laeuft [  451s] … [AUTOTUNER] Jeder Trial wird JIT-kompiliert, auf Korrektheit geprueft und real gebenchmark
        · teir_random:contraction_abc_ad_bdc laeuft [  482s] … [AUTOTUNER] Jeder Trial wird JIT-kompiliert, auf Korrektheit geprueft und real gebenchmark
        · teir_random:contraction_abc_ad_bdc laeuft [  512s] … [AUTOTUNER] Jeder Trial wird JIT-kompiliert, auf Korrektheit geprueft und real gebenchmark
        · teir_random:contraction_abc_ad_bdc laeuft [  542s] … [AUTOTUNER] Jeder Trial wird JIT-kompiliert, auf Korrektheit geprueft und real gebenchmark
        · teir_random:contraction_abc_ad_bdc laeuft [  572s] … [AUTOTUNER] Jeder Trial wird JIT-kompiliert, auf Korrektheit geprueft und real gebenchmark
        · teir_random:contraction_abc_ad_bdc laeuft [  602s] … [AUTOTUNER] Jeder Trial wird JIT-kompiliert, auf Korrektheit geprueft und real gebenchmark
        · teir_random:contraction_abc_ad_bdc laeuft [  630s] … [AUTOTUNER] Jeder Trial wird JIT-kompiliert, auf Korrektheit geprueft und real gebenchmark
        · teir_random:contraction_abc_ad_bdc laeuft [  660s] … [AUTOTUNER] Jeder Trial wird JIT-kompiliert, auf Korrektheit geprueft und real gebenchmark
        · teir_random:contraction_abc_ad_bdc laeuft [  690s] … [AUTOTUNER] Jeder Trial wird JIT-kompiliert, auf Korrektheit geprueft und real gebenchmark
        · teir_random:contraction_abc_ad_bdc laeuft [  720s] … [AUTOTUNER] Jeder Trial wird JIT-kompiliert, auf Korrektheit geprueft und real gebenchmark
        · teir_random:contraction_abc_ad_bdc laeuft [  750s] … [AUTOTUNER] Jeder Trial wird JIT-kompiliert, auf Korrektheit geprueft und real gebenchmark
        · teir_random:contraction_abc_ad_bdc laeuft [  781s] … [AUTOTUNER] Jeder Trial wird JIT-kompiliert, auf Korrektheit geprueft und real gebenchmark
        · teir_random:contraction_abc_ad_bdc laeuft [  811s] … [AUTOTUNER] Jeder Trial wird JIT-kompiliert, auf Korrektheit geprueft und real gebenchmark
        · teir_random:contraction_abc_ad_bdc laeuft [  841s] … [AUTOTUNER] Jeder Trial wird JIT-kompiliert, auf Korrektheit geprueft und real gebenchmark
        · teir_random:contraction_abc_ad_bdc laeuft [  871s] … [AUTOTUNER] Jeder Trial wird JIT-kompiliert, auf Korrektheit geprueft und real gebenchmark
        · teir_random:contraction_abc_ad_bdc laeuft [  901s] … [AUTOTUNER] Jeder Trial wird JIT-kompiliert, auf Korrektheit geprueft und real gebenchmark
        · teir_random:contraction_abc_ad_bdc laeuft [  931s] … [AUTOTUNER] Jeder Trial wird JIT-kompiliert, auf Korrektheit geprueft und real gebenchmark
        · teir_random:contraction_abc_ad_bdc laeuft [  961s] … [AUTOTUNER] Jeder Trial wird JIT-kompiliert, auf Korrektheit geprueft und real gebenchmark
        · teir_random:contraction_abc_ad_bdc laeuft [  991s] … [AUTOTUNER] Jeder Trial wird JIT-kompiliert, auf Korrektheit geprueft und real gebenchmark
        · teir_random:contraction_abc_ad_bdc laeuft [ 1021s] … [AUTOTUNER] Jeder Trial wird JIT-kompiliert, auf Korrektheit geprueft und real gebenchmark
        · teir_random:contraction_abc_ad_bdc laeuft [ 1051s] … [AUTOTUNER] Jeder Trial wird JIT-kompiliert, auf Korrektheit geprueft und real gebenchmark
        · teir_random:contraction_abc_ad_bdc laeuft [ 1081s] … [AUTOTUNER] Jeder Trial wird JIT-kompiliert, auf Korrektheit geprueft und real gebenchmark
        · teir_random:contraction_abc_ad_bdc laeuft [ 1111s] … [AUTOTUNER] Jeder Trial wird JIT-kompiliert, auf Korrektheit geprueft und real gebenchmark
        · teir_random:contraction_abc_ad_bdc laeuft [ 1142s] … [AUTOTUNER] Jeder Trial wird JIT-kompiliert, auf Korrektheit geprueft und real gebenchmark
        · teir_random:contraction_abc_ad_bdc laeuft [ 1172s] … [AUTOTUNER] Jeder Trial wird JIT-kompiliert, auf Korrektheit geprueft und real gebenchmark
        · teir_random:contraction_abc_ad_bdc laeuft [ 1202s] … [AUTOTUNER] Jeder Trial wird JIT-kompiliert, auf Korrektheit geprueft und real gebenchmark
        · teir_random:contraction_abc_ad_bdc laeuft [ 1232s] … [AUTOTUNER] Jeder Trial wird JIT-kompiliert, auf Korrektheit geprueft und real gebenchmark
        · teir_random:contraction_abc_ad_bdc laeuft [ 1262s] … [AUTOTUNER] Jeder Trial wird JIT-kompiliert, auf Korrektheit geprueft und real gebenchmark
        · teir_random:contraction_abc_ad_bdc laeuft [ 1290s] … [AUTOTUNER] Jeder Trial wird JIT-kompiliert, auf Korrektheit geprueft und real gebenchmark
        · teir_random:contraction_abc_ad_bdc laeuft [ 1320s] … [AUTOTUNER] Jeder Trial wird JIT-kompiliert, auf Korrektheit geprueft und real gebenchmark
        · teir_random:contraction_abc_ad_bdc laeuft [ 1350s] … [AUTOTUNER] Jeder Trial wird JIT-kompiliert, auf Korrektheit geprueft und real gebenchmark
        · teir_random:contraction_abc_ad_bdc laeuft [ 1380s] … [AUTOTUNER] Jeder Trial wird JIT-kompiliert, auf Korrektheit geprueft und real gebenchmark
        · teir_random:contraction_abc_ad_bdc laeuft [ 1410s] … [AUTOTUNER] Jeder Trial wird JIT-kompiliert, auf Korrektheit geprueft und real gebenchmark
        · teir_random:contraction_abc_ad_bdc laeuft [ 1440s] … [AUTOTUNER] Jeder Trial wird JIT-kompiliert, auf Korrektheit geprueft und real gebenchmark
        · teir_random:contraction_abc_ad_bdc laeuft [ 1471s] … [AUTOTUNER] Jeder Trial wird JIT-kompiliert, auf Korrektheit geprueft und real gebenchmark
        · teir_random:contraction_abc_ad_bdc laeuft [ 1501s] … [AUTOTUNER] Jeder Trial wird JIT-kompiliert, auf Korrektheit geprueft und real gebenchmark
        · teir_random:contraction_abc_ad_bdc laeuft [ 1531s] … [AUTOTUNER] Jeder Trial wird JIT-kompiliert, auf Korrektheit geprueft und real gebenchmark
        · teir_random:contraction_abc_ad_bdc laeuft [ 1561s] … [AUTOTUNER] Jeder Trial wird JIT-kompiliert, auf Korrektheit geprueft und real gebenchmark
        · teir_random:contraction_abc_ad_bdc laeuft [ 1591s] … [AUTOTUNER] Jeder Trial wird JIT-kompiliert, auf Korrektheit geprueft und real gebenchmark
        · teir_random:contraction_abc_ad_bdc laeuft [ 1621s] … [AUTOTUNER] Jeder Trial wird JIT-kompiliert, auf Korrektheit geprueft und real gebenchmark
        · teir_random:contraction_abc_ad_bdc laeuft [ 1651s] … [AUTOTUNER] Jeder Trial wird JIT-kompiliert, auf Korrektheit geprueft und real gebenchmark
        · teir_random:contraction_abc_ad_bdc laeuft [ 1681s] … [AUTOTUNER] Jeder Trial wird JIT-kompiliert, auf Korrektheit geprueft und real gebenchmark
        · teir_random:contraction_abc_ad_bdc laeuft [ 1711s] … [AUTOTUNER] Jeder Trial wird JIT-kompiliert, auf Korrektheit geprueft und real gebenchmark
        · teir_random:contraction_abc_ad_bdc laeuft [ 1741s] … [AUTOTUNER] Jeder Trial wird JIT-kompiliert, auf Korrektheit geprueft und real gebenchmark
        · teir_random:contraction_abc_ad_bdc laeuft [ 1771s] … [AUTOTUNER] Jeder Trial wird JIT-kompiliert, auf Korrektheit geprueft und real gebenchmark
        · teir_random:contraction_abc_ad_bdc laeuft [ 1802s] … [AUTOTUNER] Jeder Trial wird JIT-kompiliert, auf Korrektheit geprueft und real gebenchmark
  [teir_random] 15/36 contraction_abc_ad_bdc                 TIMEOUT                        1802s  DONE @ 2026-08-02 19:33:25
  [teir_random] 16/36 contraction_abc_adc_bd                 ... START @ 2026-08-02 19:33:25
        · teir_random:contraction_abc_adc_bd laeuft [   30s] … [AUTOTUNER] Jeder Trial wird JIT-kompiliert, auf Korrektheit geprueft und real gebenchmark
        · teir_random:contraction_abc_adc_bd laeuft [   60s] … [AUTOTUNER] Jeder Trial wird JIT-kompiliert, auf Korrektheit geprueft und real gebenchmark
        · teir_random:contraction_abc_adc_bd laeuft [   90s] … [AUTOTUNER] Jeder Trial wird JIT-kompiliert, auf Korrektheit geprueft und real gebenchmark
        · teir_random:contraction_abc_adc_bd laeuft [  121s] … [AUTOTUNER] Jeder Trial wird JIT-kompiliert, auf Korrektheit geprueft und real gebenchmark
        · teir_random:contraction_abc_adc_bd laeuft [  151s] … [AUTOTUNER] Jeder Trial wird JIT-kompiliert, auf Korrektheit geprueft und real gebenchmark
        · teir_random:contraction_abc_adc_bd laeuft [  181s] … [AUTOTUNER] Jeder Trial wird JIT-kompiliert, auf Korrektheit geprueft und real gebenchmark
        · teir_random:contraction_abc_adc_bd laeuft [  211s] … [AUTOTUNER] Jeder Trial wird JIT-kompiliert, auf Korrektheit geprueft und real gebenchmark
        · teir_random:contraction_abc_adc_bd laeuft [  241s] … [AUTOTUNER] Jeder Trial wird JIT-kompiliert, auf Korrektheit geprueft und real gebenchmark
        · teir_random:contraction_abc_adc_bd laeuft [  271s] … [AUTOTUNER] Jeder Trial wird JIT-kompiliert, auf Korrektheit geprueft und real gebenchmark
        · teir_random:contraction_abc_adc_bd laeuft [  301s] … [AUTOTUNER] Jeder Trial wird JIT-kompiliert, auf Korrektheit geprueft und real gebenchmark
        · teir_random:contraction_abc_adc_bd laeuft [  331s] … [AUTOTUNER] Jeder Trial wird JIT-kompiliert, auf Korrektheit geprueft und real gebenchmark
        · teir_random:contraction_abc_adc_bd laeuft [  362s] … [AUTOTUNER] Jeder Trial wird JIT-kompiliert, auf Korrektheit geprueft und real gebenchmark
        · teir_random:contraction_abc_adc_bd laeuft [  392s] … [AUTOTUNER] Jeder Trial wird JIT-kompiliert, auf Korrektheit geprueft und real gebenchmark
        · teir_random:contraction_abc_adc_bd laeuft [  422s] … [AUTOTUNER] Jeder Trial wird JIT-kompiliert, auf Korrektheit geprueft und real gebenchmark
        · teir_random:contraction_abc_adc_bd laeuft [  452s] … [AUTOTUNER] Jeder Trial wird JIT-kompiliert, auf Korrektheit geprueft und real gebenchmark
        · teir_random:contraction_abc_adc_bd laeuft [  480s] … [AUTOTUNER] Jeder Trial wird JIT-kompiliert, auf Korrektheit geprueft und real gebenchmark
        · teir_random:contraction_abc_adc_bd laeuft [  510s] … [AUTOTUNER] Jeder Trial wird JIT-kompiliert, auf Korrektheit geprueft und real gebenchmark
        · teir_random:contraction_abc_adc_bd laeuft [  540s] … [AUTOTUNER] Jeder Trial wird JIT-kompiliert, auf Korrektheit geprueft und real gebenchmark
        · teir_random:contraction_abc_adc_bd laeuft [  570s] … [AUTOTUNER] Jeder Trial wird JIT-kompiliert, auf Korrektheit geprueft und real gebenchmark
        · teir_random:contraction_abc_adc_bd laeuft [  601s] … [AUTOTUNER] Jeder Trial wird JIT-kompiliert, auf Korrektheit geprueft und real gebenchmark
        · teir_random:contraction_abc_adc_bd laeuft [  631s] … [AUTOTUNER] Jeder Trial wird JIT-kompiliert, auf Korrektheit geprueft und real gebenchmark
        · teir_random:contraction_abc_adc_bd laeuft [  661s] … [AUTOTUNER] Jeder Trial wird JIT-kompiliert, auf Korrektheit geprueft und real gebenchmark
        · teir_random:contraction_abc_adc_bd laeuft [  691s] … [AUTOTUNER] Jeder Trial wird JIT-kompiliert, auf Korrektheit geprueft und real gebenchmark
        · teir_random:contraction_abc_adc_bd laeuft [  721s] … [AUTOTUNER] Jeder Trial wird JIT-kompiliert, auf Korrektheit geprueft und real gebenchmark
        · teir_random:contraction_abc_adc_bd laeuft [  751s] … [AUTOTUNER] Jeder Trial wird JIT-kompiliert, auf Korrektheit geprueft und real gebenchmark
        · teir_random:contraction_abc_adc_bd laeuft [  781s] … [AUTOTUNER] Jeder Trial wird JIT-kompiliert, auf Korrektheit geprueft und real gebenchmark
        · teir_random:contraction_abc_adc_bd laeuft [  812s] … [AUTOTUNER] Jeder Trial wird JIT-kompiliert, auf Korrektheit geprueft und real gebenchmark
        · teir_random:contraction_abc_adc_bd laeuft [  842s] … [AUTOTUNER] Jeder Trial wird JIT-kompiliert, auf Korrektheit geprueft und real gebenchmark
        · teir_random:contraction_abc_adc_bd laeuft [  872s] … [AUTOTUNER] Jeder Trial wird JIT-kompiliert, auf Korrektheit geprueft und real gebenchmark
        · teir_random:contraction_abc_adc_bd laeuft [  902s] … [AUTOTUNER] Jeder Trial wird JIT-kompiliert, auf Korrektheit geprueft und real gebenchmark
        · teir_random:contraction_abc_adc_bd laeuft [  930s] … [AUTOTUNER] Jeder Trial wird JIT-kompiliert, auf Korrektheit geprueft und real gebenchmark
        · teir_random:contraction_abc_adc_bd laeuft [  960s] … [AUTOTUNER] Jeder Trial wird JIT-kompiliert, auf Korrektheit geprueft und real gebenchmark
        · teir_random:contraction_abc_adc_bd laeuft [  990s] … [AUTOTUNER] Jeder Trial wird JIT-kompiliert, auf Korrektheit geprueft und real gebenchmark
        · teir_random:contraction_abc_adc_bd laeuft [ 1020s] … [AUTOTUNER] Jeder Trial wird JIT-kompiliert, auf Korrektheit geprueft und real gebenchmark
        · teir_random:contraction_abc_adc_bd laeuft [ 1051s] … [AUTOTUNER] Jeder Trial wird JIT-kompiliert, auf Korrektheit geprueft und real gebenchmark
        · teir_random:contraction_abc_adc_bd laeuft [ 1081s] … [AUTOTUNER] Jeder Trial wird JIT-kompiliert, auf Korrektheit geprueft und real gebenchmark
        · teir_random:contraction_abc_adc_bd laeuft [ 1111s] … [AUTOTUNER] Jeder Trial wird JIT-kompiliert, auf Korrektheit geprueft und real gebenchmark
        · teir_random:contraction_abc_adc_bd laeuft [ 1141s] … [AUTOTUNER] Jeder Trial wird JIT-kompiliert, auf Korrektheit geprueft und real gebenchmark
        · teir_random:contraction_abc_adc_bd laeuft [ 1171s] … [AUTOTUNER] Jeder Trial wird JIT-kompiliert, auf Korrektheit geprueft und real gebenchmark
        · teir_random:contraction_abc_adc_bd laeuft [ 1201s] … [AUTOTUNER] Jeder Trial wird JIT-kompiliert, auf Korrektheit geprueft und real gebenchmark
        · teir_random:contraction_abc_adc_bd laeuft [ 1231s] … [AUTOTUNER] Jeder Trial wird JIT-kompiliert, auf Korrektheit geprueft und real gebenchmark
        · teir_random:contraction_abc_adc_bd laeuft [ 1262s] … [AUTOTUNER] Jeder Trial wird JIT-kompiliert, auf Korrektheit geprueft und real gebenchmark
        · teir_random:contraction_abc_adc_bd laeuft [ 1292s] … [AUTOTUNER] Jeder Trial wird JIT-kompiliert, auf Korrektheit geprueft und real gebenchmark
        · teir_random:contraction_abc_adc_bd laeuft [ 1322s] … [AUTOTUNER] Jeder Trial wird JIT-kompiliert, auf Korrektheit geprueft und real gebenchmark
        · teir_random:contraction_abc_adc_bd laeuft [ 1352s] … [AUTOTUNER] Jeder Trial wird JIT-kompiliert, auf Korrektheit geprueft und real gebenchmark
        · teir_random:contraction_abc_adc_bd laeuft [ 1380s] … [AUTOTUNER] Jeder Trial wird JIT-kompiliert, auf Korrektheit geprueft und real gebenchmark
        · teir_random:contraction_abc_adc_bd laeuft [ 1410s] … [AUTOTUNER] Jeder Trial wird JIT-kompiliert, auf Korrektheit geprueft und real gebenchmark
        · teir_random:contraction_abc_adc_bd laeuft [ 1440s] … [AUTOTUNER] Jeder Trial wird JIT-kompiliert, auf Korrektheit geprueft und real gebenchmark
        · teir_random:contraction_abc_adc_bd laeuft [ 1470s] … [AUTOTUNER] Jeder Trial wird JIT-kompiliert, auf Korrektheit geprueft und real gebenchmark
        · teir_random:contraction_abc_adc_bd laeuft [ 1501s] … [AUTOTUNER] Jeder Trial wird JIT-kompiliert, auf Korrektheit geprueft und real gebenchmark
        · teir_random:contraction_abc_adc_bd laeuft [ 1531s] … [AUTOTUNER] Jeder Trial wird JIT-kompiliert, auf Korrektheit geprueft und real gebenchmark
        · teir_random:contraction_abc_adc_bd laeuft [ 1561s] … [AUTOTUNER] Jeder Trial wird JIT-kompiliert, auf Korrektheit geprueft und real gebenchmark
        · teir_random:contraction_abc_adc_bd laeuft [ 1591s] … [AUTOTUNER] Jeder Trial wird JIT-kompiliert, auf Korrektheit geprueft und real gebenchmark
        · teir_random:contraction_abc_adc_bd laeuft [ 1621s] … [AUTOTUNER] Jeder Trial wird JIT-kompiliert, auf Korrektheit geprueft und real gebenchmark
        · teir_random:contraction_abc_adc_bd laeuft [ 1651s] … [AUTOTUNER] Jeder Trial wird JIT-kompiliert, auf Korrektheit geprueft und real gebenchmark
        · teir_random:contraction_abc_adc_bd laeuft [ 1681s] … [AUTOTUNER] Jeder Trial wird JIT-kompiliert, auf Korrektheit geprueft und real gebenchmark
        · teir_random:contraction_abc_adc_bd laeuft [ 1712s] … [AUTOTUNER] Jeder Trial wird JIT-kompiliert, auf Korrektheit geprueft und real gebenchmark
        · teir_random:contraction_abc_adc_bd laeuft [ 1742s] … [AUTOTUNER] Jeder Trial wird JIT-kompiliert, auf Korrektheit geprueft und real gebenchmark
        · teir_random:contraction_abc_adc_bd laeuft [ 1772s] … [AUTOTUNER] Jeder Trial wird JIT-kompiliert, auf Korrektheit geprueft und real gebenchmark
        · teir_random:contraction_abc_adc_bd laeuft [ 1802s] … [AUTOTUNER] Jeder Trial wird JIT-kompiliert, auf Korrektheit geprueft und real gebenchmark
  [teir_random] 16/36 contraction_abc_adc_bd                 TIMEOUT                        1802s  DONE @ 2026-08-02 20:03:27
  [teir_random] 17/36 contraction_abc_adc_db                 ... START @ 2026-08-02 20:03:27
        · teir_random:contraction_abc_adc_db laeuft [   30s] … [NEW BEST] Trial #1 | SF=32, Parallel=b -> Zeit: 11135.8 ms (3.74408 GFLOPS)
        · teir_random:contraction_abc_adc_db laeuft [   60s] … [NEW BEST] Trial #1 | SF=32, Parallel=b -> Zeit: 11135.8 ms (3.74408 GFLOPS)
        · teir_random:contraction_abc_adc_db laeuft [   90s] … [NEW BEST] Trial #1 | SF=32, Parallel=b -> Zeit: 11135.8 ms (3.74408 GFLOPS)
        · teir_random:contraction_abc_adc_db laeuft [  121s] … [NEW BEST] Trial #1 | SF=32, Parallel=b -> Zeit: 11135.8 ms (3.74408 GFLOPS)
        · teir_random:contraction_abc_adc_db laeuft [  151s] … [NEW BEST] Trial #1 | SF=32, Parallel=b -> Zeit: 11135.8 ms (3.74408 GFLOPS)
        · teir_random:contraction_abc_adc_db laeuft [  181s] … [NEW BEST] Trial #1 | SF=32, Parallel=b -> Zeit: 11135.8 ms (3.74408 GFLOPS)
        · teir_random:contraction_abc_adc_db laeuft [  211s] … [NEW BEST] Trial #1 | SF=32, Parallel=b -> Zeit: 11135.8 ms (3.74408 GFLOPS)
        · teir_random:contraction_abc_adc_db laeuft [  241s] … [NEW BEST] Trial #1 | SF=32, Parallel=b -> Zeit: 11135.8 ms (3.74408 GFLOPS)
        · teir_random:contraction_abc_adc_db laeuft [  271s] … [NEW BEST] Trial #1 | SF=32, Parallel=b -> Zeit: 11135.8 ms (3.74408 GFLOPS)
        · teir_random:contraction_abc_adc_db laeuft [  301s] … [NEW BEST] Trial #1 | SF=32, Parallel=b -> Zeit: 11135.8 ms (3.74408 GFLOPS)
        · teir_random:contraction_abc_adc_db laeuft [  331s] … [NEW BEST] Trial #1 | SF=32, Parallel=b -> Zeit: 11135.8 ms (3.74408 GFLOPS)
        · teir_random:contraction_abc_adc_db laeuft [  362s] … [NEW BEST] Trial #1 | SF=32, Parallel=b -> Zeit: 11135.8 ms (3.74408 GFLOPS)
        · teir_random:contraction_abc_adc_db laeuft [  392s] … [NEW BEST] Trial #1 | SF=32, Parallel=b -> Zeit: 11135.8 ms (3.74408 GFLOPS)
        · teir_random:contraction_abc_adc_db laeuft [  422s] … [NEW BEST] Trial #1 | SF=32, Parallel=b -> Zeit: 11135.8 ms (3.74408 GFLOPS)
        · teir_random:contraction_abc_adc_db laeuft [  452s] … [NEW BEST] Trial #1 | SF=32, Parallel=b -> Zeit: 11135.8 ms (3.74408 GFLOPS)
        · teir_random:contraction_abc_adc_db laeuft [  480s] … [NEW BEST] Trial #1 | SF=32, Parallel=b -> Zeit: 11135.8 ms (3.74408 GFLOPS)
        · teir_random:contraction_abc_adc_db laeuft [  510s] … [NEW BEST] Trial #1 | SF=32, Parallel=b -> Zeit: 11135.8 ms (3.74408 GFLOPS)
        · teir_random:contraction_abc_adc_db laeuft [  540s] … [NEW BEST] Trial #1 | SF=32, Parallel=b -> Zeit: 11135.8 ms (3.74408 GFLOPS)
        · teir_random:contraction_abc_adc_db laeuft [  570s] … [NEW BEST] Trial #1 | SF=32, Parallel=b -> Zeit: 11135.8 ms (3.74408 GFLOPS)
        · teir_random:contraction_abc_adc_db laeuft [  601s] … [NEW BEST] Trial #1 | SF=32, Parallel=b -> Zeit: 11135.8 ms (3.74408 GFLOPS)
        · teir_random:contraction_abc_adc_db laeuft [  631s] … [NEW BEST] Trial #1 | SF=32, Parallel=b -> Zeit: 11135.8 ms (3.74408 GFLOPS)
        · teir_random:contraction_abc_adc_db laeuft [  661s] … [NEW BEST] Trial #1 | SF=32, Parallel=b -> Zeit: 11135.8 ms (3.74408 GFLOPS)
        · teir_random:contraction_abc_adc_db laeuft [  691s] … [NEW BEST] Trial #1 | SF=32, Parallel=b -> Zeit: 11135.8 ms (3.74408 GFLOPS)
        · teir_random:contraction_abc_adc_db laeuft [  721s] … [NEW BEST] Trial #1 | SF=32, Parallel=b -> Zeit: 11135.8 ms (3.74408 GFLOPS)
        · teir_random:contraction_abc_adc_db laeuft [  751s] … [NEW BEST] Trial #1 | SF=32, Parallel=b -> Zeit: 11135.8 ms (3.74408 GFLOPS)
        · teir_random:contraction_abc_adc_db laeuft [  781s] … [NEW BEST] Trial #1 | SF=32, Parallel=b -> Zeit: 11135.8 ms (3.74408 GFLOPS)
        · teir_random:contraction_abc_adc_db laeuft [  812s] … [NEW BEST] Trial #1 | SF=32, Parallel=b -> Zeit: 11135.8 ms (3.74408 GFLOPS)
        · teir_random:contraction_abc_adc_db laeuft [  842s] … [NEW BEST] Trial #1 | SF=32, Parallel=b -> Zeit: 11135.8 ms (3.74408 GFLOPS)
        · teir_random:contraction_abc_adc_db laeuft [  872s] … [NEW BEST] Trial #1 | SF=32, Parallel=b -> Zeit: 11135.8 ms (3.74408 GFLOPS)
        · teir_random:contraction_abc_adc_db laeuft [  902s] … [NEW BEST] Trial #1 | SF=32, Parallel=b -> Zeit: 11135.8 ms (3.74408 GFLOPS)
        · teir_random:contraction_abc_adc_db laeuft [  930s] … [NEW BEST] Trial #1 | SF=32, Parallel=b -> Zeit: 11135.8 ms (3.74408 GFLOPS)
        · teir_random:contraction_abc_adc_db laeuft [  960s] … [NEW BEST] Trial #1 | SF=32, Parallel=b -> Zeit: 11135.8 ms (3.74408 GFLOPS)
        · teir_random:contraction_abc_adc_db laeuft [  990s] … [NEW BEST] Trial #1 | SF=32, Parallel=b -> Zeit: 11135.8 ms (3.74408 GFLOPS)
        · teir_random:contraction_abc_adc_db laeuft [ 1020s] … [NEW BEST] Trial #1 | SF=32, Parallel=b -> Zeit: 11135.8 ms (3.74408 GFLOPS)
        · teir_random:contraction_abc_adc_db laeuft [ 1051s] … [NEW BEST] Trial #1 | SF=32, Parallel=b -> Zeit: 11135.8 ms (3.74408 GFLOPS)
        · teir_random:contraction_abc_adc_db laeuft [ 1081s] … [NEW BEST] Trial #1 | SF=32, Parallel=b -> Zeit: 11135.8 ms (3.74408 GFLOPS)
        · teir_random:contraction_abc_adc_db laeuft [ 1111s] … [NEW BEST] Trial #1 | SF=32, Parallel=b -> Zeit: 11135.8 ms (3.74408 GFLOPS)
        · teir_random:contraction_abc_adc_db laeuft [ 1141s] … [NEW BEST] Trial #1 | SF=32, Parallel=b -> Zeit: 11135.8 ms (3.74408 GFLOPS)
        · teir_random:contraction_abc_adc_db laeuft [ 1171s] … [NEW BEST] Trial #1 | SF=32, Parallel=b -> Zeit: 11135.8 ms (3.74408 GFLOPS)
        · teir_random:contraction_abc_adc_db laeuft [ 1201s] … [NEW BEST] Trial #1 | SF=32, Parallel=b -> Zeit: 11135.8 ms (3.74408 GFLOPS)
        · teir_random:contraction_abc_adc_db laeuft [ 1231s] … [NEW BEST] Trial #1 | SF=32, Parallel=b -> Zeit: 11135.8 ms (3.74408 GFLOPS)
        · teir_random:contraction_abc_adc_db laeuft [ 1262s] … [NEW BEST] Trial #1 | SF=32, Parallel=b -> Zeit: 11135.8 ms (3.74408 GFLOPS)
        · teir_random:contraction_abc_adc_db laeuft [ 1292s] … [NEW BEST] Trial #1 | SF=32, Parallel=b -> Zeit: 11135.8 ms (3.74408 GFLOPS)
        · teir_random:contraction_abc_adc_db laeuft [ 1322s] … [NEW BEST] Trial #1 | SF=32, Parallel=b -> Zeit: 11135.8 ms (3.74408 GFLOPS)
        · teir_random:contraction_abc_adc_db laeuft [ 1352s] … [NEW BEST] Trial #1 | SF=32, Parallel=b -> Zeit: 11135.8 ms (3.74408 GFLOPS)
        · teir_random:contraction_abc_adc_db laeuft [ 1380s] … [NEW BEST] Trial #1 | SF=32, Parallel=b -> Zeit: 11135.8 ms (3.74408 GFLOPS)
        · teir_random:contraction_abc_adc_db laeuft [ 1410s] … [NEW BEST] Trial #1 | SF=32, Parallel=b -> Zeit: 11135.8 ms (3.74408 GFLOPS)
        · teir_random:contraction_abc_adc_db laeuft [ 1440s] … [NEW BEST] Trial #1 | SF=32, Parallel=b -> Zeit: 11135.8 ms (3.74408 GFLOPS)
        · teir_random:contraction_abc_adc_db laeuft [ 1470s] … [NEW BEST] Trial #1 | SF=32, Parallel=b -> Zeit: 11135.8 ms (3.74408 GFLOPS)
        · teir_random:contraction_abc_adc_db laeuft [ 1501s] … [NEW BEST] Trial #1 | SF=32, Parallel=b -> Zeit: 11135.8 ms (3.74408 GFLOPS)
        · teir_random:contraction_abc_adc_db laeuft [ 1531s] … [NEW BEST] Trial #1 | SF=32, Parallel=b -> Zeit: 11135.8 ms (3.74408 GFLOPS)
        · teir_random:contraction_abc_adc_db laeuft [ 1561s] … [NEW BEST] Trial #1 | SF=32, Parallel=b -> Zeit: 11135.8 ms (3.74408 GFLOPS)
        · teir_random:contraction_abc_adc_db laeuft [ 1591s] … [NEW BEST] Trial #1 | SF=32, Parallel=b -> Zeit: 11135.8 ms (3.74408 GFLOPS)
        · teir_random:contraction_abc_adc_db laeuft [ 1621s] … [NEW BEST] Trial #1 | SF=32, Parallel=b -> Zeit: 11135.8 ms (3.74408 GFLOPS)
        · teir_random:contraction_abc_adc_db laeuft [ 1651s] … [NEW BEST] Trial #1 | SF=32, Parallel=b -> Zeit: 11135.8 ms (3.74408 GFLOPS)
        · teir_random:contraction_abc_adc_db laeuft [ 1681s] … [NEW BEST] Trial #1 | SF=32, Parallel=b -> Zeit: 11135.8 ms (3.74408 GFLOPS)
        · teir_random:contraction_abc_adc_db laeuft [ 1711s] … [NEW BEST] Trial #1 | SF=32, Parallel=b -> Zeit: 11135.8 ms (3.74408 GFLOPS)
        · teir_random:contraction_abc_adc_db laeuft [ 1742s] … [NEW BEST] Trial #1 | SF=32, Parallel=b -> Zeit: 11135.8 ms (3.74408 GFLOPS)
        · teir_random:contraction_abc_adc_db laeuft [ 1772s] … [NEW BEST] Trial #1 | SF=32, Parallel=b -> Zeit: 11135.8 ms (3.74408 GFLOPS)
        · teir_random:contraction_abc_adc_db laeuft [ 1802s] … [NEW BEST] Trial #1 | SF=32, Parallel=b -> Zeit: 11135.8 ms (3.74408 GFLOPS)
  [teir_random] 17/36 contraction_abc_adc_db                 3.7 GFLOPS [partial-timeout]   1802s  DONE @ 2026-08-02 20:33:29
  [teir_random] 18/36 contraction_abc_adec_ebd               ... START @ 2026-08-02 20:33:29
        · teir_random:contraction_abc_adec_ebd laeuft [   30s] … [NEW BEST] Trial #6 | SF=4, Parallel=c -> Zeit: 406.098 ms (26.9017 GFLOPS)
        · teir_random:contraction_abc_adec_ebd laeuft [   60s] … [NEW BEST] Trial #6 | SF=4, Parallel=c -> Zeit: 406.098 ms (26.9017 GFLOPS)
  [teir_random] 18/36 contraction_abc_adec_ebd               31.2 GFLOPS [ok]                 83s  DONE @ 2026-08-02 20:34:52
  [teir_random] 19/36 contraction_abcdef_dega_gfbc           ... START @ 2026-08-02 20:34:52
        · teir_random:contraction_abcdef_dega_gfbc laeuft [   30s] … [NEW BEST] Trial #1 | SF=2, Parallel=a -> Zeit: 65.9428 ms (67.0836 GFLOPS)
        · teir_random:contraction_abcdef_dega_gfbc laeuft [   60s] … [NEW BEST] Trial #1 | SF=2, Parallel=a -> Zeit: 65.9428 ms (67.0836 GFLOPS)
        · teir_random:contraction_abcdef_dega_gfbc laeuft [   90s] … [NEW BEST] Trial #1 | SF=2, Parallel=a -> Zeit: 65.9428 ms (67.0836 GFLOPS)
        · teir_random:contraction_abcdef_dega_gfbc laeuft [  121s] … [NEW BEST] Trial #1 | SF=2, Parallel=a -> Zeit: 65.9428 ms (67.0836 GFLOPS)
        · teir_random:contraction_abcdef_dega_gfbc laeuft [  151s] … [NEW BEST] Trial #1 | SF=2, Parallel=a -> Zeit: 65.9428 ms (67.0836 GFLOPS)
        · teir_random:contraction_abcdef_dega_gfbc laeuft [  181s] … [NEW BEST] Trial #1 | SF=2, Parallel=a -> Zeit: 65.9428 ms (67.0836 GFLOPS)
        · teir_random:contraction_abcdef_dega_gfbc laeuft [  211s] … [NEW BEST] Trial #1 | SF=2, Parallel=a -> Zeit: 65.9428 ms (67.0836 GFLOPS)
        · teir_random:contraction_abcdef_dega_gfbc laeuft [  241s] … [NEW BEST] Trial #1 | SF=2, Parallel=a -> Zeit: 65.9428 ms (67.0836 GFLOPS)
        · teir_random:contraction_abcdef_dega_gfbc laeuft [  271s] … [NEW BEST] Trial #1 | SF=2, Parallel=a -> Zeit: 65.9428 ms (67.0836 GFLOPS)
        · teir_random:contraction_abcdef_dega_gfbc laeuft [  301s] … [NEW BEST] Trial #1 | SF=2, Parallel=a -> Zeit: 65.9428 ms (67.0836 GFLOPS)
        · teir_random:contraction_abcdef_dega_gfbc laeuft [  331s] … [NEW BEST] Trial #1 | SF=2, Parallel=a -> Zeit: 65.9428 ms (67.0836 GFLOPS)
        · teir_random:contraction_abcdef_dega_gfbc laeuft [  362s] … [NEW BEST] Trial #1 | SF=2, Parallel=a -> Zeit: 65.9428 ms (67.0836 GFLOPS)
        · teir_random:contraction_abcdef_dega_gfbc laeuft [  392s] … [NEW BEST] Trial #1 | SF=2, Parallel=a -> Zeit: 65.9428 ms (67.0836 GFLOPS)
        · teir_random:contraction_abcdef_dega_gfbc laeuft [  422s] … [NEW BEST] Trial #1 | SF=2, Parallel=a -> Zeit: 65.9428 ms (67.0836 GFLOPS)
        · teir_random:contraction_abcdef_dega_gfbc laeuft [  452s] … [NEW BEST] Trial #1 | SF=2, Parallel=a -> Zeit: 65.9428 ms (67.0836 GFLOPS)
        · teir_random:contraction_abcdef_dega_gfbc laeuft [  480s] … [NEW BEST] Trial #1 | SF=2, Parallel=a -> Zeit: 65.9428 ms (67.0836 GFLOPS)
        · teir_random:contraction_abcdef_dega_gfbc laeuft [  510s] … [NEW BEST] Trial #1 | SF=2, Parallel=a -> Zeit: 65.9428 ms (67.0836 GFLOPS)
        · teir_random:contraction_abcdef_dega_gfbc laeuft [  540s] … [NEW BEST] Trial #1 | SF=2, Parallel=a -> Zeit: 65.9428 ms (67.0836 GFLOPS)
        · teir_random:contraction_abcdef_dega_gfbc laeuft [  570s] … [NEW BEST] Trial #1 | SF=2, Parallel=a -> Zeit: 65.9428 ms (67.0836 GFLOPS)
        · teir_random:contraction_abcdef_dega_gfbc laeuft [  601s] … [NEW BEST] Trial #1 | SF=2, Parallel=a -> Zeit: 65.9428 ms (67.0836 GFLOPS)
        · teir_random:contraction_abcdef_dega_gfbc laeuft [  631s] … [NEW BEST] Trial #1 | SF=2, Parallel=a -> Zeit: 65.9428 ms (67.0836 GFLOPS)
        · teir_random:contraction_abcdef_dega_gfbc laeuft [  661s] … [NEW BEST] Trial #1 | SF=2, Parallel=a -> Zeit: 65.9428 ms (67.0836 GFLOPS)
        · teir_random:contraction_abcdef_dega_gfbc laeuft [  691s] … [NEW BEST] Trial #1 | SF=2, Parallel=a -> Zeit: 65.9428 ms (67.0836 GFLOPS)
        · teir_random:contraction_abcdef_dega_gfbc laeuft [  721s] … [NEW BEST] Trial #1 | SF=2, Parallel=a -> Zeit: 65.9428 ms (67.0836 GFLOPS)
        · teir_random:contraction_abcdef_dega_gfbc laeuft [  751s] … [NEW BEST] Trial #1 | SF=2, Parallel=a -> Zeit: 65.9428 ms (67.0836 GFLOPS)
        · teir_random:contraction_abcdef_dega_gfbc laeuft [  781s] … [NEW BEST] Trial #1 | SF=2, Parallel=a -> Zeit: 65.9428 ms (67.0836 GFLOPS)
        · teir_random:contraction_abcdef_dega_gfbc laeuft [  812s] … [NEW BEST] Trial #1 | SF=2, Parallel=a -> Zeit: 65.9428 ms (67.0836 GFLOPS)
        · teir_random:contraction_abcdef_dega_gfbc laeuft [  842s] … [NEW BEST] Trial #1 | SF=2, Parallel=a -> Zeit: 65.9428 ms (67.0836 GFLOPS)
        · teir_random:contraction_abcdef_dega_gfbc laeuft [  872s] … [NEW BEST] Trial #1 | SF=2, Parallel=a -> Zeit: 65.9428 ms (67.0836 GFLOPS)
        · teir_random:contraction_abcdef_dega_gfbc laeuft [  902s] … [NEW BEST] Trial #1 | SF=2, Parallel=a -> Zeit: 65.9428 ms (67.0836 GFLOPS)
        · teir_random:contraction_abcdef_dega_gfbc laeuft [  930s] … [NEW BEST] Trial #1 | SF=2, Parallel=a -> Zeit: 65.9428 ms (67.0836 GFLOPS)
        · teir_random:contraction_abcdef_dega_gfbc laeuft [  960s] … [NEW BEST] Trial #1 | SF=2, Parallel=a -> Zeit: 65.9428 ms (67.0836 GFLOPS)
        · teir_random:contraction_abcdef_dega_gfbc laeuft [  990s] … [NEW BEST] Trial #1 | SF=2, Parallel=a -> Zeit: 65.9428 ms (67.0836 GFLOPS)
        · teir_random:contraction_abcdef_dega_gfbc laeuft [ 1020s] … [NEW BEST] Trial #1 | SF=2, Parallel=a -> Zeit: 65.9428 ms (67.0836 GFLOPS)
        · teir_random:contraction_abcdef_dega_gfbc laeuft [ 1051s] … [NEW BEST] Trial #1 | SF=2, Parallel=a -> Zeit: 65.9428 ms (67.0836 GFLOPS)
        · teir_random:contraction_abcdef_dega_gfbc laeuft [ 1081s] … [NEW BEST] Trial #1 | SF=2, Parallel=a -> Zeit: 65.9428 ms (67.0836 GFLOPS)
        · teir_random:contraction_abcdef_dega_gfbc laeuft [ 1111s] … [NEW BEST] Trial #1 | SF=2, Parallel=a -> Zeit: 65.9428 ms (67.0836 GFLOPS)
        · teir_random:contraction_abcdef_dega_gfbc laeuft [ 1141s] … [NEW BEST] Trial #1 | SF=2, Parallel=a -> Zeit: 65.9428 ms (67.0836 GFLOPS)
        · teir_random:contraction_abcdef_dega_gfbc laeuft [ 1171s] … [NEW BEST] Trial #1 | SF=2, Parallel=a -> Zeit: 65.9428 ms (67.0836 GFLOPS)
        · teir_random:contraction_abcdef_dega_gfbc laeuft [ 1201s] … [NEW BEST] Trial #1 | SF=2, Parallel=a -> Zeit: 65.9428 ms (67.0836 GFLOPS)
        · teir_random:contraction_abcdef_dega_gfbc laeuft [ 1231s] … [NEW BEST] Trial #1 | SF=2, Parallel=a -> Zeit: 65.9428 ms (67.0836 GFLOPS)
        · teir_random:contraction_abcdef_dega_gfbc laeuft [ 1261s] … [NEW BEST] Trial #1 | SF=2, Parallel=a -> Zeit: 65.9428 ms (67.0836 GFLOPS)
        · teir_random:contraction_abcdef_dega_gfbc laeuft [ 1292s] … [NEW BEST] Trial #1 | SF=2, Parallel=a -> Zeit: 65.9428 ms (67.0836 GFLOPS)
        · teir_random:contraction_abcdef_dega_gfbc laeuft [ 1322s] … [NEW BEST] Trial #1 | SF=2, Parallel=a -> Zeit: 65.9428 ms (67.0836 GFLOPS)
        · teir_random:contraction_abcdef_dega_gfbc laeuft [ 1352s] … [NEW BEST] Trial #1 | SF=2, Parallel=a -> Zeit: 65.9428 ms (67.0836 GFLOPS)
        · teir_random:contraction_abcdef_dega_gfbc laeuft [ 1382s] … [NEW BEST] Trial #1 | SF=2, Parallel=a -> Zeit: 65.9428 ms (67.0836 GFLOPS)
        · teir_random:contraction_abcdef_dega_gfbc laeuft [ 1410s] … [NEW BEST] Trial #1 | SF=2, Parallel=a -> Zeit: 65.9428 ms (67.0836 GFLOPS)
        · teir_random:contraction_abcdef_dega_gfbc laeuft [ 1440s] … [NEW BEST] Trial #1 | SF=2, Parallel=a -> Zeit: 65.9428 ms (67.0836 GFLOPS)
        · teir_random:contraction_abcdef_dega_gfbc laeuft [ 1470s] … [NEW BEST] Trial #1 | SF=2, Parallel=a -> Zeit: 65.9428 ms (67.0836 GFLOPS)
        · teir_random:contraction_abcdef_dega_gfbc laeuft [ 1501s] … [NEW BEST] Trial #1 | SF=2, Parallel=a -> Zeit: 65.9428 ms (67.0836 GFLOPS)
        · teir_random:contraction_abcdef_dega_gfbc laeuft [ 1531s] … [NEW BEST] Trial #1 | SF=2, Parallel=a -> Zeit: 65.9428 ms (67.0836 GFLOPS)
        · teir_random:contraction_abcdef_dega_gfbc laeuft [ 1561s] … [NEW BEST] Trial #1 | SF=2, Parallel=a -> Zeit: 65.9428 ms (67.0836 GFLOPS)
        · teir_random:contraction_abcdef_dega_gfbc laeuft [ 1591s] … [NEW BEST] Trial #1 | SF=2, Parallel=a -> Zeit: 65.9428 ms (67.0836 GFLOPS)
        · teir_random:contraction_abcdef_dega_gfbc laeuft [ 1621s] … [NEW BEST] Trial #1 | SF=2, Parallel=a -> Zeit: 65.9428 ms (67.0836 GFLOPS)
        · teir_random:contraction_abcdef_dega_gfbc laeuft [ 1651s] … [NEW BEST] Trial #1 | SF=2, Parallel=a -> Zeit: 65.9428 ms (67.0836 GFLOPS)
        · teir_random:contraction_abcdef_dega_gfbc laeuft [ 1681s] … [NEW BEST] Trial #1 | SF=2, Parallel=a -> Zeit: 65.9428 ms (67.0836 GFLOPS)
        · teir_random:contraction_abcdef_dega_gfbc laeuft [ 1711s] … [NEW BEST] Trial #1 | SF=2, Parallel=a -> Zeit: 65.9428 ms (67.0836 GFLOPS)
        · teir_random:contraction_abcdef_dega_gfbc laeuft [ 1742s] … [NEW BEST] Trial #1 | SF=2, Parallel=a -> Zeit: 65.9428 ms (67.0836 GFLOPS)
        · teir_random:contraction_abcdef_dega_gfbc laeuft [ 1772s] … [NEW BEST] Trial #1 | SF=2, Parallel=a -> Zeit: 65.9428 ms (67.0836 GFLOPS)
        · teir_random:contraction_abcdef_dega_gfbc laeuft [ 1802s] … [NEW BEST] Trial #1 | SF=2, Parallel=a -> Zeit: 65.9428 ms (67.0836 GFLOPS)
  [teir_random] 19/36 contraction_abcdef_dega_gfbc           67.1 GFLOPS [partial-timeout]   1802s  DONE @ 2026-08-02 21:04:54
  [teir_random] 20/36 contraction_abcdef_degb_gfac           ... START @ 2026-08-02 21:04:54
        · teir_random:contraction_abcdef_degb_gfac laeuft [   30s] … [NEW BEST] Trial #1 | SF=2, Parallel=a -> Zeit: 68.8503 ms (64.2507 GFLOPS)
        · teir_random:contraction_abcdef_degb_gfac laeuft [   60s] … [NEW BEST] Trial #1 | SF=2, Parallel=a -> Zeit: 68.8503 ms (64.2507 GFLOPS)
        · teir_random:contraction_abcdef_degb_gfac laeuft [   90s] … [NEW BEST] Trial #1 | SF=2, Parallel=a -> Zeit: 68.8503 ms (64.2507 GFLOPS)
        · teir_random:contraction_abcdef_degb_gfac laeuft [  121s] … [NEW BEST] Trial #1 | SF=2, Parallel=a -> Zeit: 68.8503 ms (64.2507 GFLOPS)
        · teir_random:contraction_abcdef_degb_gfac laeuft [  151s] … [NEW BEST] Trial #1 | SF=2, Parallel=a -> Zeit: 68.8503 ms (64.2507 GFLOPS)
        · teir_random:contraction_abcdef_degb_gfac laeuft [  181s] … [NEW BEST] Trial #1 | SF=2, Parallel=a -> Zeit: 68.8503 ms (64.2507 GFLOPS)
        · teir_random:contraction_abcdef_degb_gfac laeuft [  211s] … [NEW BEST] Trial #1 | SF=2, Parallel=a -> Zeit: 68.8503 ms (64.2507 GFLOPS)
        · teir_random:contraction_abcdef_degb_gfac laeuft [  241s] … [NEW BEST] Trial #1 | SF=2, Parallel=a -> Zeit: 68.8503 ms (64.2507 GFLOPS)
        · teir_random:contraction_abcdef_degb_gfac laeuft [  271s] … [NEW BEST] Trial #1 | SF=2, Parallel=a -> Zeit: 68.8503 ms (64.2507 GFLOPS)
        · teir_random:contraction_abcdef_degb_gfac laeuft [  301s] … [NEW BEST] Trial #1 | SF=2, Parallel=a -> Zeit: 68.8503 ms (64.2507 GFLOPS)
        · teir_random:contraction_abcdef_degb_gfac laeuft [  331s] … [NEW BEST] Trial #1 | SF=2, Parallel=a -> Zeit: 68.8503 ms (64.2507 GFLOPS)
        · teir_random:contraction_abcdef_degb_gfac laeuft [  362s] … [NEW BEST] Trial #1 | SF=2, Parallel=a -> Zeit: 68.8503 ms (64.2507 GFLOPS)
        · teir_random:contraction_abcdef_degb_gfac laeuft [  392s] … [NEW BEST] Trial #1 | SF=2, Parallel=a -> Zeit: 68.8503 ms (64.2507 GFLOPS)
        · teir_random:contraction_abcdef_degb_gfac laeuft [  422s] … [NEW BEST] Trial #1 | SF=2, Parallel=a -> Zeit: 68.8503 ms (64.2507 GFLOPS)
        · teir_random:contraction_abcdef_degb_gfac laeuft [  452s] … [NEW BEST] Trial #1 | SF=2, Parallel=a -> Zeit: 68.8503 ms (64.2507 GFLOPS)
        · teir_random:contraction_abcdef_degb_gfac laeuft [  480s] … [NEW BEST] Trial #1 | SF=2, Parallel=a -> Zeit: 68.8503 ms (64.2507 GFLOPS)
        · teir_random:contraction_abcdef_degb_gfac laeuft [  510s] … [NEW BEST] Trial #1 | SF=2, Parallel=a -> Zeit: 68.8503 ms (64.2507 GFLOPS)
        · teir_random:contraction_abcdef_degb_gfac laeuft [  540s] … [NEW BEST] Trial #1 | SF=2, Parallel=a -> Zeit: 68.8503 ms (64.2507 GFLOPS)
        · teir_random:contraction_abcdef_degb_gfac laeuft [  570s] … [NEW BEST] Trial #1 | SF=2, Parallel=a -> Zeit: 68.8503 ms (64.2507 GFLOPS)
        · teir_random:contraction_abcdef_degb_gfac laeuft [  601s] … [NEW BEST] Trial #1 | SF=2, Parallel=a -> Zeit: 68.8503 ms (64.2507 GFLOPS)
        · teir_random:contraction_abcdef_degb_gfac laeuft [  631s] … [NEW BEST] Trial #1 | SF=2, Parallel=a -> Zeit: 68.8503 ms (64.2507 GFLOPS)
        · teir_random:contraction_abcdef_degb_gfac laeuft [  661s] … [NEW BEST] Trial #1 | SF=2, Parallel=a -> Zeit: 68.8503 ms (64.2507 GFLOPS)
        · teir_random:contraction_abcdef_degb_gfac laeuft [  691s] … [NEW BEST] Trial #1 | SF=2, Parallel=a -> Zeit: 68.8503 ms (64.2507 GFLOPS)
        · teir_random:contraction_abcdef_degb_gfac laeuft [  721s] … [NEW BEST] Trial #1 | SF=2, Parallel=a -> Zeit: 68.8503 ms (64.2507 GFLOPS)
        · teir_random:contraction_abcdef_degb_gfac laeuft [  751s] … [NEW BEST] Trial #1 | SF=2, Parallel=a -> Zeit: 68.8503 ms (64.2507 GFLOPS)
        · teir_random:contraction_abcdef_degb_gfac laeuft [  781s] … [NEW BEST] Trial #1 | SF=2, Parallel=a -> Zeit: 68.8503 ms (64.2507 GFLOPS)
        · teir_random:contraction_abcdef_degb_gfac laeuft [  812s] … [NEW BEST] Trial #1 | SF=2, Parallel=a -> Zeit: 68.8503 ms (64.2507 GFLOPS)
        · teir_random:contraction_abcdef_degb_gfac laeuft [  842s] … [NEW BEST] Trial #1 | SF=2, Parallel=a -> Zeit: 68.8503 ms (64.2507 GFLOPS)
        · teir_random:contraction_abcdef_degb_gfac laeuft [  872s] … [NEW BEST] Trial #1 | SF=2, Parallel=a -> Zeit: 68.8503 ms (64.2507 GFLOPS)
        · teir_random:contraction_abcdef_degb_gfac laeuft [  902s] … [NEW BEST] Trial #1 | SF=2, Parallel=a -> Zeit: 68.8503 ms (64.2507 GFLOPS)
        · teir_random:contraction_abcdef_degb_gfac laeuft [  930s] … [NEW BEST] Trial #1 | SF=2, Parallel=a -> Zeit: 68.8503 ms (64.2507 GFLOPS)
        · teir_random:contraction_abcdef_degb_gfac laeuft [  960s] … [NEW BEST] Trial #1 | SF=2, Parallel=a -> Zeit: 68.8503 ms (64.2507 GFLOPS)
        · teir_random:contraction_abcdef_degb_gfac laeuft [  990s] … [NEW BEST] Trial #1 | SF=2, Parallel=a -> Zeit: 68.8503 ms (64.2507 GFLOPS)
        · teir_random:contraction_abcdef_degb_gfac laeuft [ 1020s] … [NEW BEST] Trial #1 | SF=2, Parallel=a -> Zeit: 68.8503 ms (64.2507 GFLOPS)
        · teir_random:contraction_abcdef_degb_gfac laeuft [ 1051s] … [NEW BEST] Trial #1 | SF=2, Parallel=a -> Zeit: 68.8503 ms (64.2507 GFLOPS)
        · teir_random:contraction_abcdef_degb_gfac laeuft [ 1081s] … [NEW BEST] Trial #1 | SF=2, Parallel=a -> Zeit: 68.8503 ms (64.2507 GFLOPS)
        · teir_random:contraction_abcdef_degb_gfac laeuft [ 1111s] … [NEW BEST] Trial #1 | SF=2, Parallel=a -> Zeit: 68.8503 ms (64.2507 GFLOPS)
        · teir_random:contraction_abcdef_degb_gfac laeuft [ 1141s] … [NEW BEST] Trial #1 | SF=2, Parallel=a -> Zeit: 68.8503 ms (64.2507 GFLOPS)
        · teir_random:contraction_abcdef_degb_gfac laeuft [ 1171s] … [NEW BEST] Trial #1 | SF=2, Parallel=a -> Zeit: 68.8503 ms (64.2507 GFLOPS)
        · teir_random:contraction_abcdef_degb_gfac laeuft [ 1201s] … [NEW BEST] Trial #1 | SF=2, Parallel=a -> Zeit: 68.8503 ms (64.2507 GFLOPS)
        · teir_random:contraction_abcdef_degb_gfac laeuft [ 1231s] … [NEW BEST] Trial #1 | SF=2, Parallel=a -> Zeit: 68.8503 ms (64.2507 GFLOPS)
        · teir_random:contraction_abcdef_degb_gfac laeuft [ 1262s] … [NEW BEST] Trial #1 | SF=2, Parallel=a -> Zeit: 68.8503 ms (64.2507 GFLOPS)
        · teir_random:contraction_abcdef_degb_gfac laeuft [ 1292s] … [NEW BEST] Trial #1 | SF=2, Parallel=a -> Zeit: 68.8503 ms (64.2507 GFLOPS)
        · teir_random:contraction_abcdef_degb_gfac laeuft [ 1322s] … [NEW BEST] Trial #1 | SF=2, Parallel=a -> Zeit: 68.8503 ms (64.2507 GFLOPS)
        · teir_random:contraction_abcdef_degb_gfac laeuft [ 1352s] … [NEW BEST] Trial #1 | SF=2, Parallel=a -> Zeit: 68.8503 ms (64.2507 GFLOPS)
        · teir_random:contraction_abcdef_degb_gfac laeuft [ 1380s] … [NEW BEST] Trial #1 | SF=2, Parallel=a -> Zeit: 68.8503 ms (64.2507 GFLOPS)
        · teir_random:contraction_abcdef_degb_gfac laeuft [ 1410s] … [NEW BEST] Trial #1 | SF=2, Parallel=a -> Zeit: 68.8503 ms (64.2507 GFLOPS)
        · teir_random:contraction_abcdef_degb_gfac laeuft [ 1440s] … [NEW BEST] Trial #1 | SF=2, Parallel=a -> Zeit: 68.8503 ms (64.2507 GFLOPS)
        · teir_random:contraction_abcdef_degb_gfac laeuft [ 1470s] … [NEW BEST] Trial #1 | SF=2, Parallel=a -> Zeit: 68.8503 ms (64.2507 GFLOPS)
        · teir_random:contraction_abcdef_degb_gfac laeuft [ 1501s] … [NEW BEST] Trial #1 | SF=2, Parallel=a -> Zeit: 68.8503 ms (64.2507 GFLOPS)
        · teir_random:contraction_abcdef_degb_gfac laeuft [ 1531s] … [NEW BEST] Trial #1 | SF=2, Parallel=a -> Zeit: 68.8503 ms (64.2507 GFLOPS)
        · teir_random:contraction_abcdef_degb_gfac laeuft [ 1561s] … [NEW BEST] Trial #1 | SF=2, Parallel=a -> Zeit: 68.8503 ms (64.2507 GFLOPS)
        · teir_random:contraction_abcdef_degb_gfac laeuft [ 1591s] … [NEW BEST] Trial #1 | SF=2, Parallel=a -> Zeit: 68.8503 ms (64.2507 GFLOPS)
        · teir_random:contraction_abcdef_degb_gfac laeuft [ 1621s] … [NEW BEST] Trial #1 | SF=2, Parallel=a -> Zeit: 68.8503 ms (64.2507 GFLOPS)
        · teir_random:contraction_abcdef_degb_gfac laeuft [ 1651s] … [NEW BEST] Trial #1 | SF=2, Parallel=a -> Zeit: 68.8503 ms (64.2507 GFLOPS)
        · teir_random:contraction_abcdef_degb_gfac laeuft [ 1681s] … [NEW BEST] Trial #1 | SF=2, Parallel=a -> Zeit: 68.8503 ms (64.2507 GFLOPS)
        · teir_random:contraction_abcdef_degb_gfac laeuft [ 1712s] … [NEW BEST] Trial #1 | SF=2, Parallel=a -> Zeit: 68.8503 ms (64.2507 GFLOPS)
        · teir_random:contraction_abcdef_degb_gfac laeuft [ 1742s] … [NEW BEST] Trial #1 | SF=2, Parallel=a -> Zeit: 68.8503 ms (64.2507 GFLOPS)
        · teir_random:contraction_abcdef_degb_gfac laeuft [ 1772s] … [NEW BEST] Trial #1 | SF=2, Parallel=a -> Zeit: 68.8503 ms (64.2507 GFLOPS)
        · teir_random:contraction_abcdef_degb_gfac laeuft [ 1802s] … [NEW BEST] Trial #1 | SF=2, Parallel=a -> Zeit: 68.8503 ms (64.2507 GFLOPS)
  [teir_random] 20/36 contraction_abcdef_degb_gfac           64.3 GFLOPS [partial-timeout]   1802s  DONE @ 2026-08-02 21:34:56
  [teir_random] 21/36 contraction_abcdef_degc_gfab           ... START @ 2026-08-02 21:34:56
        · teir_random:contraction_abcdef_degc_gfab laeuft [   30s] … [NEW BEST] Trial #1 | SF=2, Parallel=a -> Zeit: 73.09 ms (60.5237 GFLOPS)
        · teir_random:contraction_abcdef_degc_gfab laeuft [   60s] … [NEW BEST] Trial #1 | SF=2, Parallel=a -> Zeit: 73.09 ms (60.5237 GFLOPS)
        · teir_random:contraction_abcdef_degc_gfab laeuft [   90s] … [NEW BEST] Trial #1 | SF=2, Parallel=a -> Zeit: 73.09 ms (60.5237 GFLOPS)
        · teir_random:contraction_abcdef_degc_gfab laeuft [  121s] … [NEW BEST] Trial #1 | SF=2, Parallel=a -> Zeit: 73.09 ms (60.5237 GFLOPS)
        · teir_random:contraction_abcdef_degc_gfab laeuft [  151s] … [NEW BEST] Trial #1 | SF=2, Parallel=a -> Zeit: 73.09 ms (60.5237 GFLOPS)
        · teir_random:contraction_abcdef_degc_gfab laeuft [  181s] … [NEW BEST] Trial #1 | SF=2, Parallel=a -> Zeit: 73.09 ms (60.5237 GFLOPS)
        · teir_random:contraction_abcdef_degc_gfab laeuft [  211s] … [NEW BEST] Trial #1 | SF=2, Parallel=a -> Zeit: 73.09 ms (60.5237 GFLOPS)
        · teir_random:contraction_abcdef_degc_gfab laeuft [  241s] … [NEW BEST] Trial #1 | SF=2, Parallel=a -> Zeit: 73.09 ms (60.5237 GFLOPS)
        · teir_random:contraction_abcdef_degc_gfab laeuft [  271s] … [NEW BEST] Trial #1 | SF=2, Parallel=a -> Zeit: 73.09 ms (60.5237 GFLOPS)
        · teir_random:contraction_abcdef_degc_gfab laeuft [  301s] … [NEW BEST] Trial #1 | SF=2, Parallel=a -> Zeit: 73.09 ms (60.5237 GFLOPS)
        · teir_random:contraction_abcdef_degc_gfab laeuft [  331s] … [NEW BEST] Trial #1 | SF=2, Parallel=a -> Zeit: 73.09 ms (60.5237 GFLOPS)
        · teir_random:contraction_abcdef_degc_gfab laeuft [  362s] … [NEW BEST] Trial #1 | SF=2, Parallel=a -> Zeit: 73.09 ms (60.5237 GFLOPS)
        · teir_random:contraction_abcdef_degc_gfab laeuft [  392s] … [NEW BEST] Trial #1 | SF=2, Parallel=a -> Zeit: 73.09 ms (60.5237 GFLOPS)
        · teir_random:contraction_abcdef_degc_gfab laeuft [  422s] … [NEW BEST] Trial #1 | SF=2, Parallel=a -> Zeit: 73.09 ms (60.5237 GFLOPS)
        · teir_random:contraction_abcdef_degc_gfab laeuft [  452s] … [NEW BEST] Trial #1 | SF=2, Parallel=a -> Zeit: 73.09 ms (60.5237 GFLOPS)
        · teir_random:contraction_abcdef_degc_gfab laeuft [  480s] … [NEW BEST] Trial #1 | SF=2, Parallel=a -> Zeit: 73.09 ms (60.5237 GFLOPS)
        · teir_random:contraction_abcdef_degc_gfab laeuft [  510s] … [NEW BEST] Trial #1 | SF=2, Parallel=a -> Zeit: 73.09 ms (60.5237 GFLOPS)
        · teir_random:contraction_abcdef_degc_gfab laeuft [  540s] … [NEW BEST] Trial #1 | SF=2, Parallel=a -> Zeit: 73.09 ms (60.5237 GFLOPS)
        · teir_random:contraction_abcdef_degc_gfab laeuft [  570s] … [NEW BEST] Trial #1 | SF=2, Parallel=a -> Zeit: 73.09 ms (60.5237 GFLOPS)
        · teir_random:contraction_abcdef_degc_gfab laeuft [  601s] … [NEW BEST] Trial #1 | SF=2, Parallel=a -> Zeit: 73.09 ms (60.5237 GFLOPS)
        · teir_random:contraction_abcdef_degc_gfab laeuft [  631s] … [NEW BEST] Trial #1 | SF=2, Parallel=a -> Zeit: 73.09 ms (60.5237 GFLOPS)
        · teir_random:contraction_abcdef_degc_gfab laeuft [  661s] … [NEW BEST] Trial #1 | SF=2, Parallel=a -> Zeit: 73.09 ms (60.5237 GFLOPS)
        · teir_random:contraction_abcdef_degc_gfab laeuft [  691s] … [NEW BEST] Trial #1 | SF=2, Parallel=a -> Zeit: 73.09 ms (60.5237 GFLOPS)
        · teir_random:contraction_abcdef_degc_gfab laeuft [  721s] … [NEW BEST] Trial #1 | SF=2, Parallel=a -> Zeit: 73.09 ms (60.5237 GFLOPS)
        · teir_random:contraction_abcdef_degc_gfab laeuft [  751s] … [NEW BEST] Trial #1 | SF=2, Parallel=a -> Zeit: 73.09 ms (60.5237 GFLOPS)
        · teir_random:contraction_abcdef_degc_gfab laeuft [  781s] … [NEW BEST] Trial #1 | SF=2, Parallel=a -> Zeit: 73.09 ms (60.5237 GFLOPS)
        · teir_random:contraction_abcdef_degc_gfab laeuft [  812s] … [NEW BEST] Trial #1 | SF=2, Parallel=a -> Zeit: 73.09 ms (60.5237 GFLOPS)
        · teir_random:contraction_abcdef_degc_gfab laeuft [  842s] … [NEW BEST] Trial #1 | SF=2, Parallel=a -> Zeit: 73.09 ms (60.5237 GFLOPS)
        · teir_random:contraction_abcdef_degc_gfab laeuft [  872s] … [NEW BEST] Trial #1 | SF=2, Parallel=a -> Zeit: 73.09 ms (60.5237 GFLOPS)
        · teir_random:contraction_abcdef_degc_gfab laeuft [  902s] … [NEW BEST] Trial #1 | SF=2, Parallel=a -> Zeit: 73.09 ms (60.5237 GFLOPS)
        · teir_random:contraction_abcdef_degc_gfab laeuft [  930s] … [NEW BEST] Trial #1 | SF=2, Parallel=a -> Zeit: 73.09 ms (60.5237 GFLOPS)
        · teir_random:contraction_abcdef_degc_gfab laeuft [  960s] … [NEW BEST] Trial #1 | SF=2, Parallel=a -> Zeit: 73.09 ms (60.5237 GFLOPS)
        · teir_random:contraction_abcdef_degc_gfab laeuft [  990s] … [NEW BEST] Trial #1 | SF=2, Parallel=a -> Zeit: 73.09 ms (60.5237 GFLOPS)
        · teir_random:contraction_abcdef_degc_gfab laeuft [ 1020s] … [NEW BEST] Trial #1 | SF=2, Parallel=a -> Zeit: 73.09 ms (60.5237 GFLOPS)
        · teir_random:contraction_abcdef_degc_gfab laeuft [ 1051s] … [NEW BEST] Trial #1 | SF=2, Parallel=a -> Zeit: 73.09 ms (60.5237 GFLOPS)
        · teir_random:contraction_abcdef_degc_gfab laeuft [ 1081s] … [NEW BEST] Trial #1 | SF=2, Parallel=a -> Zeit: 73.09 ms (60.5237 GFLOPS)
        · teir_random:contraction_abcdef_degc_gfab laeuft [ 1111s] … [NEW BEST] Trial #1 | SF=2, Parallel=a -> Zeit: 73.09 ms (60.5237 GFLOPS)
        · teir_random:contraction_abcdef_degc_gfab laeuft [ 1141s] … [NEW BEST] Trial #1 | SF=2, Parallel=a -> Zeit: 73.09 ms (60.5237 GFLOPS)
        · teir_random:contraction_abcdef_degc_gfab laeuft [ 1171s] … [NEW BEST] Trial #1 | SF=2, Parallel=a -> Zeit: 73.09 ms (60.5237 GFLOPS)
        · teir_random:contraction_abcdef_degc_gfab laeuft [ 1201s] … [NEW BEST] Trial #1 | SF=2, Parallel=a -> Zeit: 73.09 ms (60.5237 GFLOPS)
        · teir_random:contraction_abcdef_degc_gfab laeuft [ 1231s] … [NEW BEST] Trial #1 | SF=2, Parallel=a -> Zeit: 73.09 ms (60.5237 GFLOPS)
        · teir_random:contraction_abcdef_degc_gfab laeuft [ 1261s] … [NEW BEST] Trial #1 | SF=2, Parallel=a -> Zeit: 73.09 ms (60.5237 GFLOPS)
        · teir_random:contraction_abcdef_degc_gfab laeuft [ 1291s] … [NEW BEST] Trial #1 | SF=2, Parallel=a -> Zeit: 73.09 ms (60.5237 GFLOPS)
        · teir_random:contraction_abcdef_degc_gfab laeuft [ 1321s] … [NEW BEST] Trial #1 | SF=2, Parallel=a -> Zeit: 73.09 ms (60.5237 GFLOPS)
        · teir_random:contraction_abcdef_degc_gfab laeuft [ 1351s] … [NEW BEST] Trial #1 | SF=2, Parallel=a -> Zeit: 73.09 ms (60.5237 GFLOPS)
        · teir_random:contraction_abcdef_degc_gfab laeuft [ 1381s] … [NEW BEST] Trial #1 | SF=2, Parallel=a -> Zeit: 73.09 ms (60.5237 GFLOPS)
        · teir_random:contraction_abcdef_degc_gfab laeuft [ 1411s] … [NEW BEST] Trial #1 | SF=2, Parallel=a -> Zeit: 73.09 ms (60.5237 GFLOPS)
        · teir_random:contraction_abcdef_degc_gfab laeuft [ 1441s] … [NEW BEST] Trial #1 | SF=2, Parallel=a -> Zeit: 73.09 ms (60.5237 GFLOPS)
        · teir_random:contraction_abcdef_degc_gfab laeuft [ 1471s] … [NEW BEST] Trial #1 | SF=2, Parallel=a -> Zeit: 73.09 ms (60.5237 GFLOPS)
        · teir_random:contraction_abcdef_degc_gfab laeuft [ 1501s] … [NEW BEST] Trial #1 | SF=2, Parallel=a -> Zeit: 73.09 ms (60.5237 GFLOPS)
        · teir_random:contraction_abcdef_degc_gfab laeuft [ 1531s] … [NEW BEST] Trial #1 | SF=2, Parallel=a -> Zeit: 73.09 ms (60.5237 GFLOPS)
        · teir_random:contraction_abcdef_degc_gfab laeuft [ 1562s] … [NEW BEST] Trial #1 | SF=2, Parallel=a -> Zeit: 73.09 ms (60.5237 GFLOPS)
        · teir_random:contraction_abcdef_degc_gfab laeuft [ 1592s] … [NEW BEST] Trial #1 | SF=2, Parallel=a -> Zeit: 73.09 ms (60.5237 GFLOPS)
        · teir_random:contraction_abcdef_degc_gfab laeuft [ 1622s] … [NEW BEST] Trial #1 | SF=2, Parallel=a -> Zeit: 73.09 ms (60.5237 GFLOPS)
        · teir_random:contraction_abcdef_degc_gfab laeuft [ 1650s] … [NEW BEST] Trial #1 | SF=2, Parallel=a -> Zeit: 73.09 ms (60.5237 GFLOPS)
        · teir_random:contraction_abcdef_degc_gfab laeuft [ 1680s] … [NEW BEST] Trial #1 | SF=2, Parallel=a -> Zeit: 73.09 ms (60.5237 GFLOPS)
        · teir_random:contraction_abcdef_degc_gfab laeuft [ 1710s] … [NEW BEST] Trial #1 | SF=2, Parallel=a -> Zeit: 73.09 ms (60.5237 GFLOPS)
        · teir_random:contraction_abcdef_degc_gfab laeuft [ 1740s] … [NEW BEST] Trial #1 | SF=2, Parallel=a -> Zeit: 73.09 ms (60.5237 GFLOPS)
        · teir_random:contraction_abcdef_degc_gfab laeuft [ 1771s] … [NEW BEST] Trial #1 | SF=2, Parallel=a -> Zeit: 73.09 ms (60.5237 GFLOPS)
        · teir_random:contraction_abcdef_degc_gfab laeuft [ 1801s] … [NEW BEST] Trial #1 | SF=2, Parallel=a -> Zeit: 73.09 ms (60.5237 GFLOPS)
  [teir_random] 21/36 contraction_abcdef_degc_gfab           60.5 GFLOPS [partial-timeout]   1801s  DONE @ 2026-08-02 22:04:57
  [teir_random] 22/36 contraction_abcdef_dfga_gebc           ... START @ 2026-08-02 22:04:57
        · teir_random:contraction_abcdef_dfga_gebc laeuft [   30s] … [NEW BEST] Trial #1 | SF=2, Parallel=a -> Zeit: 61.2314 ms (72.2453 GFLOPS)
        · teir_random:contraction_abcdef_dfga_gebc laeuft [   60s] … [NEW BEST] Trial #1 | SF=2, Parallel=a -> Zeit: 61.2314 ms (72.2453 GFLOPS)
        · teir_random:contraction_abcdef_dfga_gebc laeuft [   90s] … [NEW BEST] Trial #1 | SF=2, Parallel=a -> Zeit: 61.2314 ms (72.2453 GFLOPS)
        · teir_random:contraction_abcdef_dfga_gebc laeuft [  121s] … [NEW BEST] Trial #1 | SF=2, Parallel=a -> Zeit: 61.2314 ms (72.2453 GFLOPS)
        · teir_random:contraction_abcdef_dfga_gebc laeuft [  151s] … [NEW BEST] Trial #1 | SF=2, Parallel=a -> Zeit: 61.2314 ms (72.2453 GFLOPS)
        · teir_random:contraction_abcdef_dfga_gebc laeuft [  181s] … [NEW BEST] Trial #1 | SF=2, Parallel=a -> Zeit: 61.2314 ms (72.2453 GFLOPS)
        · teir_random:contraction_abcdef_dfga_gebc laeuft [  211s] … [NEW BEST] Trial #1 | SF=2, Parallel=a -> Zeit: 61.2314 ms (72.2453 GFLOPS)
        · teir_random:contraction_abcdef_dfga_gebc laeuft [  241s] … [NEW BEST] Trial #1 | SF=2, Parallel=a -> Zeit: 61.2314 ms (72.2453 GFLOPS)
        · teir_random:contraction_abcdef_dfga_gebc laeuft [  271s] … [NEW BEST] Trial #1 | SF=2, Parallel=a -> Zeit: 61.2314 ms (72.2453 GFLOPS)
        · teir_random:contraction_abcdef_dfga_gebc laeuft [  301s] … [NEW BEST] Trial #1 | SF=2, Parallel=a -> Zeit: 61.2314 ms (72.2453 GFLOPS)
        · teir_random:contraction_abcdef_dfga_gebc laeuft [  331s] … [NEW BEST] Trial #1 | SF=2, Parallel=a -> Zeit: 61.2314 ms (72.2453 GFLOPS)
        · teir_random:contraction_abcdef_dfga_gebc laeuft [  362s] … [NEW BEST] Trial #1 | SF=2, Parallel=a -> Zeit: 61.2314 ms (72.2453 GFLOPS)
        · teir_random:contraction_abcdef_dfga_gebc laeuft [  392s] … [NEW BEST] Trial #1 | SF=2, Parallel=a -> Zeit: 61.2314 ms (72.2453 GFLOPS)
        · teir_random:contraction_abcdef_dfga_gebc laeuft [  422s] … [NEW BEST] Trial #1 | SF=2, Parallel=a -> Zeit: 61.2314 ms (72.2453 GFLOPS)
        · teir_random:contraction_abcdef_dfga_gebc laeuft [  452s] … [NEW BEST] Trial #1 | SF=2, Parallel=a -> Zeit: 61.2314 ms (72.2453 GFLOPS)
        · teir_random:contraction_abcdef_dfga_gebc laeuft [  480s] … [NEW BEST] Trial #1 | SF=2, Parallel=a -> Zeit: 61.2314 ms (72.2453 GFLOPS)
        · teir_random:contraction_abcdef_dfga_gebc laeuft [  510s] … [NEW BEST] Trial #1 | SF=2, Parallel=a -> Zeit: 61.2314 ms (72.2453 GFLOPS)
        · teir_random:contraction_abcdef_dfga_gebc laeuft [  540s] … [NEW BEST] Trial #1 | SF=2, Parallel=a -> Zeit: 61.2314 ms (72.2453 GFLOPS)
        · teir_random:contraction_abcdef_dfga_gebc laeuft [  570s] … [NEW BEST] Trial #1 | SF=2, Parallel=a -> Zeit: 61.2314 ms (72.2453 GFLOPS)
        · teir_random:contraction_abcdef_dfga_gebc laeuft [  600s] … [NEW BEST] Trial #1 | SF=2, Parallel=a -> Zeit: 61.2314 ms (72.2453 GFLOPS)
        · teir_random:contraction_abcdef_dfga_gebc laeuft [  631s] … [NEW BEST] Trial #1 | SF=2, Parallel=a -> Zeit: 61.2314 ms (72.2453 GFLOPS)
        · teir_random:contraction_abcdef_dfga_gebc laeuft [  661s] … [NEW BEST] Trial #1 | SF=2, Parallel=a -> Zeit: 61.2314 ms (72.2453 GFLOPS)
        · teir_random:contraction_abcdef_dfga_gebc laeuft [  691s] … [NEW BEST] Trial #1 | SF=2, Parallel=a -> Zeit: 61.2314 ms (72.2453 GFLOPS)
        · teir_random:contraction_abcdef_dfga_gebc laeuft [  721s] … [NEW BEST] Trial #1 | SF=2, Parallel=a -> Zeit: 61.2314 ms (72.2453 GFLOPS)
        · teir_random:contraction_abcdef_dfga_gebc laeuft [  751s] … [NEW BEST] Trial #1 | SF=2, Parallel=a -> Zeit: 61.2314 ms (72.2453 GFLOPS)
        · teir_random:contraction_abcdef_dfga_gebc laeuft [  781s] … [NEW BEST] Trial #1 | SF=2, Parallel=a -> Zeit: 61.2314 ms (72.2453 GFLOPS)
        · teir_random:contraction_abcdef_dfga_gebc laeuft [  811s] … [NEW BEST] Trial #1 | SF=2, Parallel=a -> Zeit: 61.2314 ms (72.2453 GFLOPS)
        · teir_random:contraction_abcdef_dfga_gebc laeuft [  841s] … [NEW BEST] Trial #1 | SF=2, Parallel=a -> Zeit: 61.2314 ms (72.2453 GFLOPS)
        · teir_random:contraction_abcdef_dfga_gebc laeuft [  871s] … [NEW BEST] Trial #1 | SF=2, Parallel=a -> Zeit: 61.2314 ms (72.2453 GFLOPS)
        · teir_random:contraction_abcdef_dfga_gebc laeuft [  901s] … [NEW BEST] Trial #1 | SF=2, Parallel=a -> Zeit: 61.2314 ms (72.2453 GFLOPS)
        · teir_random:contraction_abcdef_dfga_gebc laeuft [  931s] … [NEW BEST] Trial #1 | SF=2, Parallel=a -> Zeit: 61.2314 ms (72.2453 GFLOPS)
        · teir_random:contraction_abcdef_dfga_gebc laeuft [  961s] … [NEW BEST] Trial #1 | SF=2, Parallel=a -> Zeit: 61.2314 ms (72.2453 GFLOPS)
        · teir_random:contraction_abcdef_dfga_gebc laeuft [  991s] … [NEW BEST] Trial #1 | SF=2, Parallel=a -> Zeit: 61.2314 ms (72.2453 GFLOPS)
        · teir_random:contraction_abcdef_dfga_gebc laeuft [ 1021s] … [NEW BEST] Trial #1 | SF=2, Parallel=a -> Zeit: 61.2314 ms (72.2453 GFLOPS)
        · teir_random:contraction_abcdef_dfga_gebc laeuft [ 1052s] … [NEW BEST] Trial #1 | SF=2, Parallel=a -> Zeit: 61.2314 ms (72.2453 GFLOPS)
        · teir_random:contraction_abcdef_dfga_gebc laeuft [ 1082s] … [NEW BEST] Trial #1 | SF=2, Parallel=a -> Zeit: 61.2314 ms (72.2453 GFLOPS)
        · teir_random:contraction_abcdef_dfga_gebc laeuft [ 1112s] … [NEW BEST] Trial #1 | SF=2, Parallel=a -> Zeit: 61.2314 ms (72.2453 GFLOPS)
        · teir_random:contraction_abcdef_dfga_gebc laeuft [ 1142s] … [NEW BEST] Trial #1 | SF=2, Parallel=a -> Zeit: 61.2314 ms (72.2453 GFLOPS)
        · teir_random:contraction_abcdef_dfga_gebc laeuft [ 1172s] … [NEW BEST] Trial #1 | SF=2, Parallel=a -> Zeit: 61.2314 ms (72.2453 GFLOPS)
        · teir_random:contraction_abcdef_dfga_gebc laeuft [ 1202s] … [NEW BEST] Trial #1 | SF=2, Parallel=a -> Zeit: 61.2314 ms (72.2453 GFLOPS)
        · teir_random:contraction_abcdef_dfga_gebc laeuft [ 1230s] … [NEW BEST] Trial #1 | SF=2, Parallel=a -> Zeit: 61.2314 ms (72.2453 GFLOPS)
        · teir_random:contraction_abcdef_dfga_gebc laeuft [ 1260s] … [NEW BEST] Trial #1 | SF=2, Parallel=a -> Zeit: 61.2314 ms (72.2453 GFLOPS)
        · teir_random:contraction_abcdef_dfga_gebc laeuft [ 1290s] … [NEW BEST] Trial #1 | SF=2, Parallel=a -> Zeit: 61.2314 ms (72.2453 GFLOPS)
        · teir_random:contraction_abcdef_dfga_gebc laeuft [ 1320s] … [NEW BEST] Trial #1 | SF=2, Parallel=a -> Zeit: 61.2314 ms (72.2453 GFLOPS)
        · teir_random:contraction_abcdef_dfga_gebc laeuft [ 1350s] … [NEW BEST] Trial #1 | SF=2, Parallel=a -> Zeit: 61.2314 ms (72.2453 GFLOPS)
        · teir_random:contraction_abcdef_dfga_gebc laeuft [ 1380s] … [NEW BEST] Trial #1 | SF=2, Parallel=a -> Zeit: 61.2314 ms (72.2453 GFLOPS)
        · teir_random:contraction_abcdef_dfga_gebc laeuft [ 1411s] … [NEW BEST] Trial #1 | SF=2, Parallel=a -> Zeit: 61.2314 ms (72.2453 GFLOPS)
        · teir_random:contraction_abcdef_dfga_gebc laeuft [ 1441s] … [NEW BEST] Trial #1 | SF=2, Parallel=a -> Zeit: 61.2314 ms (72.2453 GFLOPS)
        · teir_random:contraction_abcdef_dfga_gebc laeuft [ 1471s] … [NEW BEST] Trial #1 | SF=2, Parallel=a -> Zeit: 61.2314 ms (72.2453 GFLOPS)
        · teir_random:contraction_abcdef_dfga_gebc laeuft [ 1501s] … [NEW BEST] Trial #1 | SF=2, Parallel=a -> Zeit: 61.2314 ms (72.2453 GFLOPS)
        · teir_random:contraction_abcdef_dfga_gebc laeuft [ 1531s] … [NEW BEST] Trial #1 | SF=2, Parallel=a -> Zeit: 61.2314 ms (72.2453 GFLOPS)
        · teir_random:contraction_abcdef_dfga_gebc laeuft [ 1561s] … [NEW BEST] Trial #1 | SF=2, Parallel=a -> Zeit: 61.2314 ms (72.2453 GFLOPS)
        · teir_random:contraction_abcdef_dfga_gebc laeuft [ 1591s] … [NEW BEST] Trial #1 | SF=2, Parallel=a -> Zeit: 61.2314 ms (72.2453 GFLOPS)
        · teir_random:contraction_abcdef_dfga_gebc laeuft [ 1621s] … [NEW BEST] Trial #1 | SF=2, Parallel=a -> Zeit: 61.2314 ms (72.2453 GFLOPS)
        · teir_random:contraction_abcdef_dfga_gebc laeuft [ 1651s] … [NEW BEST] Trial #1 | SF=2, Parallel=a -> Zeit: 61.2314 ms (72.2453 GFLOPS)
        · teir_random:contraction_abcdef_dfga_gebc laeuft [ 1681s] … [NEW BEST] Trial #1 | SF=2, Parallel=a -> Zeit: 61.2314 ms (72.2453 GFLOPS)
        · teir_random:contraction_abcdef_dfga_gebc laeuft [ 1711s] … [NEW BEST] Trial #1 | SF=2, Parallel=a -> Zeit: 61.2314 ms (72.2453 GFLOPS)
        · teir_random:contraction_abcdef_dfga_gebc laeuft [ 1741s] … [NEW BEST] Trial #1 | SF=2, Parallel=a -> Zeit: 61.2314 ms (72.2453 GFLOPS)
        · teir_random:contraction_abcdef_dfga_gebc laeuft [ 1772s] … [NEW BEST] Trial #1 | SF=2, Parallel=a -> Zeit: 61.2314 ms (72.2453 GFLOPS)
        · teir_random:contraction_abcdef_dfga_gebc laeuft [ 1802s] … [NEW BEST] Trial #1 | SF=2, Parallel=a -> Zeit: 61.2314 ms (72.2453 GFLOPS)
  [teir_random] 22/36 contraction_abcdef_dfga_gebc           72.2 GFLOPS [partial-timeout]   1802s  DONE @ 2026-08-02 22:34:58
  [teir_random] 23/36 contraction_abcdef_dfgb_geac           ... START @ 2026-08-02 22:34:58
        · teir_random:contraction_abcdef_dfgb_geac laeuft [   30s] … [NEW BEST] Trial #1 | SF=2, Parallel=a -> Zeit: 63.1512 ms (70.049 GFLOPS)
        · teir_random:contraction_abcdef_dfgb_geac laeuft [   60s] … [NEW BEST] Trial #1 | SF=2, Parallel=a -> Zeit: 63.1512 ms (70.049 GFLOPS)
        · teir_random:contraction_abcdef_dfgb_geac laeuft [   90s] … [NEW BEST] Trial #1 | SF=2, Parallel=a -> Zeit: 63.1512 ms (70.049 GFLOPS)
        · teir_random:contraction_abcdef_dfgb_geac laeuft [  120s] … [NEW BEST] Trial #1 | SF=2, Parallel=a -> Zeit: 63.1512 ms (70.049 GFLOPS)
        · teir_random:contraction_abcdef_dfgb_geac laeuft [  150s] … [NEW BEST] Trial #1 | SF=2, Parallel=a -> Zeit: 63.1512 ms (70.049 GFLOPS)
        · teir_random:contraction_abcdef_dfgb_geac laeuft [  181s] … [NEW BEST] Trial #1 | SF=2, Parallel=a -> Zeit: 63.1512 ms (70.049 GFLOPS)
        · teir_random:contraction_abcdef_dfgb_geac laeuft [  211s] … [NEW BEST] Trial #1 | SF=2, Parallel=a -> Zeit: 63.1512 ms (70.049 GFLOPS)
        · teir_random:contraction_abcdef_dfgb_geac laeuft [  241s] … [NEW BEST] Trial #1 | SF=2, Parallel=a -> Zeit: 63.1512 ms (70.049 GFLOPS)
        · teir_random:contraction_abcdef_dfgb_geac laeuft [  271s] … [NEW BEST] Trial #1 | SF=2, Parallel=a -> Zeit: 63.1512 ms (70.049 GFLOPS)
        · teir_random:contraction_abcdef_dfgb_geac laeuft [  301s] … [NEW BEST] Trial #1 | SF=2, Parallel=a -> Zeit: 63.1512 ms (70.049 GFLOPS)
        · teir_random:contraction_abcdef_dfgb_geac laeuft [  331s] … [NEW BEST] Trial #1 | SF=2, Parallel=a -> Zeit: 63.1512 ms (70.049 GFLOPS)
        · teir_random:contraction_abcdef_dfgb_geac laeuft [  361s] … [NEW BEST] Trial #1 | SF=2, Parallel=a -> Zeit: 63.1512 ms (70.049 GFLOPS)
        · teir_random:contraction_abcdef_dfgb_geac laeuft [  391s] … [NEW BEST] Trial #1 | SF=2, Parallel=a -> Zeit: 63.1512 ms (70.049 GFLOPS)
        · teir_random:contraction_abcdef_dfgb_geac laeuft [  421s] … [NEW BEST] Trial #1 | SF=2, Parallel=a -> Zeit: 63.1512 ms (70.049 GFLOPS)
        · teir_random:contraction_abcdef_dfgb_geac laeuft [  451s] … [NEW BEST] Trial #1 | SF=2, Parallel=a -> Zeit: 63.1512 ms (70.049 GFLOPS)
        · teir_random:contraction_abcdef_dfgb_geac laeuft [  481s] … [NEW BEST] Trial #1 | SF=2, Parallel=a -> Zeit: 63.1512 ms (70.049 GFLOPS)
        · teir_random:contraction_abcdef_dfgb_geac laeuft [  511s] … [NEW BEST] Trial #1 | SF=2, Parallel=a -> Zeit: 63.1512 ms (70.049 GFLOPS)
        · teir_random:contraction_abcdef_dfgb_geac laeuft [  542s] … [NEW BEST] Trial #1 | SF=2, Parallel=a -> Zeit: 63.1512 ms (70.049 GFLOPS)
        · teir_random:contraction_abcdef_dfgb_geac laeuft [  572s] … [NEW BEST] Trial #1 | SF=2, Parallel=a -> Zeit: 63.1512 ms (70.049 GFLOPS)
        · teir_random:contraction_abcdef_dfgb_geac laeuft [  602s] … [NEW BEST] Trial #1 | SF=2, Parallel=a -> Zeit: 63.1512 ms (70.049 GFLOPS)
        · teir_random:contraction_abcdef_dfgb_geac laeuft [  632s] … [NEW BEST] Trial #1 | SF=2, Parallel=a -> Zeit: 63.1512 ms (70.049 GFLOPS)
        · teir_random:contraction_abcdef_dfgb_geac laeuft [  662s] … [NEW BEST] Trial #1 | SF=2, Parallel=a -> Zeit: 63.1512 ms (70.049 GFLOPS)
        · teir_random:contraction_abcdef_dfgb_geac laeuft [  690s] … [NEW BEST] Trial #1 | SF=2, Parallel=a -> Zeit: 63.1512 ms (70.049 GFLOPS)
        · teir_random:contraction_abcdef_dfgb_geac laeuft [  720s] … [NEW BEST] Trial #1 | SF=2, Parallel=a -> Zeit: 63.1512 ms (70.049 GFLOPS)
        · teir_random:contraction_abcdef_dfgb_geac laeuft [  750s] … [NEW BEST] Trial #1 | SF=2, Parallel=a -> Zeit: 63.1512 ms (70.049 GFLOPS)
        · teir_random:contraction_abcdef_dfgb_geac laeuft [  780s] … [NEW BEST] Trial #1 | SF=2, Parallel=a -> Zeit: 63.1512 ms (70.049 GFLOPS)
        · teir_random:contraction_abcdef_dfgb_geac laeuft [  810s] … [NEW BEST] Trial #1 | SF=2, Parallel=a -> Zeit: 63.1512 ms (70.049 GFLOPS)
        · teir_random:contraction_abcdef_dfgb_geac laeuft [  840s] … [NEW BEST] Trial #1 | SF=2, Parallel=a -> Zeit: 63.1512 ms (70.049 GFLOPS)
        · teir_random:contraction_abcdef_dfgb_geac laeuft [  871s] … [NEW BEST] Trial #1 | SF=2, Parallel=a -> Zeit: 63.1512 ms (70.049 GFLOPS)
        · teir_random:contraction_abcdef_dfgb_geac laeuft [  901s] … [NEW BEST] Trial #1 | SF=2, Parallel=a -> Zeit: 63.1512 ms (70.049 GFLOPS)
        · teir_random:contraction_abcdef_dfgb_geac laeuft [  931s] … [NEW BEST] Trial #1 | SF=2, Parallel=a -> Zeit: 63.1512 ms (70.049 GFLOPS)
        · teir_random:contraction_abcdef_dfgb_geac laeuft [  961s] … [NEW BEST] Trial #1 | SF=2, Parallel=a -> Zeit: 63.1512 ms (70.049 GFLOPS)
        · teir_random:contraction_abcdef_dfgb_geac laeuft [  991s] … [NEW BEST] Trial #1 | SF=2, Parallel=a -> Zeit: 63.1512 ms (70.049 GFLOPS)
        · teir_random:contraction_abcdef_dfgb_geac laeuft [ 1021s] … [NEW BEST] Trial #1 | SF=2, Parallel=a -> Zeit: 63.1512 ms (70.049 GFLOPS)
        · teir_random:contraction_abcdef_dfgb_geac laeuft [ 1051s] … [NEW BEST] Trial #1 | SF=2, Parallel=a -> Zeit: 63.1512 ms (70.049 GFLOPS)
        · teir_random:contraction_abcdef_dfgb_geac laeuft [ 1081s] … [NEW BEST] Trial #1 | SF=2, Parallel=a -> Zeit: 63.1512 ms (70.049 GFLOPS)
        · teir_random:contraction_abcdef_dfgb_geac laeuft [ 1111s] … [NEW BEST] Trial #1 | SF=2, Parallel=a -> Zeit: 63.1512 ms (70.049 GFLOPS)
        · teir_random:contraction_abcdef_dfgb_geac laeuft [ 1141s] … [NEW BEST] Trial #1 | SF=2, Parallel=a -> Zeit: 63.1512 ms (70.049 GFLOPS)
        · teir_random:contraction_abcdef_dfgb_geac laeuft [ 1172s] … [NEW BEST] Trial #1 | SF=2, Parallel=a -> Zeit: 63.1512 ms (70.049 GFLOPS)
        · teir_random:contraction_abcdef_dfgb_geac laeuft [ 1202s] … [NEW BEST] Trial #1 | SF=2, Parallel=a -> Zeit: 63.1512 ms (70.049 GFLOPS)
        · teir_random:contraction_abcdef_dfgb_geac laeuft [ 1232s] … [NEW BEST] Trial #1 | SF=2, Parallel=a -> Zeit: 63.1512 ms (70.049 GFLOPS)
        · teir_random:contraction_abcdef_dfgb_geac laeuft [ 1262s] … [NEW BEST] Trial #1 | SF=2, Parallel=a -> Zeit: 63.1512 ms (70.049 GFLOPS)
        · teir_random:contraction_abcdef_dfgb_geac laeuft [ 1290s] … [NEW BEST] Trial #1 | SF=2, Parallel=a -> Zeit: 63.1512 ms (70.049 GFLOPS)
        · teir_random:contraction_abcdef_dfgb_geac laeuft [ 1320s] … [NEW BEST] Trial #1 | SF=2, Parallel=a -> Zeit: 63.1512 ms (70.049 GFLOPS)
        · teir_random:contraction_abcdef_dfgb_geac laeuft [ 1350s] … [NEW BEST] Trial #1 | SF=2, Parallel=a -> Zeit: 63.1512 ms (70.049 GFLOPS)
        · teir_random:contraction_abcdef_dfgb_geac laeuft [ 1380s] … [NEW BEST] Trial #1 | SF=2, Parallel=a -> Zeit: 63.1512 ms (70.049 GFLOPS)
        · teir_random:contraction_abcdef_dfgb_geac laeuft [ 1411s] … [NEW BEST] Trial #1 | SF=2, Parallel=a -> Zeit: 63.1512 ms (70.049 GFLOPS)
        · teir_random:contraction_abcdef_dfgb_geac laeuft [ 1441s] … [NEW BEST] Trial #1 | SF=2, Parallel=a -> Zeit: 63.1512 ms (70.049 GFLOPS)
        · teir_random:contraction_abcdef_dfgb_geac laeuft [ 1471s] … [NEW BEST] Trial #1 | SF=2, Parallel=a -> Zeit: 63.1512 ms (70.049 GFLOPS)
        · teir_random:contraction_abcdef_dfgb_geac laeuft [ 1501s] … [NEW BEST] Trial #1 | SF=2, Parallel=a -> Zeit: 63.1512 ms (70.049 GFLOPS)
        · teir_random:contraction_abcdef_dfgb_geac laeuft [ 1531s] … [NEW BEST] Trial #1 | SF=2, Parallel=a -> Zeit: 63.1512 ms (70.049 GFLOPS)
        · teir_random:contraction_abcdef_dfgb_geac laeuft [ 1561s] … [NEW BEST] Trial #1 | SF=2, Parallel=a -> Zeit: 63.1512 ms (70.049 GFLOPS)
        · teir_random:contraction_abcdef_dfgb_geac laeuft [ 1591s] … [NEW BEST] Trial #1 | SF=2, Parallel=a -> Zeit: 63.1512 ms (70.049 GFLOPS)
        · teir_random:contraction_abcdef_dfgb_geac laeuft [ 1621s] … [NEW BEST] Trial #1 | SF=2, Parallel=a -> Zeit: 63.1512 ms (70.049 GFLOPS)
        · teir_random:contraction_abcdef_dfgb_geac laeuft [ 1652s] … [NEW BEST] Trial #1 | SF=2, Parallel=a -> Zeit: 63.1512 ms (70.049 GFLOPS)
        · teir_random:contraction_abcdef_dfgb_geac laeuft [ 1682s] … [NEW BEST] Trial #1 | SF=2, Parallel=a -> Zeit: 63.1512 ms (70.049 GFLOPS)
        · teir_random:contraction_abcdef_dfgb_geac laeuft [ 1712s] … [NEW BEST] Trial #1 | SF=2, Parallel=a -> Zeit: 63.1512 ms (70.049 GFLOPS)
        · teir_random:contraction_abcdef_dfgb_geac laeuft [ 1742s] … [NEW BEST] Trial #1 | SF=2, Parallel=a -> Zeit: 63.1512 ms (70.049 GFLOPS)
        · teir_random:contraction_abcdef_dfgb_geac laeuft [ 1770s] … [NEW BEST] Trial #1 | SF=2, Parallel=a -> Zeit: 63.1512 ms (70.049 GFLOPS)
        · teir_random:contraction_abcdef_dfgb_geac laeuft [ 1800s] … [NEW BEST] Trial #1 | SF=2, Parallel=a -> Zeit: 63.1512 ms (70.049 GFLOPS)
  [teir_random] 23/36 contraction_abcdef_dfgb_geac           70.0 GFLOPS [partial-timeout]   1800s  DONE @ 2026-08-02 23:04:59
  [teir_random] 24/36 contraction_abcdef_dfgc_geab           ... START @ 2026-08-02 23:04:59
        · teir_random:contraction_abcdef_dfgc_geab laeuft [   30s] … [NEW BEST] Trial #1 | SF=2, Parallel=a -> Zeit: 60.9149 ms (72.6206 GFLOPS)
        · teir_random:contraction_abcdef_dfgc_geab laeuft [   60s] … [NEW BEST] Trial #1 | SF=2, Parallel=a -> Zeit: 60.9149 ms (72.6206 GFLOPS)
        · teir_random:contraction_abcdef_dfgc_geab laeuft [   90s] … [NEW BEST] Trial #1 | SF=2, Parallel=a -> Zeit: 60.9149 ms (72.6206 GFLOPS)
        · teir_random:contraction_abcdef_dfgc_geab laeuft [  120s] … [NEW BEST] Trial #1 | SF=2, Parallel=a -> Zeit: 60.9149 ms (72.6206 GFLOPS)
        · teir_random:contraction_abcdef_dfgc_geab laeuft [  151s] … [NEW BEST] Trial #1 | SF=2, Parallel=a -> Zeit: 60.9149 ms (72.6206 GFLOPS)
        · teir_random:contraction_abcdef_dfgc_geab laeuft [  181s] … [NEW BEST] Trial #1 | SF=2, Parallel=a -> Zeit: 60.9149 ms (72.6206 GFLOPS)
        · teir_random:contraction_abcdef_dfgc_geab laeuft [  211s] … [NEW BEST] Trial #1 | SF=2, Parallel=a -> Zeit: 60.9149 ms (72.6206 GFLOPS)
        · teir_random:contraction_abcdef_dfgc_geab laeuft [  241s] … [NEW BEST] Trial #1 | SF=2, Parallel=a -> Zeit: 60.9149 ms (72.6206 GFLOPS)
        · teir_random:contraction_abcdef_dfgc_geab laeuft [  271s] … [NEW BEST] Trial #1 | SF=2, Parallel=a -> Zeit: 60.9149 ms (72.6206 GFLOPS)
        · teir_random:contraction_abcdef_dfgc_geab laeuft [  301s] … [NEW BEST] Trial #1 | SF=2, Parallel=a -> Zeit: 60.9149 ms (72.6206 GFLOPS)
        · teir_random:contraction_abcdef_dfgc_geab laeuft [  331s] … [NEW BEST] Trial #1 | SF=2, Parallel=a -> Zeit: 60.9149 ms (72.6206 GFLOPS)
        · teir_random:contraction_abcdef_dfgc_geab laeuft [  362s] … [NEW BEST] Trial #1 | SF=2, Parallel=a -> Zeit: 60.9149 ms (72.6206 GFLOPS)
        · teir_random:contraction_abcdef_dfgc_geab laeuft [  392s] … [NEW BEST] Trial #1 | SF=2, Parallel=a -> Zeit: 60.9149 ms (72.6206 GFLOPS)
        · teir_random:contraction_abcdef_dfgc_geab laeuft [  422s] … [NEW BEST] Trial #1 | SF=2, Parallel=a -> Zeit: 60.9149 ms (72.6206 GFLOPS)
        · teir_random:contraction_abcdef_dfgc_geab laeuft [  452s] … [NEW BEST] Trial #1 | SF=2, Parallel=a -> Zeit: 60.9149 ms (72.6206 GFLOPS)
        · teir_random:contraction_abcdef_dfgc_geab laeuft [  480s] … [NEW BEST] Trial #1 | SF=2, Parallel=a -> Zeit: 60.9149 ms (72.6206 GFLOPS)
        · teir_random:contraction_abcdef_dfgc_geab laeuft [  510s] … [NEW BEST] Trial #1 | SF=2, Parallel=a -> Zeit: 60.9149 ms (72.6206 GFLOPS)
        · teir_random:contraction_abcdef_dfgc_geab laeuft [  540s] … [NEW BEST] Trial #1 | SF=2, Parallel=a -> Zeit: 60.9149 ms (72.6206 GFLOPS)
        · teir_random:contraction_abcdef_dfgc_geab laeuft [  570s] … [NEW BEST] Trial #1 | SF=2, Parallel=a -> Zeit: 60.9149 ms (72.6206 GFLOPS)
        · teir_random:contraction_abcdef_dfgc_geab laeuft [  601s] … [NEW BEST] Trial #1 | SF=2, Parallel=a -> Zeit: 60.9149 ms (72.6206 GFLOPS)
        · teir_random:contraction_abcdef_dfgc_geab laeuft [  631s] … [NEW BEST] Trial #1 | SF=2, Parallel=a -> Zeit: 60.9149 ms (72.6206 GFLOPS)
        · teir_random:contraction_abcdef_dfgc_geab laeuft [  661s] … [NEW BEST] Trial #1 | SF=2, Parallel=a -> Zeit: 60.9149 ms (72.6206 GFLOPS)
        · teir_random:contraction_abcdef_dfgc_geab laeuft [  691s] … [NEW BEST] Trial #1 | SF=2, Parallel=a -> Zeit: 60.9149 ms (72.6206 GFLOPS)
        · teir_random:contraction_abcdef_dfgc_geab laeuft [  721s] … [NEW BEST] Trial #1 | SF=2, Parallel=a -> Zeit: 60.9149 ms (72.6206 GFLOPS)
        · teir_random:contraction_abcdef_dfgc_geab laeuft [  751s] … [NEW BEST] Trial #1 | SF=2, Parallel=a -> Zeit: 60.9149 ms (72.6206 GFLOPS)
        · teir_random:contraction_abcdef_dfgc_geab laeuft [  781s] … [NEW BEST] Trial #1 | SF=2, Parallel=a -> Zeit: 60.9149 ms (72.6206 GFLOPS)
        · teir_random:contraction_abcdef_dfgc_geab laeuft [  812s] … [NEW BEST] Trial #1 | SF=2, Parallel=a -> Zeit: 60.9149 ms (72.6206 GFLOPS)
        · teir_random:contraction_abcdef_dfgc_geab laeuft [  842s] … [NEW BEST] Trial #1 | SF=2, Parallel=a -> Zeit: 60.9149 ms (72.6206 GFLOPS)
        · teir_random:contraction_abcdef_dfgc_geab laeuft [  872s] … [NEW BEST] Trial #1 | SF=2, Parallel=a -> Zeit: 60.9149 ms (72.6206 GFLOPS)
        · teir_random:contraction_abcdef_dfgc_geab laeuft [  902s] … [NEW BEST] Trial #1 | SF=2, Parallel=a -> Zeit: 60.9149 ms (72.6206 GFLOPS)
        · teir_random:contraction_abcdef_dfgc_geab laeuft [  930s] … [NEW BEST] Trial #1 | SF=2, Parallel=a -> Zeit: 60.9149 ms (72.6206 GFLOPS)
        · teir_random:contraction_abcdef_dfgc_geab laeuft [  960s] … [NEW BEST] Trial #1 | SF=2, Parallel=a -> Zeit: 60.9149 ms (72.6206 GFLOPS)
        · teir_random:contraction_abcdef_dfgc_geab laeuft [  990s] … [NEW BEST] Trial #1 | SF=2, Parallel=a -> Zeit: 60.9149 ms (72.6206 GFLOPS)
        · teir_random:contraction_abcdef_dfgc_geab laeuft [ 1020s] … [NEW BEST] Trial #1 | SF=2, Parallel=a -> Zeit: 60.9149 ms (72.6206 GFLOPS)
        · teir_random:contraction_abcdef_dfgc_geab laeuft [ 1051s] … [NEW BEST] Trial #1 | SF=2, Parallel=a -> Zeit: 60.9149 ms (72.6206 GFLOPS)
        · teir_random:contraction_abcdef_dfgc_geab laeuft [ 1081s] … [NEW BEST] Trial #1 | SF=2, Parallel=a -> Zeit: 60.9149 ms (72.6206 GFLOPS)
        · teir_random:contraction_abcdef_dfgc_geab laeuft [ 1111s] … [NEW BEST] Trial #1 | SF=2, Parallel=a -> Zeit: 60.9149 ms (72.6206 GFLOPS)
        · teir_random:contraction_abcdef_dfgc_geab laeuft [ 1141s] … [NEW BEST] Trial #1 | SF=2, Parallel=a -> Zeit: 60.9149 ms (72.6206 GFLOPS)
        · teir_random:contraction_abcdef_dfgc_geab laeuft [ 1171s] … [NEW BEST] Trial #1 | SF=2, Parallel=a -> Zeit: 60.9149 ms (72.6206 GFLOPS)
        · teir_random:contraction_abcdef_dfgc_geab laeuft [ 1201s] … [NEW BEST] Trial #1 | SF=2, Parallel=a -> Zeit: 60.9149 ms (72.6206 GFLOPS)
        · teir_random:contraction_abcdef_dfgc_geab laeuft [ 1231s] … [NEW BEST] Trial #1 | SF=2, Parallel=a -> Zeit: 60.9149 ms (72.6206 GFLOPS)
        · teir_random:contraction_abcdef_dfgc_geab laeuft [ 1261s] … [NEW BEST] Trial #1 | SF=2, Parallel=a -> Zeit: 60.9149 ms (72.6206 GFLOPS)
        · teir_random:contraction_abcdef_dfgc_geab laeuft [ 1292s] … [NEW BEST] Trial #1 | SF=2, Parallel=a -> Zeit: 60.9149 ms (72.6206 GFLOPS)
        · teir_random:contraction_abcdef_dfgc_geab laeuft [ 1322s] … [NEW BEST] Trial #1 | SF=2, Parallel=a -> Zeit: 60.9149 ms (72.6206 GFLOPS)
        · teir_random:contraction_abcdef_dfgc_geab laeuft [ 1352s] … [NEW BEST] Trial #1 | SF=2, Parallel=a -> Zeit: 60.9149 ms (72.6206 GFLOPS)
        · teir_random:contraction_abcdef_dfgc_geab laeuft [ 1382s] … [NEW BEST] Trial #1 | SF=2, Parallel=a -> Zeit: 60.9149 ms (72.6206 GFLOPS)
        · teir_random:contraction_abcdef_dfgc_geab laeuft [ 1410s] … [NEW BEST] Trial #1 | SF=2, Parallel=a -> Zeit: 60.9149 ms (72.6206 GFLOPS)
        · teir_random:contraction_abcdef_dfgc_geab laeuft [ 1440s] … [NEW BEST] Trial #1 | SF=2, Parallel=a -> Zeit: 60.9149 ms (72.6206 GFLOPS)
        · teir_random:contraction_abcdef_dfgc_geab laeuft [ 1470s] … [NEW BEST] Trial #1 | SF=2, Parallel=a -> Zeit: 60.9149 ms (72.6206 GFLOPS)
        · teir_random:contraction_abcdef_dfgc_geab laeuft [ 1501s] … [NEW BEST] Trial #1 | SF=2, Parallel=a -> Zeit: 60.9149 ms (72.6206 GFLOPS)
        · teir_random:contraction_abcdef_dfgc_geab laeuft [ 1531s] … [NEW BEST] Trial #1 | SF=2, Parallel=a -> Zeit: 60.9149 ms (72.6206 GFLOPS)
        · teir_random:contraction_abcdef_dfgc_geab laeuft [ 1561s] … [NEW BEST] Trial #1 | SF=2, Parallel=a -> Zeit: 60.9149 ms (72.6206 GFLOPS)
        · teir_random:contraction_abcdef_dfgc_geab laeuft [ 1591s] … [NEW BEST] Trial #1 | SF=2, Parallel=a -> Zeit: 60.9149 ms (72.6206 GFLOPS)
        · teir_random:contraction_abcdef_dfgc_geab laeuft [ 1621s] … [NEW BEST] Trial #1 | SF=2, Parallel=a -> Zeit: 60.9149 ms (72.6206 GFLOPS)
        · teir_random:contraction_abcdef_dfgc_geab laeuft [ 1651s] … [NEW BEST] Trial #1 | SF=2, Parallel=a -> Zeit: 60.9149 ms (72.6206 GFLOPS)
        · teir_random:contraction_abcdef_dfgc_geab laeuft [ 1681s] … [NEW BEST] Trial #1 | SF=2, Parallel=a -> Zeit: 60.9149 ms (72.6206 GFLOPS)
        · teir_random:contraction_abcdef_dfgc_geab laeuft [ 1711s] … [NEW BEST] Trial #1 | SF=2, Parallel=a -> Zeit: 60.9149 ms (72.6206 GFLOPS)
        · teir_random:contraction_abcdef_dfgc_geab laeuft [ 1742s] … [NEW BEST] Trial #1 | SF=2, Parallel=a -> Zeit: 60.9149 ms (72.6206 GFLOPS)
        · teir_random:contraction_abcdef_dfgc_geab laeuft [ 1772s] … [NEW BEST] Trial #1 | SF=2, Parallel=a -> Zeit: 60.9149 ms (72.6206 GFLOPS)
        · teir_random:contraction_abcdef_dfgc_geab laeuft [ 1802s] … [NEW BEST] Trial #1 | SF=2, Parallel=a -> Zeit: 60.9149 ms (72.6206 GFLOPS)
  [teir_random] 24/36 contraction_abcdef_dfgc_geab           72.6 GFLOPS [partial-timeout]   1802s  DONE @ 2026-08-02 23:35:01
  [teir_random] 25/36 contraction_abcdef_efga_gdbc           ... START @ 2026-08-02 23:35:01
        · teir_random:contraction_abcdef_efga_gdbc laeuft [   30s] … [NEW BEST] Trial #2 | SF=2, Parallel=b -> Zeit: 83.0861 ms (53.2421 GFLOPS)
        · teir_random:contraction_abcdef_efga_gdbc laeuft [   60s] … [NEW BEST] Trial #2 | SF=2, Parallel=b -> Zeit: 83.0861 ms (53.2421 GFLOPS)
        · teir_random:contraction_abcdef_efga_gdbc laeuft [   90s] … [NEW BEST] Trial #2 | SF=2, Parallel=b -> Zeit: 83.0861 ms (53.2421 GFLOPS)
        · teir_random:contraction_abcdef_efga_gdbc laeuft [  121s] … [NEW BEST] Trial #2 | SF=2, Parallel=b -> Zeit: 83.0861 ms (53.2421 GFLOPS)
        · teir_random:contraction_abcdef_efga_gdbc laeuft [  151s] … [NEW BEST] Trial #2 | SF=2, Parallel=b -> Zeit: 83.0861 ms (53.2421 GFLOPS)
        · teir_random:contraction_abcdef_efga_gdbc laeuft [  181s] … [NEW BEST] Trial #2 | SF=2, Parallel=b -> Zeit: 83.0861 ms (53.2421 GFLOPS)
        · teir_random:contraction_abcdef_efga_gdbc laeuft [  211s] … [NEW BEST] Trial #2 | SF=2, Parallel=b -> Zeit: 83.0861 ms (53.2421 GFLOPS)
        · teir_random:contraction_abcdef_efga_gdbc laeuft [  241s] … [NEW BEST] Trial #2 | SF=2, Parallel=b -> Zeit: 83.0861 ms (53.2421 GFLOPS)
        · teir_random:contraction_abcdef_efga_gdbc laeuft [  271s] … [NEW BEST] Trial #2 | SF=2, Parallel=b -> Zeit: 83.0861 ms (53.2421 GFLOPS)
        · teir_random:contraction_abcdef_efga_gdbc laeuft [  301s] … [NEW BEST] Trial #2 | SF=2, Parallel=b -> Zeit: 83.0861 ms (53.2421 GFLOPS)
        · teir_random:contraction_abcdef_efga_gdbc laeuft [  331s] … [NEW BEST] Trial #2 | SF=2, Parallel=b -> Zeit: 83.0861 ms (53.2421 GFLOPS)
        · teir_random:contraction_abcdef_efga_gdbc laeuft [  362s] … [NEW BEST] Trial #2 | SF=2, Parallel=b -> Zeit: 83.0861 ms (53.2421 GFLOPS)
        · teir_random:contraction_abcdef_efga_gdbc laeuft [  392s] … [NEW BEST] Trial #2 | SF=2, Parallel=b -> Zeit: 83.0861 ms (53.2421 GFLOPS)
        · teir_random:contraction_abcdef_efga_gdbc laeuft [  422s] … [NEW BEST] Trial #2 | SF=2, Parallel=b -> Zeit: 83.0861 ms (53.2421 GFLOPS)
        · teir_random:contraction_abcdef_efga_gdbc laeuft [  452s] … [NEW BEST] Trial #2 | SF=2, Parallel=b -> Zeit: 83.0861 ms (53.2421 GFLOPS)
        · teir_random:contraction_abcdef_efga_gdbc laeuft [  480s] … [NEW BEST] Trial #2 | SF=2, Parallel=b -> Zeit: 83.0861 ms (53.2421 GFLOPS)
        · teir_random:contraction_abcdef_efga_gdbc laeuft [  510s] … [NEW BEST] Trial #2 | SF=2, Parallel=b -> Zeit: 83.0861 ms (53.2421 GFLOPS)
        · teir_random:contraction_abcdef_efga_gdbc laeuft [  540s] … [NEW BEST] Trial #2 | SF=2, Parallel=b -> Zeit: 83.0861 ms (53.2421 GFLOPS)
        · teir_random:contraction_abcdef_efga_gdbc laeuft [  570s] … [NEW BEST] Trial #2 | SF=2, Parallel=b -> Zeit: 83.0861 ms (53.2421 GFLOPS)
        · teir_random:contraction_abcdef_efga_gdbc laeuft [  601s] … [NEW BEST] Trial #2 | SF=2, Parallel=b -> Zeit: 83.0861 ms (53.2421 GFLOPS)
        · teir_random:contraction_abcdef_efga_gdbc laeuft [  631s] … [NEW BEST] Trial #2 | SF=2, Parallel=b -> Zeit: 83.0861 ms (53.2421 GFLOPS)
        · teir_random:contraction_abcdef_efga_gdbc laeuft [  661s] … [NEW BEST] Trial #2 | SF=2, Parallel=b -> Zeit: 83.0861 ms (53.2421 GFLOPS)
        · teir_random:contraction_abcdef_efga_gdbc laeuft [  691s] … [NEW BEST] Trial #2 | SF=2, Parallel=b -> Zeit: 83.0861 ms (53.2421 GFLOPS)
        · teir_random:contraction_abcdef_efga_gdbc laeuft [  721s] … [NEW BEST] Trial #2 | SF=2, Parallel=b -> Zeit: 83.0861 ms (53.2421 GFLOPS)
        · teir_random:contraction_abcdef_efga_gdbc laeuft [  751s] … [NEW BEST] Trial #2 | SF=2, Parallel=b -> Zeit: 83.0861 ms (53.2421 GFLOPS)
        · teir_random:contraction_abcdef_efga_gdbc laeuft [  781s] … [NEW BEST] Trial #2 | SF=2, Parallel=b -> Zeit: 83.0861 ms (53.2421 GFLOPS)
        · teir_random:contraction_abcdef_efga_gdbc laeuft [  812s] … [NEW BEST] Trial #2 | SF=2, Parallel=b -> Zeit: 83.0861 ms (53.2421 GFLOPS)
        · teir_random:contraction_abcdef_efga_gdbc laeuft [  842s] … [NEW BEST] Trial #2 | SF=2, Parallel=b -> Zeit: 83.0861 ms (53.2421 GFLOPS)
        · teir_random:contraction_abcdef_efga_gdbc laeuft [  872s] … [NEW BEST] Trial #2 | SF=2, Parallel=b -> Zeit: 83.0861 ms (53.2421 GFLOPS)
        · teir_random:contraction_abcdef_efga_gdbc laeuft [  902s] … [NEW BEST] Trial #2 | SF=2, Parallel=b -> Zeit: 83.0861 ms (53.2421 GFLOPS)
        · teir_random:contraction_abcdef_efga_gdbc laeuft [  930s] … [NEW BEST] Trial #2 | SF=2, Parallel=b -> Zeit: 83.0861 ms (53.2421 GFLOPS)
        · teir_random:contraction_abcdef_efga_gdbc laeuft [  960s] … [NEW BEST] Trial #2 | SF=2, Parallel=b -> Zeit: 83.0861 ms (53.2421 GFLOPS)
        · teir_random:contraction_abcdef_efga_gdbc laeuft [  990s] … [NEW BEST] Trial #2 | SF=2, Parallel=b -> Zeit: 83.0861 ms (53.2421 GFLOPS)
        · teir_random:contraction_abcdef_efga_gdbc laeuft [ 1020s] … [NEW BEST] Trial #2 | SF=2, Parallel=b -> Zeit: 83.0861 ms (53.2421 GFLOPS)
        · teir_random:contraction_abcdef_efga_gdbc laeuft [ 1051s] … [NEW BEST] Trial #2 | SF=2, Parallel=b -> Zeit: 83.0861 ms (53.2421 GFLOPS)
        · teir_random:contraction_abcdef_efga_gdbc laeuft [ 1081s] … [NEW BEST] Trial #2 | SF=2, Parallel=b -> Zeit: 83.0861 ms (53.2421 GFLOPS)
        · teir_random:contraction_abcdef_efga_gdbc laeuft [ 1111s] … [NEW BEST] Trial #2 | SF=2, Parallel=b -> Zeit: 83.0861 ms (53.2421 GFLOPS)
        · teir_random:contraction_abcdef_efga_gdbc laeuft [ 1141s] … [NEW BEST] Trial #2 | SF=2, Parallel=b -> Zeit: 83.0861 ms (53.2421 GFLOPS)
        · teir_random:contraction_abcdef_efga_gdbc laeuft [ 1171s] … [NEW BEST] Trial #2 | SF=2, Parallel=b -> Zeit: 83.0861 ms (53.2421 GFLOPS)
        · teir_random:contraction_abcdef_efga_gdbc laeuft [ 1201s] … [NEW BEST] Trial #2 | SF=2, Parallel=b -> Zeit: 83.0861 ms (53.2421 GFLOPS)
        · teir_random:contraction_abcdef_efga_gdbc laeuft [ 1231s] … [NEW BEST] Trial #2 | SF=2, Parallel=b -> Zeit: 83.0861 ms (53.2421 GFLOPS)
        · teir_random:contraction_abcdef_efga_gdbc laeuft [ 1262s] … [NEW BEST] Trial #2 | SF=2, Parallel=b -> Zeit: 83.0861 ms (53.2421 GFLOPS)
        · teir_random:contraction_abcdef_efga_gdbc laeuft [ 1292s] … [NEW BEST] Trial #2 | SF=2, Parallel=b -> Zeit: 83.0861 ms (53.2421 GFLOPS)
        · teir_random:contraction_abcdef_efga_gdbc laeuft [ 1322s] … [NEW BEST] Trial #2 | SF=2, Parallel=b -> Zeit: 83.0861 ms (53.2421 GFLOPS)
        · teir_random:contraction_abcdef_efga_gdbc laeuft [ 1352s] … [NEW BEST] Trial #2 | SF=2, Parallel=b -> Zeit: 83.0861 ms (53.2421 GFLOPS)
        · teir_random:contraction_abcdef_efga_gdbc laeuft [ 1380s] … [NEW BEST] Trial #2 | SF=2, Parallel=b -> Zeit: 83.0861 ms (53.2421 GFLOPS)
        · teir_random:contraction_abcdef_efga_gdbc laeuft [ 1410s] … [NEW BEST] Trial #2 | SF=2, Parallel=b -> Zeit: 83.0861 ms (53.2421 GFLOPS)
        · teir_random:contraction_abcdef_efga_gdbc laeuft [ 1440s] … [NEW BEST] Trial #2 | SF=2, Parallel=b -> Zeit: 83.0861 ms (53.2421 GFLOPS)
        · teir_random:contraction_abcdef_efga_gdbc laeuft [ 1470s] … [NEW BEST] Trial #2 | SF=2, Parallel=b -> Zeit: 83.0861 ms (53.2421 GFLOPS)
        · teir_random:contraction_abcdef_efga_gdbc laeuft [ 1501s] … [NEW BEST] Trial #2 | SF=2, Parallel=b -> Zeit: 83.0861 ms (53.2421 GFLOPS)
        · teir_random:contraction_abcdef_efga_gdbc laeuft [ 1531s] … [NEW BEST] Trial #2 | SF=2, Parallel=b -> Zeit: 83.0861 ms (53.2421 GFLOPS)
        · teir_random:contraction_abcdef_efga_gdbc laeuft [ 1561s] … [NEW BEST] Trial #2 | SF=2, Parallel=b -> Zeit: 83.0861 ms (53.2421 GFLOPS)
        · teir_random:contraction_abcdef_efga_gdbc laeuft [ 1591s] … [NEW BEST] Trial #2 | SF=2, Parallel=b -> Zeit: 83.0861 ms (53.2421 GFLOPS)
        · teir_random:contraction_abcdef_efga_gdbc laeuft [ 1621s] … [NEW BEST] Trial #2 | SF=2, Parallel=b -> Zeit: 83.0861 ms (53.2421 GFLOPS)
        · teir_random:contraction_abcdef_efga_gdbc laeuft [ 1651s] … [NEW BEST] Trial #2 | SF=2, Parallel=b -> Zeit: 83.0861 ms (53.2421 GFLOPS)
        · teir_random:contraction_abcdef_efga_gdbc laeuft [ 1681s] … [NEW BEST] Trial #2 | SF=2, Parallel=b -> Zeit: 83.0861 ms (53.2421 GFLOPS)
        · teir_random:contraction_abcdef_efga_gdbc laeuft [ 1711s] … [NEW BEST] Trial #2 | SF=2, Parallel=b -> Zeit: 83.0861 ms (53.2421 GFLOPS)
        · teir_random:contraction_abcdef_efga_gdbc laeuft [ 1742s] … [NEW BEST] Trial #2 | SF=2, Parallel=b -> Zeit: 83.0861 ms (53.2421 GFLOPS)
        · teir_random:contraction_abcdef_efga_gdbc laeuft [ 1772s] … [NEW BEST] Trial #2 | SF=2, Parallel=b -> Zeit: 83.0861 ms (53.2421 GFLOPS)
        · teir_random:contraction_abcdef_efga_gdbc laeuft [ 1802s] … [NEW BEST] Trial #2 | SF=2, Parallel=b -> Zeit: 83.0861 ms (53.2421 GFLOPS)
  [teir_random] 25/36 contraction_abcdef_efga_gdbc           53.2 GFLOPS [partial-timeout]   1802s  DONE @ 2026-08-03 00:05:02
  [teir_random] 26/36 contraction_abcdef_efgb_gdac           ... START @ 2026-08-03 00:05:02
        · teir_random:contraction_abcdef_efgb_gdac laeuft [   30s] … [NEW BEST] Trial #2 | SF=2, Parallel=b -> Zeit: 77.6027 ms (57.0042 GFLOPS)
        · teir_random:contraction_abcdef_efgb_gdac laeuft [   60s] … [NEW BEST] Trial #2 | SF=2, Parallel=b -> Zeit: 77.6027 ms (57.0042 GFLOPS)
        · teir_random:contraction_abcdef_efgb_gdac laeuft [   90s] … [NEW BEST] Trial #2 | SF=2, Parallel=b -> Zeit: 77.6027 ms (57.0042 GFLOPS)
        · teir_random:contraction_abcdef_efgb_gdac laeuft [  121s] … [NEW BEST] Trial #2 | SF=2, Parallel=b -> Zeit: 77.6027 ms (57.0042 GFLOPS)
        · teir_random:contraction_abcdef_efgb_gdac laeuft [  151s] … [NEW BEST] Trial #2 | SF=2, Parallel=b -> Zeit: 77.6027 ms (57.0042 GFLOPS)
        · teir_random:contraction_abcdef_efgb_gdac laeuft [  181s] … [NEW BEST] Trial #2 | SF=2, Parallel=b -> Zeit: 77.6027 ms (57.0042 GFLOPS)
        · teir_random:contraction_abcdef_efgb_gdac laeuft [  211s] … [NEW BEST] Trial #2 | SF=2, Parallel=b -> Zeit: 77.6027 ms (57.0042 GFLOPS)
        · teir_random:contraction_abcdef_efgb_gdac laeuft [  241s] … [NEW BEST] Trial #2 | SF=2, Parallel=b -> Zeit: 77.6027 ms (57.0042 GFLOPS)
        · teir_random:contraction_abcdef_efgb_gdac laeuft [  271s] … [NEW BEST] Trial #2 | SF=2, Parallel=b -> Zeit: 77.6027 ms (57.0042 GFLOPS)
        · teir_random:contraction_abcdef_efgb_gdac laeuft [  301s] … [NEW BEST] Trial #2 | SF=2, Parallel=b -> Zeit: 77.6027 ms (57.0042 GFLOPS)
        · teir_random:contraction_abcdef_efgb_gdac laeuft [  331s] … [NEW BEST] Trial #2 | SF=2, Parallel=b -> Zeit: 77.6027 ms (57.0042 GFLOPS)
        · teir_random:contraction_abcdef_efgb_gdac laeuft [  362s] … [NEW BEST] Trial #2 | SF=2, Parallel=b -> Zeit: 77.6027 ms (57.0042 GFLOPS)
        · teir_random:contraction_abcdef_efgb_gdac laeuft [  392s] … [NEW BEST] Trial #2 | SF=2, Parallel=b -> Zeit: 77.6027 ms (57.0042 GFLOPS)
        · teir_random:contraction_abcdef_efgb_gdac laeuft [  422s] … [NEW BEST] Trial #2 | SF=2, Parallel=b -> Zeit: 77.6027 ms (57.0042 GFLOPS)
        · teir_random:contraction_abcdef_efgb_gdac laeuft [  452s] … [NEW BEST] Trial #2 | SF=2, Parallel=b -> Zeit: 77.6027 ms (57.0042 GFLOPS)
        · teir_random:contraction_abcdef_efgb_gdac laeuft [  480s] … [NEW BEST] Trial #2 | SF=2, Parallel=b -> Zeit: 77.6027 ms (57.0042 GFLOPS)
        · teir_random:contraction_abcdef_efgb_gdac laeuft [  510s] … [NEW BEST] Trial #2 | SF=2, Parallel=b -> Zeit: 77.6027 ms (57.0042 GFLOPS)
        · teir_random:contraction_abcdef_efgb_gdac laeuft [  540s] … [NEW BEST] Trial #2 | SF=2, Parallel=b -> Zeit: 77.6027 ms (57.0042 GFLOPS)
        · teir_random:contraction_abcdef_efgb_gdac laeuft [  570s] … [NEW BEST] Trial #2 | SF=2, Parallel=b -> Zeit: 77.6027 ms (57.0042 GFLOPS)
        · teir_random:contraction_abcdef_efgb_gdac laeuft [  601s] … [NEW BEST] Trial #2 | SF=2, Parallel=b -> Zeit: 77.6027 ms (57.0042 GFLOPS)
        · teir_random:contraction_abcdef_efgb_gdac laeuft [  631s] … [NEW BEST] Trial #2 | SF=2, Parallel=b -> Zeit: 77.6027 ms (57.0042 GFLOPS)
        · teir_random:contraction_abcdef_efgb_gdac laeuft [  661s] … [NEW BEST] Trial #2 | SF=2, Parallel=b -> Zeit: 77.6027 ms (57.0042 GFLOPS)
        · teir_random:contraction_abcdef_efgb_gdac laeuft [  691s] … [NEW BEST] Trial #2 | SF=2, Parallel=b -> Zeit: 77.6027 ms (57.0042 GFLOPS)
        · teir_random:contraction_abcdef_efgb_gdac laeuft [  721s] … [NEW BEST] Trial #2 | SF=2, Parallel=b -> Zeit: 77.6027 ms (57.0042 GFLOPS)
        · teir_random:contraction_abcdef_efgb_gdac laeuft [  751s] … [NEW BEST] Trial #2 | SF=2, Parallel=b -> Zeit: 77.6027 ms (57.0042 GFLOPS)
        · teir_random:contraction_abcdef_efgb_gdac laeuft [  781s] … [NEW BEST] Trial #2 | SF=2, Parallel=b -> Zeit: 77.6027 ms (57.0042 GFLOPS)
        · teir_random:contraction_abcdef_efgb_gdac laeuft [  812s] … [NEW BEST] Trial #2 | SF=2, Parallel=b -> Zeit: 77.6027 ms (57.0042 GFLOPS)
        · teir_random:contraction_abcdef_efgb_gdac laeuft [  842s] … [NEW BEST] Trial #2 | SF=2, Parallel=b -> Zeit: 77.6027 ms (57.0042 GFLOPS)
        · teir_random:contraction_abcdef_efgb_gdac laeuft [  872s] … [NEW BEST] Trial #2 | SF=2, Parallel=b -> Zeit: 77.6027 ms (57.0042 GFLOPS)
        · teir_random:contraction_abcdef_efgb_gdac laeuft [  902s] … [NEW BEST] Trial #2 | SF=2, Parallel=b -> Zeit: 77.6027 ms (57.0042 GFLOPS)
        · teir_random:contraction_abcdef_efgb_gdac laeuft [  930s] … [NEW BEST] Trial #2 | SF=2, Parallel=b -> Zeit: 77.6027 ms (57.0042 GFLOPS)
        · teir_random:contraction_abcdef_efgb_gdac laeuft [  960s] … [NEW BEST] Trial #2 | SF=2, Parallel=b -> Zeit: 77.6027 ms (57.0042 GFLOPS)
        · teir_random:contraction_abcdef_efgb_gdac laeuft [  990s] … [NEW BEST] Trial #2 | SF=2, Parallel=b -> Zeit: 77.6027 ms (57.0042 GFLOPS)
        · teir_random:contraction_abcdef_efgb_gdac laeuft [ 1020s] … [NEW BEST] Trial #2 | SF=2, Parallel=b -> Zeit: 77.6027 ms (57.0042 GFLOPS)
        · teir_random:contraction_abcdef_efgb_gdac laeuft [ 1051s] … [NEW BEST] Trial #2 | SF=2, Parallel=b -> Zeit: 77.6027 ms (57.0042 GFLOPS)
        · teir_random:contraction_abcdef_efgb_gdac laeuft [ 1081s] … [NEW BEST] Trial #2 | SF=2, Parallel=b -> Zeit: 77.6027 ms (57.0042 GFLOPS)
        · teir_random:contraction_abcdef_efgb_gdac laeuft [ 1111s] … [NEW BEST] Trial #2 | SF=2, Parallel=b -> Zeit: 77.6027 ms (57.0042 GFLOPS)
        · teir_random:contraction_abcdef_efgb_gdac laeuft [ 1141s] … [NEW BEST] Trial #2 | SF=2, Parallel=b -> Zeit: 77.6027 ms (57.0042 GFLOPS)
        · teir_random:contraction_abcdef_efgb_gdac laeuft [ 1171s] … [NEW BEST] Trial #2 | SF=2, Parallel=b -> Zeit: 77.6027 ms (57.0042 GFLOPS)
        · teir_random:contraction_abcdef_efgb_gdac laeuft [ 1201s] … [NEW BEST] Trial #2 | SF=2, Parallel=b -> Zeit: 77.6027 ms (57.0042 GFLOPS)
        · teir_random:contraction_abcdef_efgb_gdac laeuft [ 1231s] … [NEW BEST] Trial #2 | SF=2, Parallel=b -> Zeit: 77.6027 ms (57.0042 GFLOPS)
        · teir_random:contraction_abcdef_efgb_gdac laeuft [ 1262s] … [NEW BEST] Trial #2 | SF=2, Parallel=b -> Zeit: 77.6027 ms (57.0042 GFLOPS)
        · teir_random:contraction_abcdef_efgb_gdac laeuft [ 1292s] … [NEW BEST] Trial #2 | SF=2, Parallel=b -> Zeit: 77.6027 ms (57.0042 GFLOPS)
        · teir_random:contraction_abcdef_efgb_gdac laeuft [ 1322s] … [NEW BEST] Trial #2 | SF=2, Parallel=b -> Zeit: 77.6027 ms (57.0042 GFLOPS)
        · teir_random:contraction_abcdef_efgb_gdac laeuft [ 1352s] … [NEW BEST] Trial #2 | SF=2, Parallel=b -> Zeit: 77.6027 ms (57.0042 GFLOPS)
        · teir_random:contraction_abcdef_efgb_gdac laeuft [ 1380s] … [NEW BEST] Trial #2 | SF=2, Parallel=b -> Zeit: 77.6027 ms (57.0042 GFLOPS)
        · teir_random:contraction_abcdef_efgb_gdac laeuft [ 1410s] … [NEW BEST] Trial #2 | SF=2, Parallel=b -> Zeit: 77.6027 ms (57.0042 GFLOPS)
        · teir_random:contraction_abcdef_efgb_gdac laeuft [ 1440s] … [NEW BEST] Trial #2 | SF=2, Parallel=b -> Zeit: 77.6027 ms (57.0042 GFLOPS)
        · teir_random:contraction_abcdef_efgb_gdac laeuft [ 1470s] … [NEW BEST] Trial #2 | SF=2, Parallel=b -> Zeit: 77.6027 ms (57.0042 GFLOPS)
        · teir_random:contraction_abcdef_efgb_gdac laeuft [ 1501s] … [NEW BEST] Trial #2 | SF=2, Parallel=b -> Zeit: 77.6027 ms (57.0042 GFLOPS)
        · teir_random:contraction_abcdef_efgb_gdac laeuft [ 1531s] … [NEW BEST] Trial #2 | SF=2, Parallel=b -> Zeit: 77.6027 ms (57.0042 GFLOPS)
        · teir_random:contraction_abcdef_efgb_gdac laeuft [ 1561s] … [NEW BEST] Trial #2 | SF=2, Parallel=b -> Zeit: 77.6027 ms (57.0042 GFLOPS)
        · teir_random:contraction_abcdef_efgb_gdac laeuft [ 1591s] … [NEW BEST] Trial #2 | SF=2, Parallel=b -> Zeit: 77.6027 ms (57.0042 GFLOPS)
        · teir_random:contraction_abcdef_efgb_gdac laeuft [ 1621s] … [NEW BEST] Trial #2 | SF=2, Parallel=b -> Zeit: 77.6027 ms (57.0042 GFLOPS)
        · teir_random:contraction_abcdef_efgb_gdac laeuft [ 1651s] … [NEW BEST] Trial #2 | SF=2, Parallel=b -> Zeit: 77.6027 ms (57.0042 GFLOPS)
        · teir_random:contraction_abcdef_efgb_gdac laeuft [ 1681s] … [NEW BEST] Trial #2 | SF=2, Parallel=b -> Zeit: 77.6027 ms (57.0042 GFLOPS)
        · teir_random:contraction_abcdef_efgb_gdac laeuft [ 1711s] … [NEW BEST] Trial #2 | SF=2, Parallel=b -> Zeit: 77.6027 ms (57.0042 GFLOPS)
        · teir_random:contraction_abcdef_efgb_gdac laeuft [ 1742s] … [NEW BEST] Trial #2 | SF=2, Parallel=b -> Zeit: 77.6027 ms (57.0042 GFLOPS)
        · teir_random:contraction_abcdef_efgb_gdac laeuft [ 1772s] … [NEW BEST] Trial #2 | SF=2, Parallel=b -> Zeit: 77.6027 ms (57.0042 GFLOPS)
        · teir_random:contraction_abcdef_efgb_gdac laeuft [ 1802s] … [NEW BEST] Trial #2 | SF=2, Parallel=b -> Zeit: 77.6027 ms (57.0042 GFLOPS)
  [teir_random] 26/36 contraction_abcdef_efgb_gdac           57.0 GFLOPS [partial-timeout]   1802s  DONE @ 2026-08-03 00:35:04
  [teir_random] 27/36 contraction_abcdef_efgc_gdab           ... START @ 2026-08-03 00:35:04
        · teir_random:contraction_abcdef_efgc_gdab laeuft [   30s] … [NEW BEST] Trial #2 | SF=2, Parallel=b -> Zeit: 82.6723 ms (53.5086 GFLOPS)
        · teir_random:contraction_abcdef_efgc_gdab laeuft [   60s] … [NEW BEST] Trial #2 | SF=2, Parallel=b -> Zeit: 82.6723 ms (53.5086 GFLOPS)
        · teir_random:contraction_abcdef_efgc_gdab laeuft [   90s] … [NEW BEST] Trial #2 | SF=2, Parallel=b -> Zeit: 82.6723 ms (53.5086 GFLOPS)
        · teir_random:contraction_abcdef_efgc_gdab laeuft [  121s] … [NEW BEST] Trial #2 | SF=2, Parallel=b -> Zeit: 82.6723 ms (53.5086 GFLOPS)
        · teir_random:contraction_abcdef_efgc_gdab laeuft [  151s] … [NEW BEST] Trial #2 | SF=2, Parallel=b -> Zeit: 82.6723 ms (53.5086 GFLOPS)
        · teir_random:contraction_abcdef_efgc_gdab laeuft [  181s] … [NEW BEST] Trial #2 | SF=2, Parallel=b -> Zeit: 82.6723 ms (53.5086 GFLOPS)
        · teir_random:contraction_abcdef_efgc_gdab laeuft [  211s] … [NEW BEST] Trial #2 | SF=2, Parallel=b -> Zeit: 82.6723 ms (53.5086 GFLOPS)
        · teir_random:contraction_abcdef_efgc_gdab laeuft [  241s] … [NEW BEST] Trial #2 | SF=2, Parallel=b -> Zeit: 82.6723 ms (53.5086 GFLOPS)
        · teir_random:contraction_abcdef_efgc_gdab laeuft [  271s] … [NEW BEST] Trial #2 | SF=2, Parallel=b -> Zeit: 82.6723 ms (53.5086 GFLOPS)
        · teir_random:contraction_abcdef_efgc_gdab laeuft [  301s] … [NEW BEST] Trial #2 | SF=2, Parallel=b -> Zeit: 82.6723 ms (53.5086 GFLOPS)
        · teir_random:contraction_abcdef_efgc_gdab laeuft [  331s] … [NEW BEST] Trial #2 | SF=2, Parallel=b -> Zeit: 82.6723 ms (53.5086 GFLOPS)
        · teir_random:contraction_abcdef_efgc_gdab laeuft [  362s] … [NEW BEST] Trial #2 | SF=2, Parallel=b -> Zeit: 82.6723 ms (53.5086 GFLOPS)
        · teir_random:contraction_abcdef_efgc_gdab laeuft [  392s] … [NEW BEST] Trial #2 | SF=2, Parallel=b -> Zeit: 82.6723 ms (53.5086 GFLOPS)
        · teir_random:contraction_abcdef_efgc_gdab laeuft [  422s] … [NEW BEST] Trial #2 | SF=2, Parallel=b -> Zeit: 82.6723 ms (53.5086 GFLOPS)
        · teir_random:contraction_abcdef_efgc_gdab laeuft [  452s] … [NEW BEST] Trial #2 | SF=2, Parallel=b -> Zeit: 82.6723 ms (53.5086 GFLOPS)
        · teir_random:contraction_abcdef_efgc_gdab laeuft [  480s] … [NEW BEST] Trial #2 | SF=2, Parallel=b -> Zeit: 82.6723 ms (53.5086 GFLOPS)
        · teir_random:contraction_abcdef_efgc_gdab laeuft [  510s] … [NEW BEST] Trial #2 | SF=2, Parallel=b -> Zeit: 82.6723 ms (53.5086 GFLOPS)
        · teir_random:contraction_abcdef_efgc_gdab laeuft [  540s] … [NEW BEST] Trial #2 | SF=2, Parallel=b -> Zeit: 82.6723 ms (53.5086 GFLOPS)
        · teir_random:contraction_abcdef_efgc_gdab laeuft [  570s] … [NEW BEST] Trial #2 | SF=2, Parallel=b -> Zeit: 82.6723 ms (53.5086 GFLOPS)
        · teir_random:contraction_abcdef_efgc_gdab laeuft [  601s] … [NEW BEST] Trial #2 | SF=2, Parallel=b -> Zeit: 82.6723 ms (53.5086 GFLOPS)
        · teir_random:contraction_abcdef_efgc_gdab laeuft [  631s] … [NEW BEST] Trial #2 | SF=2, Parallel=b -> Zeit: 82.6723 ms (53.5086 GFLOPS)
        · teir_random:contraction_abcdef_efgc_gdab laeuft [  661s] … [NEW BEST] Trial #2 | SF=2, Parallel=b -> Zeit: 82.6723 ms (53.5086 GFLOPS)
        · teir_random:contraction_abcdef_efgc_gdab laeuft [  691s] … [NEW BEST] Trial #2 | SF=2, Parallel=b -> Zeit: 82.6723 ms (53.5086 GFLOPS)
        · teir_random:contraction_abcdef_efgc_gdab laeuft [  721s] … [NEW BEST] Trial #2 | SF=2, Parallel=b -> Zeit: 82.6723 ms (53.5086 GFLOPS)
        · teir_random:contraction_abcdef_efgc_gdab laeuft [  751s] … [NEW BEST] Trial #2 | SF=2, Parallel=b -> Zeit: 82.6723 ms (53.5086 GFLOPS)
        · teir_random:contraction_abcdef_efgc_gdab laeuft [  781s] … [NEW BEST] Trial #2 | SF=2, Parallel=b -> Zeit: 82.6723 ms (53.5086 GFLOPS)
        · teir_random:contraction_abcdef_efgc_gdab laeuft [  812s] … [NEW BEST] Trial #2 | SF=2, Parallel=b -> Zeit: 82.6723 ms (53.5086 GFLOPS)
        · teir_random:contraction_abcdef_efgc_gdab laeuft [  842s] … [NEW BEST] Trial #2 | SF=2, Parallel=b -> Zeit: 82.6723 ms (53.5086 GFLOPS)
        · teir_random:contraction_abcdef_efgc_gdab laeuft [  872s] … [NEW BEST] Trial #2 | SF=2, Parallel=b -> Zeit: 82.6723 ms (53.5086 GFLOPS)
        · teir_random:contraction_abcdef_efgc_gdab laeuft [  902s] … [NEW BEST] Trial #2 | SF=2, Parallel=b -> Zeit: 82.6723 ms (53.5086 GFLOPS)
        · teir_random:contraction_abcdef_efgc_gdab laeuft [  930s] … [NEW BEST] Trial #2 | SF=2, Parallel=b -> Zeit: 82.6723 ms (53.5086 GFLOPS)
        · teir_random:contraction_abcdef_efgc_gdab laeuft [  960s] … [NEW BEST] Trial #2 | SF=2, Parallel=b -> Zeit: 82.6723 ms (53.5086 GFLOPS)
        · teir_random:contraction_abcdef_efgc_gdab laeuft [  990s] … [NEW BEST] Trial #2 | SF=2, Parallel=b -> Zeit: 82.6723 ms (53.5086 GFLOPS)
        · teir_random:contraction_abcdef_efgc_gdab laeuft [ 1020s] … [NEW BEST] Trial #2 | SF=2, Parallel=b -> Zeit: 82.6723 ms (53.5086 GFLOPS)
        · teir_random:contraction_abcdef_efgc_gdab laeuft [ 1051s] … [NEW BEST] Trial #2 | SF=2, Parallel=b -> Zeit: 82.6723 ms (53.5086 GFLOPS)
        · teir_random:contraction_abcdef_efgc_gdab laeuft [ 1081s] … [NEW BEST] Trial #2 | SF=2, Parallel=b -> Zeit: 82.6723 ms (53.5086 GFLOPS)
        · teir_random:contraction_abcdef_efgc_gdab laeuft [ 1111s] … [NEW BEST] Trial #2 | SF=2, Parallel=b -> Zeit: 82.6723 ms (53.5086 GFLOPS)
        · teir_random:contraction_abcdef_efgc_gdab laeuft [ 1141s] … [NEW BEST] Trial #2 | SF=2, Parallel=b -> Zeit: 82.6723 ms (53.5086 GFLOPS)
        · teir_random:contraction_abcdef_efgc_gdab laeuft [ 1171s] … [NEW BEST] Trial #2 | SF=2, Parallel=b -> Zeit: 82.6723 ms (53.5086 GFLOPS)
        · teir_random:contraction_abcdef_efgc_gdab laeuft [ 1201s] … [NEW BEST] Trial #2 | SF=2, Parallel=b -> Zeit: 82.6723 ms (53.5086 GFLOPS)
        · teir_random:contraction_abcdef_efgc_gdab laeuft [ 1231s] … [NEW BEST] Trial #2 | SF=2, Parallel=b -> Zeit: 82.6723 ms (53.5086 GFLOPS)
        · teir_random:contraction_abcdef_efgc_gdab laeuft [ 1261s] … [NEW BEST] Trial #2 | SF=2, Parallel=b -> Zeit: 82.6723 ms (53.5086 GFLOPS)
        · teir_random:contraction_abcdef_efgc_gdab laeuft [ 1292s] … [NEW BEST] Trial #2 | SF=2, Parallel=b -> Zeit: 82.6723 ms (53.5086 GFLOPS)
        · teir_random:contraction_abcdef_efgc_gdab laeuft [ 1322s] … [NEW BEST] Trial #2 | SF=2, Parallel=b -> Zeit: 82.6723 ms (53.5086 GFLOPS)
        · teir_random:contraction_abcdef_efgc_gdab laeuft [ 1352s] … [NEW BEST] Trial #2 | SF=2, Parallel=b -> Zeit: 82.6723 ms (53.5086 GFLOPS)
        · teir_random:contraction_abcdef_efgc_gdab laeuft [ 1380s] … [NEW BEST] Trial #2 | SF=2, Parallel=b -> Zeit: 82.6723 ms (53.5086 GFLOPS)
        · teir_random:contraction_abcdef_efgc_gdab laeuft [ 1410s] … [NEW BEST] Trial #2 | SF=2, Parallel=b -> Zeit: 82.6723 ms (53.5086 GFLOPS)
        · teir_random:contraction_abcdef_efgc_gdab laeuft [ 1440s] … [NEW BEST] Trial #2 | SF=2, Parallel=b -> Zeit: 82.6723 ms (53.5086 GFLOPS)
        · teir_random:contraction_abcdef_efgc_gdab laeuft [ 1470s] … [NEW BEST] Trial #2 | SF=2, Parallel=b -> Zeit: 82.6723 ms (53.5086 GFLOPS)
        · teir_random:contraction_abcdef_efgc_gdab laeuft [ 1501s] … [NEW BEST] Trial #2 | SF=2, Parallel=b -> Zeit: 82.6723 ms (53.5086 GFLOPS)
        · teir_random:contraction_abcdef_efgc_gdab laeuft [ 1531s] … [NEW BEST] Trial #2 | SF=2, Parallel=b -> Zeit: 82.6723 ms (53.5086 GFLOPS)
        · teir_random:contraction_abcdef_efgc_gdab laeuft [ 1561s] … [NEW BEST] Trial #2 | SF=2, Parallel=b -> Zeit: 82.6723 ms (53.5086 GFLOPS)
        · teir_random:contraction_abcdef_efgc_gdab laeuft [ 1591s] … [NEW BEST] Trial #2 | SF=2, Parallel=b -> Zeit: 82.6723 ms (53.5086 GFLOPS)
        · teir_random:contraction_abcdef_efgc_gdab laeuft [ 1621s] … [NEW BEST] Trial #2 | SF=2, Parallel=b -> Zeit: 82.6723 ms (53.5086 GFLOPS)
        · teir_random:contraction_abcdef_efgc_gdab laeuft [ 1651s] … [NEW BEST] Trial #2 | SF=2, Parallel=b -> Zeit: 82.6723 ms (53.5086 GFLOPS)
        · teir_random:contraction_abcdef_efgc_gdab laeuft [ 1681s] … [NEW BEST] Trial #2 | SF=2, Parallel=b -> Zeit: 82.6723 ms (53.5086 GFLOPS)
        · teir_random:contraction_abcdef_efgc_gdab laeuft [ 1711s] … [NEW BEST] Trial #2 | SF=2, Parallel=b -> Zeit: 82.6723 ms (53.5086 GFLOPS)
        · teir_random:contraction_abcdef_efgc_gdab laeuft [ 1742s] … [NEW BEST] Trial #2 | SF=2, Parallel=b -> Zeit: 82.6723 ms (53.5086 GFLOPS)
        · teir_random:contraction_abcdef_efgc_gdab laeuft [ 1772s] … [NEW BEST] Trial #2 | SF=2, Parallel=b -> Zeit: 82.6723 ms (53.5086 GFLOPS)
        · teir_random:contraction_abcdef_efgc_gdab laeuft [ 1802s] … [NEW BEST] Trial #2 | SF=2, Parallel=b -> Zeit: 82.6723 ms (53.5086 GFLOPS)
  [teir_random] 27/36 contraction_abcdef_efgc_gdab           53.5 GFLOPS [partial-timeout]   1802s  DONE @ 2026-08-03 01:05:06
  [teir_random] 28/36 contraction_abcdef_gdab_efgc           ... START @ 2026-08-03 01:05:06
        · teir_random:contraction_abcdef_gdab_efgc laeuft [   30s] … [NEW BEST] Trial #2 | SF=2, Parallel=b -> Zeit: 80.4818 ms (54.965 GFLOPS)
        · teir_random:contraction_abcdef_gdab_efgc laeuft [   60s] … [NEW BEST] Trial #2 | SF=2, Parallel=b -> Zeit: 80.4818 ms (54.965 GFLOPS)
        · teir_random:contraction_abcdef_gdab_efgc laeuft [   90s] … [NEW BEST] Trial #2 | SF=2, Parallel=b -> Zeit: 80.4818 ms (54.965 GFLOPS)
        · teir_random:contraction_abcdef_gdab_efgc laeuft [  121s] … [NEW BEST] Trial #2 | SF=2, Parallel=b -> Zeit: 80.4818 ms (54.965 GFLOPS)
        · teir_random:contraction_abcdef_gdab_efgc laeuft [  151s] … [NEW BEST] Trial #2 | SF=2, Parallel=b -> Zeit: 80.4818 ms (54.965 GFLOPS)
        · teir_random:contraction_abcdef_gdab_efgc laeuft [  181s] … [NEW BEST] Trial #2 | SF=2, Parallel=b -> Zeit: 80.4818 ms (54.965 GFLOPS)
        · teir_random:contraction_abcdef_gdab_efgc laeuft [  211s] … [NEW BEST] Trial #2 | SF=2, Parallel=b -> Zeit: 80.4818 ms (54.965 GFLOPS)
        · teir_random:contraction_abcdef_gdab_efgc laeuft [  241s] … [NEW BEST] Trial #2 | SF=2, Parallel=b -> Zeit: 80.4818 ms (54.965 GFLOPS)
        · teir_random:contraction_abcdef_gdab_efgc laeuft [  271s] … [NEW BEST] Trial #2 | SF=2, Parallel=b -> Zeit: 80.4818 ms (54.965 GFLOPS)
        · teir_random:contraction_abcdef_gdab_efgc laeuft [  301s] … [NEW BEST] Trial #2 | SF=2, Parallel=b -> Zeit: 80.4818 ms (54.965 GFLOPS)
        · teir_random:contraction_abcdef_gdab_efgc laeuft [  331s] … [NEW BEST] Trial #2 | SF=2, Parallel=b -> Zeit: 80.4818 ms (54.965 GFLOPS)
        · teir_random:contraction_abcdef_gdab_efgc laeuft [  362s] … [NEW BEST] Trial #2 | SF=2, Parallel=b -> Zeit: 80.4818 ms (54.965 GFLOPS)
        · teir_random:contraction_abcdef_gdab_efgc laeuft [  392s] … [NEW BEST] Trial #2 | SF=2, Parallel=b -> Zeit: 80.4818 ms (54.965 GFLOPS)
        · teir_random:contraction_abcdef_gdab_efgc laeuft [  422s] … [NEW BEST] Trial #2 | SF=2, Parallel=b -> Zeit: 80.4818 ms (54.965 GFLOPS)
        · teir_random:contraction_abcdef_gdab_efgc laeuft [  452s] … [NEW BEST] Trial #2 | SF=2, Parallel=b -> Zeit: 80.4818 ms (54.965 GFLOPS)
        · teir_random:contraction_abcdef_gdab_efgc laeuft [  480s] … [NEW BEST] Trial #2 | SF=2, Parallel=b -> Zeit: 80.4818 ms (54.965 GFLOPS)
        · teir_random:contraction_abcdef_gdab_efgc laeuft [  510s] … [NEW BEST] Trial #2 | SF=2, Parallel=b -> Zeit: 80.4818 ms (54.965 GFLOPS)
        · teir_random:contraction_abcdef_gdab_efgc laeuft [  540s] … [NEW BEST] Trial #2 | SF=2, Parallel=b -> Zeit: 80.4818 ms (54.965 GFLOPS)
        · teir_random:contraction_abcdef_gdab_efgc laeuft [  571s] … [NEW BEST] Trial #2 | SF=2, Parallel=b -> Zeit: 80.4818 ms (54.965 GFLOPS)
        · teir_random:contraction_abcdef_gdab_efgc laeuft [  601s] … [NEW BEST] Trial #2 | SF=2, Parallel=b -> Zeit: 80.4818 ms (54.965 GFLOPS)
        · teir_random:contraction_abcdef_gdab_efgc laeuft [  631s] … [NEW BEST] Trial #2 | SF=2, Parallel=b -> Zeit: 80.4818 ms (54.965 GFLOPS)
        · teir_random:contraction_abcdef_gdab_efgc laeuft [  661s] … [NEW BEST] Trial #2 | SF=2, Parallel=b -> Zeit: 80.4818 ms (54.965 GFLOPS)
        · teir_random:contraction_abcdef_gdab_efgc laeuft [  691s] … [NEW BEST] Trial #2 | SF=2, Parallel=b -> Zeit: 80.4818 ms (54.965 GFLOPS)
        · teir_random:contraction_abcdef_gdab_efgc laeuft [  721s] … [NEW BEST] Trial #2 | SF=2, Parallel=b -> Zeit: 80.4818 ms (54.965 GFLOPS)
        · teir_random:contraction_abcdef_gdab_efgc laeuft [  751s] … [NEW BEST] Trial #2 | SF=2, Parallel=b -> Zeit: 80.4818 ms (54.965 GFLOPS)
        · teir_random:contraction_abcdef_gdab_efgc laeuft [  781s] … [NEW BEST] Trial #2 | SF=2, Parallel=b -> Zeit: 80.4818 ms (54.965 GFLOPS)
        · teir_random:contraction_abcdef_gdab_efgc laeuft [  812s] … [NEW BEST] Trial #2 | SF=2, Parallel=b -> Zeit: 80.4818 ms (54.965 GFLOPS)
        · teir_random:contraction_abcdef_gdab_efgc laeuft [  842s] … [NEW BEST] Trial #2 | SF=2, Parallel=b -> Zeit: 80.4818 ms (54.965 GFLOPS)
        · teir_random:contraction_abcdef_gdab_efgc laeuft [  872s] … [NEW BEST] Trial #2 | SF=2, Parallel=b -> Zeit: 80.4818 ms (54.965 GFLOPS)
        · teir_random:contraction_abcdef_gdab_efgc laeuft [  902s] … [NEW BEST] Trial #2 | SF=2, Parallel=b -> Zeit: 80.4818 ms (54.965 GFLOPS)
        · teir_random:contraction_abcdef_gdab_efgc laeuft [  930s] … [NEW BEST] Trial #2 | SF=2, Parallel=b -> Zeit: 80.4818 ms (54.965 GFLOPS)
        · teir_random:contraction_abcdef_gdab_efgc laeuft [  960s] … [NEW BEST] Trial #2 | SF=2, Parallel=b -> Zeit: 80.4818 ms (54.965 GFLOPS)
        · teir_random:contraction_abcdef_gdab_efgc laeuft [  990s] … [NEW BEST] Trial #2 | SF=2, Parallel=b -> Zeit: 80.4818 ms (54.965 GFLOPS)
        · teir_random:contraction_abcdef_gdab_efgc laeuft [ 1020s] … [NEW BEST] Trial #2 | SF=2, Parallel=b -> Zeit: 80.4818 ms (54.965 GFLOPS)
        · teir_random:contraction_abcdef_gdab_efgc laeuft [ 1051s] … [NEW BEST] Trial #2 | SF=2, Parallel=b -> Zeit: 80.4818 ms (54.965 GFLOPS)
        · teir_random:contraction_abcdef_gdab_efgc laeuft [ 1081s] … [NEW BEST] Trial #2 | SF=2, Parallel=b -> Zeit: 80.4818 ms (54.965 GFLOPS)
        · teir_random:contraction_abcdef_gdab_efgc laeuft [ 1111s] … [NEW BEST] Trial #2 | SF=2, Parallel=b -> Zeit: 80.4818 ms (54.965 GFLOPS)
        · teir_random:contraction_abcdef_gdab_efgc laeuft [ 1141s] … [NEW BEST] Trial #2 | SF=2, Parallel=b -> Zeit: 80.4818 ms (54.965 GFLOPS)
        · teir_random:contraction_abcdef_gdab_efgc laeuft [ 1171s] … [NEW BEST] Trial #2 | SF=2, Parallel=b -> Zeit: 80.4818 ms (54.965 GFLOPS)
        · teir_random:contraction_abcdef_gdab_efgc laeuft [ 1201s] … [NEW BEST] Trial #2 | SF=2, Parallel=b -> Zeit: 80.4818 ms (54.965 GFLOPS)
        · teir_random:contraction_abcdef_gdab_efgc laeuft [ 1231s] … [NEW BEST] Trial #2 | SF=2, Parallel=b -> Zeit: 80.4818 ms (54.965 GFLOPS)
        · teir_random:contraction_abcdef_gdab_efgc laeuft [ 1262s] … [NEW BEST] Trial #2 | SF=2, Parallel=b -> Zeit: 80.4818 ms (54.965 GFLOPS)
        · teir_random:contraction_abcdef_gdab_efgc laeuft [ 1292s] … [NEW BEST] Trial #2 | SF=2, Parallel=b -> Zeit: 80.4818 ms (54.965 GFLOPS)
        · teir_random:contraction_abcdef_gdab_efgc laeuft [ 1322s] … [NEW BEST] Trial #2 | SF=2, Parallel=b -> Zeit: 80.4818 ms (54.965 GFLOPS)
        · teir_random:contraction_abcdef_gdab_efgc laeuft [ 1352s] … [NEW BEST] Trial #2 | SF=2, Parallel=b -> Zeit: 80.4818 ms (54.965 GFLOPS)
        · teir_random:contraction_abcdef_gdab_efgc laeuft [ 1380s] … [NEW BEST] Trial #2 | SF=2, Parallel=b -> Zeit: 80.4818 ms (54.965 GFLOPS)
        · teir_random:contraction_abcdef_gdab_efgc laeuft [ 1410s] … [NEW BEST] Trial #2 | SF=2, Parallel=b -> Zeit: 80.4818 ms (54.965 GFLOPS)
        · teir_random:contraction_abcdef_gdab_efgc laeuft [ 1440s] … [NEW BEST] Trial #2 | SF=2, Parallel=b -> Zeit: 80.4818 ms (54.965 GFLOPS)
        · teir_random:contraction_abcdef_gdab_efgc laeuft [ 1470s] … [NEW BEST] Trial #2 | SF=2, Parallel=b -> Zeit: 80.4818 ms (54.965 GFLOPS)
        · teir_random:contraction_abcdef_gdab_efgc laeuft [ 1501s] … [NEW BEST] Trial #2 | SF=2, Parallel=b -> Zeit: 80.4818 ms (54.965 GFLOPS)
        · teir_random:contraction_abcdef_gdab_efgc laeuft [ 1531s] … [NEW BEST] Trial #2 | SF=2, Parallel=b -> Zeit: 80.4818 ms (54.965 GFLOPS)
        · teir_random:contraction_abcdef_gdab_efgc laeuft [ 1561s] … [NEW BEST] Trial #2 | SF=2, Parallel=b -> Zeit: 80.4818 ms (54.965 GFLOPS)
        · teir_random:contraction_abcdef_gdab_efgc laeuft [ 1591s] … [NEW BEST] Trial #2 | SF=2, Parallel=b -> Zeit: 80.4818 ms (54.965 GFLOPS)
        · teir_random:contraction_abcdef_gdab_efgc laeuft [ 1621s] … [NEW BEST] Trial #2 | SF=2, Parallel=b -> Zeit: 80.4818 ms (54.965 GFLOPS)
        · teir_random:contraction_abcdef_gdab_efgc laeuft [ 1651s] … [NEW BEST] Trial #2 | SF=2, Parallel=b -> Zeit: 80.4818 ms (54.965 GFLOPS)
        · teir_random:contraction_abcdef_gdab_efgc laeuft [ 1681s] … [NEW BEST] Trial #2 | SF=2, Parallel=b -> Zeit: 80.4818 ms (54.965 GFLOPS)
        · teir_random:contraction_abcdef_gdab_efgc laeuft [ 1712s] … [NEW BEST] Trial #2 | SF=2, Parallel=b -> Zeit: 80.4818 ms (54.965 GFLOPS)
        · teir_random:contraction_abcdef_gdab_efgc laeuft [ 1742s] … [NEW BEST] Trial #2 | SF=2, Parallel=b -> Zeit: 80.4818 ms (54.965 GFLOPS)
        · teir_random:contraction_abcdef_gdab_efgc laeuft [ 1772s] … [NEW BEST] Trial #2 | SF=2, Parallel=b -> Zeit: 80.4818 ms (54.965 GFLOPS)
        · teir_random:contraction_abcdef_gdab_efgc laeuft [ 1802s] … [NEW BEST] Trial #2 | SF=2, Parallel=b -> Zeit: 80.4818 ms (54.965 GFLOPS)
  [teir_random] 28/36 contraction_abcdef_gdab_efgc           55.0 GFLOPS [partial-timeout]   1802s  DONE @ 2026-08-03 01:35:08
  [teir_random] 29/36 contraction_abcdef_gdac_efgb           ... START @ 2026-08-03 01:35:08
        · teir_random:contraction_abcdef_gdac_efgb laeuft [   30s] … [NEW BEST] Trial #2 | SF=2, Parallel=b -> Zeit: 78.8648 ms (56.092 GFLOPS)
        · teir_random:contraction_abcdef_gdac_efgb laeuft [   60s] … [NEW BEST] Trial #2 | SF=2, Parallel=b -> Zeit: 78.8648 ms (56.092 GFLOPS)
        · teir_random:contraction_abcdef_gdac_efgb laeuft [   90s] … [NEW BEST] Trial #2 | SF=2, Parallel=b -> Zeit: 78.8648 ms (56.092 GFLOPS)
        · teir_random:contraction_abcdef_gdac_efgb laeuft [  120s] … [NEW BEST] Trial #2 | SF=2, Parallel=b -> Zeit: 78.8648 ms (56.092 GFLOPS)
        · teir_random:contraction_abcdef_gdac_efgb laeuft [  150s] … [NEW BEST] Trial #2 | SF=2, Parallel=b -> Zeit: 78.8648 ms (56.092 GFLOPS)
        · teir_random:contraction_abcdef_gdac_efgb laeuft [  180s] … [NEW BEST] Trial #2 | SF=2, Parallel=b -> Zeit: 78.8648 ms (56.092 GFLOPS)
        · teir_random:contraction_abcdef_gdac_efgb laeuft [  210s] … [NEW BEST] Trial #2 | SF=2, Parallel=b -> Zeit: 78.8648 ms (56.092 GFLOPS)
        · teir_random:contraction_abcdef_gdac_efgb laeuft [  240s] … [NEW BEST] Trial #2 | SF=2, Parallel=b -> Zeit: 78.8648 ms (56.092 GFLOPS)
        · teir_random:contraction_abcdef_gdac_efgb laeuft [  270s] … [NEW BEST] Trial #2 | SF=2, Parallel=b -> Zeit: 78.8648 ms (56.092 GFLOPS)
        · teir_random:contraction_abcdef_gdac_efgb laeuft [  300s] … [NEW BEST] Trial #2 | SF=2, Parallel=b -> Zeit: 78.8648 ms (56.092 GFLOPS)
        · teir_random:contraction_abcdef_gdac_efgb laeuft [  330s] … [NEW BEST] Trial #2 | SF=2, Parallel=b -> Zeit: 78.8648 ms (56.092 GFLOPS)
        · teir_random:contraction_abcdef_gdac_efgb laeuft [  360s] … [NEW BEST] Trial #2 | SF=2, Parallel=b -> Zeit: 78.8648 ms (56.092 GFLOPS)
        · teir_random:contraction_abcdef_gdac_efgb laeuft [  390s] … [NEW BEST] Trial #2 | SF=2, Parallel=b -> Zeit: 78.8648 ms (56.092 GFLOPS)
        · teir_random:contraction_abcdef_gdac_efgb laeuft [  420s] … [NEW BEST] Trial #2 | SF=2, Parallel=b -> Zeit: 78.8648 ms (56.092 GFLOPS)
        · teir_random:contraction_abcdef_gdac_efgb laeuft [  451s] … [NEW BEST] Trial #2 | SF=2, Parallel=b -> Zeit: 78.8648 ms (56.092 GFLOPS)
        · teir_random:contraction_abcdef_gdac_efgb laeuft [  481s] … [NEW BEST] Trial #2 | SF=2, Parallel=b -> Zeit: 78.8648 ms (56.092 GFLOPS)
        · teir_random:contraction_abcdef_gdac_efgb laeuft [  511s] … [NEW BEST] Trial #2 | SF=2, Parallel=b -> Zeit: 78.8648 ms (56.092 GFLOPS)
        · teir_random:contraction_abcdef_gdac_efgb laeuft [  541s] … [NEW BEST] Trial #2 | SF=2, Parallel=b -> Zeit: 78.8648 ms (56.092 GFLOPS)
        · teir_random:contraction_abcdef_gdac_efgb laeuft [  571s] … [NEW BEST] Trial #2 | SF=2, Parallel=b -> Zeit: 78.8648 ms (56.092 GFLOPS)
        · teir_random:contraction_abcdef_gdac_efgb laeuft [  601s] … [NEW BEST] Trial #2 | SF=2, Parallel=b -> Zeit: 78.8648 ms (56.092 GFLOPS)
        · teir_random:contraction_abcdef_gdac_efgb laeuft [  631s] … [NEW BEST] Trial #2 | SF=2, Parallel=b -> Zeit: 78.8648 ms (56.092 GFLOPS)
        · teir_random:contraction_abcdef_gdac_efgb laeuft [  661s] … [NEW BEST] Trial #2 | SF=2, Parallel=b -> Zeit: 78.8648 ms (56.092 GFLOPS)
        · teir_random:contraction_abcdef_gdac_efgb laeuft [  692s] … [NEW BEST] Trial #2 | SF=2, Parallel=b -> Zeit: 78.8648 ms (56.092 GFLOPS)
        · teir_random:contraction_abcdef_gdac_efgb laeuft [  722s] … [NEW BEST] Trial #2 | SF=2, Parallel=b -> Zeit: 78.8648 ms (56.092 GFLOPS)
        · teir_random:contraction_abcdef_gdac_efgb laeuft [  752s] … [NEW BEST] Trial #2 | SF=2, Parallel=b -> Zeit: 78.8648 ms (56.092 GFLOPS)
        · teir_random:contraction_abcdef_gdac_efgb laeuft [  782s] … [NEW BEST] Trial #2 | SF=2, Parallel=b -> Zeit: 78.8648 ms (56.092 GFLOPS)
        · teir_random:contraction_abcdef_gdac_efgb laeuft [  810s] … [NEW BEST] Trial #2 | SF=2, Parallel=b -> Zeit: 78.8648 ms (56.092 GFLOPS)
        · teir_random:contraction_abcdef_gdac_efgb laeuft [  840s] … [NEW BEST] Trial #2 | SF=2, Parallel=b -> Zeit: 78.8648 ms (56.092 GFLOPS)
        · teir_random:contraction_abcdef_gdac_efgb laeuft [  870s] … [NEW BEST] Trial #2 | SF=2, Parallel=b -> Zeit: 78.8648 ms (56.092 GFLOPS)
        · teir_random:contraction_abcdef_gdac_efgb laeuft [  900s] … [NEW BEST] Trial #2 | SF=2, Parallel=b -> Zeit: 78.8648 ms (56.092 GFLOPS)
        · teir_random:contraction_abcdef_gdac_efgb laeuft [  931s] … [NEW BEST] Trial #2 | SF=2, Parallel=b -> Zeit: 78.8648 ms (56.092 GFLOPS)
        · teir_random:contraction_abcdef_gdac_efgb laeuft [  961s] … [NEW BEST] Trial #2 | SF=2, Parallel=b -> Zeit: 78.8648 ms (56.092 GFLOPS)
        · teir_random:contraction_abcdef_gdac_efgb laeuft [  991s] … [NEW BEST] Trial #2 | SF=2, Parallel=b -> Zeit: 78.8648 ms (56.092 GFLOPS)
        · teir_random:contraction_abcdef_gdac_efgb laeuft [ 1021s] … [NEW BEST] Trial #2 | SF=2, Parallel=b -> Zeit: 78.8648 ms (56.092 GFLOPS)
        · teir_random:contraction_abcdef_gdac_efgb laeuft [ 1051s] … [NEW BEST] Trial #2 | SF=2, Parallel=b -> Zeit: 78.8648 ms (56.092 GFLOPS)
        · teir_random:contraction_abcdef_gdac_efgb laeuft [ 1081s] … [NEW BEST] Trial #2 | SF=2, Parallel=b -> Zeit: 78.8648 ms (56.092 GFLOPS)
        · teir_random:contraction_abcdef_gdac_efgb laeuft [ 1111s] … [NEW BEST] Trial #2 | SF=2, Parallel=b -> Zeit: 78.8648 ms (56.092 GFLOPS)
        · teir_random:contraction_abcdef_gdac_efgb laeuft [ 1141s] … [NEW BEST] Trial #2 | SF=2, Parallel=b -> Zeit: 78.8648 ms (56.092 GFLOPS)
        · teir_random:contraction_abcdef_gdac_efgb laeuft [ 1172s] … [NEW BEST] Trial #2 | SF=2, Parallel=b -> Zeit: 78.8648 ms (56.092 GFLOPS)
        · teir_random:contraction_abcdef_gdac_efgb laeuft [ 1202s] … [NEW BEST] Trial #2 | SF=2, Parallel=b -> Zeit: 78.8648 ms (56.092 GFLOPS)
        · teir_random:contraction_abcdef_gdac_efgb laeuft [ 1232s] … [NEW BEST] Trial #2 | SF=2, Parallel=b -> Zeit: 78.8648 ms (56.092 GFLOPS)
        · teir_random:contraction_abcdef_gdac_efgb laeuft [ 1262s] … [NEW BEST] Trial #2 | SF=2, Parallel=b -> Zeit: 78.8648 ms (56.092 GFLOPS)
        · teir_random:contraction_abcdef_gdac_efgb laeuft [ 1290s] … [NEW BEST] Trial #2 | SF=2, Parallel=b -> Zeit: 78.8648 ms (56.092 GFLOPS)
        · teir_random:contraction_abcdef_gdac_efgb laeuft [ 1320s] … [NEW BEST] Trial #2 | SF=2, Parallel=b -> Zeit: 78.8648 ms (56.092 GFLOPS)
        · teir_random:contraction_abcdef_gdac_efgb laeuft [ 1350s] … [NEW BEST] Trial #2 | SF=2, Parallel=b -> Zeit: 78.8648 ms (56.092 GFLOPS)
        · teir_random:contraction_abcdef_gdac_efgb laeuft [ 1380s] … [NEW BEST] Trial #2 | SF=2, Parallel=b -> Zeit: 78.8648 ms (56.092 GFLOPS)
        · teir_random:contraction_abcdef_gdac_efgb laeuft [ 1410s] … [NEW BEST] Trial #2 | SF=2, Parallel=b -> Zeit: 78.8648 ms (56.092 GFLOPS)
        · teir_random:contraction_abcdef_gdac_efgb laeuft [ 1441s] … [NEW BEST] Trial #2 | SF=2, Parallel=b -> Zeit: 78.8648 ms (56.092 GFLOPS)
        · teir_random:contraction_abcdef_gdac_efgb laeuft [ 1471s] … [NEW BEST] Trial #2 | SF=2, Parallel=b -> Zeit: 78.8648 ms (56.092 GFLOPS)
        · teir_random:contraction_abcdef_gdac_efgb laeuft [ 1501s] … [NEW BEST] Trial #2 | SF=2, Parallel=b -> Zeit: 78.8648 ms (56.092 GFLOPS)
        · teir_random:contraction_abcdef_gdac_efgb laeuft [ 1531s] … [NEW BEST] Trial #2 | SF=2, Parallel=b -> Zeit: 78.8648 ms (56.092 GFLOPS)
        · teir_random:contraction_abcdef_gdac_efgb laeuft [ 1561s] … [NEW BEST] Trial #2 | SF=2, Parallel=b -> Zeit: 78.8648 ms (56.092 GFLOPS)
        · teir_random:contraction_abcdef_gdac_efgb laeuft [ 1591s] … [NEW BEST] Trial #2 | SF=2, Parallel=b -> Zeit: 78.8648 ms (56.092 GFLOPS)
        · teir_random:contraction_abcdef_gdac_efgb laeuft [ 1621s] … [NEW BEST] Trial #2 | SF=2, Parallel=b -> Zeit: 78.8648 ms (56.092 GFLOPS)
        · teir_random:contraction_abcdef_gdac_efgb laeuft [ 1651s] … [NEW BEST] Trial #2 | SF=2, Parallel=b -> Zeit: 78.8648 ms (56.092 GFLOPS)
        · teir_random:contraction_abcdef_gdac_efgb laeuft [ 1681s] … [NEW BEST] Trial #2 | SF=2, Parallel=b -> Zeit: 78.8648 ms (56.092 GFLOPS)
        · teir_random:contraction_abcdef_gdac_efgb laeuft [ 1711s] … [NEW BEST] Trial #2 | SF=2, Parallel=b -> Zeit: 78.8648 ms (56.092 GFLOPS)
        · teir_random:contraction_abcdef_gdac_efgb laeuft [ 1742s] … [NEW BEST] Trial #2 | SF=2, Parallel=b -> Zeit: 78.8648 ms (56.092 GFLOPS)
        · teir_random:contraction_abcdef_gdac_efgb laeuft [ 1772s] … [NEW BEST] Trial #2 | SF=2, Parallel=b -> Zeit: 78.8648 ms (56.092 GFLOPS)
        · teir_random:contraction_abcdef_gdac_efgb laeuft [ 1802s] … [NEW BEST] Trial #2 | SF=2, Parallel=b -> Zeit: 78.8648 ms (56.092 GFLOPS)
  [teir_random] 29/36 contraction_abcdef_gdac_efgb           56.1 GFLOPS [partial-timeout]   1802s  DONE @ 2026-08-03 02:05:10
  [teir_random] 30/36 contraction_abcdef_gdbc_efga           ... START @ 2026-08-03 02:05:10
        · teir_random:contraction_abcdef_gdbc_efga laeuft [   30s] … [NEW BEST] Trial #2 | SF=2, Parallel=b -> Zeit: 94.8816 ms (46.6231 GFLOPS)
        · teir_random:contraction_abcdef_gdbc_efga laeuft [   60s] … [NEW BEST] Trial #2 | SF=2, Parallel=b -> Zeit: 94.8816 ms (46.6231 GFLOPS)
        · teir_random:contraction_abcdef_gdbc_efga laeuft [   90s] … [NEW BEST] Trial #2 | SF=2, Parallel=b -> Zeit: 94.8816 ms (46.6231 GFLOPS)
        · teir_random:contraction_abcdef_gdbc_efga laeuft [  120s] … [NEW BEST] Trial #2 | SF=2, Parallel=b -> Zeit: 94.8816 ms (46.6231 GFLOPS)
        · teir_random:contraction_abcdef_gdbc_efga laeuft [  150s] … [NEW BEST] Trial #2 | SF=2, Parallel=b -> Zeit: 94.8816 ms (46.6231 GFLOPS)
        · teir_random:contraction_abcdef_gdbc_efga laeuft [  181s] … [NEW BEST] Trial #2 | SF=2, Parallel=b -> Zeit: 94.8816 ms (46.6231 GFLOPS)
        · teir_random:contraction_abcdef_gdbc_efga laeuft [  211s] … [NEW BEST] Trial #2 | SF=2, Parallel=b -> Zeit: 94.8816 ms (46.6231 GFLOPS)
        · teir_random:contraction_abcdef_gdbc_efga laeuft [  241s] … [NEW BEST] Trial #2 | SF=2, Parallel=b -> Zeit: 94.8816 ms (46.6231 GFLOPS)
        · teir_random:contraction_abcdef_gdbc_efga laeuft [  271s] … [NEW BEST] Trial #2 | SF=2, Parallel=b -> Zeit: 94.8816 ms (46.6231 GFLOPS)
        · teir_random:contraction_abcdef_gdbc_efga laeuft [  301s] … [NEW BEST] Trial #2 | SF=2, Parallel=b -> Zeit: 94.8816 ms (46.6231 GFLOPS)
        · teir_random:contraction_abcdef_gdbc_efga laeuft [  331s] … [NEW BEST] Trial #2 | SF=2, Parallel=b -> Zeit: 94.8816 ms (46.6231 GFLOPS)
        · teir_random:contraction_abcdef_gdbc_efga laeuft [  361s] … [NEW BEST] Trial #2 | SF=2, Parallel=b -> Zeit: 94.8816 ms (46.6231 GFLOPS)
        · teir_random:contraction_abcdef_gdbc_efga laeuft [  391s] … [NEW BEST] Trial #2 | SF=2, Parallel=b -> Zeit: 94.8816 ms (46.6231 GFLOPS)
        · teir_random:contraction_abcdef_gdbc_efga laeuft [  421s] … [NEW BEST] Trial #2 | SF=2, Parallel=b -> Zeit: 94.8816 ms (46.6231 GFLOPS)
        · teir_random:contraction_abcdef_gdbc_efga laeuft [  451s] … [NEW BEST] Trial #2 | SF=2, Parallel=b -> Zeit: 94.8816 ms (46.6231 GFLOPS)
        · teir_random:contraction_abcdef_gdbc_efga laeuft [  482s] … [NEW BEST] Trial #2 | SF=2, Parallel=b -> Zeit: 94.8816 ms (46.6231 GFLOPS)
        · teir_random:contraction_abcdef_gdbc_efga laeuft [  512s] … [NEW BEST] Trial #2 | SF=2, Parallel=b -> Zeit: 94.8816 ms (46.6231 GFLOPS)
        · teir_random:contraction_abcdef_gdbc_efga laeuft [  542s] … [NEW BEST] Trial #2 | SF=2, Parallel=b -> Zeit: 94.8816 ms (46.6231 GFLOPS)
        · teir_random:contraction_abcdef_gdbc_efga laeuft [  572s] … [NEW BEST] Trial #2 | SF=2, Parallel=b -> Zeit: 94.8816 ms (46.6231 GFLOPS)
        · teir_random:contraction_abcdef_gdbc_efga laeuft [  602s] … [NEW BEST] Trial #2 | SF=2, Parallel=b -> Zeit: 94.8816 ms (46.6231 GFLOPS)
        · teir_random:contraction_abcdef_gdbc_efga laeuft [  630s] … [NEW BEST] Trial #2 | SF=2, Parallel=b -> Zeit: 94.8816 ms (46.6231 GFLOPS)
        · teir_random:contraction_abcdef_gdbc_efga laeuft [  660s] … [NEW BEST] Trial #2 | SF=2, Parallel=b -> Zeit: 94.8816 ms (46.6231 GFLOPS)
        · teir_random:contraction_abcdef_gdbc_efga laeuft [  690s] … [NEW BEST] Trial #2 | SF=2, Parallel=b -> Zeit: 94.8816 ms (46.6231 GFLOPS)
        · teir_random:contraction_abcdef_gdbc_efga laeuft [  720s] … [NEW BEST] Trial #2 | SF=2, Parallel=b -> Zeit: 94.8816 ms (46.6231 GFLOPS)
        · teir_random:contraction_abcdef_gdbc_efga laeuft [  750s] … [NEW BEST] Trial #2 | SF=2, Parallel=b -> Zeit: 94.8816 ms (46.6231 GFLOPS)
        · teir_random:contraction_abcdef_gdbc_efga laeuft [  781s] … [NEW BEST] Trial #2 | SF=2, Parallel=b -> Zeit: 94.8816 ms (46.6231 GFLOPS)
        · teir_random:contraction_abcdef_gdbc_efga laeuft [  811s] … [NEW BEST] Trial #2 | SF=2, Parallel=b -> Zeit: 94.8816 ms (46.6231 GFLOPS)
        · teir_random:contraction_abcdef_gdbc_efga laeuft [  841s] … [NEW BEST] Trial #2 | SF=2, Parallel=b -> Zeit: 94.8816 ms (46.6231 GFLOPS)
        · teir_random:contraction_abcdef_gdbc_efga laeuft [  871s] … [NEW BEST] Trial #2 | SF=2, Parallel=b -> Zeit: 94.8816 ms (46.6231 GFLOPS)
        · teir_random:contraction_abcdef_gdbc_efga laeuft [  901s] … [NEW BEST] Trial #2 | SF=2, Parallel=b -> Zeit: 94.8816 ms (46.6231 GFLOPS)
        · teir_random:contraction_abcdef_gdbc_efga laeuft [  931s] … [NEW BEST] Trial #2 | SF=2, Parallel=b -> Zeit: 94.8816 ms (46.6231 GFLOPS)
        · teir_random:contraction_abcdef_gdbc_efga laeuft [  961s] … [NEW BEST] Trial #2 | SF=2, Parallel=b -> Zeit: 94.8816 ms (46.6231 GFLOPS)
        · teir_random:contraction_abcdef_gdbc_efga laeuft [  991s] … [NEW BEST] Trial #2 | SF=2, Parallel=b -> Zeit: 94.8816 ms (46.6231 GFLOPS)
        · teir_random:contraction_abcdef_gdbc_efga laeuft [ 1021s] … [NEW BEST] Trial #2 | SF=2, Parallel=b -> Zeit: 94.8816 ms (46.6231 GFLOPS)
        · teir_random:contraction_abcdef_gdbc_efga laeuft [ 1051s] … [NEW BEST] Trial #2 | SF=2, Parallel=b -> Zeit: 94.8816 ms (46.6231 GFLOPS)
        · teir_random:contraction_abcdef_gdbc_efga laeuft [ 1081s] … [NEW BEST] Trial #2 | SF=2, Parallel=b -> Zeit: 94.8816 ms (46.6231 GFLOPS)
        · teir_random:contraction_abcdef_gdbc_efga laeuft [ 1112s] … [NEW BEST] Trial #2 | SF=2, Parallel=b -> Zeit: 94.8816 ms (46.6231 GFLOPS)
        · teir_random:contraction_abcdef_gdbc_efga laeuft [ 1142s] … [NEW BEST] Trial #2 | SF=2, Parallel=b -> Zeit: 94.8816 ms (46.6231 GFLOPS)
        · teir_random:contraction_abcdef_gdbc_efga laeuft [ 1172s] … [NEW BEST] Trial #2 | SF=2, Parallel=b -> Zeit: 94.8816 ms (46.6231 GFLOPS)
        · teir_random:contraction_abcdef_gdbc_efga laeuft [ 1202s] … [NEW BEST] Trial #2 | SF=2, Parallel=b -> Zeit: 94.8816 ms (46.6231 GFLOPS)
        · teir_random:contraction_abcdef_gdbc_efga laeuft [ 1232s] … [NEW BEST] Trial #2 | SF=2, Parallel=b -> Zeit: 94.8816 ms (46.6231 GFLOPS)
        · teir_random:contraction_abcdef_gdbc_efga laeuft [ 1260s] … [NEW BEST] Trial #2 | SF=2, Parallel=b -> Zeit: 94.8816 ms (46.6231 GFLOPS)
        · teir_random:contraction_abcdef_gdbc_efga laeuft [ 1290s] … [NEW BEST] Trial #2 | SF=2, Parallel=b -> Zeit: 94.8816 ms (46.6231 GFLOPS)
        · teir_random:contraction_abcdef_gdbc_efga laeuft [ 1320s] … [NEW BEST] Trial #2 | SF=2, Parallel=b -> Zeit: 94.8816 ms (46.6231 GFLOPS)
        · teir_random:contraction_abcdef_gdbc_efga laeuft [ 1350s] … [NEW BEST] Trial #2 | SF=2, Parallel=b -> Zeit: 94.8816 ms (46.6231 GFLOPS)
        · teir_random:contraction_abcdef_gdbc_efga laeuft [ 1381s] … [NEW BEST] Trial #2 | SF=2, Parallel=b -> Zeit: 94.8816 ms (46.6231 GFLOPS)
        · teir_random:contraction_abcdef_gdbc_efga laeuft [ 1411s] … [NEW BEST] Trial #2 | SF=2, Parallel=b -> Zeit: 94.8816 ms (46.6231 GFLOPS)
        · teir_random:contraction_abcdef_gdbc_efga laeuft [ 1441s] … [NEW BEST] Trial #2 | SF=2, Parallel=b -> Zeit: 94.8816 ms (46.6231 GFLOPS)
        · teir_random:contraction_abcdef_gdbc_efga laeuft [ 1471s] … [NEW BEST] Trial #2 | SF=2, Parallel=b -> Zeit: 94.8816 ms (46.6231 GFLOPS)
        · teir_random:contraction_abcdef_gdbc_efga laeuft [ 1501s] … [NEW BEST] Trial #2 | SF=2, Parallel=b -> Zeit: 94.8816 ms (46.6231 GFLOPS)
        · teir_random:contraction_abcdef_gdbc_efga laeuft [ 1531s] … [NEW BEST] Trial #2 | SF=2, Parallel=b -> Zeit: 94.8816 ms (46.6231 GFLOPS)
        · teir_random:contraction_abcdef_gdbc_efga laeuft [ 1561s] … [NEW BEST] Trial #2 | SF=2, Parallel=b -> Zeit: 94.8816 ms (46.6231 GFLOPS)
        · teir_random:contraction_abcdef_gdbc_efga laeuft [ 1591s] … [NEW BEST] Trial #2 | SF=2, Parallel=b -> Zeit: 94.8816 ms (46.6231 GFLOPS)
        · teir_random:contraction_abcdef_gdbc_efga laeuft [ 1621s] … [NEW BEST] Trial #2 | SF=2, Parallel=b -> Zeit: 94.8816 ms (46.6231 GFLOPS)
        · teir_random:contraction_abcdef_gdbc_efga laeuft [ 1651s] … [NEW BEST] Trial #2 | SF=2, Parallel=b -> Zeit: 94.8816 ms (46.6231 GFLOPS)
        · teir_random:contraction_abcdef_gdbc_efga laeuft [ 1681s] … [NEW BEST] Trial #2 | SF=2, Parallel=b -> Zeit: 94.8816 ms (46.6231 GFLOPS)
        · teir_random:contraction_abcdef_gdbc_efga laeuft [ 1712s] … [NEW BEST] Trial #2 | SF=2, Parallel=b -> Zeit: 94.8816 ms (46.6231 GFLOPS)
        · teir_random:contraction_abcdef_gdbc_efga laeuft [ 1742s] … [NEW BEST] Trial #2 | SF=2, Parallel=b -> Zeit: 94.8816 ms (46.6231 GFLOPS)
        · teir_random:contraction_abcdef_gdbc_efga laeuft [ 1772s] … [NEW BEST] Trial #2 | SF=2, Parallel=b -> Zeit: 94.8816 ms (46.6231 GFLOPS)
        · teir_random:contraction_abcdef_gdbc_efga laeuft [ 1802s] … [NEW BEST] Trial #2 | SF=2, Parallel=b -> Zeit: 94.8816 ms (46.6231 GFLOPS)
  [teir_random] 30/36 contraction_abcdef_gdbc_efga           46.6 GFLOPS [partial-timeout]   1802s  DONE @ 2026-08-03 02:35:12
  [teir_random] 31/36 contraction_abcdef_geab_dfgc           ... START @ 2026-08-03 02:35:12
        · teir_random:contraction_abcdef_geab_dfgc laeuft [   30s] … [NEW BEST] Trial #1 | SF=2, Parallel=a -> Zeit: 65.0554 ms (67.9987 GFLOPS)
        · teir_random:contraction_abcdef_geab_dfgc laeuft [   60s] … [NEW BEST] Trial #1 | SF=2, Parallel=a -> Zeit: 65.0554 ms (67.9987 GFLOPS)
        · teir_random:contraction_abcdef_geab_dfgc laeuft [   90s] … [NEW BEST] Trial #1 | SF=2, Parallel=a -> Zeit: 65.0554 ms (67.9987 GFLOPS)
        · teir_random:contraction_abcdef_geab_dfgc laeuft [  120s] … [NEW BEST] Trial #1 | SF=2, Parallel=a -> Zeit: 65.0554 ms (67.9987 GFLOPS)
        · teir_random:contraction_abcdef_geab_dfgc laeuft [  150s] … [NEW BEST] Trial #1 | SF=2, Parallel=a -> Zeit: 65.0554 ms (67.9987 GFLOPS)
        · teir_random:contraction_abcdef_geab_dfgc laeuft [  181s] … [NEW BEST] Trial #1 | SF=2, Parallel=a -> Zeit: 65.0554 ms (67.9987 GFLOPS)
        · teir_random:contraction_abcdef_geab_dfgc laeuft [  211s] … [NEW BEST] Trial #1 | SF=2, Parallel=a -> Zeit: 65.0554 ms (67.9987 GFLOPS)
        · teir_random:contraction_abcdef_geab_dfgc laeuft [  241s] … [NEW BEST] Trial #1 | SF=2, Parallel=a -> Zeit: 65.0554 ms (67.9987 GFLOPS)
        · teir_random:contraction_abcdef_geab_dfgc laeuft [  271s] … [NEW BEST] Trial #1 | SF=2, Parallel=a -> Zeit: 65.0554 ms (67.9987 GFLOPS)
        · teir_random:contraction_abcdef_geab_dfgc laeuft [  301s] … [NEW BEST] Trial #1 | SF=2, Parallel=a -> Zeit: 65.0554 ms (67.9987 GFLOPS)
        · teir_random:contraction_abcdef_geab_dfgc laeuft [  331s] … [NEW BEST] Trial #1 | SF=2, Parallel=a -> Zeit: 65.0554 ms (67.9987 GFLOPS)
        · teir_random:contraction_abcdef_geab_dfgc laeuft [  361s] … [NEW BEST] Trial #1 | SF=2, Parallel=a -> Zeit: 65.0554 ms (67.9987 GFLOPS)
        · teir_random:contraction_abcdef_geab_dfgc laeuft [  392s] … [NEW BEST] Trial #1 | SF=2, Parallel=a -> Zeit: 65.0554 ms (67.9987 GFLOPS)
        · teir_random:contraction_abcdef_geab_dfgc laeuft [  422s] … [NEW BEST] Trial #1 | SF=2, Parallel=a -> Zeit: 65.0554 ms (67.9987 GFLOPS)
        · teir_random:contraction_abcdef_geab_dfgc laeuft [  452s] … [NEW BEST] Trial #1 | SF=2, Parallel=a -> Zeit: 65.0554 ms (67.9987 GFLOPS)
        · teir_random:contraction_abcdef_geab_dfgc laeuft [  482s] … [NEW BEST] Trial #1 | SF=2, Parallel=a -> Zeit: 65.0554 ms (67.9987 GFLOPS)
        · teir_random:contraction_abcdef_geab_dfgc laeuft [  510s] … [NEW BEST] Trial #1 | SF=2, Parallel=a -> Zeit: 65.0554 ms (67.9987 GFLOPS)
        · teir_random:contraction_abcdef_geab_dfgc laeuft [  540s] … [NEW BEST] Trial #1 | SF=2, Parallel=a -> Zeit: 65.0554 ms (67.9987 GFLOPS)
        · teir_random:contraction_abcdef_geab_dfgc laeuft [  570s] … [NEW BEST] Trial #1 | SF=2, Parallel=a -> Zeit: 65.0554 ms (67.9987 GFLOPS)
        · teir_random:contraction_abcdef_geab_dfgc laeuft [  600s] … [NEW BEST] Trial #1 | SF=2, Parallel=a -> Zeit: 65.0554 ms (67.9987 GFLOPS)
        · teir_random:contraction_abcdef_geab_dfgc laeuft [  631s] … [NEW BEST] Trial #1 | SF=2, Parallel=a -> Zeit: 65.0554 ms (67.9987 GFLOPS)
        · teir_random:contraction_abcdef_geab_dfgc laeuft [  661s] … [NEW BEST] Trial #1 | SF=2, Parallel=a -> Zeit: 65.0554 ms (67.9987 GFLOPS)
        · teir_random:contraction_abcdef_geab_dfgc laeuft [  691s] … [NEW BEST] Trial #1 | SF=2, Parallel=a -> Zeit: 65.0554 ms (67.9987 GFLOPS)
        · teir_random:contraction_abcdef_geab_dfgc laeuft [  721s] … [NEW BEST] Trial #1 | SF=2, Parallel=a -> Zeit: 65.0554 ms (67.9987 GFLOPS)
        · teir_random:contraction_abcdef_geab_dfgc laeuft [  751s] … [NEW BEST] Trial #1 | SF=2, Parallel=a -> Zeit: 65.0554 ms (67.9987 GFLOPS)
        · teir_random:contraction_abcdef_geab_dfgc laeuft [  781s] … [NEW BEST] Trial #1 | SF=2, Parallel=a -> Zeit: 65.0554 ms (67.9987 GFLOPS)
        · teir_random:contraction_abcdef_geab_dfgc laeuft [  811s] … [NEW BEST] Trial #1 | SF=2, Parallel=a -> Zeit: 65.0554 ms (67.9987 GFLOPS)
        · teir_random:contraction_abcdef_geab_dfgc laeuft [  842s] … [NEW BEST] Trial #1 | SF=2, Parallel=a -> Zeit: 65.0554 ms (67.9987 GFLOPS)
        · teir_random:contraction_abcdef_geab_dfgc laeuft [  872s] … [NEW BEST] Trial #1 | SF=2, Parallel=a -> Zeit: 65.0554 ms (67.9987 GFLOPS)
        · teir_random:contraction_abcdef_geab_dfgc laeuft [  902s] … [NEW BEST] Trial #1 | SF=2, Parallel=a -> Zeit: 65.0554 ms (67.9987 GFLOPS)
        · teir_random:contraction_abcdef_geab_dfgc laeuft [  932s] … [NEW BEST] Trial #1 | SF=2, Parallel=a -> Zeit: 65.0554 ms (67.9987 GFLOPS)
        · teir_random:contraction_abcdef_geab_dfgc laeuft [  960s] … [NEW BEST] Trial #1 | SF=2, Parallel=a -> Zeit: 65.0554 ms (67.9987 GFLOPS)
        · teir_random:contraction_abcdef_geab_dfgc laeuft [  990s] … [NEW BEST] Trial #1 | SF=2, Parallel=a -> Zeit: 65.0554 ms (67.9987 GFLOPS)
        · teir_random:contraction_abcdef_geab_dfgc laeuft [ 1020s] … [NEW BEST] Trial #1 | SF=2, Parallel=a -> Zeit: 65.0554 ms (67.9987 GFLOPS)
        · teir_random:contraction_abcdef_geab_dfgc laeuft [ 1050s] … [NEW BEST] Trial #1 | SF=2, Parallel=a -> Zeit: 65.0554 ms (67.9987 GFLOPS)
        · teir_random:contraction_abcdef_geab_dfgc laeuft [ 1081s] … [NEW BEST] Trial #1 | SF=2, Parallel=a -> Zeit: 65.0554 ms (67.9987 GFLOPS)
        · teir_random:contraction_abcdef_geab_dfgc laeuft [ 1111s] … [NEW BEST] Trial #1 | SF=2, Parallel=a -> Zeit: 65.0554 ms (67.9987 GFLOPS)
        · teir_random:contraction_abcdef_geab_dfgc laeuft [ 1141s] … [NEW BEST] Trial #1 | SF=2, Parallel=a -> Zeit: 65.0554 ms (67.9987 GFLOPS)
        · teir_random:contraction_abcdef_geab_dfgc laeuft [ 1171s] … [NEW BEST] Trial #1 | SF=2, Parallel=a -> Zeit: 65.0554 ms (67.9987 GFLOPS)
        · teir_random:contraction_abcdef_geab_dfgc laeuft [ 1201s] … [NEW BEST] Trial #1 | SF=2, Parallel=a -> Zeit: 65.0554 ms (67.9987 GFLOPS)
        · teir_random:contraction_abcdef_geab_dfgc laeuft [ 1231s] … [NEW BEST] Trial #1 | SF=2, Parallel=a -> Zeit: 65.0554 ms (67.9987 GFLOPS)
        · teir_random:contraction_abcdef_geab_dfgc laeuft [ 1261s] … [NEW BEST] Trial #1 | SF=2, Parallel=a -> Zeit: 65.0554 ms (67.9987 GFLOPS)
        · teir_random:contraction_abcdef_geab_dfgc laeuft [ 1291s] … [NEW BEST] Trial #1 | SF=2, Parallel=a -> Zeit: 65.0554 ms (67.9987 GFLOPS)
        · teir_random:contraction_abcdef_geab_dfgc laeuft [ 1322s] … [NEW BEST] Trial #1 | SF=2, Parallel=a -> Zeit: 65.0554 ms (67.9987 GFLOPS)
        · teir_random:contraction_abcdef_geab_dfgc laeuft [ 1352s] … [NEW BEST] Trial #1 | SF=2, Parallel=a -> Zeit: 65.0554 ms (67.9987 GFLOPS)
        · teir_random:contraction_abcdef_geab_dfgc laeuft [ 1382s] … [NEW BEST] Trial #1 | SF=2, Parallel=a -> Zeit: 65.0554 ms (67.9987 GFLOPS)
        · teir_random:contraction_abcdef_geab_dfgc laeuft [ 1410s] … [NEW BEST] Trial #1 | SF=2, Parallel=a -> Zeit: 65.0554 ms (67.9987 GFLOPS)
        · teir_random:contraction_abcdef_geab_dfgc laeuft [ 1440s] … [NEW BEST] Trial #1 | SF=2, Parallel=a -> Zeit: 65.0554 ms (67.9987 GFLOPS)
        · teir_random:contraction_abcdef_geab_dfgc laeuft [ 1470s] … [NEW BEST] Trial #1 | SF=2, Parallel=a -> Zeit: 65.0554 ms (67.9987 GFLOPS)
        · teir_random:contraction_abcdef_geab_dfgc laeuft [ 1500s] … [NEW BEST] Trial #1 | SF=2, Parallel=a -> Zeit: 65.0554 ms (67.9987 GFLOPS)
        · teir_random:contraction_abcdef_geab_dfgc laeuft [ 1531s] … [NEW BEST] Trial #1 | SF=2, Parallel=a -> Zeit: 65.0554 ms (67.9987 GFLOPS)
        · teir_random:contraction_abcdef_geab_dfgc laeuft [ 1561s] … [NEW BEST] Trial #1 | SF=2, Parallel=a -> Zeit: 65.0554 ms (67.9987 GFLOPS)
        · teir_random:contraction_abcdef_geab_dfgc laeuft [ 1591s] … [NEW BEST] Trial #1 | SF=2, Parallel=a -> Zeit: 65.0554 ms (67.9987 GFLOPS)
        · teir_random:contraction_abcdef_geab_dfgc laeuft [ 1621s] … [NEW BEST] Trial #1 | SF=2, Parallel=a -> Zeit: 65.0554 ms (67.9987 GFLOPS)
        · teir_random:contraction_abcdef_geab_dfgc laeuft [ 1651s] … [NEW BEST] Trial #1 | SF=2, Parallel=a -> Zeit: 65.0554 ms (67.9987 GFLOPS)
        · teir_random:contraction_abcdef_geab_dfgc laeuft [ 1681s] … [NEW BEST] Trial #1 | SF=2, Parallel=a -> Zeit: 65.0554 ms (67.9987 GFLOPS)
        · teir_random:contraction_abcdef_geab_dfgc laeuft [ 1711s] … [NEW BEST] Trial #1 | SF=2, Parallel=a -> Zeit: 65.0554 ms (67.9987 GFLOPS)
        · teir_random:contraction_abcdef_geab_dfgc laeuft [ 1741s] … [NEW BEST] Trial #1 | SF=2, Parallel=a -> Zeit: 65.0554 ms (67.9987 GFLOPS)
        · teir_random:contraction_abcdef_geab_dfgc laeuft [ 1772s] … [NEW BEST] Trial #1 | SF=2, Parallel=a -> Zeit: 65.0554 ms (67.9987 GFLOPS)
        · teir_random:contraction_abcdef_geab_dfgc laeuft [ 1802s] … [NEW BEST] Trial #1 | SF=2, Parallel=a -> Zeit: 65.0554 ms (67.9987 GFLOPS)
  [teir_random] 31/36 contraction_abcdef_geab_dfgc           68.0 GFLOPS [partial-timeout]   1802s  DONE @ 2026-08-03 03:05:13
  [teir_random] 32/36 contraction_abcdef_geac_dfgb           ... START @ 2026-08-03 03:05:13
        · teir_random:contraction_abcdef_geac_dfgb laeuft [   30s] … [NEW BEST] Trial #1 | SF=2, Parallel=a -> Zeit: 59.7482 ms (74.0387 GFLOPS)
        · teir_random:contraction_abcdef_geac_dfgb laeuft [   60s] … [NEW BEST] Trial #1 | SF=2, Parallel=a -> Zeit: 59.7482 ms (74.0387 GFLOPS)
        · teir_random:contraction_abcdef_geac_dfgb laeuft [   90s] … [NEW BEST] Trial #1 | SF=2, Parallel=a -> Zeit: 59.7482 ms (74.0387 GFLOPS)
        · teir_random:contraction_abcdef_geac_dfgb laeuft [  121s] … [NEW BEST] Trial #1 | SF=2, Parallel=a -> Zeit: 59.7482 ms (74.0387 GFLOPS)
        · teir_random:contraction_abcdef_geac_dfgb laeuft [  151s] … [NEW BEST] Trial #1 | SF=2, Parallel=a -> Zeit: 59.7482 ms (74.0387 GFLOPS)
        · teir_random:contraction_abcdef_geac_dfgb laeuft [  181s] … [NEW BEST] Trial #1 | SF=2, Parallel=a -> Zeit: 59.7482 ms (74.0387 GFLOPS)
        · teir_random:contraction_abcdef_geac_dfgb laeuft [  211s] … [NEW BEST] Trial #1 | SF=2, Parallel=a -> Zeit: 59.7482 ms (74.0387 GFLOPS)
        · teir_random:contraction_abcdef_geac_dfgb laeuft [  241s] … [NEW BEST] Trial #1 | SF=2, Parallel=a -> Zeit: 59.7482 ms (74.0387 GFLOPS)
        · teir_random:contraction_abcdef_geac_dfgb laeuft [  271s] … [NEW BEST] Trial #1 | SF=2, Parallel=a -> Zeit: 59.7482 ms (74.0387 GFLOPS)
        · teir_random:contraction_abcdef_geac_dfgb laeuft [  301s] … [NEW BEST] Trial #1 | SF=2, Parallel=a -> Zeit: 59.7482 ms (74.0387 GFLOPS)
        · teir_random:contraction_abcdef_geac_dfgb laeuft [  331s] … [NEW BEST] Trial #1 | SF=2, Parallel=a -> Zeit: 59.7482 ms (74.0387 GFLOPS)
        · teir_random:contraction_abcdef_geac_dfgb laeuft [  362s] … [NEW BEST] Trial #1 | SF=2, Parallel=a -> Zeit: 59.7482 ms (74.0387 GFLOPS)
        · teir_random:contraction_abcdef_geac_dfgb laeuft [  392s] … [NEW BEST] Trial #1 | SF=2, Parallel=a -> Zeit: 59.7482 ms (74.0387 GFLOPS)
        · teir_random:contraction_abcdef_geac_dfgb laeuft [  422s] … [NEW BEST] Trial #1 | SF=2, Parallel=a -> Zeit: 59.7482 ms (74.0387 GFLOPS)
        · teir_random:contraction_abcdef_geac_dfgb laeuft [  452s] … [NEW BEST] Trial #1 | SF=2, Parallel=a -> Zeit: 59.7482 ms (74.0387 GFLOPS)
        · teir_random:contraction_abcdef_geac_dfgb laeuft [  480s] … [NEW BEST] Trial #1 | SF=2, Parallel=a -> Zeit: 59.7482 ms (74.0387 GFLOPS)
        · teir_random:contraction_abcdef_geac_dfgb laeuft [  510s] … [NEW BEST] Trial #1 | SF=2, Parallel=a -> Zeit: 59.7482 ms (74.0387 GFLOPS)
        · teir_random:contraction_abcdef_geac_dfgb laeuft [  540s] … [NEW BEST] Trial #1 | SF=2, Parallel=a -> Zeit: 59.7482 ms (74.0387 GFLOPS)
        · teir_random:contraction_abcdef_geac_dfgb laeuft [  570s] … [NEW BEST] Trial #1 | SF=2, Parallel=a -> Zeit: 59.7482 ms (74.0387 GFLOPS)
        · teir_random:contraction_abcdef_geac_dfgb laeuft [  601s] … [NEW BEST] Trial #1 | SF=2, Parallel=a -> Zeit: 59.7482 ms (74.0387 GFLOPS)
        · teir_random:contraction_abcdef_geac_dfgb laeuft [  631s] … [NEW BEST] Trial #1 | SF=2, Parallel=a -> Zeit: 59.7482 ms (74.0387 GFLOPS)
        · teir_random:contraction_abcdef_geac_dfgb laeuft [  661s] … [NEW BEST] Trial #1 | SF=2, Parallel=a -> Zeit: 59.7482 ms (74.0387 GFLOPS)
        · teir_random:contraction_abcdef_geac_dfgb laeuft [  691s] … [NEW BEST] Trial #1 | SF=2, Parallel=a -> Zeit: 59.7482 ms (74.0387 GFLOPS)
        · teir_random:contraction_abcdef_geac_dfgb laeuft [  721s] … [NEW BEST] Trial #1 | SF=2, Parallel=a -> Zeit: 59.7482 ms (74.0387 GFLOPS)
        · teir_random:contraction_abcdef_geac_dfgb laeuft [  751s] … [NEW BEST] Trial #1 | SF=2, Parallel=a -> Zeit: 59.7482 ms (74.0387 GFLOPS)
        · teir_random:contraction_abcdef_geac_dfgb laeuft [  781s] … [NEW BEST] Trial #1 | SF=2, Parallel=a -> Zeit: 59.7482 ms (74.0387 GFLOPS)
        · teir_random:contraction_abcdef_geac_dfgb laeuft [  812s] … [NEW BEST] Trial #1 | SF=2, Parallel=a -> Zeit: 59.7482 ms (74.0387 GFLOPS)
        · teir_random:contraction_abcdef_geac_dfgb laeuft [  842s] … [NEW BEST] Trial #1 | SF=2, Parallel=a -> Zeit: 59.7482 ms (74.0387 GFLOPS)
        · teir_random:contraction_abcdef_geac_dfgb laeuft [  872s] … [NEW BEST] Trial #1 | SF=2, Parallel=a -> Zeit: 59.7482 ms (74.0387 GFLOPS)
        · teir_random:contraction_abcdef_geac_dfgb laeuft [  902s] … [NEW BEST] Trial #1 | SF=2, Parallel=a -> Zeit: 59.7482 ms (74.0387 GFLOPS)
        · teir_random:contraction_abcdef_geac_dfgb laeuft [  930s] … [NEW BEST] Trial #1 | SF=2, Parallel=a -> Zeit: 59.7482 ms (74.0387 GFLOPS)
        · teir_random:contraction_abcdef_geac_dfgb laeuft [  960s] … [NEW BEST] Trial #1 | SF=2, Parallel=a -> Zeit: 59.7482 ms (74.0387 GFLOPS)
        · teir_random:contraction_abcdef_geac_dfgb laeuft [  990s] … [NEW BEST] Trial #1 | SF=2, Parallel=a -> Zeit: 59.7482 ms (74.0387 GFLOPS)
        · teir_random:contraction_abcdef_geac_dfgb laeuft [ 1020s] … [NEW BEST] Trial #1 | SF=2, Parallel=a -> Zeit: 59.7482 ms (74.0387 GFLOPS)
        · teir_random:contraction_abcdef_geac_dfgb laeuft [ 1051s] … [NEW BEST] Trial #1 | SF=2, Parallel=a -> Zeit: 59.7482 ms (74.0387 GFLOPS)
        · teir_random:contraction_abcdef_geac_dfgb laeuft [ 1081s] … [NEW BEST] Trial #1 | SF=2, Parallel=a -> Zeit: 59.7482 ms (74.0387 GFLOPS)
        · teir_random:contraction_abcdef_geac_dfgb laeuft [ 1111s] … [NEW BEST] Trial #1 | SF=2, Parallel=a -> Zeit: 59.7482 ms (74.0387 GFLOPS)
        · teir_random:contraction_abcdef_geac_dfgb laeuft [ 1141s] … [NEW BEST] Trial #1 | SF=2, Parallel=a -> Zeit: 59.7482 ms (74.0387 GFLOPS)
        · teir_random:contraction_abcdef_geac_dfgb laeuft [ 1171s] … [NEW BEST] Trial #1 | SF=2, Parallel=a -> Zeit: 59.7482 ms (74.0387 GFLOPS)
        · teir_random:contraction_abcdef_geac_dfgb laeuft [ 1201s] … [NEW BEST] Trial #1 | SF=2, Parallel=a -> Zeit: 59.7482 ms (74.0387 GFLOPS)
        · teir_random:contraction_abcdef_geac_dfgb laeuft [ 1231s] … [NEW BEST] Trial #1 | SF=2, Parallel=a -> Zeit: 59.7482 ms (74.0387 GFLOPS)
        · teir_random:contraction_abcdef_geac_dfgb laeuft [ 1261s] … [NEW BEST] Trial #1 | SF=2, Parallel=a -> Zeit: 59.7482 ms (74.0387 GFLOPS)
        · teir_random:contraction_abcdef_geac_dfgb laeuft [ 1292s] … [NEW BEST] Trial #1 | SF=2, Parallel=a -> Zeit: 59.7482 ms (74.0387 GFLOPS)
        · teir_random:contraction_abcdef_geac_dfgb laeuft [ 1322s] … [NEW BEST] Trial #1 | SF=2, Parallel=a -> Zeit: 59.7482 ms (74.0387 GFLOPS)
        · teir_random:contraction_abcdef_geac_dfgb laeuft [ 1352s] … [NEW BEST] Trial #1 | SF=2, Parallel=a -> Zeit: 59.7482 ms (74.0387 GFLOPS)
        · teir_random:contraction_abcdef_geac_dfgb laeuft [ 1382s] … [NEW BEST] Trial #1 | SF=2, Parallel=a -> Zeit: 59.7482 ms (74.0387 GFLOPS)
        · teir_random:contraction_abcdef_geac_dfgb laeuft [ 1410s] … [NEW BEST] Trial #1 | SF=2, Parallel=a -> Zeit: 59.7482 ms (74.0387 GFLOPS)
        · teir_random:contraction_abcdef_geac_dfgb laeuft [ 1440s] … [NEW BEST] Trial #1 | SF=2, Parallel=a -> Zeit: 59.7482 ms (74.0387 GFLOPS)
        · teir_random:contraction_abcdef_geac_dfgb laeuft [ 1470s] … [NEW BEST] Trial #1 | SF=2, Parallel=a -> Zeit: 59.7482 ms (74.0387 GFLOPS)
        · teir_random:contraction_abcdef_geac_dfgb laeuft [ 1501s] … [NEW BEST] Trial #1 | SF=2, Parallel=a -> Zeit: 59.7482 ms (74.0387 GFLOPS)
        · teir_random:contraction_abcdef_geac_dfgb laeuft [ 1531s] … [NEW BEST] Trial #1 | SF=2, Parallel=a -> Zeit: 59.7482 ms (74.0387 GFLOPS)
        · teir_random:contraction_abcdef_geac_dfgb laeuft [ 1561s] … [NEW BEST] Trial #1 | SF=2, Parallel=a -> Zeit: 59.7482 ms (74.0387 GFLOPS)
        · teir_random:contraction_abcdef_geac_dfgb laeuft [ 1591s] … [NEW BEST] Trial #1 | SF=2, Parallel=a -> Zeit: 59.7482 ms (74.0387 GFLOPS)
        · teir_random:contraction_abcdef_geac_dfgb laeuft [ 1621s] … [NEW BEST] Trial #1 | SF=2, Parallel=a -> Zeit: 59.7482 ms (74.0387 GFLOPS)
        · teir_random:contraction_abcdef_geac_dfgb laeuft [ 1651s] … [NEW BEST] Trial #1 | SF=2, Parallel=a -> Zeit: 59.7482 ms (74.0387 GFLOPS)
        · teir_random:contraction_abcdef_geac_dfgb laeuft [ 1681s] … [NEW BEST] Trial #1 | SF=2, Parallel=a -> Zeit: 59.7482 ms (74.0387 GFLOPS)
        · teir_random:contraction_abcdef_geac_dfgb laeuft [ 1711s] … [NEW BEST] Trial #1 | SF=2, Parallel=a -> Zeit: 59.7482 ms (74.0387 GFLOPS)
        · teir_random:contraction_abcdef_geac_dfgb laeuft [ 1742s] … [NEW BEST] Trial #1 | SF=2, Parallel=a -> Zeit: 59.7482 ms (74.0387 GFLOPS)
        · teir_random:contraction_abcdef_geac_dfgb laeuft [ 1772s] … [NEW BEST] Trial #1 | SF=2, Parallel=a -> Zeit: 59.7482 ms (74.0387 GFLOPS)
        · teir_random:contraction_abcdef_geac_dfgb laeuft [ 1802s] … [NEW BEST] Trial #1 | SF=2, Parallel=a -> Zeit: 59.7482 ms (74.0387 GFLOPS)
  [teir_random] 32/36 contraction_abcdef_geac_dfgb           74.0 GFLOPS [partial-timeout]   1802s  DONE @ 2026-08-03 03:35:15
  [teir_random] 33/36 contraction_abcdef_gebc_dfga           ... START @ 2026-08-03 03:35:15
        · teir_random:contraction_abcdef_gebc_dfga laeuft [   30s] … [NEW BEST] Trial #1 | SF=2, Parallel=a -> Zeit: 61.1524 ms (72.3386 GFLOPS)
        · teir_random:contraction_abcdef_gebc_dfga laeuft [   60s] … [NEW BEST] Trial #1 | SF=2, Parallel=a -> Zeit: 61.1524 ms (72.3386 GFLOPS)
        · teir_random:contraction_abcdef_gebc_dfga laeuft [   90s] … [NEW BEST] Trial #1 | SF=2, Parallel=a -> Zeit: 61.1524 ms (72.3386 GFLOPS)
        · teir_random:contraction_abcdef_gebc_dfga laeuft [  121s] … [NEW BEST] Trial #1 | SF=2, Parallel=a -> Zeit: 61.1524 ms (72.3386 GFLOPS)
        · teir_random:contraction_abcdef_gebc_dfga laeuft [  151s] … [NEW BEST] Trial #1 | SF=2, Parallel=a -> Zeit: 61.1524 ms (72.3386 GFLOPS)
        · teir_random:contraction_abcdef_gebc_dfga laeuft [  181s] … [NEW BEST] Trial #1 | SF=2, Parallel=a -> Zeit: 61.1524 ms (72.3386 GFLOPS)
        · teir_random:contraction_abcdef_gebc_dfga laeuft [  211s] … [NEW BEST] Trial #1 | SF=2, Parallel=a -> Zeit: 61.1524 ms (72.3386 GFLOPS)
        · teir_random:contraction_abcdef_gebc_dfga laeuft [  241s] … [NEW BEST] Trial #1 | SF=2, Parallel=a -> Zeit: 61.1524 ms (72.3386 GFLOPS)
        · teir_random:contraction_abcdef_gebc_dfga laeuft [  271s] … [NEW BEST] Trial #1 | SF=2, Parallel=a -> Zeit: 61.1524 ms (72.3386 GFLOPS)
        · teir_random:contraction_abcdef_gebc_dfga laeuft [  301s] … [NEW BEST] Trial #1 | SF=2, Parallel=a -> Zeit: 61.1524 ms (72.3386 GFLOPS)
        · teir_random:contraction_abcdef_gebc_dfga laeuft [  331s] … [NEW BEST] Trial #1 | SF=2, Parallel=a -> Zeit: 61.1524 ms (72.3386 GFLOPS)
        · teir_random:contraction_abcdef_gebc_dfga laeuft [  362s] … [NEW BEST] Trial #1 | SF=2, Parallel=a -> Zeit: 61.1524 ms (72.3386 GFLOPS)
        · teir_random:contraction_abcdef_gebc_dfga laeuft [  392s] … [NEW BEST] Trial #1 | SF=2, Parallel=a -> Zeit: 61.1524 ms (72.3386 GFLOPS)
        · teir_random:contraction_abcdef_gebc_dfga laeuft [  422s] … [NEW BEST] Trial #1 | SF=2, Parallel=a -> Zeit: 61.1524 ms (72.3386 GFLOPS)
        · teir_random:contraction_abcdef_gebc_dfga laeuft [  450s] … [NEW BEST] Trial #1 | SF=2, Parallel=a -> Zeit: 61.1524 ms (72.3386 GFLOPS)
        · teir_random:contraction_abcdef_gebc_dfga laeuft [  480s] … [NEW BEST] Trial #1 | SF=2, Parallel=a -> Zeit: 61.1524 ms (72.3386 GFLOPS)
        · teir_random:contraction_abcdef_gebc_dfga laeuft [  510s] … [NEW BEST] Trial #1 | SF=2, Parallel=a -> Zeit: 61.1524 ms (72.3386 GFLOPS)
        · teir_random:contraction_abcdef_gebc_dfga laeuft [  540s] … [NEW BEST] Trial #1 | SF=2, Parallel=a -> Zeit: 61.1524 ms (72.3386 GFLOPS)
        · teir_random:contraction_abcdef_gebc_dfga laeuft [  571s] … [NEW BEST] Trial #1 | SF=2, Parallel=a -> Zeit: 61.1524 ms (72.3386 GFLOPS)
        · teir_random:contraction_abcdef_gebc_dfga laeuft [  601s] … [NEW BEST] Trial #1 | SF=2, Parallel=a -> Zeit: 61.1524 ms (72.3386 GFLOPS)
        · teir_random:contraction_abcdef_gebc_dfga laeuft [  631s] … [NEW BEST] Trial #1 | SF=2, Parallel=a -> Zeit: 61.1524 ms (72.3386 GFLOPS)
        · teir_random:contraction_abcdef_gebc_dfga laeuft [  661s] … [NEW BEST] Trial #1 | SF=2, Parallel=a -> Zeit: 61.1524 ms (72.3386 GFLOPS)
        · teir_random:contraction_abcdef_gebc_dfga laeuft [  691s] … [NEW BEST] Trial #1 | SF=2, Parallel=a -> Zeit: 61.1524 ms (72.3386 GFLOPS)
        · teir_random:contraction_abcdef_gebc_dfga laeuft [  721s] … [NEW BEST] Trial #1 | SF=2, Parallel=a -> Zeit: 61.1524 ms (72.3386 GFLOPS)
        · teir_random:contraction_abcdef_gebc_dfga laeuft [  751s] … [NEW BEST] Trial #1 | SF=2, Parallel=a -> Zeit: 61.1524 ms (72.3386 GFLOPS)
        · teir_random:contraction_abcdef_gebc_dfga laeuft [  781s] … [NEW BEST] Trial #1 | SF=2, Parallel=a -> Zeit: 61.1524 ms (72.3386 GFLOPS)
        · teir_random:contraction_abcdef_gebc_dfga laeuft [  812s] … [NEW BEST] Trial #1 | SF=2, Parallel=a -> Zeit: 61.1524 ms (72.3386 GFLOPS)
        · teir_random:contraction_abcdef_gebc_dfga laeuft [  842s] … [NEW BEST] Trial #1 | SF=2, Parallel=a -> Zeit: 61.1524 ms (72.3386 GFLOPS)
        · teir_random:contraction_abcdef_gebc_dfga laeuft [  872s] … [NEW BEST] Trial #1 | SF=2, Parallel=a -> Zeit: 61.1524 ms (72.3386 GFLOPS)
        · teir_random:contraction_abcdef_gebc_dfga laeuft [  902s] … [NEW BEST] Trial #1 | SF=2, Parallel=a -> Zeit: 61.1524 ms (72.3386 GFLOPS)
        · teir_random:contraction_abcdef_gebc_dfga laeuft [  930s] … [NEW BEST] Trial #1 | SF=2, Parallel=a -> Zeit: 61.1524 ms (72.3386 GFLOPS)
        · teir_random:contraction_abcdef_gebc_dfga laeuft [  960s] … [NEW BEST] Trial #1 | SF=2, Parallel=a -> Zeit: 61.1524 ms (72.3386 GFLOPS)
        · teir_random:contraction_abcdef_gebc_dfga laeuft [  990s] … [NEW BEST] Trial #1 | SF=2, Parallel=a -> Zeit: 61.1524 ms (72.3386 GFLOPS)
        · teir_random:contraction_abcdef_gebc_dfga laeuft [ 1021s] … [NEW BEST] Trial #1 | SF=2, Parallel=a -> Zeit: 61.1524 ms (72.3386 GFLOPS)
        · teir_random:contraction_abcdef_gebc_dfga laeuft [ 1051s] … [NEW BEST] Trial #1 | SF=2, Parallel=a -> Zeit: 61.1524 ms (72.3386 GFLOPS)
        · teir_random:contraction_abcdef_gebc_dfga laeuft [ 1081s] … [NEW BEST] Trial #1 | SF=2, Parallel=a -> Zeit: 61.1524 ms (72.3386 GFLOPS)
        · teir_random:contraction_abcdef_gebc_dfga laeuft [ 1111s] … [NEW BEST] Trial #1 | SF=2, Parallel=a -> Zeit: 61.1524 ms (72.3386 GFLOPS)
        · teir_random:contraction_abcdef_gebc_dfga laeuft [ 1141s] … [NEW BEST] Trial #1 | SF=2, Parallel=a -> Zeit: 61.1524 ms (72.3386 GFLOPS)
        · teir_random:contraction_abcdef_gebc_dfga laeuft [ 1171s] … [NEW BEST] Trial #1 | SF=2, Parallel=a -> Zeit: 61.1524 ms (72.3386 GFLOPS)
        · teir_random:contraction_abcdef_gebc_dfga laeuft [ 1201s] … [NEW BEST] Trial #1 | SF=2, Parallel=a -> Zeit: 61.1524 ms (72.3386 GFLOPS)
        · teir_random:contraction_abcdef_gebc_dfga laeuft [ 1231s] … [NEW BEST] Trial #1 | SF=2, Parallel=a -> Zeit: 61.1524 ms (72.3386 GFLOPS)
        · teir_random:contraction_abcdef_gebc_dfga laeuft [ 1262s] … [NEW BEST] Trial #1 | SF=2, Parallel=a -> Zeit: 61.1524 ms (72.3386 GFLOPS)
        · teir_random:contraction_abcdef_gebc_dfga laeuft [ 1292s] … [NEW BEST] Trial #1 | SF=2, Parallel=a -> Zeit: 61.1524 ms (72.3386 GFLOPS)
        · teir_random:contraction_abcdef_gebc_dfga laeuft [ 1322s] … [NEW BEST] Trial #1 | SF=2, Parallel=a -> Zeit: 61.1524 ms (72.3386 GFLOPS)
        · teir_random:contraction_abcdef_gebc_dfga laeuft [ 1352s] … [NEW BEST] Trial #1 | SF=2, Parallel=a -> Zeit: 61.1524 ms (72.3386 GFLOPS)
        · teir_random:contraction_abcdef_gebc_dfga laeuft [ 1380s] … [NEW BEST] Trial #1 | SF=2, Parallel=a -> Zeit: 61.1524 ms (72.3386 GFLOPS)
        · teir_random:contraction_abcdef_gebc_dfga laeuft [ 1410s] … [NEW BEST] Trial #1 | SF=2, Parallel=a -> Zeit: 61.1524 ms (72.3386 GFLOPS)
        · teir_random:contraction_abcdef_gebc_dfga laeuft [ 1440s] … [NEW BEST] Trial #1 | SF=2, Parallel=a -> Zeit: 61.1524 ms (72.3386 GFLOPS)
        · teir_random:contraction_abcdef_gebc_dfga laeuft [ 1471s] … [NEW BEST] Trial #1 | SF=2, Parallel=a -> Zeit: 61.1524 ms (72.3386 GFLOPS)
        · teir_random:contraction_abcdef_gebc_dfga laeuft [ 1501s] … [NEW BEST] Trial #1 | SF=2, Parallel=a -> Zeit: 61.1524 ms (72.3386 GFLOPS)
        · teir_random:contraction_abcdef_gebc_dfga laeuft [ 1531s] … [NEW BEST] Trial #1 | SF=2, Parallel=a -> Zeit: 61.1524 ms (72.3386 GFLOPS)
        · teir_random:contraction_abcdef_gebc_dfga laeuft [ 1561s] … [NEW BEST] Trial #1 | SF=2, Parallel=a -> Zeit: 61.1524 ms (72.3386 GFLOPS)
        · teir_random:contraction_abcdef_gebc_dfga laeuft [ 1591s] … [NEW BEST] Trial #1 | SF=2, Parallel=a -> Zeit: 61.1524 ms (72.3386 GFLOPS)
        · teir_random:contraction_abcdef_gebc_dfga laeuft [ 1621s] … [NEW BEST] Trial #1 | SF=2, Parallel=a -> Zeit: 61.1524 ms (72.3386 GFLOPS)
        · teir_random:contraction_abcdef_gebc_dfga laeuft [ 1651s] … [NEW BEST] Trial #1 | SF=2, Parallel=a -> Zeit: 61.1524 ms (72.3386 GFLOPS)
        · teir_random:contraction_abcdef_gebc_dfga laeuft [ 1681s] … [NEW BEST] Trial #1 | SF=2, Parallel=a -> Zeit: 61.1524 ms (72.3386 GFLOPS)
        · teir_random:contraction_abcdef_gebc_dfga laeuft [ 1712s] … [NEW BEST] Trial #1 | SF=2, Parallel=a -> Zeit: 61.1524 ms (72.3386 GFLOPS)
        · teir_random:contraction_abcdef_gebc_dfga laeuft [ 1742s] … [NEW BEST] Trial #1 | SF=2, Parallel=a -> Zeit: 61.1524 ms (72.3386 GFLOPS)
        · teir_random:contraction_abcdef_gebc_dfga laeuft [ 1772s] … [NEW BEST] Trial #1 | SF=2, Parallel=a -> Zeit: 61.1524 ms (72.3386 GFLOPS)
        · teir_random:contraction_abcdef_gebc_dfga laeuft [ 1802s] … [NEW BEST] Trial #1 | SF=2, Parallel=a -> Zeit: 61.1524 ms (72.3386 GFLOPS)
  [teir_random] 33/36 contraction_abcdef_gebc_dfga           72.3 GFLOPS [partial-timeout]   1802s  DONE @ 2026-08-03 04:05:17
  [teir_random] 34/36 contraction_abcdef_gfab_degc           ... START @ 2026-08-03 04:05:17
        · teir_random:contraction_abcdef_gfab_degc laeuft [   30s] … [NEW BEST] Trial #1 | SF=2, Parallel=a -> Zeit: 76.8105 ms (57.5922 GFLOPS)
        · teir_random:contraction_abcdef_gfab_degc laeuft [   60s] … [NEW BEST] Trial #1 | SF=2, Parallel=a -> Zeit: 76.8105 ms (57.5922 GFLOPS)
        · teir_random:contraction_abcdef_gfab_degc laeuft [   90s] … [NEW BEST] Trial #1 | SF=2, Parallel=a -> Zeit: 76.8105 ms (57.5922 GFLOPS)
        · teir_random:contraction_abcdef_gfab_degc laeuft [  121s] … [NEW BEST] Trial #1 | SF=2, Parallel=a -> Zeit: 76.8105 ms (57.5922 GFLOPS)
        · teir_random:contraction_abcdef_gfab_degc laeuft [  151s] … [NEW BEST] Trial #1 | SF=2, Parallel=a -> Zeit: 76.8105 ms (57.5922 GFLOPS)
        · teir_random:contraction_abcdef_gfab_degc laeuft [  181s] … [NEW BEST] Trial #1 | SF=2, Parallel=a -> Zeit: 76.8105 ms (57.5922 GFLOPS)
        · teir_random:contraction_abcdef_gfab_degc laeuft [  211s] … [NEW BEST] Trial #1 | SF=2, Parallel=a -> Zeit: 76.8105 ms (57.5922 GFLOPS)
        · teir_random:contraction_abcdef_gfab_degc laeuft [  241s] … [NEW BEST] Trial #1 | SF=2, Parallel=a -> Zeit: 76.8105 ms (57.5922 GFLOPS)
        · teir_random:contraction_abcdef_gfab_degc laeuft [  271s] … [NEW BEST] Trial #1 | SF=2, Parallel=a -> Zeit: 76.8105 ms (57.5922 GFLOPS)
        · teir_random:contraction_abcdef_gfab_degc laeuft [  301s] … [NEW BEST] Trial #1 | SF=2, Parallel=a -> Zeit: 76.8105 ms (57.5922 GFLOPS)
        · teir_random:contraction_abcdef_gfab_degc laeuft [  331s] … [NEW BEST] Trial #1 | SF=2, Parallel=a -> Zeit: 76.8105 ms (57.5922 GFLOPS)
        · teir_random:contraction_abcdef_gfab_degc laeuft [  362s] … [NEW BEST] Trial #1 | SF=2, Parallel=a -> Zeit: 76.8105 ms (57.5922 GFLOPS)
        · teir_random:contraction_abcdef_gfab_degc laeuft [  392s] … [NEW BEST] Trial #1 | SF=2, Parallel=a -> Zeit: 76.8105 ms (57.5922 GFLOPS)
        · teir_random:contraction_abcdef_gfab_degc laeuft [  422s] … [NEW BEST] Trial #1 | SF=2, Parallel=a -> Zeit: 76.8105 ms (57.5922 GFLOPS)
        · teir_random:contraction_abcdef_gfab_degc laeuft [  452s] … [NEW BEST] Trial #1 | SF=2, Parallel=a -> Zeit: 76.8105 ms (57.5922 GFLOPS)
        · teir_random:contraction_abcdef_gfab_degc laeuft [  480s] … [NEW BEST] Trial #1 | SF=2, Parallel=a -> Zeit: 76.8105 ms (57.5922 GFLOPS)
        · teir_random:contraction_abcdef_gfab_degc laeuft [  510s] … [NEW BEST] Trial #1 | SF=2, Parallel=a -> Zeit: 76.8105 ms (57.5922 GFLOPS)
        · teir_random:contraction_abcdef_gfab_degc laeuft [  540s] … [NEW BEST] Trial #1 | SF=2, Parallel=a -> Zeit: 76.8105 ms (57.5922 GFLOPS)
        · teir_random:contraction_abcdef_gfab_degc laeuft [  570s] … [NEW BEST] Trial #1 | SF=2, Parallel=a -> Zeit: 76.8105 ms (57.5922 GFLOPS)
        · teir_random:contraction_abcdef_gfab_degc laeuft [  601s] … [NEW BEST] Trial #1 | SF=2, Parallel=a -> Zeit: 76.8105 ms (57.5922 GFLOPS)
        · teir_random:contraction_abcdef_gfab_degc laeuft [  631s] … [NEW BEST] Trial #1 | SF=2, Parallel=a -> Zeit: 76.8105 ms (57.5922 GFLOPS)
        · teir_random:contraction_abcdef_gfab_degc laeuft [  661s] … [NEW BEST] Trial #1 | SF=2, Parallel=a -> Zeit: 76.8105 ms (57.5922 GFLOPS)
        · teir_random:contraction_abcdef_gfab_degc laeuft [  691s] … [NEW BEST] Trial #1 | SF=2, Parallel=a -> Zeit: 76.8105 ms (57.5922 GFLOPS)
        · teir_random:contraction_abcdef_gfab_degc laeuft [  721s] … [NEW BEST] Trial #1 | SF=2, Parallel=a -> Zeit: 76.8105 ms (57.5922 GFLOPS)
        · teir_random:contraction_abcdef_gfab_degc laeuft [  751s] … [NEW BEST] Trial #1 | SF=2, Parallel=a -> Zeit: 76.8105 ms (57.5922 GFLOPS)
        · teir_random:contraction_abcdef_gfab_degc laeuft [  781s] … [NEW BEST] Trial #1 | SF=2, Parallel=a -> Zeit: 76.8105 ms (57.5922 GFLOPS)
        · teir_random:contraction_abcdef_gfab_degc laeuft [  812s] … [NEW BEST] Trial #1 | SF=2, Parallel=a -> Zeit: 76.8105 ms (57.5922 GFLOPS)
        · teir_random:contraction_abcdef_gfab_degc laeuft [  842s] … [NEW BEST] Trial #1 | SF=2, Parallel=a -> Zeit: 76.8105 ms (57.5922 GFLOPS)
        · teir_random:contraction_abcdef_gfab_degc laeuft [  872s] … [NEW BEST] Trial #1 | SF=2, Parallel=a -> Zeit: 76.8105 ms (57.5922 GFLOPS)
        · teir_random:contraction_abcdef_gfab_degc laeuft [  902s] … [NEW BEST] Trial #1 | SF=2, Parallel=a -> Zeit: 76.8105 ms (57.5922 GFLOPS)
        · teir_random:contraction_abcdef_gfab_degc laeuft [  930s] … [NEW BEST] Trial #1 | SF=2, Parallel=a -> Zeit: 76.8105 ms (57.5922 GFLOPS)
        · teir_random:contraction_abcdef_gfab_degc laeuft [  960s] … [NEW BEST] Trial #1 | SF=2, Parallel=a -> Zeit: 76.8105 ms (57.5922 GFLOPS)
        · teir_random:contraction_abcdef_gfab_degc laeuft [  990s] … [NEW BEST] Trial #1 | SF=2, Parallel=a -> Zeit: 76.8105 ms (57.5922 GFLOPS)
        · teir_random:contraction_abcdef_gfab_degc laeuft [ 1020s] … [NEW BEST] Trial #1 | SF=2, Parallel=a -> Zeit: 76.8105 ms (57.5922 GFLOPS)
        · teir_random:contraction_abcdef_gfab_degc laeuft [ 1051s] … [NEW BEST] Trial #1 | SF=2, Parallel=a -> Zeit: 76.8105 ms (57.5922 GFLOPS)
        · teir_random:contraction_abcdef_gfab_degc laeuft [ 1081s] … [NEW BEST] Trial #1 | SF=2, Parallel=a -> Zeit: 76.8105 ms (57.5922 GFLOPS)
        · teir_random:contraction_abcdef_gfab_degc laeuft [ 1111s] … [NEW BEST] Trial #1 | SF=2, Parallel=a -> Zeit: 76.8105 ms (57.5922 GFLOPS)
        · teir_random:contraction_abcdef_gfab_degc laeuft [ 1141s] … [NEW BEST] Trial #1 | SF=2, Parallel=a -> Zeit: 76.8105 ms (57.5922 GFLOPS)
        · teir_random:contraction_abcdef_gfab_degc laeuft [ 1171s] … [NEW BEST] Trial #1 | SF=2, Parallel=a -> Zeit: 76.8105 ms (57.5922 GFLOPS)
        · teir_random:contraction_abcdef_gfab_degc laeuft [ 1201s] … [NEW BEST] Trial #1 | SF=2, Parallel=a -> Zeit: 76.8105 ms (57.5922 GFLOPS)
        · teir_random:contraction_abcdef_gfab_degc laeuft [ 1231s] … [NEW BEST] Trial #1 | SF=2, Parallel=a -> Zeit: 76.8105 ms (57.5922 GFLOPS)
        · teir_random:contraction_abcdef_gfab_degc laeuft [ 1261s] … [NEW BEST] Trial #1 | SF=2, Parallel=a -> Zeit: 76.8105 ms (57.5922 GFLOPS)
        · teir_random:contraction_abcdef_gfab_degc laeuft [ 1292s] … [NEW BEST] Trial #1 | SF=2, Parallel=a -> Zeit: 76.8105 ms (57.5922 GFLOPS)
        · teir_random:contraction_abcdef_gfab_degc laeuft [ 1322s] … [NEW BEST] Trial #1 | SF=2, Parallel=a -> Zeit: 76.8105 ms (57.5922 GFLOPS)
        · teir_random:contraction_abcdef_gfab_degc laeuft [ 1352s] … [NEW BEST] Trial #1 | SF=2, Parallel=a -> Zeit: 76.8105 ms (57.5922 GFLOPS)
        · teir_random:contraction_abcdef_gfab_degc laeuft [ 1380s] … [NEW BEST] Trial #1 | SF=2, Parallel=a -> Zeit: 76.8105 ms (57.5922 GFLOPS)
        · teir_random:contraction_abcdef_gfab_degc laeuft [ 1410s] … [NEW BEST] Trial #1 | SF=2, Parallel=a -> Zeit: 76.8105 ms (57.5922 GFLOPS)
        · teir_random:contraction_abcdef_gfab_degc laeuft [ 1440s] … [NEW BEST] Trial #1 | SF=2, Parallel=a -> Zeit: 76.8105 ms (57.5922 GFLOPS)
        · teir_random:contraction_abcdef_gfab_degc laeuft [ 1470s] … [NEW BEST] Trial #1 | SF=2, Parallel=a -> Zeit: 76.8105 ms (57.5922 GFLOPS)
        · teir_random:contraction_abcdef_gfab_degc laeuft [ 1501s] … [NEW BEST] Trial #1 | SF=2, Parallel=a -> Zeit: 76.8105 ms (57.5922 GFLOPS)
        · teir_random:contraction_abcdef_gfab_degc laeuft [ 1531s] … [NEW BEST] Trial #1 | SF=2, Parallel=a -> Zeit: 76.8105 ms (57.5922 GFLOPS)
        · teir_random:contraction_abcdef_gfab_degc laeuft [ 1561s] … [NEW BEST] Trial #1 | SF=2, Parallel=a -> Zeit: 76.8105 ms (57.5922 GFLOPS)
        · teir_random:contraction_abcdef_gfab_degc laeuft [ 1591s] … [NEW BEST] Trial #1 | SF=2, Parallel=a -> Zeit: 76.8105 ms (57.5922 GFLOPS)
        · teir_random:contraction_abcdef_gfab_degc laeuft [ 1621s] … [NEW BEST] Trial #1 | SF=2, Parallel=a -> Zeit: 76.8105 ms (57.5922 GFLOPS)
        · teir_random:contraction_abcdef_gfab_degc laeuft [ 1651s] … [NEW BEST] Trial #1 | SF=2, Parallel=a -> Zeit: 76.8105 ms (57.5922 GFLOPS)
        · teir_random:contraction_abcdef_gfab_degc laeuft [ 1681s] … [NEW BEST] Trial #1 | SF=2, Parallel=a -> Zeit: 76.8105 ms (57.5922 GFLOPS)
        · teir_random:contraction_abcdef_gfab_degc laeuft [ 1711s] … [NEW BEST] Trial #1 | SF=2, Parallel=a -> Zeit: 76.8105 ms (57.5922 GFLOPS)
        · teir_random:contraction_abcdef_gfab_degc laeuft [ 1742s] … [NEW BEST] Trial #1 | SF=2, Parallel=a -> Zeit: 76.8105 ms (57.5922 GFLOPS)
        · teir_random:contraction_abcdef_gfab_degc laeuft [ 1772s] … [NEW BEST] Trial #1 | SF=2, Parallel=a -> Zeit: 76.8105 ms (57.5922 GFLOPS)
        · teir_random:contraction_abcdef_gfab_degc laeuft [ 1802s] … [NEW BEST] Trial #1 | SF=2, Parallel=a -> Zeit: 76.8105 ms (57.5922 GFLOPS)
  [teir_random] 34/36 contraction_abcdef_gfab_degc           57.6 GFLOPS [partial-timeout]   1802s  DONE @ 2026-08-03 04:35:19
  [teir_random] 35/36 contraction_abcdef_gfac_degb           ... START @ 2026-08-03 04:35:19
        · teir_random:contraction_abcdef_gfac_degb laeuft [   30s] … [NEW BEST] Trial #1 | SF=2, Parallel=a -> Zeit: 70.9141 ms (62.3808 GFLOPS)
        · teir_random:contraction_abcdef_gfac_degb laeuft [   60s] … [NEW BEST] Trial #1 | SF=2, Parallel=a -> Zeit: 70.9141 ms (62.3808 GFLOPS)
        · teir_random:contraction_abcdef_gfac_degb laeuft [   90s] … [NEW BEST] Trial #1 | SF=2, Parallel=a -> Zeit: 70.9141 ms (62.3808 GFLOPS)
        · teir_random:contraction_abcdef_gfac_degb laeuft [  121s] … [NEW BEST] Trial #1 | SF=2, Parallel=a -> Zeit: 70.9141 ms (62.3808 GFLOPS)
        · teir_random:contraction_abcdef_gfac_degb laeuft [  151s] … [NEW BEST] Trial #1 | SF=2, Parallel=a -> Zeit: 70.9141 ms (62.3808 GFLOPS)
        · teir_random:contraction_abcdef_gfac_degb laeuft [  181s] … [NEW BEST] Trial #1 | SF=2, Parallel=a -> Zeit: 70.9141 ms (62.3808 GFLOPS)
        · teir_random:contraction_abcdef_gfac_degb laeuft [  211s] … [NEW BEST] Trial #1 | SF=2, Parallel=a -> Zeit: 70.9141 ms (62.3808 GFLOPS)
        · teir_random:contraction_abcdef_gfac_degb laeuft [  241s] … [NEW BEST] Trial #1 | SF=2, Parallel=a -> Zeit: 70.9141 ms (62.3808 GFLOPS)
        · teir_random:contraction_abcdef_gfac_degb laeuft [  271s] … [NEW BEST] Trial #1 | SF=2, Parallel=a -> Zeit: 70.9141 ms (62.3808 GFLOPS)
        · teir_random:contraction_abcdef_gfac_degb laeuft [  301s] … [NEW BEST] Trial #1 | SF=2, Parallel=a -> Zeit: 70.9141 ms (62.3808 GFLOPS)
        · teir_random:contraction_abcdef_gfac_degb laeuft [  331s] … [NEW BEST] Trial #1 | SF=2, Parallel=a -> Zeit: 70.9141 ms (62.3808 GFLOPS)
        · teir_random:contraction_abcdef_gfac_degb laeuft [  362s] … [NEW BEST] Trial #1 | SF=2, Parallel=a -> Zeit: 70.9141 ms (62.3808 GFLOPS)
        · teir_random:contraction_abcdef_gfac_degb laeuft [  392s] … [NEW BEST] Trial #1 | SF=2, Parallel=a -> Zeit: 70.9141 ms (62.3808 GFLOPS)
        · teir_random:contraction_abcdef_gfac_degb laeuft [  422s] … [NEW BEST] Trial #1 | SF=2, Parallel=a -> Zeit: 70.9141 ms (62.3808 GFLOPS)
        · teir_random:contraction_abcdef_gfac_degb laeuft [  452s] … [NEW BEST] Trial #1 | SF=2, Parallel=a -> Zeit: 70.9141 ms (62.3808 GFLOPS)
        · teir_random:contraction_abcdef_gfac_degb laeuft [  480s] … [NEW BEST] Trial #1 | SF=2, Parallel=a -> Zeit: 70.9141 ms (62.3808 GFLOPS)
        · teir_random:contraction_abcdef_gfac_degb laeuft [  510s] … [NEW BEST] Trial #1 | SF=2, Parallel=a -> Zeit: 70.9141 ms (62.3808 GFLOPS)
        · teir_random:contraction_abcdef_gfac_degb laeuft [  540s] … [NEW BEST] Trial #1 | SF=2, Parallel=a -> Zeit: 70.9141 ms (62.3808 GFLOPS)
        · teir_random:contraction_abcdef_gfac_degb laeuft [  570s] … [NEW BEST] Trial #1 | SF=2, Parallel=a -> Zeit: 70.9141 ms (62.3808 GFLOPS)
        · teir_random:contraction_abcdef_gfac_degb laeuft [  601s] … [NEW BEST] Trial #1 | SF=2, Parallel=a -> Zeit: 70.9141 ms (62.3808 GFLOPS)
        · teir_random:contraction_abcdef_gfac_degb laeuft [  631s] … [NEW BEST] Trial #1 | SF=2, Parallel=a -> Zeit: 70.9141 ms (62.3808 GFLOPS)
        · teir_random:contraction_abcdef_gfac_degb laeuft [  661s] … [NEW BEST] Trial #1 | SF=2, Parallel=a -> Zeit: 70.9141 ms (62.3808 GFLOPS)
        · teir_random:contraction_abcdef_gfac_degb laeuft [  691s] … [NEW BEST] Trial #1 | SF=2, Parallel=a -> Zeit: 70.9141 ms (62.3808 GFLOPS)
        · teir_random:contraction_abcdef_gfac_degb laeuft [  721s] … [NEW BEST] Trial #1 | SF=2, Parallel=a -> Zeit: 70.9141 ms (62.3808 GFLOPS)
        · teir_random:contraction_abcdef_gfac_degb laeuft [  751s] … [NEW BEST] Trial #1 | SF=2, Parallel=a -> Zeit: 70.9141 ms (62.3808 GFLOPS)
        · teir_random:contraction_abcdef_gfac_degb laeuft [  781s] … [NEW BEST] Trial #1 | SF=2, Parallel=a -> Zeit: 70.9141 ms (62.3808 GFLOPS)
        · teir_random:contraction_abcdef_gfac_degb laeuft [  812s] … [NEW BEST] Trial #1 | SF=2, Parallel=a -> Zeit: 70.9141 ms (62.3808 GFLOPS)
        · teir_random:contraction_abcdef_gfac_degb laeuft [  842s] … [NEW BEST] Trial #1 | SF=2, Parallel=a -> Zeit: 70.9141 ms (62.3808 GFLOPS)
        · teir_random:contraction_abcdef_gfac_degb laeuft [  872s] … [NEW BEST] Trial #1 | SF=2, Parallel=a -> Zeit: 70.9141 ms (62.3808 GFLOPS)
        · teir_random:contraction_abcdef_gfac_degb laeuft [  902s] … [NEW BEST] Trial #1 | SF=2, Parallel=a -> Zeit: 70.9141 ms (62.3808 GFLOPS)
        · teir_random:contraction_abcdef_gfac_degb laeuft [  930s] … [NEW BEST] Trial #1 | SF=2, Parallel=a -> Zeit: 70.9141 ms (62.3808 GFLOPS)
        · teir_random:contraction_abcdef_gfac_degb laeuft [  960s] … [NEW BEST] Trial #1 | SF=2, Parallel=a -> Zeit: 70.9141 ms (62.3808 GFLOPS)
        · teir_random:contraction_abcdef_gfac_degb laeuft [  990s] … [NEW BEST] Trial #1 | SF=2, Parallel=a -> Zeit: 70.9141 ms (62.3808 GFLOPS)
        · teir_random:contraction_abcdef_gfac_degb laeuft [ 1020s] … [NEW BEST] Trial #1 | SF=2, Parallel=a -> Zeit: 70.9141 ms (62.3808 GFLOPS)
        · teir_random:contraction_abcdef_gfac_degb laeuft [ 1051s] … [NEW BEST] Trial #1 | SF=2, Parallel=a -> Zeit: 70.9141 ms (62.3808 GFLOPS)
        · teir_random:contraction_abcdef_gfac_degb laeuft [ 1081s] … [NEW BEST] Trial #1 | SF=2, Parallel=a -> Zeit: 70.9141 ms (62.3808 GFLOPS)
        · teir_random:contraction_abcdef_gfac_degb laeuft [ 1111s] … [NEW BEST] Trial #1 | SF=2, Parallel=a -> Zeit: 70.9141 ms (62.3808 GFLOPS)
        · teir_random:contraction_abcdef_gfac_degb laeuft [ 1141s] … [NEW BEST] Trial #1 | SF=2, Parallel=a -> Zeit: 70.9141 ms (62.3808 GFLOPS)
        · teir_random:contraction_abcdef_gfac_degb laeuft [ 1171s] … [NEW BEST] Trial #1 | SF=2, Parallel=a -> Zeit: 70.9141 ms (62.3808 GFLOPS)
        · teir_random:contraction_abcdef_gfac_degb laeuft [ 1201s] … [NEW BEST] Trial #1 | SF=2, Parallel=a -> Zeit: 70.9141 ms (62.3808 GFLOPS)
        · teir_random:contraction_abcdef_gfac_degb laeuft [ 1231s] … [NEW BEST] Trial #1 | SF=2, Parallel=a -> Zeit: 70.9141 ms (62.3808 GFLOPS)
        · teir_random:contraction_abcdef_gfac_degb laeuft [ 1261s] … [NEW BEST] Trial #1 | SF=2, Parallel=a -> Zeit: 70.9141 ms (62.3808 GFLOPS)
        · teir_random:contraction_abcdef_gfac_degb laeuft [ 1292s] … [NEW BEST] Trial #1 | SF=2, Parallel=a -> Zeit: 70.9141 ms (62.3808 GFLOPS)
        · teir_random:contraction_abcdef_gfac_degb laeuft [ 1322s] … [NEW BEST] Trial #1 | SF=2, Parallel=a -> Zeit: 70.9141 ms (62.3808 GFLOPS)
        · teir_random:contraction_abcdef_gfac_degb laeuft [ 1352s] … [NEW BEST] Trial #1 | SF=2, Parallel=a -> Zeit: 70.9141 ms (62.3808 GFLOPS)
        · teir_random:contraction_abcdef_gfac_degb laeuft [ 1380s] … [NEW BEST] Trial #1 | SF=2, Parallel=a -> Zeit: 70.9141 ms (62.3808 GFLOPS)
        · teir_random:contraction_abcdef_gfac_degb laeuft [ 1410s] … [NEW BEST] Trial #1 | SF=2, Parallel=a -> Zeit: 70.9141 ms (62.3808 GFLOPS)
        · teir_random:contraction_abcdef_gfac_degb laeuft [ 1440s] … [NEW BEST] Trial #1 | SF=2, Parallel=a -> Zeit: 70.9141 ms (62.3808 GFLOPS)
        · teir_random:contraction_abcdef_gfac_degb laeuft [ 1470s] … [NEW BEST] Trial #1 | SF=2, Parallel=a -> Zeit: 70.9141 ms (62.3808 GFLOPS)
        · teir_random:contraction_abcdef_gfac_degb laeuft [ 1501s] … [NEW BEST] Trial #1 | SF=2, Parallel=a -> Zeit: 70.9141 ms (62.3808 GFLOPS)
        · teir_random:contraction_abcdef_gfac_degb laeuft [ 1531s] … [NEW BEST] Trial #1 | SF=2, Parallel=a -> Zeit: 70.9141 ms (62.3808 GFLOPS)
        · teir_random:contraction_abcdef_gfac_degb laeuft [ 1561s] … [NEW BEST] Trial #1 | SF=2, Parallel=a -> Zeit: 70.9141 ms (62.3808 GFLOPS)
        · teir_random:contraction_abcdef_gfac_degb laeuft [ 1591s] … [NEW BEST] Trial #1 | SF=2, Parallel=a -> Zeit: 70.9141 ms (62.3808 GFLOPS)
        · teir_random:contraction_abcdef_gfac_degb laeuft [ 1621s] … [NEW BEST] Trial #1 | SF=2, Parallel=a -> Zeit: 70.9141 ms (62.3808 GFLOPS)
        · teir_random:contraction_abcdef_gfac_degb laeuft [ 1651s] … [NEW BEST] Trial #1 | SF=2, Parallel=a -> Zeit: 70.9141 ms (62.3808 GFLOPS)
        · teir_random:contraction_abcdef_gfac_degb laeuft [ 1681s] … [NEW BEST] Trial #1 | SF=2, Parallel=a -> Zeit: 70.9141 ms (62.3808 GFLOPS)
        · teir_random:contraction_abcdef_gfac_degb laeuft [ 1711s] … [NEW BEST] Trial #1 | SF=2, Parallel=a -> Zeit: 70.9141 ms (62.3808 GFLOPS)
        · teir_random:contraction_abcdef_gfac_degb laeuft [ 1742s] … [NEW BEST] Trial #1 | SF=2, Parallel=a -> Zeit: 70.9141 ms (62.3808 GFLOPS)
        · teir_random:contraction_abcdef_gfac_degb laeuft [ 1772s] … [NEW BEST] Trial #1 | SF=2, Parallel=a -> Zeit: 70.9141 ms (62.3808 GFLOPS)
        · teir_random:contraction_abcdef_gfac_degb laeuft [ 1802s] … [NEW BEST] Trial #1 | SF=2, Parallel=a -> Zeit: 70.9141 ms (62.3808 GFLOPS)
  [teir_random] 35/36 contraction_abcdef_gfac_degb           62.4 GFLOPS [partial-timeout]   1802s  DONE @ 2026-08-03 05:05:21
  [teir_random] 36/36 contraction_abcdef_gfbc_dega           ... START @ 2026-08-03 05:05:21
        · teir_random:contraction_abcdef_gfbc_dega laeuft [   30s] … [NEW BEST] Trial #1 | SF=2, Parallel=a -> Zeit: 64.755 ms (68.3141 GFLOPS)
        · teir_random:contraction_abcdef_gfbc_dega laeuft [   60s] … [NEW BEST] Trial #1 | SF=2, Parallel=a -> Zeit: 64.755 ms (68.3141 GFLOPS)
        · teir_random:contraction_abcdef_gfbc_dega laeuft [   90s] … [NEW BEST] Trial #1 | SF=2, Parallel=a -> Zeit: 64.755 ms (68.3141 GFLOPS)
        · teir_random:contraction_abcdef_gfbc_dega laeuft [  121s] … [NEW BEST] Trial #1 | SF=2, Parallel=a -> Zeit: 64.755 ms (68.3141 GFLOPS)
        · teir_random:contraction_abcdef_gfbc_dega laeuft [  151s] … [NEW BEST] Trial #1 | SF=2, Parallel=a -> Zeit: 64.755 ms (68.3141 GFLOPS)
        · teir_random:contraction_abcdef_gfbc_dega laeuft [  181s] … [NEW BEST] Trial #1 | SF=2, Parallel=a -> Zeit: 64.755 ms (68.3141 GFLOPS)
        · teir_random:contraction_abcdef_gfbc_dega laeuft [  211s] … [NEW BEST] Trial #1 | SF=2, Parallel=a -> Zeit: 64.755 ms (68.3141 GFLOPS)
        · teir_random:contraction_abcdef_gfbc_dega laeuft [  241s] … [NEW BEST] Trial #1 | SF=2, Parallel=a -> Zeit: 64.755 ms (68.3141 GFLOPS)
        · teir_random:contraction_abcdef_gfbc_dega laeuft [  271s] … [NEW BEST] Trial #1 | SF=2, Parallel=a -> Zeit: 64.755 ms (68.3141 GFLOPS)
        · teir_random:contraction_abcdef_gfbc_dega laeuft [  301s] … [NEW BEST] Trial #1 | SF=2, Parallel=a -> Zeit: 64.755 ms (68.3141 GFLOPS)
        · teir_random:contraction_abcdef_gfbc_dega laeuft [  331s] … [NEW BEST] Trial #1 | SF=2, Parallel=a -> Zeit: 64.755 ms (68.3141 GFLOPS)
        · teir_random:contraction_abcdef_gfbc_dega laeuft [  362s] … [NEW BEST] Trial #1 | SF=2, Parallel=a -> Zeit: 64.755 ms (68.3141 GFLOPS)
        · teir_random:contraction_abcdef_gfbc_dega laeuft [  392s] … [NEW BEST] Trial #1 | SF=2, Parallel=a -> Zeit: 64.755 ms (68.3141 GFLOPS)
        · teir_random:contraction_abcdef_gfbc_dega laeuft [  422s] … [NEW BEST] Trial #1 | SF=2, Parallel=a -> Zeit: 64.755 ms (68.3141 GFLOPS)
        · teir_random:contraction_abcdef_gfbc_dega laeuft [  452s] … [NEW BEST] Trial #1 | SF=2, Parallel=a -> Zeit: 64.755 ms (68.3141 GFLOPS)
        · teir_random:contraction_abcdef_gfbc_dega laeuft [  480s] … [NEW BEST] Trial #1 | SF=2, Parallel=a -> Zeit: 64.755 ms (68.3141 GFLOPS)
        · teir_random:contraction_abcdef_gfbc_dega laeuft [  510s] … [NEW BEST] Trial #1 | SF=2, Parallel=a -> Zeit: 64.755 ms (68.3141 GFLOPS)
        · teir_random:contraction_abcdef_gfbc_dega laeuft [  540s] … [NEW BEST] Trial #1 | SF=2, Parallel=a -> Zeit: 64.755 ms (68.3141 GFLOPS)
        · teir_random:contraction_abcdef_gfbc_dega laeuft [  571s] … [NEW BEST] Trial #1 | SF=2, Parallel=a -> Zeit: 64.755 ms (68.3141 GFLOPS)
        · teir_random:contraction_abcdef_gfbc_dega laeuft [  601s] … [NEW BEST] Trial #1 | SF=2, Parallel=a -> Zeit: 64.755 ms (68.3141 GFLOPS)
        · teir_random:contraction_abcdef_gfbc_dega laeuft [  631s] … [NEW BEST] Trial #1 | SF=2, Parallel=a -> Zeit: 64.755 ms (68.3141 GFLOPS)
        · teir_random:contraction_abcdef_gfbc_dega laeuft [  661s] … [NEW BEST] Trial #1 | SF=2, Parallel=a -> Zeit: 64.755 ms (68.3141 GFLOPS)
        · teir_random:contraction_abcdef_gfbc_dega laeuft [  691s] … [NEW BEST] Trial #1 | SF=2, Parallel=a -> Zeit: 64.755 ms (68.3141 GFLOPS)
        · teir_random:contraction_abcdef_gfbc_dega laeuft [  721s] … [NEW BEST] Trial #1 | SF=2, Parallel=a -> Zeit: 64.755 ms (68.3141 GFLOPS)
        · teir_random:contraction_abcdef_gfbc_dega laeuft [  751s] … [NEW BEST] Trial #1 | SF=2, Parallel=a -> Zeit: 64.755 ms (68.3141 GFLOPS)
        · teir_random:contraction_abcdef_gfbc_dega laeuft [  781s] … [NEW BEST] Trial #1 | SF=2, Parallel=a -> Zeit: 64.755 ms (68.3141 GFLOPS)
        · teir_random:contraction_abcdef_gfbc_dega laeuft [  812s] … [NEW BEST] Trial #1 | SF=2, Parallel=a -> Zeit: 64.755 ms (68.3141 GFLOPS)
        · teir_random:contraction_abcdef_gfbc_dega laeuft [  842s] … [NEW BEST] Trial #1 | SF=2, Parallel=a -> Zeit: 64.755 ms (68.3141 GFLOPS)
        · teir_random:contraction_abcdef_gfbc_dega laeuft [  872s] … [NEW BEST] Trial #1 | SF=2, Parallel=a -> Zeit: 64.755 ms (68.3141 GFLOPS)
        · teir_random:contraction_abcdef_gfbc_dega laeuft [  902s] … [NEW BEST] Trial #1 | SF=2, Parallel=a -> Zeit: 64.755 ms (68.3141 GFLOPS)
        · teir_random:contraction_abcdef_gfbc_dega laeuft [  930s] … [NEW BEST] Trial #1 | SF=2, Parallel=a -> Zeit: 64.755 ms (68.3141 GFLOPS)
        · teir_random:contraction_abcdef_gfbc_dega laeuft [  960s] … [NEW BEST] Trial #1 | SF=2, Parallel=a -> Zeit: 64.755 ms (68.3141 GFLOPS)
        · teir_random:contraction_abcdef_gfbc_dega laeuft [  990s] … [NEW BEST] Trial #1 | SF=2, Parallel=a -> Zeit: 64.755 ms (68.3141 GFLOPS)
        · teir_random:contraction_abcdef_gfbc_dega laeuft [ 1021s] … [NEW BEST] Trial #1 | SF=2, Parallel=a -> Zeit: 64.755 ms (68.3141 GFLOPS)
        · teir_random:contraction_abcdef_gfbc_dega laeuft [ 1051s] … [NEW BEST] Trial #1 | SF=2, Parallel=a -> Zeit: 64.755 ms (68.3141 GFLOPS)
        · teir_random:contraction_abcdef_gfbc_dega laeuft [ 1081s] … [NEW BEST] Trial #1 | SF=2, Parallel=a -> Zeit: 64.755 ms (68.3141 GFLOPS)
        · teir_random:contraction_abcdef_gfbc_dega laeuft [ 1111s] … [NEW BEST] Trial #1 | SF=2, Parallel=a -> Zeit: 64.755 ms (68.3141 GFLOPS)
        · teir_random:contraction_abcdef_gfbc_dega laeuft [ 1141s] … [NEW BEST] Trial #1 | SF=2, Parallel=a -> Zeit: 64.755 ms (68.3141 GFLOPS)
        · teir_random:contraction_abcdef_gfbc_dega laeuft [ 1171s] … [NEW BEST] Trial #1 | SF=2, Parallel=a -> Zeit: 64.755 ms (68.3141 GFLOPS)
        · teir_random:contraction_abcdef_gfbc_dega laeuft [ 1201s] … [NEW BEST] Trial #1 | SF=2, Parallel=a -> Zeit: 64.755 ms (68.3141 GFLOPS)
        · teir_random:contraction_abcdef_gfbc_dega laeuft [ 1231s] … [NEW BEST] Trial #1 | SF=2, Parallel=a -> Zeit: 64.755 ms (68.3141 GFLOPS)
        · teir_random:contraction_abcdef_gfbc_dega laeuft [ 1262s] … [NEW BEST] Trial #1 | SF=2, Parallel=a -> Zeit: 64.755 ms (68.3141 GFLOPS)
        · teir_random:contraction_abcdef_gfbc_dega laeuft [ 1292s] … [NEW BEST] Trial #1 | SF=2, Parallel=a -> Zeit: 64.755 ms (68.3141 GFLOPS)
        · teir_random:contraction_abcdef_gfbc_dega laeuft [ 1322s] … [NEW BEST] Trial #1 | SF=2, Parallel=a -> Zeit: 64.755 ms (68.3141 GFLOPS)
        · teir_random:contraction_abcdef_gfbc_dega laeuft [ 1352s] … [NEW BEST] Trial #1 | SF=2, Parallel=a -> Zeit: 64.755 ms (68.3141 GFLOPS)
        · teir_random:contraction_abcdef_gfbc_dega laeuft [ 1380s] … [NEW BEST] Trial #1 | SF=2, Parallel=a -> Zeit: 64.755 ms (68.3141 GFLOPS)
        · teir_random:contraction_abcdef_gfbc_dega laeuft [ 1410s] … [NEW BEST] Trial #1 | SF=2, Parallel=a -> Zeit: 64.755 ms (68.3141 GFLOPS)
        · teir_random:contraction_abcdef_gfbc_dega laeuft [ 1440s] … [NEW BEST] Trial #1 | SF=2, Parallel=a -> Zeit: 64.755 ms (68.3141 GFLOPS)
        · teir_random:contraction_abcdef_gfbc_dega laeuft [ 1470s] … [NEW BEST] Trial #1 | SF=2, Parallel=a -> Zeit: 64.755 ms (68.3141 GFLOPS)
        · teir_random:contraction_abcdef_gfbc_dega laeuft [ 1501s] … [NEW BEST] Trial #1 | SF=2, Parallel=a -> Zeit: 64.755 ms (68.3141 GFLOPS)
        · teir_random:contraction_abcdef_gfbc_dega laeuft [ 1531s] … [NEW BEST] Trial #1 | SF=2, Parallel=a -> Zeit: 64.755 ms (68.3141 GFLOPS)
        · teir_random:contraction_abcdef_gfbc_dega laeuft [ 1561s] … [NEW BEST] Trial #1 | SF=2, Parallel=a -> Zeit: 64.755 ms (68.3141 GFLOPS)
        · teir_random:contraction_abcdef_gfbc_dega laeuft [ 1591s] … [NEW BEST] Trial #1 | SF=2, Parallel=a -> Zeit: 64.755 ms (68.3141 GFLOPS)
        · teir_random:contraction_abcdef_gfbc_dega laeuft [ 1621s] … [NEW BEST] Trial #1 | SF=2, Parallel=a -> Zeit: 64.755 ms (68.3141 GFLOPS)
        · teir_random:contraction_abcdef_gfbc_dega laeuft [ 1651s] … [NEW BEST] Trial #1 | SF=2, Parallel=a -> Zeit: 64.755 ms (68.3141 GFLOPS)
        · teir_random:contraction_abcdef_gfbc_dega laeuft [ 1681s] … [NEW BEST] Trial #1 | SF=2, Parallel=a -> Zeit: 64.755 ms (68.3141 GFLOPS)
        · teir_random:contraction_abcdef_gfbc_dega laeuft [ 1712s] … [NEW BEST] Trial #1 | SF=2, Parallel=a -> Zeit: 64.755 ms (68.3141 GFLOPS)
        · teir_random:contraction_abcdef_gfbc_dega laeuft [ 1742s] … [NEW BEST] Trial #1 | SF=2, Parallel=a -> Zeit: 64.755 ms (68.3141 GFLOPS)
        · teir_random:contraction_abcdef_gfbc_dega laeuft [ 1772s] … [NEW BEST] Trial #1 | SF=2, Parallel=a -> Zeit: 64.755 ms (68.3141 GFLOPS)
        · teir_random:contraction_abcdef_gfbc_dega laeuft [ 1802s] … [NEW BEST] Trial #1 | SF=2, Parallel=a -> Zeit: 64.755 ms (68.3141 GFLOPS)
  [teir_random] 36/36 contraction_abcdef_gfbc_dega           68.3 GFLOPS [partial-timeout]   1802s  DONE @ 2026-08-03 05:35:23
----- Stufe TEIR_RANDOM fertig in 829.4 min @ 2026-08-03 05:35:23 -----

=== Matrix komplett @ 2026-08-03 05:35:23. Ergebnisse in gett_results/{torch,teir,tvm}.csv ===
