=== GETT-Matrix: 48 Faelle | Stufen: ['torch', 'teir_sa', 'teir_ga', 'teir_random', 'tvm'] | Start 2026-07-08 23:09:35 ===
    Budgets: TEIR=12 Trials, TVM=200 Trials
    Timeouts[s]: torch=300 teir=300 tvm=1800

----- Stufe TORCH -> torch.csv (48 bereits erledigt) @ 2026-07-08 23:09:35 -----
----- Stufe TORCH fertig in 0.0 min @ 2026-07-08 23:09:35 -----

----- Stufe TEIR_SA -> teir_sa.csv (0 bereits erledigt) @ 2026-07-08 23:09:35 -----
  [teir_sa]  1/48 contraction_abc_bda_dc                 ... START @ 2026-07-08 23:09:35
        · teir_sa:contraction_abc_bda_dc laeuft [   30s] … [NEW BEST] Trial #1 | SF=2, Parallel=a -> Zeit: 89.6456 ms (30.3184 GFLOPS)
        · teir_sa:contraction_abc_bda_dc laeuft [   60s] … [NEW BEST] Trial #1 | SF=2, Parallel=a -> Zeit: 89.6456 ms (30.3184 GFLOPS)
        · teir_sa:contraction_abc_bda_dc laeuft [   90s] … [NEW BEST] Trial #1 | SF=2, Parallel=a -> Zeit: 89.6456 ms (30.3184 GFLOPS)
        · teir_sa:contraction_abc_bda_dc laeuft [  120s] … [NEW BEST] Trial #1 | SF=2, Parallel=a -> Zeit: 89.6456 ms (30.3184 GFLOPS)
        · teir_sa:contraction_abc_bda_dc laeuft [  150s] … [NEW BEST] Trial #1 | SF=2, Parallel=a -> Zeit: 89.6456 ms (30.3184 GFLOPS)
        · teir_sa:contraction_abc_bda_dc laeuft [  180s] … [NEW BEST] Trial #1 | SF=2, Parallel=a -> Zeit: 89.6456 ms (30.3184 GFLOPS)
        · teir_sa:contraction_abc_bda_dc laeuft [  210s] … [NEW BEST] Trial #1 | SF=2, Parallel=a -> Zeit: 89.6456 ms (30.3184 GFLOPS)
        · teir_sa:contraction_abc_bda_dc laeuft [  240s] … [NEW BEST] Trial #1 | SF=2, Parallel=a -> Zeit: 89.6456 ms (30.3184 GFLOPS)
        · teir_sa:contraction_abc_bda_dc laeuft [  270s] … [NEW BEST] Trial #1 | SF=2, Parallel=a -> Zeit: 89.6456 ms (30.3184 GFLOPS)
        · teir_sa:contraction_abc_bda_dc laeuft [  300s] … [NEW BEST] Trial #1 | SF=2, Parallel=a -> Zeit: 89.6456 ms (30.3184 GFLOPS)
  [teir_sa]  1/48 contraction_abc_bda_dc                 30.3 GFLOPS [partial-timeout]    300s  DONE @ 2026-07-08 23:14:35
  [teir_sa]  2/48 contraction_abc_dca_bd                 ... START @ 2026-07-08 23:14:35
        · teir_sa:contraction_abc_dca_bd laeuft [   30s] … [AUTOTUNER] Jeder Trial wird JIT-kompiliert, auf Korrektheit geprueft und real gebenchmark
        · teir_sa:contraction_abc_dca_bd laeuft [   60s] … [NEW BEST] Trial #1 | SF=2, Parallel=a -> Zeit: 633.174 ms (4.20309 GFLOPS)
        · teir_sa:contraction_abc_dca_bd laeuft [   90s] … [NEW BEST] Trial #1 | SF=2, Parallel=a -> Zeit: 633.174 ms (4.20309 GFLOPS)
        · teir_sa:contraction_abc_dca_bd laeuft [  120s] … [NEW BEST] Trial #1 | SF=2, Parallel=a -> Zeit: 633.174 ms (4.20309 GFLOPS)
        · teir_sa:contraction_abc_dca_bd laeuft [  150s] … [NEW BEST] Trial #1 | SF=2, Parallel=a -> Zeit: 633.174 ms (4.20309 GFLOPS)
        · teir_sa:contraction_abc_dca_bd laeuft [  180s] … [NEW BEST] Trial #5 | SF=4, Parallel=b -> Zeit: 240.713 ms (11.0559 GFLOPS)
        · teir_sa:contraction_abc_dca_bd laeuft [  210s] … [NEW BEST] Trial #5 | SF=4, Parallel=b -> Zeit: 240.713 ms (11.0559 GFLOPS)
        · teir_sa:contraction_abc_dca_bd laeuft [  240s] … [NEW BEST] Trial #5 | SF=4, Parallel=b -> Zeit: 240.713 ms (11.0559 GFLOPS)
        · teir_sa:contraction_abc_dca_bd laeuft [  270s] … [NEW BEST] Trial #5 | SF=4, Parallel=b -> Zeit: 240.713 ms (11.0559 GFLOPS)
        · teir_sa:contraction_abc_dca_bd laeuft [  300s] … [NEW BEST] Trial #5 | SF=4, Parallel=b -> Zeit: 240.713 ms (11.0559 GFLOPS)
  [teir_sa]  2/48 contraction_abc_dca_bd                 11.1 GFLOPS [partial-timeout]    300s  DONE @ 2026-07-08 23:19:36
  [teir_sa]  3/48 contraction_abcd_dbea_ec               ... START @ 2026-07-08 23:19:36
        · teir_sa:contraction_abcd_dbea_ec laeuft [   30s] … [NEW BEST] Trial #1 | SF=2, Parallel=a -> Zeit: 138.465 ms (25.7628 GFLOPS)
        · teir_sa:contraction_abcd_dbea_ec laeuft [   60s] … [NEW BEST] Trial #1 | SF=2, Parallel=a -> Zeit: 138.465 ms (25.7628 GFLOPS)
        · teir_sa:contraction_abcd_dbea_ec laeuft [   90s] … [NEW BEST] Trial #1 | SF=2, Parallel=a -> Zeit: 138.465 ms (25.7628 GFLOPS)
        · teir_sa:contraction_abcd_dbea_ec laeuft [  120s] … [NEW BEST] Trial #1 | SF=2, Parallel=a -> Zeit: 138.465 ms (25.7628 GFLOPS)
        · teir_sa:contraction_abcd_dbea_ec laeuft [  150s] … [NEW BEST] Trial #1 | SF=2, Parallel=a -> Zeit: 138.465 ms (25.7628 GFLOPS)
        · teir_sa:contraction_abcd_dbea_ec laeuft [  180s] … [NEW BEST] Trial #1 | SF=2, Parallel=a -> Zeit: 138.465 ms (25.7628 GFLOPS)
        · teir_sa:contraction_abcd_dbea_ec laeuft [  210s] … [NEW BEST] Trial #1 | SF=2, Parallel=a -> Zeit: 138.465 ms (25.7628 GFLOPS)
        · teir_sa:contraction_abcd_dbea_ec laeuft [  240s] … [NEW BEST] Trial #1 | SF=2, Parallel=a -> Zeit: 138.465 ms (25.7628 GFLOPS)
        · teir_sa:contraction_abcd_dbea_ec laeuft [  270s] … [NEW BEST] Trial #1 | SF=2, Parallel=a -> Zeit: 138.465 ms (25.7628 GFLOPS)
        · teir_sa:contraction_abcd_dbea_ec laeuft [  300s] … [NEW BEST] Trial #1 | SF=2, Parallel=a -> Zeit: 138.465 ms (25.7628 GFLOPS)
  [teir_sa]  3/48 contraction_abcd_dbea_ec               25.8 GFLOPS [partial-timeout]    300s  DONE @ 2026-07-08 23:24:36
  [teir_sa]  4/48 contraction_abcd_deca_be               ... START @ 2026-07-08 23:24:36
        · teir_sa:contraction_abcd_deca_be laeuft [   30s] … [AUTOTUNER] Jeder Trial wird JIT-kompiliert, auf Korrektheit geprueft und real gebenchmark
        · teir_sa:contraction_abcd_deca_be laeuft [   60s] … [NEW BEST] Trial #1 | SF=2, Parallel=a -> Zeit: 596.244 ms (5.23502 GFLOPS)
        · teir_sa:contraction_abcd_deca_be laeuft [   90s] … [NEW BEST] Trial #1 | SF=2, Parallel=a -> Zeit: 596.244 ms (5.23502 GFLOPS)
        · teir_sa:contraction_abcd_deca_be laeuft [  120s] … [NEW BEST] Trial #1 | SF=2, Parallel=a -> Zeit: 596.244 ms (5.23502 GFLOPS)
        · teir_sa:contraction_abcd_deca_be laeuft [  150s] … [NEW BEST] Trial #1 | SF=2, Parallel=a -> Zeit: 596.244 ms (5.23502 GFLOPS)
        · teir_sa:contraction_abcd_deca_be laeuft [  180s] … [NEW BEST] Trial #1 | SF=2, Parallel=a -> Zeit: 596.244 ms (5.23502 GFLOPS)
        · teir_sa:contraction_abcd_deca_be laeuft [  210s] … [NEW BEST] Trial #1 | SF=2, Parallel=a -> Zeit: 596.244 ms (5.23502 GFLOPS)
        · teir_sa:contraction_abcd_deca_be laeuft [  240s] … [NEW BEST] Trial #1 | SF=2, Parallel=a -> Zeit: 596.244 ms (5.23502 GFLOPS)
        · teir_sa:contraction_abcd_deca_be laeuft [  270s] … [NEW BEST] Trial #1 | SF=2, Parallel=a -> Zeit: 596.244 ms (5.23502 GFLOPS)
        · teir_sa:contraction_abcd_deca_be laeuft [  300s] … [NEW BEST] Trial #1 | SF=2, Parallel=a -> Zeit: 596.244 ms (5.23502 GFLOPS)
  [teir_sa]  4/48 contraction_abcd_deca_be               5.2 GFLOPS [partial-timeout]    300s  DONE @ 2026-07-08 23:29:36
  [teir_sa]  5/48 contraction_abcd_ebad_ce               ... START @ 2026-07-08 23:29:36
        · teir_sa:contraction_abcd_ebad_ce laeuft [   30s] … [NEW BEST] Trial #1 | SF=2, Parallel=a -> Zeit: 78.8022 ms (39.6099 GFLOPS)
        · teir_sa:contraction_abcd_ebad_ce laeuft [   60s] … [NEW BEST] Trial #1 | SF=2, Parallel=a -> Zeit: 78.8022 ms (39.6099 GFLOPS)
        · teir_sa:contraction_abcd_ebad_ce laeuft [   90s] … [NEW BEST] Trial #1 | SF=2, Parallel=a -> Zeit: 78.8022 ms (39.6099 GFLOPS)
        · teir_sa:contraction_abcd_ebad_ce laeuft [  120s] … [NEW BEST] Trial #1 | SF=2, Parallel=a -> Zeit: 78.8022 ms (39.6099 GFLOPS)
        · teir_sa:contraction_abcd_ebad_ce laeuft [  150s] … [NEW BEST] Trial #1 | SF=2, Parallel=a -> Zeit: 78.8022 ms (39.6099 GFLOPS)
        · teir_sa:contraction_abcd_ebad_ce laeuft [  180s] … [NEW BEST] Trial #1 | SF=2, Parallel=a -> Zeit: 78.8022 ms (39.6099 GFLOPS)
        · teir_sa:contraction_abcd_ebad_ce laeuft [  210s] … [NEW BEST] Trial #1 | SF=2, Parallel=a -> Zeit: 78.8022 ms (39.6099 GFLOPS)
        · teir_sa:contraction_abcd_ebad_ce laeuft [  240s] … [NEW BEST] Trial #1 | SF=2, Parallel=a -> Zeit: 78.8022 ms (39.6099 GFLOPS)
        · teir_sa:contraction_abcd_ebad_ce laeuft [  270s] … [NEW BEST] Trial #1 | SF=2, Parallel=a -> Zeit: 78.8022 ms (39.6099 GFLOPS)
        · teir_sa:contraction_abcd_ebad_ce laeuft [  300s] … [NEW BEST] Trial #1 | SF=2, Parallel=a -> Zeit: 78.8022 ms (39.6099 GFLOPS)
  [teir_sa]  5/48 contraction_abcd_ebad_ce               39.6 GFLOPS [partial-timeout]    300s  DONE @ 2026-07-08 23:34:36
  [teir_sa]  6/48 contraction_abcde_efbad_cf             ... START @ 2026-07-08 23:34:36
  [teir_sa]  6/48 contraction_abcde_efbad_cf             FAIL:no-success                   6s  DONE @ 2026-07-08 23:34:42
  [teir_sa]  7/48 contraction_abcde_ecbfa_fd             ... START @ 2026-07-08 23:34:42
  [teir_sa]  7/48 contraction_abcde_ecbfa_fd             FAIL:no-success                   5s  DONE @ 2026-07-08 23:34:47
  [teir_sa]  8/48 contraction_abcde_efcad_bf             ... START @ 2026-07-08 23:34:47
  [teir_sa]  8/48 contraction_abcde_efcad_bf             FAIL:no-success                   5s  DONE @ 2026-07-08 23:34:52
  [teir_sa]  9/48 contraction_abcd_ea_ebcd               ... START @ 2026-07-08 23:34:52
        · teir_sa:contraction_abcd_ea_ebcd laeuft [   30s] … [NEW BEST] Trial #1 | SF=2, Parallel=a -> Zeit: 187.228 ms (58.3499 GFLOPS)
        · teir_sa:contraction_abcd_ea_ebcd laeuft [   60s] … [NEW BEST] Trial #1 | SF=2, Parallel=a -> Zeit: 187.228 ms (58.3499 GFLOPS)
        · teir_sa:contraction_abcd_ea_ebcd laeuft [   90s] … [NEW BEST] Trial #1 | SF=2, Parallel=a -> Zeit: 187.228 ms (58.3499 GFLOPS)
        · teir_sa:contraction_abcd_ea_ebcd laeuft [  120s] … [NEW BEST] Trial #1 | SF=2, Parallel=a -> Zeit: 187.228 ms (58.3499 GFLOPS)
        · teir_sa:contraction_abcd_ea_ebcd laeuft [  150s] … [NEW BEST] Trial #1 | SF=2, Parallel=a -> Zeit: 187.228 ms (58.3499 GFLOPS)
        · teir_sa:contraction_abcd_ea_ebcd laeuft [  180s] … [NEW BEST] Trial #1 | SF=2, Parallel=a -> Zeit: 187.228 ms (58.3499 GFLOPS)
        · teir_sa:contraction_abcd_ea_ebcd laeuft [  210s] … [NEW BEST] Trial #1 | SF=2, Parallel=a -> Zeit: 187.228 ms (58.3499 GFLOPS)
        · teir_sa:contraction_abcd_ea_ebcd laeuft [  240s] … [NEW BEST] Trial #1 | SF=2, Parallel=a -> Zeit: 187.228 ms (58.3499 GFLOPS)
        · teir_sa:contraction_abcd_ea_ebcd laeuft [  270s] … [NEW BEST] Trial #1 | SF=2, Parallel=a -> Zeit: 187.228 ms (58.3499 GFLOPS)
        · teir_sa:contraction_abcd_ea_ebcd laeuft [  300s] … [NEW BEST] Trial #1 | SF=2, Parallel=a -> Zeit: 187.228 ms (58.3499 GFLOPS)
  [teir_sa]  9/48 contraction_abcd_ea_ebcd               58.3 GFLOPS [partial-timeout]    300s  DONE @ 2026-07-08 23:39:52
  [teir_sa] 10/48 contraction_abcd_eb_aecd               ... START @ 2026-07-08 23:39:52
        · teir_sa:contraction_abcd_eb_aecd laeuft [   30s] … [NEW BEST] Trial #1 | SF=2, Parallel=a -> Zeit: 170.289 ms (64.1539 GFLOPS)
        · teir_sa:contraction_abcd_eb_aecd laeuft [   60s] … [NEW BEST] Trial #1 | SF=2, Parallel=a -> Zeit: 170.289 ms (64.1539 GFLOPS)
        · teir_sa:contraction_abcd_eb_aecd laeuft [   90s] … [NEW BEST] Trial #1 | SF=2, Parallel=a -> Zeit: 170.289 ms (64.1539 GFLOPS)
        · teir_sa:contraction_abcd_eb_aecd laeuft [  120s] … [NEW BEST] Trial #1 | SF=2, Parallel=a -> Zeit: 170.289 ms (64.1539 GFLOPS)
        · teir_sa:contraction_abcd_eb_aecd laeuft [  150s] … [NEW BEST] Trial #1 | SF=2, Parallel=a -> Zeit: 170.289 ms (64.1539 GFLOPS)
        · teir_sa:contraction_abcd_eb_aecd laeuft [  180s] … [NEW BEST] Trial #1 | SF=2, Parallel=a -> Zeit: 170.289 ms (64.1539 GFLOPS)
        · teir_sa:contraction_abcd_eb_aecd laeuft [  210s] … [NEW BEST] Trial #1 | SF=2, Parallel=a -> Zeit: 170.289 ms (64.1539 GFLOPS)
        · teir_sa:contraction_abcd_eb_aecd laeuft [  240s] … [NEW BEST] Trial #1 | SF=2, Parallel=a -> Zeit: 170.289 ms (64.1539 GFLOPS)
        · teir_sa:contraction_abcd_eb_aecd laeuft [  270s] … [NEW BEST] Trial #1 | SF=2, Parallel=a -> Zeit: 170.289 ms (64.1539 GFLOPS)
        · teir_sa:contraction_abcd_eb_aecd laeuft [  300s] … [NEW BEST] Trial #1 | SF=2, Parallel=a -> Zeit: 170.289 ms (64.1539 GFLOPS)
  [teir_sa] 10/48 contraction_abcd_eb_aecd               64.2 GFLOPS [partial-timeout]    300s  DONE @ 2026-07-08 23:44:53
  [teir_sa] 11/48 contraction_abcd_ec_abed               ... START @ 2026-07-08 23:44:53
        · teir_sa:contraction_abcd_ec_abed laeuft [   30s] … [NEW BEST] Trial #1 | SF=2, Parallel=a -> Zeit: 179.524 ms (60.8537 GFLOPS)
        · teir_sa:contraction_abcd_ec_abed laeuft [   60s] … [NEW BEST] Trial #1 | SF=2, Parallel=a -> Zeit: 179.524 ms (60.8537 GFLOPS)
        · teir_sa:contraction_abcd_ec_abed laeuft [   90s] … [NEW BEST] Trial #1 | SF=2, Parallel=a -> Zeit: 179.524 ms (60.8537 GFLOPS)
        · teir_sa:contraction_abcd_ec_abed laeuft [  120s] … [NEW BEST] Trial #1 | SF=2, Parallel=a -> Zeit: 179.524 ms (60.8537 GFLOPS)
        · teir_sa:contraction_abcd_ec_abed laeuft [  150s] … [NEW BEST] Trial #1 | SF=2, Parallel=a -> Zeit: 179.524 ms (60.8537 GFLOPS)
        · teir_sa:contraction_abcd_ec_abed laeuft [  180s] … [NEW BEST] Trial #1 | SF=2, Parallel=a -> Zeit: 179.524 ms (60.8537 GFLOPS)
        · teir_sa:contraction_abcd_ec_abed laeuft [  210s] … [NEW BEST] Trial #1 | SF=2, Parallel=a -> Zeit: 179.524 ms (60.8537 GFLOPS)
        · teir_sa:contraction_abcd_ec_abed laeuft [  240s] … [NEW BEST] Trial #1 | SF=2, Parallel=a -> Zeit: 179.524 ms (60.8537 GFLOPS)
        · teir_sa:contraction_abcd_ec_abed laeuft [  270s] … [NEW BEST] Trial #1 | SF=2, Parallel=a -> Zeit: 179.524 ms (60.8537 GFLOPS)
        · teir_sa:contraction_abcd_ec_abed laeuft [  300s] … [NEW BEST] Trial #1 | SF=2, Parallel=a -> Zeit: 179.524 ms (60.8537 GFLOPS)
  [teir_sa] 11/48 contraction_abcd_ec_abed               60.9 GFLOPS [partial-timeout]    300s  DONE @ 2026-07-08 23:49:53
  [teir_sa] 12/48 contraction_ab_ac_cb                   ... START @ 2026-07-08 23:49:53
        · teir_sa:contraction_ab_ac_cb laeuft [   30s] … [AUTOTUNER] Jeder Trial wird JIT-kompiliert, auf Korrektheit geprueft und real gebenchmark
        · teir_sa:contraction_ab_ac_cb laeuft [   60s] … [AUTOTUNER] Jeder Trial wird JIT-kompiliert, auf Korrektheit geprueft und real gebenchmark
        · teir_sa:contraction_ab_ac_cb laeuft [   90s] … [AUTOTUNER] Jeder Trial wird JIT-kompiliert, auf Korrektheit geprueft und real gebenchmark
        · teir_sa:contraction_ab_ac_cb laeuft [  120s] … [AUTOTUNER] Jeder Trial wird JIT-kompiliert, auf Korrektheit geprueft und real gebenchmark
        · teir_sa:contraction_ab_ac_cb laeuft [  150s] … [AUTOTUNER] Jeder Trial wird JIT-kompiliert, auf Korrektheit geprueft und real gebenchmark
        · teir_sa:contraction_ab_ac_cb laeuft [  180s] … [AUTOTUNER] Jeder Trial wird JIT-kompiliert, auf Korrektheit geprueft und real gebenchmark
        · teir_sa:contraction_ab_ac_cb laeuft [  211s] … [AUTOTUNER] Jeder Trial wird JIT-kompiliert, auf Korrektheit geprueft und real gebenchmark
        · teir_sa:contraction_ab_ac_cb laeuft [  241s] … [AUTOTUNER] Jeder Trial wird JIT-kompiliert, auf Korrektheit geprueft und real gebenchmark
        · teir_sa:contraction_ab_ac_cb laeuft [  271s] … [AUTOTUNER] Jeder Trial wird JIT-kompiliert, auf Korrektheit geprueft und real gebenchmark
        · teir_sa:contraction_ab_ac_cb laeuft [  301s] … [AUTOTUNER] Jeder Trial wird JIT-kompiliert, auf Korrektheit geprueft und real gebenchmark
  [teir_sa] 12/48 contraction_ab_ac_cb                   TIMEOUT                         301s  DONE @ 2026-07-08 23:54:53
  [teir_sa] 13/48 contraction_ab_acd_dbc                 ... START @ 2026-07-08 23:54:53
        · teir_sa:contraction_ab_acd_dbc laeuft [   30s] … [AUTOTUNER] Jeder Trial wird JIT-kompiliert, auf Korrektheit geprueft und real gebenchmark
        · teir_sa:contraction_ab_acd_dbc laeuft [   60s] … [AUTOTUNER] Jeder Trial wird JIT-kompiliert, auf Korrektheit geprueft und real gebenchmark
        · teir_sa:contraction_ab_acd_dbc laeuft [   90s] … [AUTOTUNER] Jeder Trial wird JIT-kompiliert, auf Korrektheit geprueft und real gebenchmark
        · teir_sa:contraction_ab_acd_dbc laeuft [  120s] … [NEW BEST] Trial #1 | SF=1, Parallel=a -> Zeit: 1654.04 ms (25.2071 GFLOPS)
        · teir_sa:contraction_ab_acd_dbc laeuft [  150s] … [NEW BEST] Trial #1 | SF=1, Parallel=a -> Zeit: 1654.04 ms (25.2071 GFLOPS)
        · teir_sa:contraction_ab_acd_dbc laeuft [  180s] … [NEW BEST] Trial #1 | SF=1, Parallel=a -> Zeit: 1654.04 ms (25.2071 GFLOPS)
        · teir_sa:contraction_ab_acd_dbc laeuft [  211s] … [NEW BEST] Trial #1 | SF=1, Parallel=a -> Zeit: 1654.04 ms (25.2071 GFLOPS)
        · teir_sa:contraction_ab_acd_dbc laeuft [  241s] … [NEW BEST] Trial #1 | SF=1, Parallel=a -> Zeit: 1654.04 ms (25.2071 GFLOPS)
        · teir_sa:contraction_ab_acd_dbc laeuft [  271s] … [NEW BEST] Trial #1 | SF=1, Parallel=a -> Zeit: 1654.04 ms (25.2071 GFLOPS)
        · teir_sa:contraction_ab_acd_dbc laeuft [  301s] … [NEW BEST] Trial #1 | SF=1, Parallel=a -> Zeit: 1654.04 ms (25.2071 GFLOPS)
  [teir_sa] 13/48 contraction_ab_acd_dbc                 25.2 GFLOPS [partial-timeout]    301s  DONE @ 2026-07-08 23:59:54
  [teir_sa] 14/48 contraction_ab_cad_dcb                 ... START @ 2026-07-08 23:59:54
        · teir_sa:contraction_ab_cad_dcb laeuft [   30s] … [AUTOTUNER] Jeder Trial wird JIT-kompiliert, auf Korrektheit geprueft und real gebenchmark
        · teir_sa:contraction_ab_cad_dcb laeuft [   60s] … [AUTOTUNER] Jeder Trial wird JIT-kompiliert, auf Korrektheit geprueft und real gebenchmark
        · teir_sa:contraction_ab_cad_dcb laeuft [   90s] … [AUTOTUNER] Jeder Trial wird JIT-kompiliert, auf Korrektheit geprueft und real gebenchmark
        · teir_sa:contraction_ab_cad_dcb laeuft [  120s] … [AUTOTUNER] Jeder Trial wird JIT-kompiliert, auf Korrektheit geprueft und real gebenchmark
        · teir_sa:contraction_ab_cad_dcb laeuft [  150s] … [AUTOTUNER] Jeder Trial wird JIT-kompiliert, auf Korrektheit geprueft und real gebenchmark
        · teir_sa:contraction_ab_cad_dcb laeuft [  180s] … [AUTOTUNER] Jeder Trial wird JIT-kompiliert, auf Korrektheit geprueft und real gebenchmark
        · teir_sa:contraction_ab_cad_dcb laeuft [  210s] … [AUTOTUNER] Jeder Trial wird JIT-kompiliert, auf Korrektheit geprueft und real gebenchmark
        · teir_sa:contraction_ab_cad_dcb laeuft [  240s] … [AUTOTUNER] Jeder Trial wird JIT-kompiliert, auf Korrektheit geprueft und real gebenchmark
        · teir_sa:contraction_ab_cad_dcb laeuft [  270s] … [AUTOTUNER] Jeder Trial wird JIT-kompiliert, auf Korrektheit geprueft und real gebenchmark
        · teir_sa:contraction_ab_cad_dcb laeuft [  300s] … [AUTOTUNER] Jeder Trial wird JIT-kompiliert, auf Korrektheit geprueft und real gebenchmark
  [teir_sa] 14/48 contraction_ab_cad_dcb                 TIMEOUT                         300s  DONE @ 2026-07-09 00:04:55
  [teir_sa] 15/48 contraction_abc_acd_db                 ... START @ 2026-07-09 00:04:55
        · teir_sa:contraction_abc_acd_db laeuft [   30s] … [AUTOTUNER] Jeder Trial wird JIT-kompiliert, auf Korrektheit geprueft und real gebenchmark
        · teir_sa:contraction_abc_acd_db laeuft [   60s] … [NEW BEST] Trial #1 | SF=2, Parallel=a -> Zeit: 837.152 ms (49.8039 GFLOPS)
        · teir_sa:contraction_abc_acd_db laeuft [   90s] … [NEW BEST] Trial #1 | SF=2, Parallel=a -> Zeit: 837.152 ms (49.8039 GFLOPS)
        · teir_sa:contraction_abc_acd_db laeuft [  120s] … [NEW BEST] Trial #1 | SF=2, Parallel=a -> Zeit: 837.152 ms (49.8039 GFLOPS)
        · teir_sa:contraction_abc_acd_db laeuft [  150s] … [NEW BEST] Trial #1 | SF=2, Parallel=a -> Zeit: 837.152 ms (49.8039 GFLOPS)
        · teir_sa:contraction_abc_acd_db laeuft [  180s] … [NEW BEST] Trial #1 | SF=2, Parallel=a -> Zeit: 837.152 ms (49.8039 GFLOPS)
        · teir_sa:contraction_abc_acd_db laeuft [  211s] … [NEW BEST] Trial #1 | SF=2, Parallel=a -> Zeit: 837.152 ms (49.8039 GFLOPS)
        · teir_sa:contraction_abc_acd_db laeuft [  241s] … [NEW BEST] Trial #1 | SF=2, Parallel=a -> Zeit: 837.152 ms (49.8039 GFLOPS)
        · teir_sa:contraction_abc_acd_db laeuft [  271s] … [NEW BEST] Trial #1 | SF=2, Parallel=a -> Zeit: 837.152 ms (49.8039 GFLOPS)
        · teir_sa:contraction_abc_acd_db laeuft [  301s] … [NEW BEST] Trial #1 | SF=2, Parallel=a -> Zeit: 837.152 ms (49.8039 GFLOPS)
  [teir_sa] 15/48 contraction_abc_acd_db                 49.8 GFLOPS [partial-timeout]    301s  DONE @ 2026-07-09 00:09:55
  [teir_sa] 16/48 contraction_abc_ad_bdc                 ... START @ 2026-07-09 00:09:55
        · teir_sa:contraction_abc_ad_bdc laeuft [   30s] … [AUTOTUNER] Jeder Trial wird JIT-kompiliert, auf Korrektheit geprueft und real gebenchmark
        · teir_sa:contraction_abc_ad_bdc laeuft [   60s] … [AUTOTUNER] Jeder Trial wird JIT-kompiliert, auf Korrektheit geprueft und real gebenchmark
        · teir_sa:contraction_abc_ad_bdc laeuft [   90s] … [NEW BEST] Trial #1 | SF=2, Parallel=a -> Zeit: 936.925 ms (44.5003 GFLOPS)
        · teir_sa:contraction_abc_ad_bdc laeuft [  120s] … [NEW BEST] Trial #1 | SF=2, Parallel=a -> Zeit: 936.925 ms (44.5003 GFLOPS)
        · teir_sa:contraction_abc_ad_bdc laeuft [  150s] … [NEW BEST] Trial #1 | SF=2, Parallel=a -> Zeit: 936.925 ms (44.5003 GFLOPS)
        · teir_sa:contraction_abc_ad_bdc laeuft [  180s] … [NEW BEST] Trial #1 | SF=2, Parallel=a -> Zeit: 936.925 ms (44.5003 GFLOPS)
        · teir_sa:contraction_abc_ad_bdc laeuft [  211s] … [NEW BEST] Trial #1 | SF=2, Parallel=a -> Zeit: 936.925 ms (44.5003 GFLOPS)
        · teir_sa:contraction_abc_ad_bdc laeuft [  241s] … [NEW BEST] Trial #1 | SF=2, Parallel=a -> Zeit: 936.925 ms (44.5003 GFLOPS)
        · teir_sa:contraction_abc_ad_bdc laeuft [  271s] … [NEW BEST] Trial #1 | SF=2, Parallel=a -> Zeit: 936.925 ms (44.5003 GFLOPS)
        · teir_sa:contraction_abc_ad_bdc laeuft [  301s] … [NEW BEST] Trial #1 | SF=2, Parallel=a -> Zeit: 936.925 ms (44.5003 GFLOPS)
  [teir_sa] 16/48 contraction_abc_ad_bdc                 44.5 GFLOPS [partial-timeout]    301s  DONE @ 2026-07-09 00:14:56
  [teir_sa] 17/48 contraction_abc_adc_bd                 ... START @ 2026-07-09 00:14:56
        · teir_sa:contraction_abc_adc_bd laeuft [   30s] … [AUTOTUNER] Jeder Trial wird JIT-kompiliert, auf Korrektheit geprueft und real gebenchmark
        · teir_sa:contraction_abc_adc_bd laeuft [   60s] … [AUTOTUNER] Jeder Trial wird JIT-kompiliert, auf Korrektheit geprueft und real gebenchmark
        · teir_sa:contraction_abc_adc_bd laeuft [   90s] … [NEW BEST] Trial #1 | SF=2, Parallel=a -> Zeit: 977.598 ms (42.6489 GFLOPS)
        · teir_sa:contraction_abc_adc_bd laeuft [  120s] … [NEW BEST] Trial #1 | SF=2, Parallel=a -> Zeit: 977.598 ms (42.6489 GFLOPS)
        · teir_sa:contraction_abc_adc_bd laeuft [  150s] … [NEW BEST] Trial #1 | SF=2, Parallel=a -> Zeit: 977.598 ms (42.6489 GFLOPS)
        · teir_sa:contraction_abc_adc_bd laeuft [  180s] … [NEW BEST] Trial #1 | SF=2, Parallel=a -> Zeit: 977.598 ms (42.6489 GFLOPS)
        · teir_sa:contraction_abc_adc_bd laeuft [  211s] … [NEW BEST] Trial #1 | SF=2, Parallel=a -> Zeit: 977.598 ms (42.6489 GFLOPS)
        · teir_sa:contraction_abc_adc_bd laeuft [  241s] … [NEW BEST] Trial #1 | SF=2, Parallel=a -> Zeit: 977.598 ms (42.6489 GFLOPS)
        · teir_sa:contraction_abc_adc_bd laeuft [  271s] … [NEW BEST] Trial #1 | SF=2, Parallel=a -> Zeit: 977.598 ms (42.6489 GFLOPS)
        · teir_sa:contraction_abc_adc_bd laeuft [  301s] … [NEW BEST] Trial #1 | SF=2, Parallel=a -> Zeit: 977.598 ms (42.6489 GFLOPS)
  [teir_sa] 17/48 contraction_abc_adc_bd                 42.6 GFLOPS [partial-timeout]    301s  DONE @ 2026-07-09 00:19:57
  [teir_sa] 18/48 contraction_abc_adc_db                 ... START @ 2026-07-09 00:19:57
        · teir_sa:contraction_abc_adc_db laeuft [   30s] … [AUTOTUNER] Jeder Trial wird JIT-kompiliert, auf Korrektheit geprueft und real gebenchmark
        · teir_sa:contraction_abc_adc_db laeuft [   60s] … [AUTOTUNER] Jeder Trial wird JIT-kompiliert, auf Korrektheit geprueft und real gebenchmark
        · teir_sa:contraction_abc_adc_db laeuft [   90s] … [NEW BEST] Trial #1 | SF=2, Parallel=a -> Zeit: 1104.01 ms (37.7655 GFLOPS)
        · teir_sa:contraction_abc_adc_db laeuft [  120s] … [NEW BEST] Trial #1 | SF=2, Parallel=a -> Zeit: 1104.01 ms (37.7655 GFLOPS)
        · teir_sa:contraction_abc_adc_db laeuft [  150s] … [NEW BEST] Trial #1 | SF=2, Parallel=a -> Zeit: 1104.01 ms (37.7655 GFLOPS)
        · teir_sa:contraction_abc_adc_db laeuft [  180s] … [NEW BEST] Trial #1 | SF=2, Parallel=a -> Zeit: 1104.01 ms (37.7655 GFLOPS)
        · teir_sa:contraction_abc_adc_db laeuft [  211s] … [NEW BEST] Trial #1 | SF=2, Parallel=a -> Zeit: 1104.01 ms (37.7655 GFLOPS)
        · teir_sa:contraction_abc_adc_db laeuft [  241s] … [NEW BEST] Trial #1 | SF=2, Parallel=a -> Zeit: 1104.01 ms (37.7655 GFLOPS)
        · teir_sa:contraction_abc_adc_db laeuft [  271s] … [NEW BEST] Trial #1 | SF=2, Parallel=a -> Zeit: 1104.01 ms (37.7655 GFLOPS)
        · teir_sa:contraction_abc_adc_db laeuft [  301s] … [NEW BEST] Trial #1 | SF=2, Parallel=a -> Zeit: 1104.01 ms (37.7655 GFLOPS)
  [teir_sa] 18/48 contraction_abc_adc_db                 37.8 GFLOPS [partial-timeout]    301s  DONE @ 2026-07-09 00:24:58
  [teir_sa] 19/48 contraction_abc_adec_ebd               ... START @ 2026-07-09 00:24:58
        · teir_sa:contraction_abc_adec_ebd laeuft [   30s] … [AUTOTUNER] Jeder Trial wird JIT-kompiliert, auf Korrektheit geprueft und real gebenchmark
        · teir_sa:contraction_abc_adec_ebd laeuft [   60s] … [NEW BEST] Trial #1 | SF=1, Parallel=a -> Zeit: 535.9 ms (20.3857 GFLOPS)
        · teir_sa:contraction_abc_adec_ebd laeuft [   90s] … [NEW BEST] Trial #1 | SF=1, Parallel=a -> Zeit: 535.9 ms (20.3857 GFLOPS)
        · teir_sa:contraction_abc_adec_ebd laeuft [  120s] … [NEW BEST] Trial #1 | SF=1, Parallel=a -> Zeit: 535.9 ms (20.3857 GFLOPS)
        · teir_sa:contraction_abc_adec_ebd laeuft [  151s] … [NEW BEST] Trial #1 | SF=1, Parallel=a -> Zeit: 535.9 ms (20.3857 GFLOPS)
        · teir_sa:contraction_abc_adec_ebd laeuft [  181s] … [NEW BEST] Trial #1 | SF=1, Parallel=a -> Zeit: 535.9 ms (20.3857 GFLOPS)
        · teir_sa:contraction_abc_adec_ebd laeuft [  211s] … [NEW BEST] Trial #1 | SF=1, Parallel=a -> Zeit: 535.9 ms (20.3857 GFLOPS)
        · teir_sa:contraction_abc_adec_ebd laeuft [  241s] … [NEW BEST] Trial #1 | SF=1, Parallel=a -> Zeit: 535.9 ms (20.3857 GFLOPS)
        · teir_sa:contraction_abc_adec_ebd laeuft [  271s] … [NEW BEST] Trial #1 | SF=1, Parallel=a -> Zeit: 535.9 ms (20.3857 GFLOPS)
        · teir_sa:contraction_abc_adec_ebd laeuft [  301s] … [NEW BEST] Trial #1 | SF=1, Parallel=a -> Zeit: 535.9 ms (20.3857 GFLOPS)
  [teir_sa] 19/48 contraction_abc_adec_ebd               20.4 GFLOPS [partial-timeout]    301s  DONE @ 2026-07-09 00:29:59
  [teir_sa] 20/48 contraction_abcd_aebf_dfce             ... START @ 2026-07-09 00:29:59
        · teir_sa:contraction_abcd_aebf_dfce laeuft [   30s] … [AUTOTUNER] Jeder Trial wird JIT-kompiliert, auf Korrektheit geprueft und real gebenchmark
        · teir_sa:contraction_abcd_aebf_dfce laeuft [   60s] … [AUTOTUNER] Jeder Trial wird JIT-kompiliert, auf Korrektheit geprueft und real gebenchmark
        · teir_sa:contraction_abcd_aebf_dfce laeuft [   90s] … [AUTOTUNER] Jeder Trial wird JIT-kompiliert, auf Korrektheit geprueft und real gebenchmark
        · teir_sa:contraction_abcd_aebf_dfce laeuft [  120s] … [AUTOTUNER] Jeder Trial wird JIT-kompiliert, auf Korrektheit geprueft und real gebenchmark
        · teir_sa:contraction_abcd_aebf_dfce laeuft [  150s] … [AUTOTUNER] Jeder Trial wird JIT-kompiliert, auf Korrektheit geprueft und real gebenchmark
        · teir_sa:contraction_abcd_aebf_dfce laeuft [  180s] … [AUTOTUNER] Jeder Trial wird JIT-kompiliert, auf Korrektheit geprueft und real gebenchmark
        · teir_sa:contraction_abcd_aebf_dfce laeuft [  211s] … [AUTOTUNER] Jeder Trial wird JIT-kompiliert, auf Korrektheit geprueft und real gebenchmark
        · teir_sa:contraction_abcd_aebf_dfce laeuft [  241s] … [AUTOTUNER] Jeder Trial wird JIT-kompiliert, auf Korrektheit geprueft und real gebenchmark
        · teir_sa:contraction_abcd_aebf_dfce laeuft [  271s] … [AUTOTUNER] Jeder Trial wird JIT-kompiliert, auf Korrektheit geprueft und real gebenchmark
        · teir_sa:contraction_abcd_aebf_dfce laeuft [  301s] … [AUTOTUNER] Jeder Trial wird JIT-kompiliert, auf Korrektheit geprueft und real gebenchmark
  [teir_sa] 20/48 contraction_abcd_aebf_dfce             TIMEOUT                         301s  DONE @ 2026-07-09 00:34:59
  [teir_sa] 21/48 contraction_abcd_aebf_fdec             ... START @ 2026-07-09 00:34:59
        · teir_sa:contraction_abcd_aebf_fdec laeuft [   30s] … [AUTOTUNER] Jeder Trial wird JIT-kompiliert, auf Korrektheit geprueft und real gebenchmark
        · teir_sa:contraction_abcd_aebf_fdec laeuft [   60s] … [AUTOTUNER] Jeder Trial wird JIT-kompiliert, auf Korrektheit geprueft und real gebenchmark
        · teir_sa:contraction_abcd_aebf_fdec laeuft [   90s] … [AUTOTUNER] Jeder Trial wird JIT-kompiliert, auf Korrektheit geprueft und real gebenchmark
        · teir_sa:contraction_abcd_aebf_fdec laeuft [  120s] … [AUTOTUNER] Jeder Trial wird JIT-kompiliert, auf Korrektheit geprueft und real gebenchmark
        · teir_sa:contraction_abcd_aebf_fdec laeuft [  150s] … [AUTOTUNER] Jeder Trial wird JIT-kompiliert, auf Korrektheit geprueft und real gebenchmark
        · teir_sa:contraction_abcd_aebf_fdec laeuft [  180s] … [AUTOTUNER] Jeder Trial wird JIT-kompiliert, auf Korrektheit geprueft und real gebenchmark
        · teir_sa:contraction_abcd_aebf_fdec laeuft [  210s] … [AUTOTUNER] Jeder Trial wird JIT-kompiliert, auf Korrektheit geprueft und real gebenchmark
        · teir_sa:contraction_abcd_aebf_fdec laeuft [  240s] … [AUTOTUNER] Jeder Trial wird JIT-kompiliert, auf Korrektheit geprueft und real gebenchmark
        · teir_sa:contraction_abcd_aebf_fdec laeuft [  270s] … [AUTOTUNER] Jeder Trial wird JIT-kompiliert, auf Korrektheit geprueft und real gebenchmark
        · teir_sa:contraction_abcd_aebf_fdec laeuft [  301s] … [AUTOTUNER] Jeder Trial wird JIT-kompiliert, auf Korrektheit geprueft und real gebenchmark
  [teir_sa] 21/48 contraction_abcd_aebf_fdec             TIMEOUT                         301s  DONE @ 2026-07-09 00:40:00
  [teir_sa] 22/48 contraction_abcd_aecf_bfde             ... START @ 2026-07-09 00:40:00
        · teir_sa:contraction_abcd_aecf_bfde laeuft [   30s] … [AUTOTUNER] Jeder Trial wird JIT-kompiliert, auf Korrektheit geprueft und real gebenchmark
        · teir_sa:contraction_abcd_aecf_bfde laeuft [   60s] … [AUTOTUNER] Jeder Trial wird JIT-kompiliert, auf Korrektheit geprueft und real gebenchmark
        · teir_sa:contraction_abcd_aecf_bfde laeuft [   90s] … [AUTOTUNER] Jeder Trial wird JIT-kompiliert, auf Korrektheit geprueft und real gebenchmark
        · teir_sa:contraction_abcd_aecf_bfde laeuft [  120s] … [AUTOTUNER] Jeder Trial wird JIT-kompiliert, auf Korrektheit geprueft und real gebenchmark
        · teir_sa:contraction_abcd_aecf_bfde laeuft [  150s] … [AUTOTUNER] Jeder Trial wird JIT-kompiliert, auf Korrektheit geprueft und real gebenchmark
        · teir_sa:contraction_abcd_aecf_bfde laeuft [  180s] … [AUTOTUNER] Jeder Trial wird JIT-kompiliert, auf Korrektheit geprueft und real gebenchmark
        · teir_sa:contraction_abcd_aecf_bfde laeuft [  211s] … [AUTOTUNER] Jeder Trial wird JIT-kompiliert, auf Korrektheit geprueft und real gebenchmark
        · teir_sa:contraction_abcd_aecf_bfde laeuft [  241s] … [AUTOTUNER] Jeder Trial wird JIT-kompiliert, auf Korrektheit geprueft und real gebenchmark
        · teir_sa:contraction_abcd_aecf_bfde laeuft [  271s] … [AUTOTUNER] Jeder Trial wird JIT-kompiliert, auf Korrektheit geprueft und real gebenchmark
        · teir_sa:contraction_abcd_aecf_bfde laeuft [  301s] … [AUTOTUNER] Jeder Trial wird JIT-kompiliert, auf Korrektheit geprueft und real gebenchmark
  [teir_sa] 22/48 contraction_abcd_aecf_bfde             TIMEOUT                         301s  DONE @ 2026-07-09 00:45:01
  [teir_sa] 23/48 contraction_abcd_aecf_fbed             ... START @ 2026-07-09 00:45:01
        · teir_sa:contraction_abcd_aecf_fbed laeuft [   30s] … [AUTOTUNER] Jeder Trial wird JIT-kompiliert, auf Korrektheit geprueft und real gebenchmark
        · teir_sa:contraction_abcd_aecf_fbed laeuft [   60s] … [AUTOTUNER] Jeder Trial wird JIT-kompiliert, auf Korrektheit geprueft und real gebenchmark
        · teir_sa:contraction_abcd_aecf_fbed laeuft [   90s] … [AUTOTUNER] Jeder Trial wird JIT-kompiliert, auf Korrektheit geprueft und real gebenchmark
        · teir_sa:contraction_abcd_aecf_fbed laeuft [  120s] … [AUTOTUNER] Jeder Trial wird JIT-kompiliert, auf Korrektheit geprueft und real gebenchmark
        · teir_sa:contraction_abcd_aecf_fbed laeuft [  151s] … [AUTOTUNER] Jeder Trial wird JIT-kompiliert, auf Korrektheit geprueft und real gebenchmark
        · teir_sa:contraction_abcd_aecf_fbed laeuft [  181s] … [AUTOTUNER] Jeder Trial wird JIT-kompiliert, auf Korrektheit geprueft und real gebenchmark
        · teir_sa:contraction_abcd_aecf_fbed laeuft [  211s] … [AUTOTUNER] Jeder Trial wird JIT-kompiliert, auf Korrektheit geprueft und real gebenchmark
        · teir_sa:contraction_abcd_aecf_fbed laeuft [  241s] … [AUTOTUNER] Jeder Trial wird JIT-kompiliert, auf Korrektheit geprueft und real gebenchmark
        · teir_sa:contraction_abcd_aecf_fbed laeuft [  271s] … [AUTOTUNER] Jeder Trial wird JIT-kompiliert, auf Korrektheit geprueft und real gebenchmark
        · teir_sa:contraction_abcd_aecf_fbed laeuft [  301s] … [AUTOTUNER] Jeder Trial wird JIT-kompiliert, auf Korrektheit geprueft und real gebenchmark
  [teir_sa] 23/48 contraction_abcd_aecf_fbed             TIMEOUT                         301s  DONE @ 2026-07-09 00:50:02
  [teir_sa] 24/48 contraction_abcd_aedf_bfce             ... START @ 2026-07-09 00:50:02
        · teir_sa:contraction_abcd_aedf_bfce laeuft [   30s] … [AUTOTUNER] Jeder Trial wird JIT-kompiliert, auf Korrektheit geprueft und real gebenchmark
        · teir_sa:contraction_abcd_aedf_bfce laeuft [   60s] … [AUTOTUNER] Jeder Trial wird JIT-kompiliert, auf Korrektheit geprueft und real gebenchmark
        · teir_sa:contraction_abcd_aedf_bfce laeuft [   90s] … [AUTOTUNER] Jeder Trial wird JIT-kompiliert, auf Korrektheit geprueft und real gebenchmark
        · teir_sa:contraction_abcd_aedf_bfce laeuft [  120s] … [AUTOTUNER] Jeder Trial wird JIT-kompiliert, auf Korrektheit geprueft und real gebenchmark
        · teir_sa:contraction_abcd_aedf_bfce laeuft [  151s] … [AUTOTUNER] Jeder Trial wird JIT-kompiliert, auf Korrektheit geprueft und real gebenchmark
        · teir_sa:contraction_abcd_aedf_bfce laeuft [  181s] … [AUTOTUNER] Jeder Trial wird JIT-kompiliert, auf Korrektheit geprueft und real gebenchmark
        · teir_sa:contraction_abcd_aedf_bfce laeuft [  211s] … [AUTOTUNER] Jeder Trial wird JIT-kompiliert, auf Korrektheit geprueft und real gebenchmark
        · teir_sa:contraction_abcd_aedf_bfce laeuft [  241s] … [AUTOTUNER] Jeder Trial wird JIT-kompiliert, auf Korrektheit geprueft und real gebenchmark
        · teir_sa:contraction_abcd_aedf_bfce laeuft [  271s] … [AUTOTUNER] Jeder Trial wird JIT-kompiliert, auf Korrektheit geprueft und real gebenchmark
        · teir_sa:contraction_abcd_aedf_bfce laeuft [  301s] … [AUTOTUNER] Jeder Trial wird JIT-kompiliert, auf Korrektheit geprueft und real gebenchmark
  [teir_sa] 24/48 contraction_abcd_aedf_bfce             TIMEOUT                         301s  DONE @ 2026-07-09 00:55:03
  [teir_sa] 25/48 contraction_abcd_aedf_fbec             ... START @ 2026-07-09 00:55:03
        · teir_sa:contraction_abcd_aedf_fbec laeuft [   30s] … [AUTOTUNER] Jeder Trial wird JIT-kompiliert, auf Korrektheit geprueft und real gebenchmark
        · teir_sa:contraction_abcd_aedf_fbec laeuft [   60s] … [AUTOTUNER] Jeder Trial wird JIT-kompiliert, auf Korrektheit geprueft und real gebenchmark
        · teir_sa:contraction_abcd_aedf_fbec laeuft [   90s] … [AUTOTUNER] Jeder Trial wird JIT-kompiliert, auf Korrektheit geprueft und real gebenchmark
        · teir_sa:contraction_abcd_aedf_fbec laeuft [  120s] … [AUTOTUNER] Jeder Trial wird JIT-kompiliert, auf Korrektheit geprueft und real gebenchmark
        · teir_sa:contraction_abcd_aedf_fbec laeuft [  151s] … [AUTOTUNER] Jeder Trial wird JIT-kompiliert, auf Korrektheit geprueft und real gebenchmark
        · teir_sa:contraction_abcd_aedf_fbec laeuft [  181s] … [AUTOTUNER] Jeder Trial wird JIT-kompiliert, auf Korrektheit geprueft und real gebenchmark
        · teir_sa:contraction_abcd_aedf_fbec laeuft [  211s] … [AUTOTUNER] Jeder Trial wird JIT-kompiliert, auf Korrektheit geprueft und real gebenchmark
        · teir_sa:contraction_abcd_aedf_fbec laeuft [  241s] … [AUTOTUNER] Jeder Trial wird JIT-kompiliert, auf Korrektheit geprueft und real gebenchmark
        · teir_sa:contraction_abcd_aedf_fbec laeuft [  271s] … [AUTOTUNER] Jeder Trial wird JIT-kompiliert, auf Korrektheit geprueft und real gebenchmark
        · teir_sa:contraction_abcd_aedf_fbec laeuft [  301s] … [AUTOTUNER] Jeder Trial wird JIT-kompiliert, auf Korrektheit geprueft und real gebenchmark
  [teir_sa] 25/48 contraction_abcd_aedf_fbec             TIMEOUT                         301s  DONE @ 2026-07-09 01:00:04
  [teir_sa] 26/48 contraction_abcd_aefb_fdce             ... START @ 2026-07-09 01:00:04
        · teir_sa:contraction_abcd_aefb_fdce laeuft [   30s] … [AUTOTUNER] Jeder Trial wird JIT-kompiliert, auf Korrektheit geprueft und real gebenchmark
        · teir_sa:contraction_abcd_aefb_fdce laeuft [   60s] … [AUTOTUNER] Jeder Trial wird JIT-kompiliert, auf Korrektheit geprueft und real gebenchmark
        · teir_sa:contraction_abcd_aefb_fdce laeuft [   90s] … [AUTOTUNER] Jeder Trial wird JIT-kompiliert, auf Korrektheit geprueft und real gebenchmark
        · teir_sa:contraction_abcd_aefb_fdce laeuft [  120s] … [AUTOTUNER] Jeder Trial wird JIT-kompiliert, auf Korrektheit geprueft und real gebenchmark
        · teir_sa:contraction_abcd_aefb_fdce laeuft [  150s] … [AUTOTUNER] Jeder Trial wird JIT-kompiliert, auf Korrektheit geprueft und real gebenchmark
        · teir_sa:contraction_abcd_aefb_fdce laeuft [  180s] … [AUTOTUNER] Jeder Trial wird JIT-kompiliert, auf Korrektheit geprueft und real gebenchmark
        · teir_sa:contraction_abcd_aefb_fdce laeuft [  211s] … [AUTOTUNER] Jeder Trial wird JIT-kompiliert, auf Korrektheit geprueft und real gebenchmark
        · teir_sa:contraction_abcd_aefb_fdce laeuft [  241s] … [AUTOTUNER] Jeder Trial wird JIT-kompiliert, auf Korrektheit geprueft und real gebenchmark
        · teir_sa:contraction_abcd_aefb_fdce laeuft [  271s] … [AUTOTUNER] Jeder Trial wird JIT-kompiliert, auf Korrektheit geprueft und real gebenchmark
        · teir_sa:contraction_abcd_aefb_fdce laeuft [  301s] … [AUTOTUNER] Jeder Trial wird JIT-kompiliert, auf Korrektheit geprueft und real gebenchmark
  [teir_sa] 26/48 contraction_abcd_aefb_fdce             TIMEOUT                         301s  DONE @ 2026-07-09 01:05:05
  [teir_sa] 27/48 contraction_abcd_aefc_fbed             ... START @ 2026-07-09 01:05:05
        · teir_sa:contraction_abcd_aefc_fbed laeuft [   30s] … [AUTOTUNER] Jeder Trial wird JIT-kompiliert, auf Korrektheit geprueft und real gebenchmark
        · teir_sa:contraction_abcd_aefc_fbed laeuft [   60s] … [AUTOTUNER] Jeder Trial wird JIT-kompiliert, auf Korrektheit geprueft und real gebenchmark
        · teir_sa:contraction_abcd_aefc_fbed laeuft [   90s] … [AUTOTUNER] Jeder Trial wird JIT-kompiliert, auf Korrektheit geprueft und real gebenchmark
        · teir_sa:contraction_abcd_aefc_fbed laeuft [  120s] … [AUTOTUNER] Jeder Trial wird JIT-kompiliert, auf Korrektheit geprueft und real gebenchmark
        · teir_sa:contraction_abcd_aefc_fbed laeuft [  150s] … [AUTOTUNER] Jeder Trial wird JIT-kompiliert, auf Korrektheit geprueft und real gebenchmark
        · teir_sa:contraction_abcd_aefc_fbed laeuft [  181s] … [AUTOTUNER] Jeder Trial wird JIT-kompiliert, auf Korrektheit geprueft und real gebenchmark
        · teir_sa:contraction_abcd_aefc_fbed laeuft [  211s] … [AUTOTUNER] Jeder Trial wird JIT-kompiliert, auf Korrektheit geprueft und real gebenchmark
        · teir_sa:contraction_abcd_aefc_fbed laeuft [  241s] … [AUTOTUNER] Jeder Trial wird JIT-kompiliert, auf Korrektheit geprueft und real gebenchmark
        · teir_sa:contraction_abcd_aefc_fbed laeuft [  271s] … [AUTOTUNER] Jeder Trial wird JIT-kompiliert, auf Korrektheit geprueft und real gebenchmark
        · teir_sa:contraction_abcd_aefc_fbed laeuft [  301s] … [AUTOTUNER] Jeder Trial wird JIT-kompiliert, auf Korrektheit geprueft und real gebenchmark
  [teir_sa] 27/48 contraction_abcd_aefc_fbed             TIMEOUT                         301s  DONE @ 2026-07-09 01:10:05
  [teir_sa] 28/48 contraction_abcd_eafb_fdec             ... START @ 2026-07-09 01:10:05
        · teir_sa:contraction_abcd_eafb_fdec laeuft [   30s] … [AUTOTUNER] Jeder Trial wird JIT-kompiliert, auf Korrektheit geprueft und real gebenchmark
        · teir_sa:contraction_abcd_eafb_fdec laeuft [   60s] … [AUTOTUNER] Jeder Trial wird JIT-kompiliert, auf Korrektheit geprueft und real gebenchmark
        · teir_sa:contraction_abcd_eafb_fdec laeuft [   90s] … [AUTOTUNER] Jeder Trial wird JIT-kompiliert, auf Korrektheit geprueft und real gebenchmark
        · teir_sa:contraction_abcd_eafb_fdec laeuft [  120s] … [AUTOTUNER] Jeder Trial wird JIT-kompiliert, auf Korrektheit geprueft und real gebenchmark
        · teir_sa:contraction_abcd_eafb_fdec laeuft [  150s] … [AUTOTUNER] Jeder Trial wird JIT-kompiliert, auf Korrektheit geprueft und real gebenchmark
        · teir_sa:contraction_abcd_eafb_fdec laeuft [  180s] … [AUTOTUNER] Jeder Trial wird JIT-kompiliert, auf Korrektheit geprueft und real gebenchmark
        · teir_sa:contraction_abcd_eafb_fdec laeuft [  211s] … [AUTOTUNER] Jeder Trial wird JIT-kompiliert, auf Korrektheit geprueft und real gebenchmark
        · teir_sa:contraction_abcd_eafb_fdec laeuft [  241s] … [AUTOTUNER] Jeder Trial wird JIT-kompiliert, auf Korrektheit geprueft und real gebenchmark
        · teir_sa:contraction_abcd_eafb_fdec laeuft [  271s] … [AUTOTUNER] Jeder Trial wird JIT-kompiliert, auf Korrektheit geprueft und real gebenchmark
        · teir_sa:contraction_abcd_eafb_fdec laeuft [  301s] … [AUTOTUNER] Jeder Trial wird JIT-kompiliert, auf Korrektheit geprueft und real gebenchmark
  [teir_sa] 28/48 contraction_abcd_eafb_fdec             TIMEOUT                         301s  DONE @ 2026-07-09 01:15:06
  [teir_sa] 29/48 contraction_abcd_eafc_bfde             ... START @ 2026-07-09 01:15:06
        · teir_sa:contraction_abcd_eafc_bfde laeuft [   30s] … [AUTOTUNER] Jeder Trial wird JIT-kompiliert, auf Korrektheit geprueft und real gebenchmark
        · teir_sa:contraction_abcd_eafc_bfde laeuft [   60s] … [AUTOTUNER] Jeder Trial wird JIT-kompiliert, auf Korrektheit geprueft und real gebenchmark
        · teir_sa:contraction_abcd_eafc_bfde laeuft [   90s] … [AUTOTUNER] Jeder Trial wird JIT-kompiliert, auf Korrektheit geprueft und real gebenchmark
        · teir_sa:contraction_abcd_eafc_bfde laeuft [  120s] … [AUTOTUNER] Jeder Trial wird JIT-kompiliert, auf Korrektheit geprueft und real gebenchmark
        · teir_sa:contraction_abcd_eafc_bfde laeuft [  151s] … [AUTOTUNER] Jeder Trial wird JIT-kompiliert, auf Korrektheit geprueft und real gebenchmark
        · teir_sa:contraction_abcd_eafc_bfde laeuft [  181s] … [AUTOTUNER] Jeder Trial wird JIT-kompiliert, auf Korrektheit geprueft und real gebenchmark
        · teir_sa:contraction_abcd_eafc_bfde laeuft [  211s] … [AUTOTUNER] Jeder Trial wird JIT-kompiliert, auf Korrektheit geprueft und real gebenchmark
        · teir_sa:contraction_abcd_eafc_bfde laeuft [  241s] … [AUTOTUNER] Jeder Trial wird JIT-kompiliert, auf Korrektheit geprueft und real gebenchmark
        · teir_sa:contraction_abcd_eafc_bfde laeuft [  271s] … [AUTOTUNER] Jeder Trial wird JIT-kompiliert, auf Korrektheit geprueft und real gebenchmark
        · teir_sa:contraction_abcd_eafc_bfde laeuft [  301s] … [AUTOTUNER] Jeder Trial wird JIT-kompiliert, auf Korrektheit geprueft und real gebenchmark
  [teir_sa] 29/48 contraction_abcd_eafc_bfde             TIMEOUT                         301s  DONE @ 2026-07-09 01:20:08
  [teir_sa] 30/48 contraction_abcd_eafd_fbec             ... START @ 2026-07-09 01:20:08
        · teir_sa:contraction_abcd_eafd_fbec laeuft [   30s] … [AUTOTUNER] Jeder Trial wird JIT-kompiliert, auf Korrektheit geprueft und real gebenchmark
        · teir_sa:contraction_abcd_eafd_fbec laeuft [   60s] … [AUTOTUNER] Jeder Trial wird JIT-kompiliert, auf Korrektheit geprueft und real gebenchmark
        · teir_sa:contraction_abcd_eafd_fbec laeuft [   90s] … [AUTOTUNER] Jeder Trial wird JIT-kompiliert, auf Korrektheit geprueft und real gebenchmark
        · teir_sa:contraction_abcd_eafd_fbec laeuft [  120s] … [AUTOTUNER] Jeder Trial wird JIT-kompiliert, auf Korrektheit geprueft und real gebenchmark
        · teir_sa:contraction_abcd_eafd_fbec laeuft [  151s] … [AUTOTUNER] Jeder Trial wird JIT-kompiliert, auf Korrektheit geprueft und real gebenchmark
        · teir_sa:contraction_abcd_eafd_fbec laeuft [  181s] … [AUTOTUNER] Jeder Trial wird JIT-kompiliert, auf Korrektheit geprueft und real gebenchmark
        · teir_sa:contraction_abcd_eafd_fbec laeuft [  211s] … [AUTOTUNER] Jeder Trial wird JIT-kompiliert, auf Korrektheit geprueft und real gebenchmark
        · teir_sa:contraction_abcd_eafd_fbec laeuft [  241s] … [AUTOTUNER] Jeder Trial wird JIT-kompiliert, auf Korrektheit geprueft und real gebenchmark
        · teir_sa:contraction_abcd_eafd_fbec laeuft [  271s] … [AUTOTUNER] Jeder Trial wird JIT-kompiliert, auf Korrektheit geprueft und real gebenchmark
        · teir_sa:contraction_abcd_eafd_fbec laeuft [  301s] … [AUTOTUNER] Jeder Trial wird JIT-kompiliert, auf Korrektheit geprueft und real gebenchmark
  [teir_sa] 30/48 contraction_abcd_eafd_fbec             TIMEOUT                         301s  DONE @ 2026-07-09 01:25:09
  [teir_sa] 31/48 contraction_abcdef_dega_gfbc           ... START @ 2026-07-09 01:25:09
        · teir_sa:contraction_abcdef_dega_gfbc laeuft [   30s] … [NEW BEST] Trial #1 | SF=2, Parallel=a -> Zeit: 91.2306 ms (48.489 GFLOPS)
        · teir_sa:contraction_abcdef_dega_gfbc laeuft [   60s] … [NEW BEST] Trial #1 | SF=2, Parallel=a -> Zeit: 91.2306 ms (48.489 GFLOPS)
        · teir_sa:contraction_abcdef_dega_gfbc laeuft [   90s] … [NEW BEST] Trial #1 | SF=2, Parallel=a -> Zeit: 91.2306 ms (48.489 GFLOPS)
        · teir_sa:contraction_abcdef_dega_gfbc laeuft [  120s] … [NEW BEST] Trial #1 | SF=2, Parallel=a -> Zeit: 91.2306 ms (48.489 GFLOPS)
        · teir_sa:contraction_abcdef_dega_gfbc laeuft [  150s] … [NEW BEST] Trial #1 | SF=2, Parallel=a -> Zeit: 91.2306 ms (48.489 GFLOPS)
        · teir_sa:contraction_abcdef_dega_gfbc laeuft [  180s] … [NEW BEST] Trial #1 | SF=2, Parallel=a -> Zeit: 91.2306 ms (48.489 GFLOPS)
        · teir_sa:contraction_abcdef_dega_gfbc laeuft [  211s] … [NEW BEST] Trial #1 | SF=2, Parallel=a -> Zeit: 91.2306 ms (48.489 GFLOPS)
        · teir_sa:contraction_abcdef_dega_gfbc laeuft [  241s] … [NEW BEST] Trial #1 | SF=2, Parallel=a -> Zeit: 91.2306 ms (48.489 GFLOPS)
        · teir_sa:contraction_abcdef_dega_gfbc laeuft [  271s] … [NEW BEST] Trial #1 | SF=2, Parallel=a -> Zeit: 91.2306 ms (48.489 GFLOPS)
        · teir_sa:contraction_abcdef_dega_gfbc laeuft [  301s] … [NEW BEST] Trial #1 | SF=2, Parallel=a -> Zeit: 91.2306 ms (48.489 GFLOPS)
  [teir_sa] 31/48 contraction_abcdef_dega_gfbc           48.5 GFLOPS [partial-timeout]    301s  DONE @ 2026-07-09 01:30:09
  [teir_sa] 32/48 contraction_abcdef_degb_gfac           ... START @ 2026-07-09 01:30:09
        · teir_sa:contraction_abcdef_degb_gfac laeuft [   30s] … [NEW BEST] Trial #1 | SF=2, Parallel=a -> Zeit: 81.0616 ms (54.5718 GFLOPS)
        · teir_sa:contraction_abcdef_degb_gfac laeuft [   60s] … [NEW BEST] Trial #1 | SF=2, Parallel=a -> Zeit: 81.0616 ms (54.5718 GFLOPS)
        · teir_sa:contraction_abcdef_degb_gfac laeuft [   90s] … [NEW BEST] Trial #1 | SF=2, Parallel=a -> Zeit: 81.0616 ms (54.5718 GFLOPS)
        · teir_sa:contraction_abcdef_degb_gfac laeuft [  120s] … [NEW BEST] Trial #1 | SF=2, Parallel=a -> Zeit: 81.0616 ms (54.5718 GFLOPS)
        · teir_sa:contraction_abcdef_degb_gfac laeuft [  150s] … [NEW BEST] Trial #1 | SF=2, Parallel=a -> Zeit: 81.0616 ms (54.5718 GFLOPS)
        · teir_sa:contraction_abcdef_degb_gfac laeuft [  181s] … [NEW BEST] Trial #1 | SF=2, Parallel=a -> Zeit: 81.0616 ms (54.5718 GFLOPS)
        · teir_sa:contraction_abcdef_degb_gfac laeuft [  211s] … [NEW BEST] Trial #1 | SF=2, Parallel=a -> Zeit: 81.0616 ms (54.5718 GFLOPS)
        · teir_sa:contraction_abcdef_degb_gfac laeuft [  241s] … [NEW BEST] Trial #1 | SF=2, Parallel=a -> Zeit: 81.0616 ms (54.5718 GFLOPS)
        · teir_sa:contraction_abcdef_degb_gfac laeuft [  271s] … [NEW BEST] Trial #1 | SF=2, Parallel=a -> Zeit: 81.0616 ms (54.5718 GFLOPS)
        · teir_sa:contraction_abcdef_degb_gfac laeuft [  301s] … [NEW BEST] Trial #1 | SF=2, Parallel=a -> Zeit: 81.0616 ms (54.5718 GFLOPS)
  [teir_sa] 32/48 contraction_abcdef_degb_gfac           54.6 GFLOPS [partial-timeout]    301s  DONE @ 2026-07-09 01:35:10
  [teir_sa] 33/48 contraction_abcdef_degc_gfab           ... START @ 2026-07-09 01:35:10
        · teir_sa:contraction_abcdef_degc_gfab laeuft [   30s] … [NEW BEST] Trial #1 | SF=2, Parallel=a -> Zeit: 81.7163 ms (54.1346 GFLOPS)
        · teir_sa:contraction_abcdef_degc_gfab laeuft [   60s] … [NEW BEST] Trial #1 | SF=2, Parallel=a -> Zeit: 81.7163 ms (54.1346 GFLOPS)
        · teir_sa:contraction_abcdef_degc_gfab laeuft [   90s] … [NEW BEST] Trial #1 | SF=2, Parallel=a -> Zeit: 81.7163 ms (54.1346 GFLOPS)
        · teir_sa:contraction_abcdef_degc_gfab laeuft [  120s] … [NEW BEST] Trial #1 | SF=2, Parallel=a -> Zeit: 81.7163 ms (54.1346 GFLOPS)
        · teir_sa:contraction_abcdef_degc_gfab laeuft [  150s] … [NEW BEST] Trial #1 | SF=2, Parallel=a -> Zeit: 81.7163 ms (54.1346 GFLOPS)
        · teir_sa:contraction_abcdef_degc_gfab laeuft [  180s] … [NEW BEST] Trial #1 | SF=2, Parallel=a -> Zeit: 81.7163 ms (54.1346 GFLOPS)
        · teir_sa:contraction_abcdef_degc_gfab laeuft [  211s] … [NEW BEST] Trial #1 | SF=2, Parallel=a -> Zeit: 81.7163 ms (54.1346 GFLOPS)
        · teir_sa:contraction_abcdef_degc_gfab laeuft [  241s] … [NEW BEST] Trial #1 | SF=2, Parallel=a -> Zeit: 81.7163 ms (54.1346 GFLOPS)
        · teir_sa:contraction_abcdef_degc_gfab laeuft [  271s] … [NEW BEST] Trial #1 | SF=2, Parallel=a -> Zeit: 81.7163 ms (54.1346 GFLOPS)
        · teir_sa:contraction_abcdef_degc_gfab laeuft [  301s] … [NEW BEST] Trial #1 | SF=2, Parallel=a -> Zeit: 81.7163 ms (54.1346 GFLOPS)
  [teir_sa] 33/48 contraction_abcdef_degc_gfab           54.1 GFLOPS [partial-timeout]    301s  DONE @ 2026-07-09 01:40:11
  [teir_sa] 34/48 contraction_abcdef_dfga_gebc           ... START @ 2026-07-09 01:40:11
        · teir_sa:contraction_abcdef_dfga_gebc laeuft [   30s] … [NEW BEST] Trial #1 | SF=2, Parallel=a -> Zeit: 70.3935 ms (62.8421 GFLOPS)
        · teir_sa:contraction_abcdef_dfga_gebc laeuft [   60s] … [NEW BEST] Trial #1 | SF=2, Parallel=a -> Zeit: 70.3935 ms (62.8421 GFLOPS)
        · teir_sa:contraction_abcdef_dfga_gebc laeuft [   90s] … [NEW BEST] Trial #1 | SF=2, Parallel=a -> Zeit: 70.3935 ms (62.8421 GFLOPS)
        · teir_sa:contraction_abcdef_dfga_gebc laeuft [  120s] … [NEW BEST] Trial #1 | SF=2, Parallel=a -> Zeit: 70.3935 ms (62.8421 GFLOPS)
        · teir_sa:contraction_abcdef_dfga_gebc laeuft [  150s] … [NEW BEST] Trial #1 | SF=2, Parallel=a -> Zeit: 70.3935 ms (62.8421 GFLOPS)
        · teir_sa:contraction_abcdef_dfga_gebc laeuft [  180s] … [NEW BEST] Trial #1 | SF=2, Parallel=a -> Zeit: 70.3935 ms (62.8421 GFLOPS)
        · teir_sa:contraction_abcdef_dfga_gebc laeuft [  211s] … [NEW BEST] Trial #1 | SF=2, Parallel=a -> Zeit: 70.3935 ms (62.8421 GFLOPS)
        · teir_sa:contraction_abcdef_dfga_gebc laeuft [  241s] … [NEW BEST] Trial #1 | SF=2, Parallel=a -> Zeit: 70.3935 ms (62.8421 GFLOPS)
        · teir_sa:contraction_abcdef_dfga_gebc laeuft [  271s] … [NEW BEST] Trial #1 | SF=2, Parallel=a -> Zeit: 70.3935 ms (62.8421 GFLOPS)
        · teir_sa:contraction_abcdef_dfga_gebc laeuft [  301s] … [NEW BEST] Trial #1 | SF=2, Parallel=a -> Zeit: 70.3935 ms (62.8421 GFLOPS)
  [teir_sa] 34/48 contraction_abcdef_dfga_gebc           62.8 GFLOPS [partial-timeout]    301s  DONE @ 2026-07-09 01:45:12
  [teir_sa] 35/48 contraction_abcdef_dfgb_geac           ... START @ 2026-07-09 01:45:12
        · teir_sa:contraction_abcdef_dfgb_geac laeuft [   30s] … [NEW BEST] Trial #1 | SF=2, Parallel=a -> Zeit: 69.2379 ms (63.8911 GFLOPS)
        · teir_sa:contraction_abcdef_dfgb_geac laeuft [   60s] … [NEW BEST] Trial #1 | SF=2, Parallel=a -> Zeit: 69.2379 ms (63.8911 GFLOPS)
        · teir_sa:contraction_abcdef_dfgb_geac laeuft [   90s] … [NEW BEST] Trial #1 | SF=2, Parallel=a -> Zeit: 69.2379 ms (63.8911 GFLOPS)
        · teir_sa:contraction_abcdef_dfgb_geac laeuft [  120s] … [NEW BEST] Trial #1 | SF=2, Parallel=a -> Zeit: 69.2379 ms (63.8911 GFLOPS)
        · teir_sa:contraction_abcdef_dfgb_geac laeuft [  150s] … [NEW BEST] Trial #1 | SF=2, Parallel=a -> Zeit: 69.2379 ms (63.8911 GFLOPS)
        · teir_sa:contraction_abcdef_dfgb_geac laeuft [  180s] … [NEW BEST] Trial #1 | SF=2, Parallel=a -> Zeit: 69.2379 ms (63.8911 GFLOPS)
        · teir_sa:contraction_abcdef_dfgb_geac laeuft [  211s] … [NEW BEST] Trial #1 | SF=2, Parallel=a -> Zeit: 69.2379 ms (63.8911 GFLOPS)
        · teir_sa:contraction_abcdef_dfgb_geac laeuft [  241s] … [NEW BEST] Trial #1 | SF=2, Parallel=a -> Zeit: 69.2379 ms (63.8911 GFLOPS)
        · teir_sa:contraction_abcdef_dfgb_geac laeuft [  271s] … [NEW BEST] Trial #1 | SF=2, Parallel=a -> Zeit: 69.2379 ms (63.8911 GFLOPS)
        · teir_sa:contraction_abcdef_dfgb_geac laeuft [  301s] … [NEW BEST] Trial #1 | SF=2, Parallel=a -> Zeit: 69.2379 ms (63.8911 GFLOPS)
  [teir_sa] 35/48 contraction_abcdef_dfgb_geac           63.9 GFLOPS [partial-timeout]    301s  DONE @ 2026-07-09 01:50:13
  [teir_sa] 36/48 contraction_abcdef_dfgc_geab           ... START @ 2026-07-09 01:50:13
        · teir_sa:contraction_abcdef_dfgc_geab laeuft [   30s] … [NEW BEST] Trial #1 | SF=2, Parallel=a -> Zeit: 69.253 ms (63.8771 GFLOPS)
        · teir_sa:contraction_abcdef_dfgc_geab laeuft [   60s] … [NEW BEST] Trial #1 | SF=2, Parallel=a -> Zeit: 69.253 ms (63.8771 GFLOPS)
        · teir_sa:contraction_abcdef_dfgc_geab laeuft [   90s] … [NEW BEST] Trial #1 | SF=2, Parallel=a -> Zeit: 69.253 ms (63.8771 GFLOPS)
        · teir_sa:contraction_abcdef_dfgc_geab laeuft [  120s] … [NEW BEST] Trial #1 | SF=2, Parallel=a -> Zeit: 69.253 ms (63.8771 GFLOPS)
        · teir_sa:contraction_abcdef_dfgc_geab laeuft [  150s] … [NEW BEST] Trial #1 | SF=2, Parallel=a -> Zeit: 69.253 ms (63.8771 GFLOPS)
        · teir_sa:contraction_abcdef_dfgc_geab laeuft [  181s] … [NEW BEST] Trial #1 | SF=2, Parallel=a -> Zeit: 69.253 ms (63.8771 GFLOPS)
        · teir_sa:contraction_abcdef_dfgc_geab laeuft [  211s] … [NEW BEST] Trial #1 | SF=2, Parallel=a -> Zeit: 69.253 ms (63.8771 GFLOPS)
        · teir_sa:contraction_abcdef_dfgc_geab laeuft [  241s] … [NEW BEST] Trial #1 | SF=2, Parallel=a -> Zeit: 69.253 ms (63.8771 GFLOPS)
        · teir_sa:contraction_abcdef_dfgc_geab laeuft [  271s] … [NEW BEST] Trial #1 | SF=2, Parallel=a -> Zeit: 69.253 ms (63.8771 GFLOPS)
        · teir_sa:contraction_abcdef_dfgc_geab laeuft [  301s] … [NEW BEST] Trial #1 | SF=2, Parallel=a -> Zeit: 69.253 ms (63.8771 GFLOPS)
  [teir_sa] 36/48 contraction_abcdef_dfgc_geab           63.9 GFLOPS [partial-timeout]    301s  DONE @ 2026-07-09 01:55:13
  [teir_sa] 37/48 contraction_abcdef_efga_gdbc           ... START @ 2026-07-09 01:55:13
        · teir_sa:contraction_abcdef_efga_gdbc laeuft [   30s] … [NEW BEST] Trial #1 | SF=2, Parallel=a -> Zeit: 132.714 ms (33.3325 GFLOPS)
        · teir_sa:contraction_abcdef_efga_gdbc laeuft [   60s] … [NEW BEST] Trial #1 | SF=2, Parallel=a -> Zeit: 132.714 ms (33.3325 GFLOPS)
        · teir_sa:contraction_abcdef_efga_gdbc laeuft [   90s] … [NEW BEST] Trial #1 | SF=2, Parallel=a -> Zeit: 132.714 ms (33.3325 GFLOPS)
        · teir_sa:contraction_abcdef_efga_gdbc laeuft [  120s] … [NEW BEST] Trial #1 | SF=2, Parallel=a -> Zeit: 132.714 ms (33.3325 GFLOPS)
        · teir_sa:contraction_abcdef_efga_gdbc laeuft [  150s] … [NEW BEST] Trial #1 | SF=2, Parallel=a -> Zeit: 132.714 ms (33.3325 GFLOPS)
        · teir_sa:contraction_abcdef_efga_gdbc laeuft [  180s] … [NEW BEST] Trial #1 | SF=2, Parallel=a -> Zeit: 132.714 ms (33.3325 GFLOPS)
        · teir_sa:contraction_abcdef_efga_gdbc laeuft [  210s] … [NEW BEST] Trial #1 | SF=2, Parallel=a -> Zeit: 132.714 ms (33.3325 GFLOPS)
        · teir_sa:contraction_abcdef_efga_gdbc laeuft [  240s] … [NEW BEST] Trial #1 | SF=2, Parallel=a -> Zeit: 132.714 ms (33.3325 GFLOPS)
        · teir_sa:contraction_abcdef_efga_gdbc laeuft [  270s] … [NEW BEST] Trial #1 | SF=2, Parallel=a -> Zeit: 132.714 ms (33.3325 GFLOPS)
        · teir_sa:contraction_abcdef_efga_gdbc laeuft [  300s] … [NEW BEST] Trial #1 | SF=2, Parallel=a -> Zeit: 132.714 ms (33.3325 GFLOPS)
  [teir_sa] 37/48 contraction_abcdef_efga_gdbc           33.3 GFLOPS [partial-timeout]    300s  DONE @ 2026-07-09 02:00:14
  [teir_sa] 38/48 contraction_abcdef_efgb_gdac           ... START @ 2026-07-09 02:00:14
        · teir_sa:contraction_abcdef_efgb_gdac laeuft [   30s] … [NEW BEST] Trial #1 | SF=2, Parallel=a -> Zeit: 121.128 ms (36.5207 GFLOPS)
        · teir_sa:contraction_abcdef_efgb_gdac laeuft [   60s] … [NEW BEST] Trial #1 | SF=2, Parallel=a -> Zeit: 121.128 ms (36.5207 GFLOPS)
        · teir_sa:contraction_abcdef_efgb_gdac laeuft [   90s] … [NEW BEST] Trial #1 | SF=2, Parallel=a -> Zeit: 121.128 ms (36.5207 GFLOPS)
        · teir_sa:contraction_abcdef_efgb_gdac laeuft [  120s] … [NEW BEST] Trial #1 | SF=2, Parallel=a -> Zeit: 121.128 ms (36.5207 GFLOPS)
        · teir_sa:contraction_abcdef_efgb_gdac laeuft [  150s] … [NEW BEST] Trial #1 | SF=2, Parallel=a -> Zeit: 121.128 ms (36.5207 GFLOPS)
        · teir_sa:contraction_abcdef_efgb_gdac laeuft [  180s] … [NEW BEST] Trial #1 | SF=2, Parallel=a -> Zeit: 121.128 ms (36.5207 GFLOPS)
        · teir_sa:contraction_abcdef_efgb_gdac laeuft [  211s] … [NEW BEST] Trial #1 | SF=2, Parallel=a -> Zeit: 121.128 ms (36.5207 GFLOPS)
        · teir_sa:contraction_abcdef_efgb_gdac laeuft [  241s] … [NEW BEST] Trial #1 | SF=2, Parallel=a -> Zeit: 121.128 ms (36.5207 GFLOPS)
        · teir_sa:contraction_abcdef_efgb_gdac laeuft [  271s] … [NEW BEST] Trial #1 | SF=2, Parallel=a -> Zeit: 121.128 ms (36.5207 GFLOPS)
        · teir_sa:contraction_abcdef_efgb_gdac laeuft [  301s] … [NEW BEST] Trial #1 | SF=2, Parallel=a -> Zeit: 121.128 ms (36.5207 GFLOPS)
  [teir_sa] 38/48 contraction_abcdef_efgb_gdac           36.5 GFLOPS [partial-timeout]    301s  DONE @ 2026-07-09 02:05:14
  [teir_sa] 39/48 contraction_abcdef_efgc_gdab           ... START @ 2026-07-09 02:05:14
        · teir_sa:contraction_abcdef_efgc_gdab laeuft [   30s] … [NEW BEST] Trial #1 | SF=2, Parallel=a -> Zeit: 124.353 ms (35.5735 GFLOPS)
        · teir_sa:contraction_abcdef_efgc_gdab laeuft [   60s] … [NEW BEST] Trial #1 | SF=2, Parallel=a -> Zeit: 124.353 ms (35.5735 GFLOPS)
        · teir_sa:contraction_abcdef_efgc_gdab laeuft [   90s] … [NEW BEST] Trial #1 | SF=2, Parallel=a -> Zeit: 124.353 ms (35.5735 GFLOPS)
        · teir_sa:contraction_abcdef_efgc_gdab laeuft [  120s] … [NEW BEST] Trial #1 | SF=2, Parallel=a -> Zeit: 124.353 ms (35.5735 GFLOPS)
        · teir_sa:contraction_abcdef_efgc_gdab laeuft [  150s] … [NEW BEST] Trial #1 | SF=2, Parallel=a -> Zeit: 124.353 ms (35.5735 GFLOPS)
        · teir_sa:contraction_abcdef_efgc_gdab laeuft [  180s] … [NEW BEST] Trial #1 | SF=2, Parallel=a -> Zeit: 124.353 ms (35.5735 GFLOPS)
        · teir_sa:contraction_abcdef_efgc_gdab laeuft [  210s] … [NEW BEST] Trial #1 | SF=2, Parallel=a -> Zeit: 124.353 ms (35.5735 GFLOPS)
        · teir_sa:contraction_abcdef_efgc_gdab laeuft [  240s] … [NEW BEST] Trial #1 | SF=2, Parallel=a -> Zeit: 124.353 ms (35.5735 GFLOPS)
        · teir_sa:contraction_abcdef_efgc_gdab laeuft [  270s] … [NEW BEST] Trial #1 | SF=2, Parallel=a -> Zeit: 124.353 ms (35.5735 GFLOPS)
        · teir_sa:contraction_abcdef_efgc_gdab laeuft [  300s] … [NEW BEST] Trial #1 | SF=2, Parallel=a -> Zeit: 124.353 ms (35.5735 GFLOPS)
  [teir_sa] 39/48 contraction_abcdef_efgc_gdab           35.6 GFLOPS [partial-timeout]    300s  DONE @ 2026-07-09 02:10:15
  [teir_sa] 40/48 contraction_abcdef_gdab_efgc           ... START @ 2026-07-09 02:10:15
        · teir_sa:contraction_abcdef_gdab_efgc laeuft [   30s] … [NEW BEST] Trial #1 | SF=2, Parallel=a -> Zeit: 122.309 ms (36.1681 GFLOPS)
        · teir_sa:contraction_abcdef_gdab_efgc laeuft [   60s] … [NEW BEST] Trial #1 | SF=2, Parallel=a -> Zeit: 122.309 ms (36.1681 GFLOPS)
        · teir_sa:contraction_abcdef_gdab_efgc laeuft [   90s] … [NEW BEST] Trial #1 | SF=2, Parallel=a -> Zeit: 122.309 ms (36.1681 GFLOPS)
        · teir_sa:contraction_abcdef_gdab_efgc laeuft [  120s] … [NEW BEST] Trial #1 | SF=2, Parallel=a -> Zeit: 122.309 ms (36.1681 GFLOPS)
        · teir_sa:contraction_abcdef_gdab_efgc laeuft [  150s] … [NEW BEST] Trial #1 | SF=2, Parallel=a -> Zeit: 122.309 ms (36.1681 GFLOPS)
        · teir_sa:contraction_abcdef_gdab_efgc laeuft [  180s] … [NEW BEST] Trial #1 | SF=2, Parallel=a -> Zeit: 122.309 ms (36.1681 GFLOPS)
        · teir_sa:contraction_abcdef_gdab_efgc laeuft [  210s] … [NEW BEST] Trial #1 | SF=2, Parallel=a -> Zeit: 122.309 ms (36.1681 GFLOPS)
        · teir_sa:contraction_abcdef_gdab_efgc laeuft [  240s] … [NEW BEST] Trial #1 | SF=2, Parallel=a -> Zeit: 122.309 ms (36.1681 GFLOPS)
        · teir_sa:contraction_abcdef_gdab_efgc laeuft [  270s] … [NEW BEST] Trial #1 | SF=2, Parallel=a -> Zeit: 122.309 ms (36.1681 GFLOPS)
        · teir_sa:contraction_abcdef_gdab_efgc laeuft [  300s] … [NEW BEST] Trial #1 | SF=2, Parallel=a -> Zeit: 122.309 ms (36.1681 GFLOPS)
  [teir_sa] 40/48 contraction_abcdef_gdab_efgc           36.2 GFLOPS [partial-timeout]    300s  DONE @ 2026-07-09 02:15:15
  [teir_sa] 41/48 contraction_abcdef_gdac_efgb           ... START @ 2026-07-09 02:15:15
        · teir_sa:contraction_abcdef_gdac_efgb laeuft [   30s] … [NEW BEST] Trial #1 | SF=2, Parallel=a -> Zeit: 129.52 ms (34.1543 GFLOPS)
        · teir_sa:contraction_abcdef_gdac_efgb laeuft [   60s] … [NEW BEST] Trial #1 | SF=2, Parallel=a -> Zeit: 129.52 ms (34.1543 GFLOPS)
        · teir_sa:contraction_abcdef_gdac_efgb laeuft [   90s] … [NEW BEST] Trial #1 | SF=2, Parallel=a -> Zeit: 129.52 ms (34.1543 GFLOPS)
        · teir_sa:contraction_abcdef_gdac_efgb laeuft [  120s] … [NEW BEST] Trial #1 | SF=2, Parallel=a -> Zeit: 129.52 ms (34.1543 GFLOPS)
        · teir_sa:contraction_abcdef_gdac_efgb laeuft [  150s] … [NEW BEST] Trial #1 | SF=2, Parallel=a -> Zeit: 129.52 ms (34.1543 GFLOPS)
        · teir_sa:contraction_abcdef_gdac_efgb laeuft [  180s] … [NEW BEST] Trial #1 | SF=2, Parallel=a -> Zeit: 129.52 ms (34.1543 GFLOPS)
        · teir_sa:contraction_abcdef_gdac_efgb laeuft [  210s] … [NEW BEST] Trial #1 | SF=2, Parallel=a -> Zeit: 129.52 ms (34.1543 GFLOPS)
        · teir_sa:contraction_abcdef_gdac_efgb laeuft [  240s] … [NEW BEST] Trial #1 | SF=2, Parallel=a -> Zeit: 129.52 ms (34.1543 GFLOPS)
        · teir_sa:contraction_abcdef_gdac_efgb laeuft [  270s] … [NEW BEST] Trial #1 | SF=2, Parallel=a -> Zeit: 129.52 ms (34.1543 GFLOPS)
        · teir_sa:contraction_abcdef_gdac_efgb laeuft [  300s] … [NEW BEST] Trial #1 | SF=2, Parallel=a -> Zeit: 129.52 ms (34.1543 GFLOPS)
  [teir_sa] 41/48 contraction_abcdef_gdac_efgb           34.2 GFLOPS [partial-timeout]    300s  DONE @ 2026-07-09 02:20:15
  [teir_sa] 42/48 contraction_abcdef_gdbc_efga           ... START @ 2026-07-09 02:20:15
        · teir_sa:contraction_abcdef_gdbc_efga laeuft [   30s] … [NEW BEST] Trial #1 | SF=2, Parallel=a -> Zeit: 136.598 ms (32.3846 GFLOPS)
        · teir_sa:contraction_abcdef_gdbc_efga laeuft [   60s] … [NEW BEST] Trial #1 | SF=2, Parallel=a -> Zeit: 136.598 ms (32.3846 GFLOPS)
        · teir_sa:contraction_abcdef_gdbc_efga laeuft [   90s] … [NEW BEST] Trial #1 | SF=2, Parallel=a -> Zeit: 136.598 ms (32.3846 GFLOPS)
        · teir_sa:contraction_abcdef_gdbc_efga laeuft [  120s] … [NEW BEST] Trial #1 | SF=2, Parallel=a -> Zeit: 136.598 ms (32.3846 GFLOPS)
        · teir_sa:contraction_abcdef_gdbc_efga laeuft [  150s] … [NEW BEST] Trial #1 | SF=2, Parallel=a -> Zeit: 136.598 ms (32.3846 GFLOPS)
        · teir_sa:contraction_abcdef_gdbc_efga laeuft [  180s] … [NEW BEST] Trial #1 | SF=2, Parallel=a -> Zeit: 136.598 ms (32.3846 GFLOPS)
        · teir_sa:contraction_abcdef_gdbc_efga laeuft [  210s] … [NEW BEST] Trial #1 | SF=2, Parallel=a -> Zeit: 136.598 ms (32.3846 GFLOPS)
        · teir_sa:contraction_abcdef_gdbc_efga laeuft [  240s] … [NEW BEST] Trial #1 | SF=2, Parallel=a -> Zeit: 136.598 ms (32.3846 GFLOPS)
        · teir_sa:contraction_abcdef_gdbc_efga laeuft [  270s] … [NEW BEST] Trial #1 | SF=2, Parallel=a -> Zeit: 136.598 ms (32.3846 GFLOPS)
        · teir_sa:contraction_abcdef_gdbc_efga laeuft [  300s] … [NEW BEST] Trial #1 | SF=2, Parallel=a -> Zeit: 136.598 ms (32.3846 GFLOPS)
  [teir_sa] 42/48 contraction_abcdef_gdbc_efga           32.4 GFLOPS [partial-timeout]    300s  DONE @ 2026-07-09 02:25:15
  [teir_sa] 43/48 contraction_abcdef_geab_dfgc           ... START @ 2026-07-09 02:25:15
        · teir_sa:contraction_abcdef_geab_dfgc laeuft [   30s] … [NEW BEST] Trial #1 | SF=2, Parallel=a -> Zeit: 64.3389 ms (68.7559 GFLOPS)
        · teir_sa:contraction_abcdef_geab_dfgc laeuft [   60s] … [NEW BEST] Trial #1 | SF=2, Parallel=a -> Zeit: 64.3389 ms (68.7559 GFLOPS)
        · teir_sa:contraction_abcdef_geab_dfgc laeuft [   90s] … [NEW BEST] Trial #1 | SF=2, Parallel=a -> Zeit: 64.3389 ms (68.7559 GFLOPS)
        · teir_sa:contraction_abcdef_geab_dfgc laeuft [  120s] … [NEW BEST] Trial #1 | SF=2, Parallel=a -> Zeit: 64.3389 ms (68.7559 GFLOPS)
        · teir_sa:contraction_abcdef_geab_dfgc laeuft [  150s] … [NEW BEST] Trial #1 | SF=2, Parallel=a -> Zeit: 64.3389 ms (68.7559 GFLOPS)
        · teir_sa:contraction_abcdef_geab_dfgc laeuft [  180s] … [NEW BEST] Trial #1 | SF=2, Parallel=a -> Zeit: 64.3389 ms (68.7559 GFLOPS)
        · teir_sa:contraction_abcdef_geab_dfgc laeuft [  210s] … [NEW BEST] Trial #1 | SF=2, Parallel=a -> Zeit: 64.3389 ms (68.7559 GFLOPS)
        · teir_sa:contraction_abcdef_geab_dfgc laeuft [  240s] … [NEW BEST] Trial #1 | SF=2, Parallel=a -> Zeit: 64.3389 ms (68.7559 GFLOPS)
        · teir_sa:contraction_abcdef_geab_dfgc laeuft [  270s] … [NEW BEST] Trial #1 | SF=2, Parallel=a -> Zeit: 64.3389 ms (68.7559 GFLOPS)
        · teir_sa:contraction_abcdef_geab_dfgc laeuft [  300s] … [NEW BEST] Trial #1 | SF=2, Parallel=a -> Zeit: 64.3389 ms (68.7559 GFLOPS)
  [teir_sa] 43/48 contraction_abcdef_geab_dfgc           68.8 GFLOPS [partial-timeout]    300s  DONE @ 2026-07-09 02:30:16
  [teir_sa] 44/48 contraction_abcdef_geac_dfgb           ... START @ 2026-07-09 02:30:16
        · teir_sa:contraction_abcdef_geac_dfgb laeuft [   30s] … [NEW BEST] Trial #1 | SF=2, Parallel=a -> Zeit: 65.6423 ms (67.3907 GFLOPS)
        · teir_sa:contraction_abcdef_geac_dfgb laeuft [   60s] … [NEW BEST] Trial #1 | SF=2, Parallel=a -> Zeit: 65.6423 ms (67.3907 GFLOPS)
        · teir_sa:contraction_abcdef_geac_dfgb laeuft [   90s] … [NEW BEST] Trial #1 | SF=2, Parallel=a -> Zeit: 65.6423 ms (67.3907 GFLOPS)
        · teir_sa:contraction_abcdef_geac_dfgb laeuft [  120s] … [NEW BEST] Trial #1 | SF=2, Parallel=a -> Zeit: 65.6423 ms (67.3907 GFLOPS)
        · teir_sa:contraction_abcdef_geac_dfgb laeuft [  150s] … [NEW BEST] Trial #1 | SF=2, Parallel=a -> Zeit: 65.6423 ms (67.3907 GFLOPS)
        · teir_sa:contraction_abcdef_geac_dfgb laeuft [  180s] … [NEW BEST] Trial #1 | SF=2, Parallel=a -> Zeit: 65.6423 ms (67.3907 GFLOPS)
        · teir_sa:contraction_abcdef_geac_dfgb laeuft [  211s] … [NEW BEST] Trial #1 | SF=2, Parallel=a -> Zeit: 65.6423 ms (67.3907 GFLOPS)
        · teir_sa:contraction_abcdef_geac_dfgb laeuft [  241s] … [NEW BEST] Trial #1 | SF=2, Parallel=a -> Zeit: 65.6423 ms (67.3907 GFLOPS)
        · teir_sa:contraction_abcdef_geac_dfgb laeuft [  271s] … [NEW BEST] Trial #1 | SF=2, Parallel=a -> Zeit: 65.6423 ms (67.3907 GFLOPS)
        · teir_sa:contraction_abcdef_geac_dfgb laeuft [  301s] … [NEW BEST] Trial #1 | SF=2, Parallel=a -> Zeit: 65.6423 ms (67.3907 GFLOPS)
  [teir_sa] 44/48 contraction_abcdef_geac_dfgb           67.4 GFLOPS [partial-timeout]    301s  DONE @ 2026-07-09 02:35:17
  [teir_sa] 45/48 contraction_abcdef_gebc_dfga           ... START @ 2026-07-09 02:35:17
        · teir_sa:contraction_abcdef_gebc_dfga laeuft [   30s] … [NEW BEST] Trial #1 | SF=2, Parallel=a -> Zeit: 67.2481 ms (65.7815 GFLOPS)
        · teir_sa:contraction_abcdef_gebc_dfga laeuft [   60s] … [NEW BEST] Trial #1 | SF=2, Parallel=a -> Zeit: 67.2481 ms (65.7815 GFLOPS)
        · teir_sa:contraction_abcdef_gebc_dfga laeuft [   90s] … [NEW BEST] Trial #1 | SF=2, Parallel=a -> Zeit: 67.2481 ms (65.7815 GFLOPS)
        · teir_sa:contraction_abcdef_gebc_dfga laeuft [  120s] … [NEW BEST] Trial #1 | SF=2, Parallel=a -> Zeit: 67.2481 ms (65.7815 GFLOPS)
        · teir_sa:contraction_abcdef_gebc_dfga laeuft [  150s] … [NEW BEST] Trial #1 | SF=2, Parallel=a -> Zeit: 67.2481 ms (65.7815 GFLOPS)
        · teir_sa:contraction_abcdef_gebc_dfga laeuft [  180s] … [NEW BEST] Trial #1 | SF=2, Parallel=a -> Zeit: 67.2481 ms (65.7815 GFLOPS)
        · teir_sa:contraction_abcdef_gebc_dfga laeuft [  210s] … [NEW BEST] Trial #1 | SF=2, Parallel=a -> Zeit: 67.2481 ms (65.7815 GFLOPS)
        · teir_sa:contraction_abcdef_gebc_dfga laeuft [  241s] … [NEW BEST] Trial #1 | SF=2, Parallel=a -> Zeit: 67.2481 ms (65.7815 GFLOPS)
        · teir_sa:contraction_abcdef_gebc_dfga laeuft [  271s] … [NEW BEST] Trial #1 | SF=2, Parallel=a -> Zeit: 67.2481 ms (65.7815 GFLOPS)
        · teir_sa:contraction_abcdef_gebc_dfga laeuft [  301s] … [NEW BEST] Trial #1 | SF=2, Parallel=a -> Zeit: 67.2481 ms (65.7815 GFLOPS)
  [teir_sa] 45/48 contraction_abcdef_gebc_dfga           65.8 GFLOPS [partial-timeout]    301s  DONE @ 2026-07-09 02:40:17
  [teir_sa] 46/48 contraction_abcdef_gfab_degc           ... START @ 2026-07-09 02:40:17
        · teir_sa:contraction_abcdef_gfab_degc laeuft [   30s] … [NEW BEST] Trial #1 | SF=2, Parallel=a -> Zeit: 78.9114 ms (56.0588 GFLOPS)
        · teir_sa:contraction_abcdef_gfab_degc laeuft [   60s] … [NEW BEST] Trial #1 | SF=2, Parallel=a -> Zeit: 78.9114 ms (56.0588 GFLOPS)
        · teir_sa:contraction_abcdef_gfab_degc laeuft [   90s] … [NEW BEST] Trial #1 | SF=2, Parallel=a -> Zeit: 78.9114 ms (56.0588 GFLOPS)
        · teir_sa:contraction_abcdef_gfab_degc laeuft [  120s] … [NEW BEST] Trial #1 | SF=2, Parallel=a -> Zeit: 78.9114 ms (56.0588 GFLOPS)
        · teir_sa:contraction_abcdef_gfab_degc laeuft [  150s] … [NEW BEST] Trial #1 | SF=2, Parallel=a -> Zeit: 78.9114 ms (56.0588 GFLOPS)
        · teir_sa:contraction_abcdef_gfab_degc laeuft [  180s] … [NEW BEST] Trial #1 | SF=2, Parallel=a -> Zeit: 78.9114 ms (56.0588 GFLOPS)
        · teir_sa:contraction_abcdef_gfab_degc laeuft [  210s] … [NEW BEST] Trial #1 | SF=2, Parallel=a -> Zeit: 78.9114 ms (56.0588 GFLOPS)
        · teir_sa:contraction_abcdef_gfab_degc laeuft [  241s] … [NEW BEST] Trial #1 | SF=2, Parallel=a -> Zeit: 78.9114 ms (56.0588 GFLOPS)
        · teir_sa:contraction_abcdef_gfab_degc laeuft [  271s] … [NEW BEST] Trial #1 | SF=2, Parallel=a -> Zeit: 78.9114 ms (56.0588 GFLOPS)
        · teir_sa:contraction_abcdef_gfab_degc laeuft [  301s] … [NEW BEST] Trial #1 | SF=2, Parallel=a -> Zeit: 78.9114 ms (56.0588 GFLOPS)
  [teir_sa] 46/48 contraction_abcdef_gfab_degc           56.1 GFLOPS [partial-timeout]    301s  DONE @ 2026-07-09 02:45:18
  [teir_sa] 47/48 contraction_abcdef_gfac_degb           ... START @ 2026-07-09 02:45:18
        · teir_sa:contraction_abcdef_gfac_degb laeuft [   30s] … [NEW BEST] Trial #1 | SF=2, Parallel=a -> Zeit: 86.4756 ms (51.1553 GFLOPS)
        · teir_sa:contraction_abcdef_gfac_degb laeuft [   60s] … [NEW BEST] Trial #1 | SF=2, Parallel=a -> Zeit: 86.4756 ms (51.1553 GFLOPS)
        · teir_sa:contraction_abcdef_gfac_degb laeuft [   90s] … [NEW BEST] Trial #1 | SF=2, Parallel=a -> Zeit: 86.4756 ms (51.1553 GFLOPS)
        · teir_sa:contraction_abcdef_gfac_degb laeuft [  120s] … [NEW BEST] Trial #1 | SF=2, Parallel=a -> Zeit: 86.4756 ms (51.1553 GFLOPS)
        · teir_sa:contraction_abcdef_gfac_degb laeuft [  150s] … [NEW BEST] Trial #1 | SF=2, Parallel=a -> Zeit: 86.4756 ms (51.1553 GFLOPS)
        · teir_sa:contraction_abcdef_gfac_degb laeuft [  180s] … [NEW BEST] Trial #1 | SF=2, Parallel=a -> Zeit: 86.4756 ms (51.1553 GFLOPS)
        · teir_sa:contraction_abcdef_gfac_degb laeuft [  211s] … [NEW BEST] Trial #1 | SF=2, Parallel=a -> Zeit: 86.4756 ms (51.1553 GFLOPS)
        · teir_sa:contraction_abcdef_gfac_degb laeuft [  241s] … [NEW BEST] Trial #1 | SF=2, Parallel=a -> Zeit: 86.4756 ms (51.1553 GFLOPS)
        · teir_sa:contraction_abcdef_gfac_degb laeuft [  271s] … [NEW BEST] Trial #1 | SF=2, Parallel=a -> Zeit: 86.4756 ms (51.1553 GFLOPS)
        · teir_sa:contraction_abcdef_gfac_degb laeuft [  301s] … [NEW BEST] Trial #1 | SF=2, Parallel=a -> Zeit: 86.4756 ms (51.1553 GFLOPS)
  [teir_sa] 47/48 contraction_abcdef_gfac_degb           51.2 GFLOPS [partial-timeout]    301s  DONE @ 2026-07-09 02:50:19
  [teir_sa] 48/48 contraction_abcdef_gfbc_dega           ... START @ 2026-07-09 02:50:19
        · teir_sa:contraction_abcdef_gfbc_dega laeuft [   30s] … [NEW BEST] Trial #1 | SF=2, Parallel=a -> Zeit: 76.6893 ms (57.6831 GFLOPS)
        · teir_sa:contraction_abcdef_gfbc_dega laeuft [   60s] … [NEW BEST] Trial #1 | SF=2, Parallel=a -> Zeit: 76.6893 ms (57.6831 GFLOPS)
        · teir_sa:contraction_abcdef_gfbc_dega laeuft [   90s] … [NEW BEST] Trial #1 | SF=2, Parallel=a -> Zeit: 76.6893 ms (57.6831 GFLOPS)
        · teir_sa:contraction_abcdef_gfbc_dega laeuft [  120s] … [NEW BEST] Trial #1 | SF=2, Parallel=a -> Zeit: 76.6893 ms (57.6831 GFLOPS)
        · teir_sa:contraction_abcdef_gfbc_dega laeuft [  150s] … [NEW BEST] Trial #1 | SF=2, Parallel=a -> Zeit: 76.6893 ms (57.6831 GFLOPS)
        · teir_sa:contraction_abcdef_gfbc_dega laeuft [  180s] … [NEW BEST] Trial #1 | SF=2, Parallel=a -> Zeit: 76.6893 ms (57.6831 GFLOPS)
        · teir_sa:contraction_abcdef_gfbc_dega laeuft [  210s] … [NEW BEST] Trial #1 | SF=2, Parallel=a -> Zeit: 76.6893 ms (57.6831 GFLOPS)
        · teir_sa:contraction_abcdef_gfbc_dega laeuft [  241s] … [NEW BEST] Trial #1 | SF=2, Parallel=a -> Zeit: 76.6893 ms (57.6831 GFLOPS)
        · teir_sa:contraction_abcdef_gfbc_dega laeuft [  271s] … [NEW BEST] Trial #1 | SF=2, Parallel=a -> Zeit: 76.6893 ms (57.6831 GFLOPS)
        · teir_sa:contraction_abcdef_gfbc_dega laeuft [  301s] … [NEW BEST] Trial #1 | SF=2, Parallel=a -> Zeit: 76.6893 ms (57.6831 GFLOPS)
  [teir_sa] 48/48 contraction_abcdef_gfbc_dega           57.7 GFLOPS [partial-timeout]    301s  DONE @ 2026-07-09 02:55:19
----- Stufe TEIR_SA fertig in 225.7 min @ 2026-07-09 02:55:19 -----

----- Stufe TEIR_GA -> teir_ga.csv (0 bereits erledigt) @ 2026-07-09 02:55:19 -----
  [teir_ga]  1/48 contraction_abc_bda_dc                 ... START @ 2026-07-09 02:55:19
        · teir_ga:contraction_abc_bda_dc laeuft [   30s] … [NEW BEST] Trial #1 | SF=2, Parallel=a -> Zeit: 93.9517 ms (28.9288 GFLOPS)
        · teir_ga:contraction_abc_bda_dc laeuft [   60s] … [NEW BEST] Trial #1 | SF=2, Parallel=a -> Zeit: 93.9517 ms (28.9288 GFLOPS)
        · teir_ga:contraction_abc_bda_dc laeuft [   90s] … [NEW BEST] Trial #1 | SF=2, Parallel=a -> Zeit: 93.9517 ms (28.9288 GFLOPS)
        · teir_ga:contraction_abc_bda_dc laeuft [  120s] … [NEW BEST] Trial #1 | SF=2, Parallel=a -> Zeit: 93.9517 ms (28.9288 GFLOPS)
        · teir_ga:contraction_abc_bda_dc laeuft [  150s] … [NEW BEST] Trial #1 | SF=2, Parallel=a -> Zeit: 93.9517 ms (28.9288 GFLOPS)
        · teir_ga:contraction_abc_bda_dc laeuft [  180s] … [NEW BEST] Trial #1 | SF=2, Parallel=a -> Zeit: 93.9517 ms (28.9288 GFLOPS)
        · teir_ga:contraction_abc_bda_dc laeuft [  210s] … [NEW BEST] Trial #1 | SF=2, Parallel=a -> Zeit: 93.9517 ms (28.9288 GFLOPS)
        · teir_ga:contraction_abc_bda_dc laeuft [  241s] … [NEW BEST] Trial #1 | SF=2, Parallel=a -> Zeit: 93.9517 ms (28.9288 GFLOPS)
        · teir_ga:contraction_abc_bda_dc laeuft [  271s] … [NEW BEST] Trial #1 | SF=2, Parallel=a -> Zeit: 93.9517 ms (28.9288 GFLOPS)
        · teir_ga:contraction_abc_bda_dc laeuft [  301s] … [NEW BEST] Trial #1 | SF=2, Parallel=a -> Zeit: 93.9517 ms (28.9288 GFLOPS)
  [teir_ga]  1/48 contraction_abc_bda_dc                 28.9 GFLOPS [partial-timeout]    301s  DONE @ 2026-07-09 03:00:20
  [teir_ga]  2/48 contraction_abc_dca_bd                 ... START @ 2026-07-09 03:00:20
        · teir_ga:contraction_abc_dca_bd laeuft [   30s] … [AUTOTUNER] Jeder Trial wird JIT-kompiliert, auf Korrektheit geprueft und real gebenchmark
        · teir_ga:contraction_abc_dca_bd laeuft [   60s] … [NEW BEST] Trial #1 | SF=2, Parallel=a -> Zeit: 662.853 ms (4.01489 GFLOPS)
        · teir_ga:contraction_abc_dca_bd laeuft [   90s] … [NEW BEST] Trial #1 | SF=2, Parallel=a -> Zeit: 662.853 ms (4.01489 GFLOPS)
        · teir_ga:contraction_abc_dca_bd laeuft [  120s] … [NEW BEST] Trial #1 | SF=2, Parallel=a -> Zeit: 662.853 ms (4.01489 GFLOPS)
        · teir_ga:contraction_abc_dca_bd laeuft [  151s] … [NEW BEST] Trial #1 | SF=2, Parallel=a -> Zeit: 662.853 ms (4.01489 GFLOPS)
        · teir_ga:contraction_abc_dca_bd laeuft [  181s] … [NEW BEST] Trial #1 | SF=2, Parallel=a -> Zeit: 662.853 ms (4.01489 GFLOPS)
        · teir_ga:contraction_abc_dca_bd laeuft [  211s] … [NEW BEST] Trial #1 | SF=2, Parallel=a -> Zeit: 662.853 ms (4.01489 GFLOPS)
        · teir_ga:contraction_abc_dca_bd laeuft [  241s] … [NEW BEST] Trial #1 | SF=2, Parallel=a -> Zeit: 662.853 ms (4.01489 GFLOPS)
        · teir_ga:contraction_abc_dca_bd laeuft [  271s] … [NEW BEST] Trial #1 | SF=2, Parallel=a -> Zeit: 662.853 ms (4.01489 GFLOPS)
        · teir_ga:contraction_abc_dca_bd laeuft [  301s] … [NEW BEST] Trial #1 | SF=2, Parallel=a -> Zeit: 662.853 ms (4.01489 GFLOPS)
  [teir_ga]  2/48 contraction_abc_dca_bd                 4.0 GFLOPS [partial-timeout]    301s  DONE @ 2026-07-09 03:05:21
  [teir_ga]  3/48 contraction_abcd_dbea_ec               ... START @ 2026-07-09 03:05:21
        · teir_ga:contraction_abcd_dbea_ec laeuft [   30s] … [NEW BEST] Trial #2 | SF=2, Parallel=b -> Zeit: 173.541 ms (20.5556 GFLOPS)
        · teir_ga:contraction_abcd_dbea_ec laeuft [   60s] … [NEW BEST] Trial #2 | SF=2, Parallel=b -> Zeit: 173.541 ms (20.5556 GFLOPS)
        · teir_ga:contraction_abcd_dbea_ec laeuft [   90s] … [NEW BEST] Trial #2 | SF=2, Parallel=b -> Zeit: 173.541 ms (20.5556 GFLOPS)
        · teir_ga:contraction_abcd_dbea_ec laeuft [  120s] … [NEW BEST] Trial #2 | SF=2, Parallel=b -> Zeit: 173.541 ms (20.5556 GFLOPS)
        · teir_ga:contraction_abcd_dbea_ec laeuft [  150s] … [NEW BEST] Trial #2 | SF=2, Parallel=b -> Zeit: 173.541 ms (20.5556 GFLOPS)
        · teir_ga:contraction_abcd_dbea_ec laeuft [  181s] … [NEW BEST] Trial #2 | SF=2, Parallel=b -> Zeit: 173.541 ms (20.5556 GFLOPS)
        · teir_ga:contraction_abcd_dbea_ec laeuft [  211s] … [NEW BEST] Trial #2 | SF=2, Parallel=b -> Zeit: 173.541 ms (20.5556 GFLOPS)
        · teir_ga:contraction_abcd_dbea_ec laeuft [  241s] … [NEW BEST] Trial #2 | SF=2, Parallel=b -> Zeit: 173.541 ms (20.5556 GFLOPS)
        · teir_ga:contraction_abcd_dbea_ec laeuft [  271s] … [NEW BEST] Trial #2 | SF=2, Parallel=b -> Zeit: 173.541 ms (20.5556 GFLOPS)
        · teir_ga:contraction_abcd_dbea_ec laeuft [  301s] … [NEW BEST] Trial #2 | SF=2, Parallel=b -> Zeit: 173.541 ms (20.5556 GFLOPS)
  [teir_ga]  3/48 contraction_abcd_dbea_ec               20.6 GFLOPS [partial-timeout]    301s  DONE @ 2026-07-09 03:10:22
  [teir_ga]  4/48 contraction_abcd_deca_be               ... START @ 2026-07-09 03:10:22
        · teir_ga:contraction_abcd_deca_be laeuft [   30s] … [AUTOTUNER] Jeder Trial wird JIT-kompiliert, auf Korrektheit geprueft und real gebenchmark
        · teir_ga:contraction_abcd_deca_be laeuft [   60s] … [NEW BEST] Trial #1 | SF=2, Parallel=a -> Zeit: 653.188 ms (4.77864 GFLOPS)
        · teir_ga:contraction_abcd_deca_be laeuft [   90s] … [NEW BEST] Trial #2 | SF=2, Parallel=b -> Zeit: 609.094 ms (5.12457 GFLOPS)
        · teir_ga:contraction_abcd_deca_be laeuft [  120s] … [NEW BEST] Trial #2 | SF=2, Parallel=b -> Zeit: 609.094 ms (5.12457 GFLOPS)
        · teir_ga:contraction_abcd_deca_be laeuft [  150s] … [NEW BEST] Trial #2 | SF=2, Parallel=b -> Zeit: 609.094 ms (5.12457 GFLOPS)
        · teir_ga:contraction_abcd_deca_be laeuft [  181s] … [NEW BEST] Trial #2 | SF=2, Parallel=b -> Zeit: 609.094 ms (5.12457 GFLOPS)
        · teir_ga:contraction_abcd_deca_be laeuft [  211s] … [NEW BEST] Trial #2 | SF=2, Parallel=b -> Zeit: 609.094 ms (5.12457 GFLOPS)
        · teir_ga:contraction_abcd_deca_be laeuft [  241s] … [NEW BEST] Trial #2 | SF=2, Parallel=b -> Zeit: 609.094 ms (5.12457 GFLOPS)
        · teir_ga:contraction_abcd_deca_be laeuft [  271s] … [NEW BEST] Trial #2 | SF=2, Parallel=b -> Zeit: 609.094 ms (5.12457 GFLOPS)
        · teir_ga:contraction_abcd_deca_be laeuft [  301s] … [NEW BEST] Trial #2 | SF=2, Parallel=b -> Zeit: 609.094 ms (5.12457 GFLOPS)
  [teir_ga]  4/48 contraction_abcd_deca_be               5.1 GFLOPS [partial-timeout]    301s  DONE @ 2026-07-09 03:15:23
  [teir_ga]  5/48 contraction_abcd_ebad_ce               ... START @ 2026-07-09 03:15:23
        · teir_ga:contraction_abcd_ebad_ce laeuft [   30s] … [NEW BEST] Trial #1 | SF=2, Parallel=a -> Zeit: 87.3055 ms (35.752 GFLOPS)
        · teir_ga:contraction_abcd_ebad_ce laeuft [   60s] … [NEW BEST] Trial #1 | SF=2, Parallel=a -> Zeit: 87.3055 ms (35.752 GFLOPS)
        · teir_ga:contraction_abcd_ebad_ce laeuft [   90s] … [NEW BEST] Trial #1 | SF=2, Parallel=a -> Zeit: 87.3055 ms (35.752 GFLOPS)
        · teir_ga:contraction_abcd_ebad_ce laeuft [  120s] … [NEW BEST] Trial #1 | SF=2, Parallel=a -> Zeit: 87.3055 ms (35.752 GFLOPS)
        · teir_ga:contraction_abcd_ebad_ce laeuft [  150s] … [NEW BEST] Trial #1 | SF=2, Parallel=a -> Zeit: 87.3055 ms (35.752 GFLOPS)
        · teir_ga:contraction_abcd_ebad_ce laeuft [  181s] … [NEW BEST] Trial #1 | SF=2, Parallel=a -> Zeit: 87.3055 ms (35.752 GFLOPS)
        · teir_ga:contraction_abcd_ebad_ce laeuft [  211s] … [NEW BEST] Trial #1 | SF=2, Parallel=a -> Zeit: 87.3055 ms (35.752 GFLOPS)
        · teir_ga:contraction_abcd_ebad_ce laeuft [  241s] … [NEW BEST] Trial #1 | SF=2, Parallel=a -> Zeit: 87.3055 ms (35.752 GFLOPS)
        · teir_ga:contraction_abcd_ebad_ce laeuft [  271s] … [NEW BEST] Trial #1 | SF=2, Parallel=a -> Zeit: 87.3055 ms (35.752 GFLOPS)
        · teir_ga:contraction_abcd_ebad_ce laeuft [  301s] … [NEW BEST] Trial #1 | SF=2, Parallel=a -> Zeit: 87.3055 ms (35.752 GFLOPS)
  [teir_ga]  5/48 contraction_abcd_ebad_ce               35.8 GFLOPS [partial-timeout]    301s  DONE @ 2026-07-09 03:20:24
  [teir_ga]  6/48 contraction_abcde_efbad_cf             ... START @ 2026-07-09 03:20:24
  [teir_ga]  6/48 contraction_abcde_efbad_cf             FAIL:no-success                   5s  DONE @ 2026-07-09 03:20:29
  [teir_ga]  7/48 contraction_abcde_ecbfa_fd             ... START @ 2026-07-09 03:20:29
  [teir_ga]  7/48 contraction_abcde_ecbfa_fd             FAIL:no-success                   5s  DONE @ 2026-07-09 03:20:34
  [teir_ga]  8/48 contraction_abcde_efcad_bf             ... START @ 2026-07-09 03:20:34
  [teir_ga]  8/48 contraction_abcde_efcad_bf             FAIL:no-success                   5s  DONE @ 2026-07-09 03:20:39
  [teir_ga]  9/48 contraction_abcd_ea_ebcd               ... START @ 2026-07-09 03:20:39
        · teir_ga:contraction_abcd_ea_ebcd laeuft [   30s] … [NEW BEST] Trial #1 | SF=2, Parallel=a -> Zeit: 217.269 ms (50.282 GFLOPS)
        · teir_ga:contraction_abcd_ea_ebcd laeuft [   60s] … [NEW BEST] Trial #1 | SF=2, Parallel=a -> Zeit: 217.269 ms (50.282 GFLOPS)
        · teir_ga:contraction_abcd_ea_ebcd laeuft [   90s] … [NEW BEST] Trial #1 | SF=2, Parallel=a -> Zeit: 217.269 ms (50.282 GFLOPS)
        · teir_ga:contraction_abcd_ea_ebcd laeuft [  120s] … [NEW BEST] Trial #1 | SF=2, Parallel=a -> Zeit: 217.269 ms (50.282 GFLOPS)
        · teir_ga:contraction_abcd_ea_ebcd laeuft [  150s] … [NEW BEST] Trial #1 | SF=2, Parallel=a -> Zeit: 217.269 ms (50.282 GFLOPS)
        · teir_ga:contraction_abcd_ea_ebcd laeuft [  180s] … [NEW BEST] Trial #1 | SF=2, Parallel=a -> Zeit: 217.269 ms (50.282 GFLOPS)
        · teir_ga:contraction_abcd_ea_ebcd laeuft [  211s] … [NEW BEST] Trial #1 | SF=2, Parallel=a -> Zeit: 217.269 ms (50.282 GFLOPS)
        · teir_ga:contraction_abcd_ea_ebcd laeuft [  241s] … [NEW BEST] Trial #1 | SF=2, Parallel=a -> Zeit: 217.269 ms (50.282 GFLOPS)
        · teir_ga:contraction_abcd_ea_ebcd laeuft [  271s] … [NEW BEST] Trial #1 | SF=2, Parallel=a -> Zeit: 217.269 ms (50.282 GFLOPS)
        · teir_ga:contraction_abcd_ea_ebcd laeuft [  301s] … [NEW BEST] Trial #1 | SF=2, Parallel=a -> Zeit: 217.269 ms (50.282 GFLOPS)
  [teir_ga]  9/48 contraction_abcd_ea_ebcd               50.3 GFLOPS [partial-timeout]    301s  DONE @ 2026-07-09 03:25:40
  [teir_ga] 10/48 contraction_abcd_eb_aecd               ... START @ 2026-07-09 03:25:40
        · teir_ga:contraction_abcd_eb_aecd laeuft [   30s] … [NEW BEST] Trial #1 | SF=2, Parallel=a -> Zeit: 151.969 ms (71.888 GFLOPS)
        · teir_ga:contraction_abcd_eb_aecd laeuft [   60s] … [NEW BEST] Trial #1 | SF=2, Parallel=a -> Zeit: 151.969 ms (71.888 GFLOPS)
        · teir_ga:contraction_abcd_eb_aecd laeuft [   90s] … [NEW BEST] Trial #1 | SF=2, Parallel=a -> Zeit: 151.969 ms (71.888 GFLOPS)
        · teir_ga:contraction_abcd_eb_aecd laeuft [  120s] … [NEW BEST] Trial #1 | SF=2, Parallel=a -> Zeit: 151.969 ms (71.888 GFLOPS)
        · teir_ga:contraction_abcd_eb_aecd laeuft [  150s] … [NEW BEST] Trial #1 | SF=2, Parallel=a -> Zeit: 151.969 ms (71.888 GFLOPS)
        · teir_ga:contraction_abcd_eb_aecd laeuft [  180s] … [NEW BEST] Trial #1 | SF=2, Parallel=a -> Zeit: 151.969 ms (71.888 GFLOPS)
        · teir_ga:contraction_abcd_eb_aecd laeuft [  210s] … [NEW BEST] Trial #1 | SF=2, Parallel=a -> Zeit: 151.969 ms (71.888 GFLOPS)
        · teir_ga:contraction_abcd_eb_aecd laeuft [  241s] … [NEW BEST] Trial #1 | SF=2, Parallel=a -> Zeit: 151.969 ms (71.888 GFLOPS)
        · teir_ga:contraction_abcd_eb_aecd laeuft [  271s] … [NEW BEST] Trial #1 | SF=2, Parallel=a -> Zeit: 151.969 ms (71.888 GFLOPS)
        · teir_ga:contraction_abcd_eb_aecd laeuft [  301s] … [NEW BEST] Trial #1 | SF=2, Parallel=a -> Zeit: 151.969 ms (71.888 GFLOPS)
  [teir_ga] 10/48 contraction_abcd_eb_aecd               71.9 GFLOPS [partial-timeout]    301s  DONE @ 2026-07-09 03:30:40
  [teir_ga] 11/48 contraction_abcd_ec_abed               ... START @ 2026-07-09 03:30:40
        · teir_ga:contraction_abcd_ec_abed laeuft [   30s] … [NEW BEST] Trial #1 | SF=2, Parallel=a -> Zeit: 176.665 ms (61.8387 GFLOPS)
        · teir_ga:contraction_abcd_ec_abed laeuft [   60s] … [NEW BEST] Trial #1 | SF=2, Parallel=a -> Zeit: 176.665 ms (61.8387 GFLOPS)
        · teir_ga:contraction_abcd_ec_abed laeuft [   90s] … [NEW BEST] Trial #1 | SF=2, Parallel=a -> Zeit: 176.665 ms (61.8387 GFLOPS)
        · teir_ga:contraction_abcd_ec_abed laeuft [  120s] … [NEW BEST] Trial #1 | SF=2, Parallel=a -> Zeit: 176.665 ms (61.8387 GFLOPS)
        · teir_ga:contraction_abcd_ec_abed laeuft [  150s] … [NEW BEST] Trial #1 | SF=2, Parallel=a -> Zeit: 176.665 ms (61.8387 GFLOPS)
        · teir_ga:contraction_abcd_ec_abed laeuft [  180s] … [NEW BEST] Trial #1 | SF=2, Parallel=a -> Zeit: 176.665 ms (61.8387 GFLOPS)
        · teir_ga:contraction_abcd_ec_abed laeuft [  210s] … [NEW BEST] Trial #1 | SF=2, Parallel=a -> Zeit: 176.665 ms (61.8387 GFLOPS)
        · teir_ga:contraction_abcd_ec_abed laeuft [  241s] … [NEW BEST] Trial #1 | SF=2, Parallel=a -> Zeit: 176.665 ms (61.8387 GFLOPS)
        · teir_ga:contraction_abcd_ec_abed laeuft [  271s] … [NEW BEST] Trial #1 | SF=2, Parallel=a -> Zeit: 176.665 ms (61.8387 GFLOPS)
        · teir_ga:contraction_abcd_ec_abed laeuft [  301s] … [NEW BEST] Trial #1 | SF=2, Parallel=a -> Zeit: 176.665 ms (61.8387 GFLOPS)
  [teir_ga] 11/48 contraction_abcd_ec_abed               61.8 GFLOPS [partial-timeout]    301s  DONE @ 2026-07-09 03:35:41
  [teir_ga] 12/48 contraction_ab_ac_cb                   ... START @ 2026-07-09 03:35:41
        · teir_ga:contraction_ab_ac_cb laeuft [   30s] … [AUTOTUNER] Jeder Trial wird JIT-kompiliert, auf Korrektheit geprueft und real gebenchmark
        · teir_ga:contraction_ab_ac_cb laeuft [   60s] … [AUTOTUNER] Jeder Trial wird JIT-kompiliert, auf Korrektheit geprueft und real gebenchmark
        · teir_ga:contraction_ab_ac_cb laeuft [   90s] … [AUTOTUNER] Jeder Trial wird JIT-kompiliert, auf Korrektheit geprueft und real gebenchmark
        · teir_ga:contraction_ab_ac_cb laeuft [  120s] … [AUTOTUNER] Jeder Trial wird JIT-kompiliert, auf Korrektheit geprueft und real gebenchmark
        · teir_ga:contraction_ab_ac_cb laeuft [  151s] … [AUTOTUNER] Jeder Trial wird JIT-kompiliert, auf Korrektheit geprueft und real gebenchmark
        · teir_ga:contraction_ab_ac_cb laeuft [  181s] … [AUTOTUNER] Jeder Trial wird JIT-kompiliert, auf Korrektheit geprueft und real gebenchmark
        · teir_ga:contraction_ab_ac_cb laeuft [  211s] … [AUTOTUNER] Jeder Trial wird JIT-kompiliert, auf Korrektheit geprueft und real gebenchmark
        · teir_ga:contraction_ab_ac_cb laeuft [  241s] … [AUTOTUNER] Jeder Trial wird JIT-kompiliert, auf Korrektheit geprueft und real gebenchmark
        · teir_ga:contraction_ab_ac_cb laeuft [  271s] … [AUTOTUNER] Jeder Trial wird JIT-kompiliert, auf Korrektheit geprueft und real gebenchmark
        · teir_ga:contraction_ab_ac_cb laeuft [  301s] … [AUTOTUNER] Jeder Trial wird JIT-kompiliert, auf Korrektheit geprueft und real gebenchmark
  [teir_ga] 12/48 contraction_ab_ac_cb                   TIMEOUT                         301s  DONE @ 2026-07-09 03:40:42
  [teir_ga] 13/48 contraction_ab_acd_dbc                 ... START @ 2026-07-09 03:40:42
        · teir_ga:contraction_ab_acd_dbc laeuft [   30s] … [AUTOTUNER] Jeder Trial wird JIT-kompiliert, auf Korrektheit geprueft und real gebenchmark
        · teir_ga:contraction_ab_acd_dbc laeuft [   60s] … [AUTOTUNER] Jeder Trial wird JIT-kompiliert, auf Korrektheit geprueft und real gebenchmark
        · teir_ga:contraction_ab_acd_dbc laeuft [   90s] … [AUTOTUNER] Jeder Trial wird JIT-kompiliert, auf Korrektheit geprueft und real gebenchmark
        · teir_ga:contraction_ab_acd_dbc laeuft [  120s] … [NEW BEST] Trial #1 | SF=1, Parallel=a -> Zeit: 1616.22 ms (25.7969 GFLOPS)
        · teir_ga:contraction_ab_acd_dbc laeuft [  151s] … [NEW BEST] Trial #1 | SF=1, Parallel=a -> Zeit: 1616.22 ms (25.7969 GFLOPS)
        · teir_ga:contraction_ab_acd_dbc laeuft [  181s] … [NEW BEST] Trial #1 | SF=1, Parallel=a -> Zeit: 1616.22 ms (25.7969 GFLOPS)
        · teir_ga:contraction_ab_acd_dbc laeuft [  211s] … [NEW BEST] Trial #2 | SF=1, Parallel=a -> Zeit: 1540.13 ms (27.0715 GFLOPS)
        · teir_ga:contraction_ab_acd_dbc laeuft [  241s] … [NEW BEST] Trial #2 | SF=1, Parallel=a -> Zeit: 1540.13 ms (27.0715 GFLOPS)
        · teir_ga:contraction_ab_acd_dbc laeuft [  271s] … [NEW BEST] Trial #2 | SF=1, Parallel=a -> Zeit: 1540.13 ms (27.0715 GFLOPS)
        · teir_ga:contraction_ab_acd_dbc laeuft [  301s] … [NEW BEST] Trial #2 | SF=1, Parallel=a -> Zeit: 1540.13 ms (27.0715 GFLOPS)
  [teir_ga] 13/48 contraction_ab_acd_dbc                 27.1 GFLOPS [partial-timeout]    301s  DONE @ 2026-07-09 03:45:43
  [teir_ga] 14/48 contraction_ab_cad_dcb                 ... START @ 2026-07-09 03:45:43
        · teir_ga:contraction_ab_cad_dcb laeuft [   30s] … [AUTOTUNER] Jeder Trial wird JIT-kompiliert, auf Korrektheit geprueft und real gebenchmark
        · teir_ga:contraction_ab_cad_dcb laeuft [   60s] … [AUTOTUNER] Jeder Trial wird JIT-kompiliert, auf Korrektheit geprueft und real gebenchmark
        · teir_ga:contraction_ab_cad_dcb laeuft [   90s] … [AUTOTUNER] Jeder Trial wird JIT-kompiliert, auf Korrektheit geprueft und real gebenchmark
        · teir_ga:contraction_ab_cad_dcb laeuft [  120s] … [AUTOTUNER] Jeder Trial wird JIT-kompiliert, auf Korrektheit geprueft und real gebenchmark
        · teir_ga:contraction_ab_cad_dcb laeuft [  150s] … [AUTOTUNER] Jeder Trial wird JIT-kompiliert, auf Korrektheit geprueft und real gebenchmark
        · teir_ga:contraction_ab_cad_dcb laeuft [  180s] … [AUTOTUNER] Jeder Trial wird JIT-kompiliert, auf Korrektheit geprueft und real gebenchmark
        · teir_ga:contraction_ab_cad_dcb laeuft [  211s] … [AUTOTUNER] Jeder Trial wird JIT-kompiliert, auf Korrektheit geprueft und real gebenchmark
        · teir_ga:contraction_ab_cad_dcb laeuft [  241s] … [AUTOTUNER] Jeder Trial wird JIT-kompiliert, auf Korrektheit geprueft und real gebenchmark
        · teir_ga:contraction_ab_cad_dcb laeuft [  271s] … [AUTOTUNER] Jeder Trial wird JIT-kompiliert, auf Korrektheit geprueft und real gebenchmark
        · teir_ga:contraction_ab_cad_dcb laeuft [  301s] … [AUTOTUNER] Jeder Trial wird JIT-kompiliert, auf Korrektheit geprueft und real gebenchmark
  [teir_ga] 14/48 contraction_ab_cad_dcb                 TIMEOUT                         301s  DONE @ 2026-07-09 03:50:44
  [teir_ga] 15/48 contraction_abc_acd_db                 ... START @ 2026-07-09 03:50:44
        · teir_ga:contraction_abc_acd_db laeuft [   30s] … [AUTOTUNER] Jeder Trial wird JIT-kompiliert, auf Korrektheit geprueft und real gebenchmark
        · teir_ga:contraction_abc_acd_db laeuft [   60s] … [NEW BEST] Trial #1 | SF=2, Parallel=a -> Zeit: 789.264 ms (52.8258 GFLOPS)
        · teir_ga:contraction_abc_acd_db laeuft [   90s] … [NEW BEST] Trial #1 | SF=2, Parallel=a -> Zeit: 789.264 ms (52.8258 GFLOPS)
        · teir_ga:contraction_abc_acd_db laeuft [  121s] … [NEW BEST] Trial #1 | SF=2, Parallel=a -> Zeit: 789.264 ms (52.8258 GFLOPS)
        · teir_ga:contraction_abc_acd_db laeuft [  151s] … [NEW BEST] Trial #1 | SF=2, Parallel=a -> Zeit: 789.264 ms (52.8258 GFLOPS)
        · teir_ga:contraction_abc_acd_db laeuft [  181s] … [NEW BEST] Trial #1 | SF=2, Parallel=a -> Zeit: 789.264 ms (52.8258 GFLOPS)
        · teir_ga:contraction_abc_acd_db laeuft [  211s] … [NEW BEST] Trial #1 | SF=2, Parallel=a -> Zeit: 789.264 ms (52.8258 GFLOPS)
        · teir_ga:contraction_abc_acd_db laeuft [  241s] … [NEW BEST] Trial #1 | SF=2, Parallel=a -> Zeit: 789.264 ms (52.8258 GFLOPS)
        · teir_ga:contraction_abc_acd_db laeuft [  271s] … [NEW BEST] Trial #1 | SF=2, Parallel=a -> Zeit: 789.264 ms (52.8258 GFLOPS)
        · teir_ga:contraction_abc_acd_db laeuft [  301s] … [NEW BEST] Trial #1 | SF=2, Parallel=a -> Zeit: 789.264 ms (52.8258 GFLOPS)
  [teir_ga] 15/48 contraction_abc_acd_db                 52.8 GFLOPS [partial-timeout]    301s  DONE @ 2026-07-09 03:55:45
  [teir_ga] 16/48 contraction_abc_ad_bdc                 ... START @ 2026-07-09 03:55:45
        · teir_ga:contraction_abc_ad_bdc laeuft [   30s] … [AUTOTUNER] Jeder Trial wird JIT-kompiliert, auf Korrektheit geprueft und real gebenchmark
        · teir_ga:contraction_abc_ad_bdc laeuft [   60s] … [NEW BEST] Trial #1 | SF=2, Parallel=a -> Zeit: 882.962 ms (47.22 GFLOPS)
        · teir_ga:contraction_abc_ad_bdc laeuft [   90s] … [NEW BEST] Trial #1 | SF=2, Parallel=a -> Zeit: 882.962 ms (47.22 GFLOPS)
        · teir_ga:contraction_abc_ad_bdc laeuft [  121s] … [NEW BEST] Trial #1 | SF=2, Parallel=a -> Zeit: 882.962 ms (47.22 GFLOPS)
        · teir_ga:contraction_abc_ad_bdc laeuft [  151s] … [NEW BEST] Trial #1 | SF=2, Parallel=a -> Zeit: 882.962 ms (47.22 GFLOPS)
        · teir_ga:contraction_abc_ad_bdc laeuft [  181s] … [NEW BEST] Trial #1 | SF=2, Parallel=a -> Zeit: 882.962 ms (47.22 GFLOPS)
        · teir_ga:contraction_abc_ad_bdc laeuft [  211s] … [NEW BEST] Trial #1 | SF=2, Parallel=a -> Zeit: 882.962 ms (47.22 GFLOPS)
        · teir_ga:contraction_abc_ad_bdc laeuft [  241s] … [NEW BEST] Trial #1 | SF=2, Parallel=a -> Zeit: 882.962 ms (47.22 GFLOPS)
        · teir_ga:contraction_abc_ad_bdc laeuft [  271s] … [NEW BEST] Trial #1 | SF=2, Parallel=a -> Zeit: 882.962 ms (47.22 GFLOPS)
        · teir_ga:contraction_abc_ad_bdc laeuft [  301s] … [NEW BEST] Trial #1 | SF=2, Parallel=a -> Zeit: 882.962 ms (47.22 GFLOPS)
  [teir_ga] 16/48 contraction_abc_ad_bdc                 47.2 GFLOPS [partial-timeout]    301s  DONE @ 2026-07-09 04:00:46
  [teir_ga] 17/48 contraction_abc_adc_bd                 ... START @ 2026-07-09 04:00:46
        · teir_ga:contraction_abc_adc_bd laeuft [   30s] … [AUTOTUNER] Jeder Trial wird JIT-kompiliert, auf Korrektheit geprueft und real gebenchmark
        · teir_ga:contraction_abc_adc_bd laeuft [   60s] … [NEW BEST] Trial #1 | SF=2, Parallel=a -> Zeit: 769.793 ms (54.162 GFLOPS)
        · teir_ga:contraction_abc_adc_bd laeuft [   90s] … [NEW BEST] Trial #1 | SF=2, Parallel=a -> Zeit: 769.793 ms (54.162 GFLOPS)
        · teir_ga:contraction_abc_adc_bd laeuft [  120s] … [NEW BEST] Trial #1 | SF=2, Parallel=a -> Zeit: 769.793 ms (54.162 GFLOPS)
        · teir_ga:contraction_abc_adc_bd laeuft [  151s] … [NEW BEST] Trial #1 | SF=2, Parallel=a -> Zeit: 769.793 ms (54.162 GFLOPS)
        · teir_ga:contraction_abc_adc_bd laeuft [  181s] … [NEW BEST] Trial #1 | SF=2, Parallel=a -> Zeit: 769.793 ms (54.162 GFLOPS)
        · teir_ga:contraction_abc_adc_bd laeuft [  211s] … [NEW BEST] Trial #1 | SF=2, Parallel=a -> Zeit: 769.793 ms (54.162 GFLOPS)
        · teir_ga:contraction_abc_adc_bd laeuft [  241s] … [NEW BEST] Trial #1 | SF=2, Parallel=a -> Zeit: 769.793 ms (54.162 GFLOPS)
        · teir_ga:contraction_abc_adc_bd laeuft [  271s] … [NEW BEST] Trial #1 | SF=2, Parallel=a -> Zeit: 769.793 ms (54.162 GFLOPS)
        · teir_ga:contraction_abc_adc_bd laeuft [  301s] … [NEW BEST] Trial #1 | SF=2, Parallel=a -> Zeit: 769.793 ms (54.162 GFLOPS)
  [teir_ga] 17/48 contraction_abc_adc_bd                 54.2 GFLOPS [partial-timeout]    301s  DONE @ 2026-07-09 04:05:47
  [teir_ga] 18/48 contraction_abc_adc_db                 ... START @ 2026-07-09 04:05:47
        · teir_ga:contraction_abc_adc_db laeuft [   30s] … [AUTOTUNER] Jeder Trial wird JIT-kompiliert, auf Korrektheit geprueft und real gebenchmark
        · teir_ga:contraction_abc_adc_db laeuft [   60s] … [AUTOTUNER] Jeder Trial wird JIT-kompiliert, auf Korrektheit geprueft und real gebenchmark
        · teir_ga:contraction_abc_adc_db laeuft [   90s] … [NEW BEST] Trial #1 | SF=2, Parallel=a -> Zeit: 986.668 ms (42.2568 GFLOPS)
        · teir_ga:contraction_abc_adc_db laeuft [  120s] … [NEW BEST] Trial #1 | SF=2, Parallel=a -> Zeit: 986.668 ms (42.2568 GFLOPS)
        · teir_ga:contraction_abc_adc_db laeuft [  151s] … [NEW BEST] Trial #1 | SF=2, Parallel=a -> Zeit: 986.668 ms (42.2568 GFLOPS)
        · teir_ga:contraction_abc_adc_db laeuft [  181s] … [NEW BEST] Trial #1 | SF=2, Parallel=a -> Zeit: 986.668 ms (42.2568 GFLOPS)
        · teir_ga:contraction_abc_adc_db laeuft [  211s] … [NEW BEST] Trial #1 | SF=2, Parallel=a -> Zeit: 986.668 ms (42.2568 GFLOPS)
        · teir_ga:contraction_abc_adc_db laeuft [  241s] … [NEW BEST] Trial #1 | SF=2, Parallel=a -> Zeit: 986.668 ms (42.2568 GFLOPS)
        · teir_ga:contraction_abc_adc_db laeuft [  271s] … [NEW BEST] Trial #1 | SF=2, Parallel=a -> Zeit: 986.668 ms (42.2568 GFLOPS)
        · teir_ga:contraction_abc_adc_db laeuft [  301s] … [NEW BEST] Trial #1 | SF=2, Parallel=a -> Zeit: 986.668 ms (42.2568 GFLOPS)
  [teir_ga] 18/48 contraction_abc_adc_db                 42.3 GFLOPS [partial-timeout]    301s  DONE @ 2026-07-09 04:10:48
  [teir_ga] 19/48 contraction_abc_adec_ebd               ... START @ 2026-07-09 04:10:48
        · teir_ga:contraction_abc_adec_ebd laeuft [   30s] … [NEW BEST] Trial #1 | SF=1, Parallel=a -> Zeit: 435.61 ms (25.0791 GFLOPS)
        · teir_ga:contraction_abc_adec_ebd laeuft [   60s] … [NEW BEST] Trial #1 | SF=1, Parallel=a -> Zeit: 435.61 ms (25.0791 GFLOPS)
        · teir_ga:contraction_abc_adec_ebd laeuft [   90s] … [NEW BEST] Trial #1 | SF=1, Parallel=a -> Zeit: 435.61 ms (25.0791 GFLOPS)
        · teir_ga:contraction_abc_adec_ebd laeuft [  120s] … [NEW BEST] Trial #1 | SF=1, Parallel=a -> Zeit: 435.61 ms (25.0791 GFLOPS)
        · teir_ga:contraction_abc_adec_ebd laeuft [  150s] … [NEW BEST] Trial #1 | SF=1, Parallel=a -> Zeit: 435.61 ms (25.0791 GFLOPS)
        · teir_ga:contraction_abc_adec_ebd laeuft [  181s] … [NEW BEST] Trial #1 | SF=1, Parallel=a -> Zeit: 435.61 ms (25.0791 GFLOPS)
        · teir_ga:contraction_abc_adec_ebd laeuft [  211s] … [NEW BEST] Trial #1 | SF=1, Parallel=a -> Zeit: 435.61 ms (25.0791 GFLOPS)
        · teir_ga:contraction_abc_adec_ebd laeuft [  241s] … [NEW BEST] Trial #1 | SF=1, Parallel=a -> Zeit: 435.61 ms (25.0791 GFLOPS)
        · teir_ga:contraction_abc_adec_ebd laeuft [  271s] … [NEW BEST] Trial #1 | SF=1, Parallel=a -> Zeit: 435.61 ms (25.0791 GFLOPS)
        · teir_ga:contraction_abc_adec_ebd laeuft [  301s] … [NEW BEST] Trial #1 | SF=1, Parallel=a -> Zeit: 435.61 ms (25.0791 GFLOPS)
  [teir_ga] 19/48 contraction_abc_adec_ebd               25.1 GFLOPS [partial-timeout]    301s  DONE @ 2026-07-09 04:15:49
  [teir_ga] 20/48 contraction_abcd_aebf_dfce             ... START @ 2026-07-09 04:15:49
        · teir_ga:contraction_abcd_aebf_dfce laeuft [   30s] … [AUTOTUNER] Jeder Trial wird JIT-kompiliert, auf Korrektheit geprueft und real gebenchmark
        · teir_ga:contraction_abcd_aebf_dfce laeuft [   60s] … [AUTOTUNER] Jeder Trial wird JIT-kompiliert, auf Korrektheit geprueft und real gebenchmark
        · teir_ga:contraction_abcd_aebf_dfce laeuft [   90s] … [AUTOTUNER] Jeder Trial wird JIT-kompiliert, auf Korrektheit geprueft und real gebenchmark
        · teir_ga:contraction_abcd_aebf_dfce laeuft [  120s] … [AUTOTUNER] Jeder Trial wird JIT-kompiliert, auf Korrektheit geprueft und real gebenchmark
        · teir_ga:contraction_abcd_aebf_dfce laeuft [  150s] … [AUTOTUNER] Jeder Trial wird JIT-kompiliert, auf Korrektheit geprueft und real gebenchmark
        · teir_ga:contraction_abcd_aebf_dfce laeuft [  181s] … [AUTOTUNER] Jeder Trial wird JIT-kompiliert, auf Korrektheit geprueft und real gebenchmark
        · teir_ga:contraction_abcd_aebf_dfce laeuft [  211s] … [AUTOTUNER] Jeder Trial wird JIT-kompiliert, auf Korrektheit geprueft und real gebenchmark
        · teir_ga:contraction_abcd_aebf_dfce laeuft [  241s] … [AUTOTUNER] Jeder Trial wird JIT-kompiliert, auf Korrektheit geprueft und real gebenchmark
        · teir_ga:contraction_abcd_aebf_dfce laeuft [  271s] … [AUTOTUNER] Jeder Trial wird JIT-kompiliert, auf Korrektheit geprueft und real gebenchmark
        · teir_ga:contraction_abcd_aebf_dfce laeuft [  301s] … [AUTOTUNER] Jeder Trial wird JIT-kompiliert, auf Korrektheit geprueft und real gebenchmark
  [teir_ga] 20/48 contraction_abcd_aebf_dfce             TIMEOUT                         301s  DONE @ 2026-07-09 04:20:50
  [teir_ga] 21/48 contraction_abcd_aebf_fdec             ... START @ 2026-07-09 04:20:50
        · teir_ga:contraction_abcd_aebf_fdec laeuft [   30s] … [AUTOTUNER] Jeder Trial wird JIT-kompiliert, auf Korrektheit geprueft und real gebenchmark
        · teir_ga:contraction_abcd_aebf_fdec laeuft [   60s] … [AUTOTUNER] Jeder Trial wird JIT-kompiliert, auf Korrektheit geprueft und real gebenchmark
        · teir_ga:contraction_abcd_aebf_fdec laeuft [   90s] … [AUTOTUNER] Jeder Trial wird JIT-kompiliert, auf Korrektheit geprueft und real gebenchmark
        · teir_ga:contraction_abcd_aebf_fdec laeuft [  120s] … [AUTOTUNER] Jeder Trial wird JIT-kompiliert, auf Korrektheit geprueft und real gebenchmark
        · teir_ga:contraction_abcd_aebf_fdec laeuft [  150s] … [AUTOTUNER] Jeder Trial wird JIT-kompiliert, auf Korrektheit geprueft und real gebenchmark
        · teir_ga:contraction_abcd_aebf_fdec laeuft [  181s] … [AUTOTUNER] Jeder Trial wird JIT-kompiliert, auf Korrektheit geprueft und real gebenchmark
        · teir_ga:contraction_abcd_aebf_fdec laeuft [  211s] … [AUTOTUNER] Jeder Trial wird JIT-kompiliert, auf Korrektheit geprueft und real gebenchmark
        · teir_ga:contraction_abcd_aebf_fdec laeuft [  241s] … [AUTOTUNER] Jeder Trial wird JIT-kompiliert, auf Korrektheit geprueft und real gebenchmark
        · teir_ga:contraction_abcd_aebf_fdec laeuft [  271s] … [AUTOTUNER] Jeder Trial wird JIT-kompiliert, auf Korrektheit geprueft und real gebenchmark
        · teir_ga:contraction_abcd_aebf_fdec laeuft [  301s] … [AUTOTUNER] Jeder Trial wird JIT-kompiliert, auf Korrektheit geprueft und real gebenchmark
  [teir_ga] 21/48 contraction_abcd_aebf_fdec             TIMEOUT                         301s  DONE @ 2026-07-09 04:25:50
  [teir_ga] 22/48 contraction_abcd_aecf_bfde             ... START @ 2026-07-09 04:25:50
        · teir_ga:contraction_abcd_aecf_bfde laeuft [   30s] … [AUTOTUNER] Jeder Trial wird JIT-kompiliert, auf Korrektheit geprueft und real gebenchmark
        · teir_ga:contraction_abcd_aecf_bfde laeuft [   60s] … [AUTOTUNER] Jeder Trial wird JIT-kompiliert, auf Korrektheit geprueft und real gebenchmark
        · teir_ga:contraction_abcd_aecf_bfde laeuft [   90s] … [AUTOTUNER] Jeder Trial wird JIT-kompiliert, auf Korrektheit geprueft und real gebenchmark
        · teir_ga:contraction_abcd_aecf_bfde laeuft [  120s] … [AUTOTUNER] Jeder Trial wird JIT-kompiliert, auf Korrektheit geprueft und real gebenchmark
        · teir_ga:contraction_abcd_aecf_bfde laeuft [  150s] … [AUTOTUNER] Jeder Trial wird JIT-kompiliert, auf Korrektheit geprueft und real gebenchmark
        · teir_ga:contraction_abcd_aecf_bfde laeuft [  181s] … [AUTOTUNER] Jeder Trial wird JIT-kompiliert, auf Korrektheit geprueft und real gebenchmark
        · teir_ga:contraction_abcd_aecf_bfde laeuft [  211s] … [AUTOTUNER] Jeder Trial wird JIT-kompiliert, auf Korrektheit geprueft und real gebenchmark
        · teir_ga:contraction_abcd_aecf_bfde laeuft [  241s] … [AUTOTUNER] Jeder Trial wird JIT-kompiliert, auf Korrektheit geprueft und real gebenchmark
        · teir_ga:contraction_abcd_aecf_bfde laeuft [  271s] … [AUTOTUNER] Jeder Trial wird JIT-kompiliert, auf Korrektheit geprueft und real gebenchmark
        · teir_ga:contraction_abcd_aecf_bfde laeuft [  301s] … [AUTOTUNER] Jeder Trial wird JIT-kompiliert, auf Korrektheit geprueft und real gebenchmark
  [teir_ga] 22/48 contraction_abcd_aecf_bfde             TIMEOUT                         301s  DONE @ 2026-07-09 04:30:51
  [teir_ga] 23/48 contraction_abcd_aecf_fbed             ... START @ 2026-07-09 04:30:51
        · teir_ga:contraction_abcd_aecf_fbed laeuft [   30s] … [AUTOTUNER] Jeder Trial wird JIT-kompiliert, auf Korrektheit geprueft und real gebenchmark
        · teir_ga:contraction_abcd_aecf_fbed laeuft [   60s] … [AUTOTUNER] Jeder Trial wird JIT-kompiliert, auf Korrektheit geprueft und real gebenchmark
        · teir_ga:contraction_abcd_aecf_fbed laeuft [   90s] … [AUTOTUNER] Jeder Trial wird JIT-kompiliert, auf Korrektheit geprueft und real gebenchmark
        · teir_ga:contraction_abcd_aecf_fbed laeuft [  120s] … [AUTOTUNER] Jeder Trial wird JIT-kompiliert, auf Korrektheit geprueft und real gebenchmark
        · teir_ga:contraction_abcd_aecf_fbed laeuft [  150s] … [AUTOTUNER] Jeder Trial wird JIT-kompiliert, auf Korrektheit geprueft und real gebenchmark
        · teir_ga:contraction_abcd_aecf_fbed laeuft [  181s] … [AUTOTUNER] Jeder Trial wird JIT-kompiliert, auf Korrektheit geprueft und real gebenchmark
        · teir_ga:contraction_abcd_aecf_fbed laeuft [  211s] … [AUTOTUNER] Jeder Trial wird JIT-kompiliert, auf Korrektheit geprueft und real gebenchmark
        · teir_ga:contraction_abcd_aecf_fbed laeuft [  241s] … [AUTOTUNER] Jeder Trial wird JIT-kompiliert, auf Korrektheit geprueft und real gebenchmark
        · teir_ga:contraction_abcd_aecf_fbed laeuft [  271s] … [AUTOTUNER] Jeder Trial wird JIT-kompiliert, auf Korrektheit geprueft und real gebenchmark
        · teir_ga:contraction_abcd_aecf_fbed laeuft [  301s] … [AUTOTUNER] Jeder Trial wird JIT-kompiliert, auf Korrektheit geprueft und real gebenchmark
  [teir_ga] 23/48 contraction_abcd_aecf_fbed             TIMEOUT                         301s  DONE @ 2026-07-09 04:35:52
  [teir_ga] 24/48 contraction_abcd_aedf_bfce             ... START @ 2026-07-09 04:35:52
        · teir_ga:contraction_abcd_aedf_bfce laeuft [   30s] … [AUTOTUNER] Jeder Trial wird JIT-kompiliert, auf Korrektheit geprueft und real gebenchmark
        · teir_ga:contraction_abcd_aedf_bfce laeuft [   60s] … [AUTOTUNER] Jeder Trial wird JIT-kompiliert, auf Korrektheit geprueft und real gebenchmark
        · teir_ga:contraction_abcd_aedf_bfce laeuft [   90s] … [AUTOTUNER] Jeder Trial wird JIT-kompiliert, auf Korrektheit geprueft und real gebenchmark
        · teir_ga:contraction_abcd_aedf_bfce laeuft [  120s] … [AUTOTUNER] Jeder Trial wird JIT-kompiliert, auf Korrektheit geprueft und real gebenchmark
        · teir_ga:contraction_abcd_aedf_bfce laeuft [  151s] … [AUTOTUNER] Jeder Trial wird JIT-kompiliert, auf Korrektheit geprueft und real gebenchmark
        · teir_ga:contraction_abcd_aedf_bfce laeuft [  181s] … [AUTOTUNER] Jeder Trial wird JIT-kompiliert, auf Korrektheit geprueft und real gebenchmark
        · teir_ga:contraction_abcd_aedf_bfce laeuft [  211s] … [AUTOTUNER] Jeder Trial wird JIT-kompiliert, auf Korrektheit geprueft und real gebenchmark
        · teir_ga:contraction_abcd_aedf_bfce laeuft [  241s] … [AUTOTUNER] Jeder Trial wird JIT-kompiliert, auf Korrektheit geprueft und real gebenchmark
        · teir_ga:contraction_abcd_aedf_bfce laeuft [  271s] … [AUTOTUNER] Jeder Trial wird JIT-kompiliert, auf Korrektheit geprueft und real gebenchmark
        · teir_ga:contraction_abcd_aedf_bfce laeuft [  301s] … [AUTOTUNER] Jeder Trial wird JIT-kompiliert, auf Korrektheit geprueft und real gebenchmark
  [teir_ga] 24/48 contraction_abcd_aedf_bfce             TIMEOUT                         301s  DONE @ 2026-07-09 04:40:54
  [teir_ga] 25/48 contraction_abcd_aedf_fbec             ... START @ 2026-07-09 04:40:54
        · teir_ga:contraction_abcd_aedf_fbec laeuft [   30s] … [AUTOTUNER] Jeder Trial wird JIT-kompiliert, auf Korrektheit geprueft und real gebenchmark
        · teir_ga:contraction_abcd_aedf_fbec laeuft [   60s] … [AUTOTUNER] Jeder Trial wird JIT-kompiliert, auf Korrektheit geprueft und real gebenchmark
        · teir_ga:contraction_abcd_aedf_fbec laeuft [   90s] … [AUTOTUNER] Jeder Trial wird JIT-kompiliert, auf Korrektheit geprueft und real gebenchmark
        · teir_ga:contraction_abcd_aedf_fbec laeuft [  120s] … [AUTOTUNER] Jeder Trial wird JIT-kompiliert, auf Korrektheit geprueft und real gebenchmark
        · teir_ga:contraction_abcd_aedf_fbec laeuft [  151s] … [AUTOTUNER] Jeder Trial wird JIT-kompiliert, auf Korrektheit geprueft und real gebenchmark
        · teir_ga:contraction_abcd_aedf_fbec laeuft [  181s] … [AUTOTUNER] Jeder Trial wird JIT-kompiliert, auf Korrektheit geprueft und real gebenchmark
        · teir_ga:contraction_abcd_aedf_fbec laeuft [  211s] … [AUTOTUNER] Jeder Trial wird JIT-kompiliert, auf Korrektheit geprueft und real gebenchmark
        · teir_ga:contraction_abcd_aedf_fbec laeuft [  241s] … [AUTOTUNER] Jeder Trial wird JIT-kompiliert, auf Korrektheit geprueft und real gebenchmark
        · teir_ga:contraction_abcd_aedf_fbec laeuft [  271s] … [AUTOTUNER] Jeder Trial wird JIT-kompiliert, auf Korrektheit geprueft und real gebenchmark
        · teir_ga:contraction_abcd_aedf_fbec laeuft [  301s] … [AUTOTUNER] Jeder Trial wird JIT-kompiliert, auf Korrektheit geprueft und real gebenchmark
  [teir_ga] 25/48 contraction_abcd_aedf_fbec             TIMEOUT                         301s  DONE @ 2026-07-09 04:45:55
  [teir_ga] 26/48 contraction_abcd_aefb_fdce             ... START @ 2026-07-09 04:45:55
        · teir_ga:contraction_abcd_aefb_fdce laeuft [   30s] … [AUTOTUNER] Jeder Trial wird JIT-kompiliert, auf Korrektheit geprueft und real gebenchmark
        · teir_ga:contraction_abcd_aefb_fdce laeuft [   60s] … [AUTOTUNER] Jeder Trial wird JIT-kompiliert, auf Korrektheit geprueft und real gebenchmark
        · teir_ga:contraction_abcd_aefb_fdce laeuft [   90s] … [AUTOTUNER] Jeder Trial wird JIT-kompiliert, auf Korrektheit geprueft und real gebenchmark
        · teir_ga:contraction_abcd_aefb_fdce laeuft [  120s] … [AUTOTUNER] Jeder Trial wird JIT-kompiliert, auf Korrektheit geprueft und real gebenchmark
        · teir_ga:contraction_abcd_aefb_fdce laeuft [  151s] … [AUTOTUNER] Jeder Trial wird JIT-kompiliert, auf Korrektheit geprueft und real gebenchmark
        · teir_ga:contraction_abcd_aefb_fdce laeuft [  181s] … [AUTOTUNER] Jeder Trial wird JIT-kompiliert, auf Korrektheit geprueft und real gebenchmark
        · teir_ga:contraction_abcd_aefb_fdce laeuft [  211s] … [AUTOTUNER] Jeder Trial wird JIT-kompiliert, auf Korrektheit geprueft und real gebenchmark
        · teir_ga:contraction_abcd_aefb_fdce laeuft [  241s] … [AUTOTUNER] Jeder Trial wird JIT-kompiliert, auf Korrektheit geprueft und real gebenchmark
        · teir_ga:contraction_abcd_aefb_fdce laeuft [  271s] … [AUTOTUNER] Jeder Trial wird JIT-kompiliert, auf Korrektheit geprueft und real gebenchmark
        · teir_ga:contraction_abcd_aefb_fdce laeuft [  301s] … [AUTOTUNER] Jeder Trial wird JIT-kompiliert, auf Korrektheit geprueft und real gebenchmark
  [teir_ga] 26/48 contraction_abcd_aefb_fdce             TIMEOUT                         301s  DONE @ 2026-07-09 04:50:56
  [teir_ga] 27/48 contraction_abcd_aefc_fbed             ... START @ 2026-07-09 04:50:56
        · teir_ga:contraction_abcd_aefc_fbed laeuft [   30s] … [AUTOTUNER] Jeder Trial wird JIT-kompiliert, auf Korrektheit geprueft und real gebenchmark
        · teir_ga:contraction_abcd_aefc_fbed laeuft [   60s] … [AUTOTUNER] Jeder Trial wird JIT-kompiliert, auf Korrektheit geprueft und real gebenchmark
        · teir_ga:contraction_abcd_aefc_fbed laeuft [   90s] … [AUTOTUNER] Jeder Trial wird JIT-kompiliert, auf Korrektheit geprueft und real gebenchmark
        · teir_ga:contraction_abcd_aefc_fbed laeuft [  120s] … [AUTOTUNER] Jeder Trial wird JIT-kompiliert, auf Korrektheit geprueft und real gebenchmark
        · teir_ga:contraction_abcd_aefc_fbed laeuft [  150s] … [AUTOTUNER] Jeder Trial wird JIT-kompiliert, auf Korrektheit geprueft und real gebenchmark
        · teir_ga:contraction_abcd_aefc_fbed laeuft [  180s] … [AUTOTUNER] Jeder Trial wird JIT-kompiliert, auf Korrektheit geprueft und real gebenchmark
        · teir_ga:contraction_abcd_aefc_fbed laeuft [  211s] … [AUTOTUNER] Jeder Trial wird JIT-kompiliert, auf Korrektheit geprueft und real gebenchmark
        · teir_ga:contraction_abcd_aefc_fbed laeuft [  241s] … [AUTOTUNER] Jeder Trial wird JIT-kompiliert, auf Korrektheit geprueft und real gebenchmark
        · teir_ga:contraction_abcd_aefc_fbed laeuft [  271s] … [AUTOTUNER] Jeder Trial wird JIT-kompiliert, auf Korrektheit geprueft und real gebenchmark
        · teir_ga:contraction_abcd_aefc_fbed laeuft [  301s] … [AUTOTUNER] Jeder Trial wird JIT-kompiliert, auf Korrektheit geprueft und real gebenchmark
  [teir_ga] 27/48 contraction_abcd_aefc_fbed             TIMEOUT                         301s  DONE @ 2026-07-09 04:55:57
  [teir_ga] 28/48 contraction_abcd_eafb_fdec             ... START @ 2026-07-09 04:55:57
        · teir_ga:contraction_abcd_eafb_fdec laeuft [   30s] … [AUTOTUNER] Jeder Trial wird JIT-kompiliert, auf Korrektheit geprueft und real gebenchmark
        · teir_ga:contraction_abcd_eafb_fdec laeuft [   60s] … [AUTOTUNER] Jeder Trial wird JIT-kompiliert, auf Korrektheit geprueft und real gebenchmark
        · teir_ga:contraction_abcd_eafb_fdec laeuft [   90s] … [AUTOTUNER] Jeder Trial wird JIT-kompiliert, auf Korrektheit geprueft und real gebenchmark
        · teir_ga:contraction_abcd_eafb_fdec laeuft [  120s] … [AUTOTUNER] Jeder Trial wird JIT-kompiliert, auf Korrektheit geprueft und real gebenchmark
        · teir_ga:contraction_abcd_eafb_fdec laeuft [  150s] … [AUTOTUNER] Jeder Trial wird JIT-kompiliert, auf Korrektheit geprueft und real gebenchmark
        · teir_ga:contraction_abcd_eafb_fdec laeuft [  180s] … [AUTOTUNER] Jeder Trial wird JIT-kompiliert, auf Korrektheit geprueft und real gebenchmark
        · teir_ga:contraction_abcd_eafb_fdec laeuft [  211s] … [AUTOTUNER] Jeder Trial wird JIT-kompiliert, auf Korrektheit geprueft und real gebenchmark
        · teir_ga:contraction_abcd_eafb_fdec laeuft [  241s] … [AUTOTUNER] Jeder Trial wird JIT-kompiliert, auf Korrektheit geprueft und real gebenchmark
        · teir_ga:contraction_abcd_eafb_fdec laeuft [  271s] … [AUTOTUNER] Jeder Trial wird JIT-kompiliert, auf Korrektheit geprueft und real gebenchmark
        · teir_ga:contraction_abcd_eafb_fdec laeuft [  301s] … [AUTOTUNER] Jeder Trial wird JIT-kompiliert, auf Korrektheit geprueft und real gebenchmark
  [teir_ga] 28/48 contraction_abcd_eafb_fdec             TIMEOUT                         301s  DONE @ 2026-07-09 05:00:57
  [teir_ga] 29/48 contraction_abcd_eafc_bfde             ... START @ 2026-07-09 05:00:57
        · teir_ga:contraction_abcd_eafc_bfde laeuft [   30s] … [AUTOTUNER] Jeder Trial wird JIT-kompiliert, auf Korrektheit geprueft und real gebenchmark
        · teir_ga:contraction_abcd_eafc_bfde laeuft [   60s] … [AUTOTUNER] Jeder Trial wird JIT-kompiliert, auf Korrektheit geprueft und real gebenchmark
        · teir_ga:contraction_abcd_eafc_bfde laeuft [   90s] … [AUTOTUNER] Jeder Trial wird JIT-kompiliert, auf Korrektheit geprueft und real gebenchmark
        · teir_ga:contraction_abcd_eafc_bfde laeuft [  120s] … [AUTOTUNER] Jeder Trial wird JIT-kompiliert, auf Korrektheit geprueft und real gebenchmark
        · teir_ga:contraction_abcd_eafc_bfde laeuft [  150s] … [AUTOTUNER] Jeder Trial wird JIT-kompiliert, auf Korrektheit geprueft und real gebenchmark
        · teir_ga:contraction_abcd_eafc_bfde laeuft [  181s] … [AUTOTUNER] Jeder Trial wird JIT-kompiliert, auf Korrektheit geprueft und real gebenchmark
        · teir_ga:contraction_abcd_eafc_bfde laeuft [  211s] … [AUTOTUNER] Jeder Trial wird JIT-kompiliert, auf Korrektheit geprueft und real gebenchmark
        · teir_ga:contraction_abcd_eafc_bfde laeuft [  241s] … [AUTOTUNER] Jeder Trial wird JIT-kompiliert, auf Korrektheit geprueft und real gebenchmark
        · teir_ga:contraction_abcd_eafc_bfde laeuft [  271s] … [AUTOTUNER] Jeder Trial wird JIT-kompiliert, auf Korrektheit geprueft und real gebenchmark
        · teir_ga:contraction_abcd_eafc_bfde laeuft [  301s] … [AUTOTUNER] Jeder Trial wird JIT-kompiliert, auf Korrektheit geprueft und real gebenchmark
  [teir_ga] 29/48 contraction_abcd_eafc_bfde             TIMEOUT                         301s  DONE @ 2026-07-09 05:05:58
  [teir_ga] 30/48 contraction_abcd_eafd_fbec             ... START @ 2026-07-09 05:05:58
        · teir_ga:contraction_abcd_eafd_fbec laeuft [   30s] … [AUTOTUNER] Jeder Trial wird JIT-kompiliert, auf Korrektheit geprueft und real gebenchmark
        · teir_ga:contraction_abcd_eafd_fbec laeuft [   60s] … [AUTOTUNER] Jeder Trial wird JIT-kompiliert, auf Korrektheit geprueft und real gebenchmark
        · teir_ga:contraction_abcd_eafd_fbec laeuft [   90s] … [AUTOTUNER] Jeder Trial wird JIT-kompiliert, auf Korrektheit geprueft und real gebenchmark
        · teir_ga:contraction_abcd_eafd_fbec laeuft [  120s] … [AUTOTUNER] Jeder Trial wird JIT-kompiliert, auf Korrektheit geprueft und real gebenchmark
        · teir_ga:contraction_abcd_eafd_fbec laeuft [  150s] … [AUTOTUNER] Jeder Trial wird JIT-kompiliert, auf Korrektheit geprueft und real gebenchmark
        · teir_ga:contraction_abcd_eafd_fbec laeuft [  180s] … [AUTOTUNER] Jeder Trial wird JIT-kompiliert, auf Korrektheit geprueft und real gebenchmark
        · teir_ga:contraction_abcd_eafd_fbec laeuft [  211s] … [AUTOTUNER] Jeder Trial wird JIT-kompiliert, auf Korrektheit geprueft und real gebenchmark
        · teir_ga:contraction_abcd_eafd_fbec laeuft [  241s] … [AUTOTUNER] Jeder Trial wird JIT-kompiliert, auf Korrektheit geprueft und real gebenchmark
        · teir_ga:contraction_abcd_eafd_fbec laeuft [  271s] … [AUTOTUNER] Jeder Trial wird JIT-kompiliert, auf Korrektheit geprueft und real gebenchmark
        · teir_ga:contraction_abcd_eafd_fbec laeuft [  301s] … [AUTOTUNER] Jeder Trial wird JIT-kompiliert, auf Korrektheit geprueft und real gebenchmark
  [teir_ga] 30/48 contraction_abcd_eafd_fbec             TIMEOUT                         301s  DONE @ 2026-07-09 05:10:59
  [teir_ga] 31/48 contraction_abcdef_dega_gfbc           ... START @ 2026-07-09 05:10:59
        · teir_ga:contraction_abcdef_dega_gfbc laeuft [   30s] … [NEW BEST] Trial #1 | SF=2, Parallel=a -> Zeit: 71.2157 ms (62.1166 GFLOPS)
        · teir_ga:contraction_abcdef_dega_gfbc laeuft [   60s] … [NEW BEST] Trial #1 | SF=2, Parallel=a -> Zeit: 71.2157 ms (62.1166 GFLOPS)
        · teir_ga:contraction_abcdef_dega_gfbc laeuft [   90s] … [NEW BEST] Trial #1 | SF=2, Parallel=a -> Zeit: 71.2157 ms (62.1166 GFLOPS)
        · teir_ga:contraction_abcdef_dega_gfbc laeuft [  120s] … [NEW BEST] Trial #1 | SF=2, Parallel=a -> Zeit: 71.2157 ms (62.1166 GFLOPS)
        · teir_ga:contraction_abcdef_dega_gfbc laeuft [  150s] … [NEW BEST] Trial #1 | SF=2, Parallel=a -> Zeit: 71.2157 ms (62.1166 GFLOPS)
        · teir_ga:contraction_abcdef_dega_gfbc laeuft [  180s] … [NEW BEST] Trial #1 | SF=2, Parallel=a -> Zeit: 71.2157 ms (62.1166 GFLOPS)
        · teir_ga:contraction_abcdef_dega_gfbc laeuft [  211s] … [NEW BEST] Trial #1 | SF=2, Parallel=a -> Zeit: 71.2157 ms (62.1166 GFLOPS)
        · teir_ga:contraction_abcdef_dega_gfbc laeuft [  241s] … [NEW BEST] Trial #1 | SF=2, Parallel=a -> Zeit: 71.2157 ms (62.1166 GFLOPS)
        · teir_ga:contraction_abcdef_dega_gfbc laeuft [  271s] … [NEW BEST] Trial #1 | SF=2, Parallel=a -> Zeit: 71.2157 ms (62.1166 GFLOPS)
        · teir_ga:contraction_abcdef_dega_gfbc laeuft [  301s] … [NEW BEST] Trial #1 | SF=2, Parallel=a -> Zeit: 71.2157 ms (62.1166 GFLOPS)
  [teir_ga] 31/48 contraction_abcdef_dega_gfbc           62.1 GFLOPS [partial-timeout]    301s  DONE @ 2026-07-09 05:16:00
  [teir_ga] 32/48 contraction_abcdef_degb_gfac           ... START @ 2026-07-09 05:16:00
        · teir_ga:contraction_abcdef_degb_gfac laeuft [   30s] … [NEW BEST] Trial #2 | SF=2, Parallel=b -> Zeit: 69.2426 ms (63.8866 GFLOPS)
        · teir_ga:contraction_abcdef_degb_gfac laeuft [   60s] … [NEW BEST] Trial #2 | SF=2, Parallel=b -> Zeit: 69.2426 ms (63.8866 GFLOPS)
        · teir_ga:contraction_abcdef_degb_gfac laeuft [   90s] … [NEW BEST] Trial #2 | SF=2, Parallel=b -> Zeit: 69.2426 ms (63.8866 GFLOPS)
        · teir_ga:contraction_abcdef_degb_gfac laeuft [  120s] … [NEW BEST] Trial #2 | SF=2, Parallel=b -> Zeit: 69.2426 ms (63.8866 GFLOPS)
        · teir_ga:contraction_abcdef_degb_gfac laeuft [  150s] … [NEW BEST] Trial #2 | SF=2, Parallel=b -> Zeit: 69.2426 ms (63.8866 GFLOPS)
        · teir_ga:contraction_abcdef_degb_gfac laeuft [  180s] … [NEW BEST] Trial #2 | SF=2, Parallel=b -> Zeit: 69.2426 ms (63.8866 GFLOPS)
        · teir_ga:contraction_abcdef_degb_gfac laeuft [  211s] … [NEW BEST] Trial #2 | SF=2, Parallel=b -> Zeit: 69.2426 ms (63.8866 GFLOPS)
        · teir_ga:contraction_abcdef_degb_gfac laeuft [  241s] … [NEW BEST] Trial #2 | SF=2, Parallel=b -> Zeit: 69.2426 ms (63.8866 GFLOPS)
        · teir_ga:contraction_abcdef_degb_gfac laeuft [  271s] … [NEW BEST] Trial #2 | SF=2, Parallel=b -> Zeit: 69.2426 ms (63.8866 GFLOPS)
        · teir_ga:contraction_abcdef_degb_gfac laeuft [  301s] … [NEW BEST] Trial #2 | SF=2, Parallel=b -> Zeit: 69.2426 ms (63.8866 GFLOPS)
  [teir_ga] 32/48 contraction_abcdef_degb_gfac           63.9 GFLOPS [partial-timeout]    301s  DONE @ 2026-07-09 05:21:01
  [teir_ga] 33/48 contraction_abcdef_degc_gfab           ... START @ 2026-07-09 05:21:01
        · teir_ga:contraction_abcdef_degc_gfab laeuft [   30s] … [NEW BEST] Trial #2 | SF=2, Parallel=b -> Zeit: 73.5436 ms (60.1505 GFLOPS)
        · teir_ga:contraction_abcdef_degc_gfab laeuft [   60s] … [NEW BEST] Trial #2 | SF=2, Parallel=b -> Zeit: 73.5436 ms (60.1505 GFLOPS)
        · teir_ga:contraction_abcdef_degc_gfab laeuft [   90s] … [NEW BEST] Trial #2 | SF=2, Parallel=b -> Zeit: 73.5436 ms (60.1505 GFLOPS)
        · teir_ga:contraction_abcdef_degc_gfab laeuft [  120s] … [NEW BEST] Trial #2 | SF=2, Parallel=b -> Zeit: 73.5436 ms (60.1505 GFLOPS)
        · teir_ga:contraction_abcdef_degc_gfab laeuft [  150s] … [NEW BEST] Trial #2 | SF=2, Parallel=b -> Zeit: 73.5436 ms (60.1505 GFLOPS)
        · teir_ga:contraction_abcdef_degc_gfab laeuft [  180s] … [NEW BEST] Trial #2 | SF=2, Parallel=b -> Zeit: 73.5436 ms (60.1505 GFLOPS)
        · teir_ga:contraction_abcdef_degc_gfab laeuft [  210s] … [NEW BEST] Trial #2 | SF=2, Parallel=b -> Zeit: 73.5436 ms (60.1505 GFLOPS)
        · teir_ga:contraction_abcdef_degc_gfab laeuft [  241s] … [NEW BEST] Trial #2 | SF=2, Parallel=b -> Zeit: 73.5436 ms (60.1505 GFLOPS)
        · teir_ga:contraction_abcdef_degc_gfab laeuft [  271s] … [NEW BEST] Trial #2 | SF=2, Parallel=b -> Zeit: 73.5436 ms (60.1505 GFLOPS)
        · teir_ga:contraction_abcdef_degc_gfab laeuft [  301s] … [NEW BEST] Trial #2 | SF=2, Parallel=b -> Zeit: 73.5436 ms (60.1505 GFLOPS)
  [teir_ga] 33/48 contraction_abcdef_degc_gfab           60.2 GFLOPS [partial-timeout]    301s  DONE @ 2026-07-09 05:26:01
  [teir_ga] 34/48 contraction_abcdef_dfga_gebc           ... START @ 2026-07-09 05:26:01
        · teir_ga:contraction_abcdef_dfga_gebc laeuft [   30s] … [NEW BEST] Trial #1 | SF=2, Parallel=a -> Zeit: 66.7641 ms (66.2584 GFLOPS)
        · teir_ga:contraction_abcdef_dfga_gebc laeuft [   60s] … [NEW BEST] Trial #1 | SF=2, Parallel=a -> Zeit: 66.7641 ms (66.2584 GFLOPS)
        · teir_ga:contraction_abcdef_dfga_gebc laeuft [   90s] … [NEW BEST] Trial #1 | SF=2, Parallel=a -> Zeit: 66.7641 ms (66.2584 GFLOPS)
        · teir_ga:contraction_abcdef_dfga_gebc laeuft [  120s] … [NEW BEST] Trial #1 | SF=2, Parallel=a -> Zeit: 66.7641 ms (66.2584 GFLOPS)
        · teir_ga:contraction_abcdef_dfga_gebc laeuft [  150s] … [NEW BEST] Trial #1 | SF=2, Parallel=a -> Zeit: 66.7641 ms (66.2584 GFLOPS)
        · teir_ga:contraction_abcdef_dfga_gebc laeuft [  180s] … [NEW BEST] Trial #1 | SF=2, Parallel=a -> Zeit: 66.7641 ms (66.2584 GFLOPS)
        · teir_ga:contraction_abcdef_dfga_gebc laeuft [  211s] … [NEW BEST] Trial #1 | SF=2, Parallel=a -> Zeit: 66.7641 ms (66.2584 GFLOPS)
        · teir_ga:contraction_abcdef_dfga_gebc laeuft [  241s] … [NEW BEST] Trial #1 | SF=2, Parallel=a -> Zeit: 66.7641 ms (66.2584 GFLOPS)
        · teir_ga:contraction_abcdef_dfga_gebc laeuft [  271s] … [NEW BEST] Trial #1 | SF=2, Parallel=a -> Zeit: 66.7641 ms (66.2584 GFLOPS)
        · teir_ga:contraction_abcdef_dfga_gebc laeuft [  301s] … [NEW BEST] Trial #1 | SF=2, Parallel=a -> Zeit: 66.7641 ms (66.2584 GFLOPS)
  [teir_ga] 34/48 contraction_abcdef_dfga_gebc           66.3 GFLOPS [partial-timeout]    301s  DONE @ 2026-07-09 05:31:02
  [teir_ga] 35/48 contraction_abcdef_dfgb_geac           ... START @ 2026-07-09 05:31:02
        · teir_ga:contraction_abcdef_dfgb_geac laeuft [   30s] … [NEW BEST] Trial #1 | SF=2, Parallel=a -> Zeit: 65.9799 ms (67.0459 GFLOPS)
        · teir_ga:contraction_abcdef_dfgb_geac laeuft [   60s] … [NEW BEST] Trial #1 | SF=2, Parallel=a -> Zeit: 65.9799 ms (67.0459 GFLOPS)
        · teir_ga:contraction_abcdef_dfgb_geac laeuft [   90s] … [NEW BEST] Trial #1 | SF=2, Parallel=a -> Zeit: 65.9799 ms (67.0459 GFLOPS)
        · teir_ga:contraction_abcdef_dfgb_geac laeuft [  120s] … [NEW BEST] Trial #1 | SF=2, Parallel=a -> Zeit: 65.9799 ms (67.0459 GFLOPS)
        · teir_ga:contraction_abcdef_dfgb_geac laeuft [  150s] … [NEW BEST] Trial #1 | SF=2, Parallel=a -> Zeit: 65.9799 ms (67.0459 GFLOPS)
        · teir_ga:contraction_abcdef_dfgb_geac laeuft [  180s] … [NEW BEST] Trial #1 | SF=2, Parallel=a -> Zeit: 65.9799 ms (67.0459 GFLOPS)
        · teir_ga:contraction_abcdef_dfgb_geac laeuft [  210s] … [NEW BEST] Trial #1 | SF=2, Parallel=a -> Zeit: 65.9799 ms (67.0459 GFLOPS)
        · teir_ga:contraction_abcdef_dfgb_geac laeuft [  240s] … [NEW BEST] Trial #1 | SF=2, Parallel=a -> Zeit: 65.9799 ms (67.0459 GFLOPS)
        · teir_ga:contraction_abcdef_dfgb_geac laeuft [  271s] … [NEW BEST] Trial #1 | SF=2, Parallel=a -> Zeit: 65.9799 ms (67.0459 GFLOPS)
        · teir_ga:contraction_abcdef_dfgb_geac laeuft [  301s] … [NEW BEST] Trial #1 | SF=2, Parallel=a -> Zeit: 65.9799 ms (67.0459 GFLOPS)
  [teir_ga] 35/48 contraction_abcdef_dfgb_geac           67.0 GFLOPS [partial-timeout]    301s  DONE @ 2026-07-09 05:36:03
  [teir_ga] 36/48 contraction_abcdef_dfgc_geab           ... START @ 2026-07-09 05:36:03
        · teir_ga:contraction_abcdef_dfgc_geab laeuft [   30s] … [NEW BEST] Trial #1 | SF=2, Parallel=a -> Zeit: 66.4196 ms (66.602 GFLOPS)
        · teir_ga:contraction_abcdef_dfgc_geab laeuft [   60s] … [NEW BEST] Trial #1 | SF=2, Parallel=a -> Zeit: 66.4196 ms (66.602 GFLOPS)
        · teir_ga:contraction_abcdef_dfgc_geab laeuft [   90s] … [NEW BEST] Trial #1 | SF=2, Parallel=a -> Zeit: 66.4196 ms (66.602 GFLOPS)
        · teir_ga:contraction_abcdef_dfgc_geab laeuft [  120s] … [NEW BEST] Trial #1 | SF=2, Parallel=a -> Zeit: 66.4196 ms (66.602 GFLOPS)
        · teir_ga:contraction_abcdef_dfgc_geab laeuft [  150s] … [NEW BEST] Trial #1 | SF=2, Parallel=a -> Zeit: 66.4196 ms (66.602 GFLOPS)
        · teir_ga:contraction_abcdef_dfgc_geab laeuft [  180s] … [NEW BEST] Trial #1 | SF=2, Parallel=a -> Zeit: 66.4196 ms (66.602 GFLOPS)
        · teir_ga:contraction_abcdef_dfgc_geab laeuft [  210s] … [NEW BEST] Trial #1 | SF=2, Parallel=a -> Zeit: 66.4196 ms (66.602 GFLOPS)
        · teir_ga:contraction_abcdef_dfgc_geab laeuft [  240s] … [NEW BEST] Trial #1 | SF=2, Parallel=a -> Zeit: 66.4196 ms (66.602 GFLOPS)
        · teir_ga:contraction_abcdef_dfgc_geab laeuft [  270s] … [NEW BEST] Trial #1 | SF=2, Parallel=a -> Zeit: 66.4196 ms (66.602 GFLOPS)
        · teir_ga:contraction_abcdef_dfgc_geab laeuft [  301s] … [NEW BEST] Trial #1 | SF=2, Parallel=a -> Zeit: 66.4196 ms (66.602 GFLOPS)
  [teir_ga] 36/48 contraction_abcdef_dfgc_geab           66.6 GFLOPS [partial-timeout]    301s  DONE @ 2026-07-09 05:41:03
  [teir_ga] 37/48 contraction_abcdef_efga_gdbc           ... START @ 2026-07-09 05:41:03
        · teir_ga:contraction_abcdef_efga_gdbc laeuft [   30s] … [NEW BEST] Trial #1 | SF=2, Parallel=a -> Zeit: 137.114 ms (32.2629 GFLOPS)
        · teir_ga:contraction_abcdef_efga_gdbc laeuft [   60s] … [NEW BEST] Trial #1 | SF=2, Parallel=a -> Zeit: 137.114 ms (32.2629 GFLOPS)
        · teir_ga:contraction_abcdef_efga_gdbc laeuft [   90s] … [NEW BEST] Trial #1 | SF=2, Parallel=a -> Zeit: 137.114 ms (32.2629 GFLOPS)
        · teir_ga:contraction_abcdef_efga_gdbc laeuft [  120s] … [NEW BEST] Trial #1 | SF=2, Parallel=a -> Zeit: 137.114 ms (32.2629 GFLOPS)
        · teir_ga:contraction_abcdef_efga_gdbc laeuft [  150s] … [NEW BEST] Trial #1 | SF=2, Parallel=a -> Zeit: 137.114 ms (32.2629 GFLOPS)
        · teir_ga:contraction_abcdef_efga_gdbc laeuft [  181s] … [NEW BEST] Trial #1 | SF=2, Parallel=a -> Zeit: 137.114 ms (32.2629 GFLOPS)
        · teir_ga:contraction_abcdef_efga_gdbc laeuft [  211s] … [NEW BEST] Trial #1 | SF=2, Parallel=a -> Zeit: 137.114 ms (32.2629 GFLOPS)
        · teir_ga:contraction_abcdef_efga_gdbc laeuft [  241s] … [NEW BEST] Trial #1 | SF=2, Parallel=a -> Zeit: 137.114 ms (32.2629 GFLOPS)
        · teir_ga:contraction_abcdef_efga_gdbc laeuft [  271s] … [NEW BEST] Trial #1 | SF=2, Parallel=a -> Zeit: 137.114 ms (32.2629 GFLOPS)
        · teir_ga:contraction_abcdef_efga_gdbc laeuft [  301s] … [NEW BEST] Trial #1 | SF=2, Parallel=a -> Zeit: 137.114 ms (32.2629 GFLOPS)
  [teir_ga] 37/48 contraction_abcdef_efga_gdbc           32.3 GFLOPS [partial-timeout]    301s  DONE @ 2026-07-09 05:46:04
  [teir_ga] 38/48 contraction_abcdef_efgb_gdac           ... START @ 2026-07-09 05:46:04
        · teir_ga:contraction_abcdef_efgb_gdac laeuft [   30s] … [NEW BEST] Trial #1 | SF=2, Parallel=a -> Zeit: 122.967 ms (35.9745 GFLOPS)
        · teir_ga:contraction_abcdef_efgb_gdac laeuft [   60s] … [NEW BEST] Trial #1 | SF=2, Parallel=a -> Zeit: 122.967 ms (35.9745 GFLOPS)
        · teir_ga:contraction_abcdef_efgb_gdac laeuft [   90s] … [NEW BEST] Trial #1 | SF=2, Parallel=a -> Zeit: 122.967 ms (35.9745 GFLOPS)
        · teir_ga:contraction_abcdef_efgb_gdac laeuft [  120s] … [NEW BEST] Trial #1 | SF=2, Parallel=a -> Zeit: 122.967 ms (35.9745 GFLOPS)
        · teir_ga:contraction_abcdef_efgb_gdac laeuft [  151s] … [NEW BEST] Trial #1 | SF=2, Parallel=a -> Zeit: 122.967 ms (35.9745 GFLOPS)
        · teir_ga:contraction_abcdef_efgb_gdac laeuft [  181s] … [NEW BEST] Trial #1 | SF=2, Parallel=a -> Zeit: 122.967 ms (35.9745 GFLOPS)
        · teir_ga:contraction_abcdef_efgb_gdac laeuft [  211s] … [NEW BEST] Trial #1 | SF=2, Parallel=a -> Zeit: 122.967 ms (35.9745 GFLOPS)
        · teir_ga:contraction_abcdef_efgb_gdac laeuft [  241s] … [NEW BEST] Trial #1 | SF=2, Parallel=a -> Zeit: 122.967 ms (35.9745 GFLOPS)
        · teir_ga:contraction_abcdef_efgb_gdac laeuft [  271s] … [NEW BEST] Trial #1 | SF=2, Parallel=a -> Zeit: 122.967 ms (35.9745 GFLOPS)
        · teir_ga:contraction_abcdef_efgb_gdac laeuft [  301s] … [NEW BEST] Trial #1 | SF=2, Parallel=a -> Zeit: 122.967 ms (35.9745 GFLOPS)
  [teir_ga] 38/48 contraction_abcdef_efgb_gdac           36.0 GFLOPS [partial-timeout]    301s  DONE @ 2026-07-09 05:51:05
  [teir_ga] 39/48 contraction_abcdef_efgc_gdab           ... START @ 2026-07-09 05:51:05
        · teir_ga:contraction_abcdef_efgc_gdab laeuft [   30s] … [NEW BEST] Trial #1 | SF=2, Parallel=a -> Zeit: 120.001 ms (36.8636 GFLOPS)
        · teir_ga:contraction_abcdef_efgc_gdab laeuft [   60s] … [NEW BEST] Trial #1 | SF=2, Parallel=a -> Zeit: 120.001 ms (36.8636 GFLOPS)
        · teir_ga:contraction_abcdef_efgc_gdab laeuft [   90s] … [NEW BEST] Trial #1 | SF=2, Parallel=a -> Zeit: 120.001 ms (36.8636 GFLOPS)
        · teir_ga:contraction_abcdef_efgc_gdab laeuft [  120s] … [NEW BEST] Trial #1 | SF=2, Parallel=a -> Zeit: 120.001 ms (36.8636 GFLOPS)
        · teir_ga:contraction_abcdef_efgc_gdab laeuft [  150s] … [NEW BEST] Trial #1 | SF=2, Parallel=a -> Zeit: 120.001 ms (36.8636 GFLOPS)
        · teir_ga:contraction_abcdef_efgc_gdab laeuft [  181s] … [NEW BEST] Trial #1 | SF=2, Parallel=a -> Zeit: 120.001 ms (36.8636 GFLOPS)
        · teir_ga:contraction_abcdef_efgc_gdab laeuft [  211s] … [NEW BEST] Trial #1 | SF=2, Parallel=a -> Zeit: 120.001 ms (36.8636 GFLOPS)
        · teir_ga:contraction_abcdef_efgc_gdab laeuft [  241s] … [NEW BEST] Trial #1 | SF=2, Parallel=a -> Zeit: 120.001 ms (36.8636 GFLOPS)
        · teir_ga:contraction_abcdef_efgc_gdab laeuft [  271s] … [NEW BEST] Trial #1 | SF=2, Parallel=a -> Zeit: 120.001 ms (36.8636 GFLOPS)
        · teir_ga:contraction_abcdef_efgc_gdab laeuft [  301s] … [NEW BEST] Trial #1 | SF=2, Parallel=a -> Zeit: 120.001 ms (36.8636 GFLOPS)
  [teir_ga] 39/48 contraction_abcdef_efgc_gdab           36.9 GFLOPS [partial-timeout]    301s  DONE @ 2026-07-09 05:56:06
  [teir_ga] 40/48 contraction_abcdef_gdab_efgc           ... START @ 2026-07-09 05:56:06
        · teir_ga:contraction_abcdef_gdab_efgc laeuft [   30s] … [NEW BEST] Trial #1 | SF=2, Parallel=a -> Zeit: 120.353 ms (36.7559 GFLOPS)
        · teir_ga:contraction_abcdef_gdab_efgc laeuft [   60s] … [NEW BEST] Trial #1 | SF=2, Parallel=a -> Zeit: 120.353 ms (36.7559 GFLOPS)
        · teir_ga:contraction_abcdef_gdab_efgc laeuft [   90s] … [NEW BEST] Trial #1 | SF=2, Parallel=a -> Zeit: 120.353 ms (36.7559 GFLOPS)
        · teir_ga:contraction_abcdef_gdab_efgc laeuft [  120s] … [NEW BEST] Trial #1 | SF=2, Parallel=a -> Zeit: 120.353 ms (36.7559 GFLOPS)
        · teir_ga:contraction_abcdef_gdab_efgc laeuft [  150s] … [NEW BEST] Trial #1 | SF=2, Parallel=a -> Zeit: 120.353 ms (36.7559 GFLOPS)
        · teir_ga:contraction_abcdef_gdab_efgc laeuft [  181s] … [NEW BEST] Trial #1 | SF=2, Parallel=a -> Zeit: 120.353 ms (36.7559 GFLOPS)
        · teir_ga:contraction_abcdef_gdab_efgc laeuft [  211s] … [NEW BEST] Trial #1 | SF=2, Parallel=a -> Zeit: 120.353 ms (36.7559 GFLOPS)
        · teir_ga:contraction_abcdef_gdab_efgc laeuft [  241s] … [NEW BEST] Trial #1 | SF=2, Parallel=a -> Zeit: 120.353 ms (36.7559 GFLOPS)
        · teir_ga:contraction_abcdef_gdab_efgc laeuft [  271s] … [NEW BEST] Trial #1 | SF=2, Parallel=a -> Zeit: 120.353 ms (36.7559 GFLOPS)
        · teir_ga:contraction_abcdef_gdab_efgc laeuft [  301s] … [NEW BEST] Trial #1 | SF=2, Parallel=a -> Zeit: 120.353 ms (36.7559 GFLOPS)
  [teir_ga] 40/48 contraction_abcdef_gdab_efgc           36.8 GFLOPS [partial-timeout]    301s  DONE @ 2026-07-09 06:01:07
  [teir_ga] 41/48 contraction_abcdef_gdac_efgb           ... START @ 2026-07-09 06:01:07
        · teir_ga:contraction_abcdef_gdac_efgb laeuft [   30s] … [NEW BEST] Trial #1 | SF=2, Parallel=a -> Zeit: 123.285 ms (35.8816 GFLOPS)
        · teir_ga:contraction_abcdef_gdac_efgb laeuft [   60s] … [NEW BEST] Trial #1 | SF=2, Parallel=a -> Zeit: 123.285 ms (35.8816 GFLOPS)
        · teir_ga:contraction_abcdef_gdac_efgb laeuft [   90s] … [NEW BEST] Trial #1 | SF=2, Parallel=a -> Zeit: 123.285 ms (35.8816 GFLOPS)
        · teir_ga:contraction_abcdef_gdac_efgb laeuft [  120s] … [NEW BEST] Trial #1 | SF=2, Parallel=a -> Zeit: 123.285 ms (35.8816 GFLOPS)
        · teir_ga:contraction_abcdef_gdac_efgb laeuft [  150s] … [NEW BEST] Trial #1 | SF=2, Parallel=a -> Zeit: 123.285 ms (35.8816 GFLOPS)
        · teir_ga:contraction_abcdef_gdac_efgb laeuft [  180s] … [NEW BEST] Trial #1 | SF=2, Parallel=a -> Zeit: 123.285 ms (35.8816 GFLOPS)
        · teir_ga:contraction_abcdef_gdac_efgb laeuft [  211s] … [NEW BEST] Trial #1 | SF=2, Parallel=a -> Zeit: 123.285 ms (35.8816 GFLOPS)
        · teir_ga:contraction_abcdef_gdac_efgb laeuft [  241s] … [NEW BEST] Trial #1 | SF=2, Parallel=a -> Zeit: 123.285 ms (35.8816 GFLOPS)
        · teir_ga:contraction_abcdef_gdac_efgb laeuft [  271s] … [NEW BEST] Trial #1 | SF=2, Parallel=a -> Zeit: 123.285 ms (35.8816 GFLOPS)
        · teir_ga:contraction_abcdef_gdac_efgb laeuft [  301s] … [NEW BEST] Trial #1 | SF=2, Parallel=a -> Zeit: 123.285 ms (35.8816 GFLOPS)
  [teir_ga] 41/48 contraction_abcdef_gdac_efgb           35.9 GFLOPS [partial-timeout]    301s  DONE @ 2026-07-09 06:06:07
  [teir_ga] 42/48 contraction_abcdef_gdbc_efga           ... START @ 2026-07-09 06:06:07
        · teir_ga:contraction_abcdef_gdbc_efga laeuft [   30s] … [NEW BEST] Trial #1 | SF=2, Parallel=a -> Zeit: 130.152 ms (33.9886 GFLOPS)
        · teir_ga:contraction_abcdef_gdbc_efga laeuft [   60s] … [NEW BEST] Trial #1 | SF=2, Parallel=a -> Zeit: 130.152 ms (33.9886 GFLOPS)
        · teir_ga:contraction_abcdef_gdbc_efga laeuft [   90s] … [NEW BEST] Trial #1 | SF=2, Parallel=a -> Zeit: 130.152 ms (33.9886 GFLOPS)
        · teir_ga:contraction_abcdef_gdbc_efga laeuft [  120s] … [NEW BEST] Trial #1 | SF=2, Parallel=a -> Zeit: 130.152 ms (33.9886 GFLOPS)
        · teir_ga:contraction_abcdef_gdbc_efga laeuft [  150s] … [NEW BEST] Trial #1 | SF=2, Parallel=a -> Zeit: 130.152 ms (33.9886 GFLOPS)
        · teir_ga:contraction_abcdef_gdbc_efga laeuft [  180s] … [NEW BEST] Trial #1 | SF=2, Parallel=a -> Zeit: 130.152 ms (33.9886 GFLOPS)
        · teir_ga:contraction_abcdef_gdbc_efga laeuft [  211s] … [NEW BEST] Trial #1 | SF=2, Parallel=a -> Zeit: 130.152 ms (33.9886 GFLOPS)
        · teir_ga:contraction_abcdef_gdbc_efga laeuft [  241s] … [NEW BEST] Trial #1 | SF=2, Parallel=a -> Zeit: 130.152 ms (33.9886 GFLOPS)
        · teir_ga:contraction_abcdef_gdbc_efga laeuft [  271s] … [NEW BEST] Trial #1 | SF=2, Parallel=a -> Zeit: 130.152 ms (33.9886 GFLOPS)
        · teir_ga:contraction_abcdef_gdbc_efga laeuft [  301s] … [NEW BEST] Trial #1 | SF=2, Parallel=a -> Zeit: 130.152 ms (33.9886 GFLOPS)
  [teir_ga] 42/48 contraction_abcdef_gdbc_efga           34.0 GFLOPS [partial-timeout]    301s  DONE @ 2026-07-09 06:11:08
  [teir_ga] 43/48 contraction_abcdef_geab_dfgc           ... START @ 2026-07-09 06:11:08
        · teir_ga:contraction_abcdef_geab_dfgc laeuft [   30s] … [NEW BEST] Trial #1 | SF=2, Parallel=a -> Zeit: 65.5465 ms (67.4892 GFLOPS)
        · teir_ga:contraction_abcdef_geab_dfgc laeuft [   60s] … [NEW BEST] Trial #1 | SF=2, Parallel=a -> Zeit: 65.5465 ms (67.4892 GFLOPS)
        · teir_ga:contraction_abcdef_geab_dfgc laeuft [   90s] … [NEW BEST] Trial #1 | SF=2, Parallel=a -> Zeit: 65.5465 ms (67.4892 GFLOPS)
        · teir_ga:contraction_abcdef_geab_dfgc laeuft [  120s] … [NEW BEST] Trial #1 | SF=2, Parallel=a -> Zeit: 65.5465 ms (67.4892 GFLOPS)
        · teir_ga:contraction_abcdef_geab_dfgc laeuft [  150s] … [NEW BEST] Trial #1 | SF=2, Parallel=a -> Zeit: 65.5465 ms (67.4892 GFLOPS)
        · teir_ga:contraction_abcdef_geab_dfgc laeuft [  180s] … [NEW BEST] Trial #1 | SF=2, Parallel=a -> Zeit: 65.5465 ms (67.4892 GFLOPS)
        · teir_ga:contraction_abcdef_geab_dfgc laeuft [  211s] … [NEW BEST] Trial #1 | SF=2, Parallel=a -> Zeit: 65.5465 ms (67.4892 GFLOPS)
        · teir_ga:contraction_abcdef_geab_dfgc laeuft [  241s] … [NEW BEST] Trial #1 | SF=2, Parallel=a -> Zeit: 65.5465 ms (67.4892 GFLOPS)
        · teir_ga:contraction_abcdef_geab_dfgc laeuft [  271s] … [NEW BEST] Trial #1 | SF=2, Parallel=a -> Zeit: 65.5465 ms (67.4892 GFLOPS)
        · teir_ga:contraction_abcdef_geab_dfgc laeuft [  301s] … [NEW BEST] Trial #1 | SF=2, Parallel=a -> Zeit: 65.5465 ms (67.4892 GFLOPS)
  [teir_ga] 43/48 contraction_abcdef_geab_dfgc           67.5 GFLOPS [partial-timeout]    301s  DONE @ 2026-07-09 06:16:09
  [teir_ga] 44/48 contraction_abcdef_geac_dfgb           ... START @ 2026-07-09 06:16:09
        · teir_ga:contraction_abcdef_geac_dfgb laeuft [   30s] … [NEW BEST] Trial #1 | SF=2, Parallel=a -> Zeit: 66.183 ms (66.8401 GFLOPS)
        · teir_ga:contraction_abcdef_geac_dfgb laeuft [   60s] … [NEW BEST] Trial #1 | SF=2, Parallel=a -> Zeit: 66.183 ms (66.8401 GFLOPS)
        · teir_ga:contraction_abcdef_geac_dfgb laeuft [   90s] … [NEW BEST] Trial #1 | SF=2, Parallel=a -> Zeit: 66.183 ms (66.8401 GFLOPS)
        · teir_ga:contraction_abcdef_geac_dfgb laeuft [  120s] … [NEW BEST] Trial #1 | SF=2, Parallel=a -> Zeit: 66.183 ms (66.8401 GFLOPS)
        · teir_ga:contraction_abcdef_geac_dfgb laeuft [  150s] … [NEW BEST] Trial #1 | SF=2, Parallel=a -> Zeit: 66.183 ms (66.8401 GFLOPS)
        · teir_ga:contraction_abcdef_geac_dfgb laeuft [  180s] … [NEW BEST] Trial #1 | SF=2, Parallel=a -> Zeit: 66.183 ms (66.8401 GFLOPS)
        · teir_ga:contraction_abcdef_geac_dfgb laeuft [  210s] … [NEW BEST] Trial #1 | SF=2, Parallel=a -> Zeit: 66.183 ms (66.8401 GFLOPS)
        · teir_ga:contraction_abcdef_geac_dfgb laeuft [  241s] … [NEW BEST] Trial #1 | SF=2, Parallel=a -> Zeit: 66.183 ms (66.8401 GFLOPS)
        · teir_ga:contraction_abcdef_geac_dfgb laeuft [  271s] … [NEW BEST] Trial #1 | SF=2, Parallel=a -> Zeit: 66.183 ms (66.8401 GFLOPS)
        · teir_ga:contraction_abcdef_geac_dfgb laeuft [  301s] … [NEW BEST] Trial #1 | SF=2, Parallel=a -> Zeit: 66.183 ms (66.8401 GFLOPS)
  [teir_ga] 44/48 contraction_abcdef_geac_dfgb           66.8 GFLOPS [partial-timeout]    301s  DONE @ 2026-07-09 06:21:10
  [teir_ga] 45/48 contraction_abcdef_gebc_dfga           ... START @ 2026-07-09 06:21:10
        · teir_ga:contraction_abcdef_gebc_dfga laeuft [   30s] … [NEW BEST] Trial #1 | SF=2, Parallel=a -> Zeit: 65.869 ms (67.1588 GFLOPS)
        · teir_ga:contraction_abcdef_gebc_dfga laeuft [   60s] … [NEW BEST] Trial #1 | SF=2, Parallel=a -> Zeit: 65.869 ms (67.1588 GFLOPS)
        · teir_ga:contraction_abcdef_gebc_dfga laeuft [   90s] … [NEW BEST] Trial #1 | SF=2, Parallel=a -> Zeit: 65.869 ms (67.1588 GFLOPS)
        · teir_ga:contraction_abcdef_gebc_dfga laeuft [  120s] … [NEW BEST] Trial #1 | SF=2, Parallel=a -> Zeit: 65.869 ms (67.1588 GFLOPS)
        · teir_ga:contraction_abcdef_gebc_dfga laeuft [  150s] … [NEW BEST] Trial #1 | SF=2, Parallel=a -> Zeit: 65.869 ms (67.1588 GFLOPS)
        · teir_ga:contraction_abcdef_gebc_dfga laeuft [  181s] … [NEW BEST] Trial #1 | SF=2, Parallel=a -> Zeit: 65.869 ms (67.1588 GFLOPS)
        · teir_ga:contraction_abcdef_gebc_dfga laeuft [  211s] … [NEW BEST] Trial #1 | SF=2, Parallel=a -> Zeit: 65.869 ms (67.1588 GFLOPS)
        · teir_ga:contraction_abcdef_gebc_dfga laeuft [  241s] … [NEW BEST] Trial #1 | SF=2, Parallel=a -> Zeit: 65.869 ms (67.1588 GFLOPS)
        · teir_ga:contraction_abcdef_gebc_dfga laeuft [  271s] … [NEW BEST] Trial #1 | SF=2, Parallel=a -> Zeit: 65.869 ms (67.1588 GFLOPS)
        · teir_ga:contraction_abcdef_gebc_dfga laeuft [  301s] … [NEW BEST] Trial #1 | SF=2, Parallel=a -> Zeit: 65.869 ms (67.1588 GFLOPS)
  [teir_ga] 45/48 contraction_abcdef_gebc_dfga           67.2 GFLOPS [partial-timeout]    301s  DONE @ 2026-07-09 06:26:10
  [teir_ga] 46/48 contraction_abcdef_gfab_degc           ... START @ 2026-07-09 06:26:10
        · teir_ga:contraction_abcdef_gfab_degc laeuft [   30s] … [NEW BEST] Trial #2 | SF=2, Parallel=b -> Zeit: 71.8557 ms (61.5634 GFLOPS)
        · teir_ga:contraction_abcdef_gfab_degc laeuft [   60s] … [NEW BEST] Trial #2 | SF=2, Parallel=b -> Zeit: 71.8557 ms (61.5634 GFLOPS)
        · teir_ga:contraction_abcdef_gfab_degc laeuft [   90s] … [NEW BEST] Trial #2 | SF=2, Parallel=b -> Zeit: 71.8557 ms (61.5634 GFLOPS)
        · teir_ga:contraction_abcdef_gfab_degc laeuft [  120s] … [NEW BEST] Trial #2 | SF=2, Parallel=b -> Zeit: 71.8557 ms (61.5634 GFLOPS)
        · teir_ga:contraction_abcdef_gfab_degc laeuft [  150s] … [NEW BEST] Trial #2 | SF=2, Parallel=b -> Zeit: 71.8557 ms (61.5634 GFLOPS)
        · teir_ga:contraction_abcdef_gfab_degc laeuft [  180s] … [NEW BEST] Trial #2 | SF=2, Parallel=b -> Zeit: 71.8557 ms (61.5634 GFLOPS)
        · teir_ga:contraction_abcdef_gfab_degc laeuft [  210s] … [NEW BEST] Trial #2 | SF=2, Parallel=b -> Zeit: 71.8557 ms (61.5634 GFLOPS)
        · teir_ga:contraction_abcdef_gfab_degc laeuft [  241s] … [NEW BEST] Trial #2 | SF=2, Parallel=b -> Zeit: 71.8557 ms (61.5634 GFLOPS)
        · teir_ga:contraction_abcdef_gfab_degc laeuft [  271s] … [NEW BEST] Trial #2 | SF=2, Parallel=b -> Zeit: 71.8557 ms (61.5634 GFLOPS)
        · teir_ga:contraction_abcdef_gfab_degc laeuft [  301s] … [NEW BEST] Trial #2 | SF=2, Parallel=b -> Zeit: 71.8557 ms (61.5634 GFLOPS)
  [teir_ga] 46/48 contraction_abcdef_gfab_degc           61.6 GFLOPS [partial-timeout]    301s  DONE @ 2026-07-09 06:31:11
  [teir_ga] 47/48 contraction_abcdef_gfac_degb           ... START @ 2026-07-09 06:31:11
        · teir_ga:contraction_abcdef_gfac_degb laeuft [   30s] … [NEW BEST] Trial #2 | SF=2, Parallel=b -> Zeit: 72.5026 ms (61.0141 GFLOPS)
        · teir_ga:contraction_abcdef_gfac_degb laeuft [   60s] … [NEW BEST] Trial #2 | SF=2, Parallel=b -> Zeit: 72.5026 ms (61.0141 GFLOPS)
        · teir_ga:contraction_abcdef_gfac_degb laeuft [   90s] … [NEW BEST] Trial #2 | SF=2, Parallel=b -> Zeit: 72.5026 ms (61.0141 GFLOPS)
        · teir_ga:contraction_abcdef_gfac_degb laeuft [  120s] … [NEW BEST] Trial #2 | SF=2, Parallel=b -> Zeit: 72.5026 ms (61.0141 GFLOPS)
        · teir_ga:contraction_abcdef_gfac_degb laeuft [  150s] … [NEW BEST] Trial #2 | SF=2, Parallel=b -> Zeit: 72.5026 ms (61.0141 GFLOPS)
        · teir_ga:contraction_abcdef_gfac_degb laeuft [  180s] … [NEW BEST] Trial #2 | SF=2, Parallel=b -> Zeit: 72.5026 ms (61.0141 GFLOPS)
        · teir_ga:contraction_abcdef_gfac_degb laeuft [  210s] … [NEW BEST] Trial #2 | SF=2, Parallel=b -> Zeit: 72.5026 ms (61.0141 GFLOPS)
        · teir_ga:contraction_abcdef_gfac_degb laeuft [  240s] … [NEW BEST] Trial #2 | SF=2, Parallel=b -> Zeit: 72.5026 ms (61.0141 GFLOPS)
        · teir_ga:contraction_abcdef_gfac_degb laeuft [  270s] … [NEW BEST] Trial #2 | SF=2, Parallel=b -> Zeit: 72.5026 ms (61.0141 GFLOPS)
        · teir_ga:contraction_abcdef_gfac_degb laeuft [  301s] … [NEW BEST] Trial #2 | SF=2, Parallel=b -> Zeit: 72.5026 ms (61.0141 GFLOPS)
  [teir_ga] 47/48 contraction_abcdef_gfac_degb           61.0 GFLOPS [partial-timeout]    301s  DONE @ 2026-07-09 06:36:12
  [teir_ga] 48/48 contraction_abcdef_gfbc_dega           ... START @ 2026-07-09 06:36:12
        · teir_ga:contraction_abcdef_gfbc_dega laeuft [   30s] … [NEW BEST] Trial #1 | SF=2, Parallel=a -> Zeit: 71.8719 ms (61.5495 GFLOPS)
        · teir_ga:contraction_abcdef_gfbc_dega laeuft [   60s] … [NEW BEST] Trial #1 | SF=2, Parallel=a -> Zeit: 71.8719 ms (61.5495 GFLOPS)
        · teir_ga:contraction_abcdef_gfbc_dega laeuft [   90s] … [NEW BEST] Trial #1 | SF=2, Parallel=a -> Zeit: 71.8719 ms (61.5495 GFLOPS)
        · teir_ga:contraction_abcdef_gfbc_dega laeuft [  120s] … [NEW BEST] Trial #1 | SF=2, Parallel=a -> Zeit: 71.8719 ms (61.5495 GFLOPS)
        · teir_ga:contraction_abcdef_gfbc_dega laeuft [  150s] … [NEW BEST] Trial #1 | SF=2, Parallel=a -> Zeit: 71.8719 ms (61.5495 GFLOPS)
        · teir_ga:contraction_abcdef_gfbc_dega laeuft [  180s] … [NEW BEST] Trial #1 | SF=2, Parallel=a -> Zeit: 71.8719 ms (61.5495 GFLOPS)
        · teir_ga:contraction_abcdef_gfbc_dega laeuft [  210s] … [NEW BEST] Trial #1 | SF=2, Parallel=a -> Zeit: 71.8719 ms (61.5495 GFLOPS)
        · teir_ga:contraction_abcdef_gfbc_dega laeuft [  240s] … [NEW BEST] Trial #1 | SF=2, Parallel=a -> Zeit: 71.8719 ms (61.5495 GFLOPS)
        · teir_ga:contraction_abcdef_gfbc_dega laeuft [  271s] … [NEW BEST] Trial #1 | SF=2, Parallel=a -> Zeit: 71.8719 ms (61.5495 GFLOPS)
        · teir_ga:contraction_abcdef_gfbc_dega laeuft [  301s] … [NEW BEST] Trial #1 | SF=2, Parallel=a -> Zeit: 71.8719 ms (61.5495 GFLOPS)
  [teir_ga] 48/48 contraction_abcdef_gfbc_dega           61.5 GFLOPS [partial-timeout]    301s  DONE @ 2026-07-09 06:41:12
----- Stufe TEIR_GA fertig in 225.9 min @ 2026-07-09 06:41:12 -----

----- Stufe TEIR_RANDOM -> teir_random.csv (0 bereits erledigt) @ 2026-07-09 06:41:12 -----
  [teir_random]  1/48 contraction_abc_bda_dc                 ... START @ 2026-07-09 06:41:12
        · teir_random:contraction_abc_bda_dc laeuft [   30s] … [AUTOTUNER] Jeder Trial wird JIT-kompiliert, auf Korrektheit geprueft und real gebenchmark
        · teir_random:contraction_abc_bda_dc laeuft [   60s] … [NEW BEST] Trial #1 | SF=32, Parallel=b -> Zeit: 818.059 ms (3.32239 GFLOPS)
        · teir_random:contraction_abc_bda_dc laeuft [   90s] … [NEW BEST] Trial #1 | SF=32, Parallel=b -> Zeit: 818.059 ms (3.32239 GFLOPS)
        · teir_random:contraction_abc_bda_dc laeuft [  120s] … [NEW BEST] Trial #1 | SF=32, Parallel=b -> Zeit: 818.059 ms (3.32239 GFLOPS)
        · teir_random:contraction_abc_bda_dc laeuft [  150s] … [NEW BEST] Trial #1 | SF=32, Parallel=b -> Zeit: 818.059 ms (3.32239 GFLOPS)
        · teir_random:contraction_abc_bda_dc laeuft [  180s] … [NEW BEST] Trial #1 | SF=32, Parallel=b -> Zeit: 818.059 ms (3.32239 GFLOPS)
        · teir_random:contraction_abc_bda_dc laeuft [  210s] … [NEW BEST] Trial #1 | SF=32, Parallel=b -> Zeit: 818.059 ms (3.32239 GFLOPS)
        · teir_random:contraction_abc_bda_dc laeuft [  240s] … [NEW BEST] Trial #3 | SF=32, Parallel=b -> Zeit: 77.2613 ms (35.1782 GFLOPS)
        · teir_random:contraction_abc_bda_dc laeuft [  271s] … [NEW BEST] Trial #3 | SF=32, Parallel=b -> Zeit: 77.2613 ms (35.1782 GFLOPS)
        · teir_random:contraction_abc_bda_dc laeuft [  301s] … [NEW BEST] Trial #3 | SF=32, Parallel=b -> Zeit: 77.2613 ms (35.1782 GFLOPS)
  [teir_random]  1/48 contraction_abc_bda_dc                 35.2 GFLOPS [partial-timeout]    301s  DONE @ 2026-07-09 06:46:13
  [teir_random]  2/48 contraction_abc_dca_bd                 ... START @ 2026-07-09 06:46:13
        · teir_random:contraction_abc_dca_bd laeuft [   30s] … [AUTOTUNER] Jeder Trial wird JIT-kompiliert, auf Korrektheit geprueft und real gebenchmark
        · teir_random:contraction_abc_dca_bd laeuft [   60s] … [AUTOTUNER] Jeder Trial wird JIT-kompiliert, auf Korrektheit geprueft und real gebenchmark
        · teir_random:contraction_abc_dca_bd laeuft [   90s] … [AUTOTUNER] Jeder Trial wird JIT-kompiliert, auf Korrektheit geprueft und real gebenchmark
        · teir_random:contraction_abc_dca_bd laeuft [  120s] … [AUTOTUNER] Jeder Trial wird JIT-kompiliert, auf Korrektheit geprueft und real gebenchmark
        · teir_random:contraction_abc_dca_bd laeuft [  150s] … [AUTOTUNER] Jeder Trial wird JIT-kompiliert, auf Korrektheit geprueft und real gebenchmark
        · teir_random:contraction_abc_dca_bd laeuft [  181s] … [AUTOTUNER] Jeder Trial wird JIT-kompiliert, auf Korrektheit geprueft und real gebenchmark
        · teir_random:contraction_abc_dca_bd laeuft [  211s] … [AUTOTUNER] Jeder Trial wird JIT-kompiliert, auf Korrektheit geprueft und real gebenchmark
        · teir_random:contraction_abc_dca_bd laeuft [  241s] … [AUTOTUNER] Jeder Trial wird JIT-kompiliert, auf Korrektheit geprueft und real gebenchmark
        · teir_random:contraction_abc_dca_bd laeuft [  271s] … [AUTOTUNER] Jeder Trial wird JIT-kompiliert, auf Korrektheit geprueft und real gebenchmark
        · teir_random:contraction_abc_dca_bd laeuft [  301s] … [AUTOTUNER] Jeder Trial wird JIT-kompiliert, auf Korrektheit geprueft und real gebenchmark
  [teir_random]  2/48 contraction_abc_dca_bd                 TIMEOUT                         301s  DONE @ 2026-07-09 06:51:14
  [teir_random]  3/48 contraction_abcd_dbea_ec               ... START @ 2026-07-09 06:51:14
        · teir_random:contraction_abcd_dbea_ec laeuft [   30s] … [AUTOTUNER] Jeder Trial wird JIT-kompiliert, auf Korrektheit geprueft und real gebenchmark
        · teir_random:contraction_abcd_dbea_ec laeuft [   60s] … [NEW BEST] Trial #1 | SF=4, Parallel=c -> Zeit: 667.176 ms (5.3468 GFLOPS)
        · teir_random:contraction_abcd_dbea_ec laeuft [   90s] … [NEW BEST] Trial #2 | SF=2, Parallel=c -> Zeit: 622.171 ms (5.73356 GFLOPS)
        · teir_random:contraction_abcd_dbea_ec laeuft [  120s] … [NEW BEST] Trial #2 | SF=2, Parallel=c -> Zeit: 622.171 ms (5.73356 GFLOPS)
        · teir_random:contraction_abcd_dbea_ec laeuft [  150s] … [NEW BEST] Trial #2 | SF=2, Parallel=c -> Zeit: 622.171 ms (5.73356 GFLOPS)
        · teir_random:contraction_abcd_dbea_ec laeuft [  180s] … [NEW BEST] Trial #2 | SF=2, Parallel=c -> Zeit: 622.171 ms (5.73356 GFLOPS)
        · teir_random:contraction_abcd_dbea_ec laeuft [  211s] … [NEW BEST] Trial #2 | SF=2, Parallel=c -> Zeit: 622.171 ms (5.73356 GFLOPS)
        · teir_random:contraction_abcd_dbea_ec laeuft [  241s] … [NEW BEST] Trial #2 | SF=2, Parallel=c -> Zeit: 622.171 ms (5.73356 GFLOPS)
        · teir_random:contraction_abcd_dbea_ec laeuft [  271s] … [NEW BEST] Trial #2 | SF=2, Parallel=c -> Zeit: 622.171 ms (5.73356 GFLOPS)
        · teir_random:contraction_abcd_dbea_ec laeuft [  301s] … [NEW BEST] Trial #2 | SF=2, Parallel=c -> Zeit: 622.171 ms (5.73356 GFLOPS)
  [teir_random]  3/48 contraction_abcd_dbea_ec               5.7 GFLOPS [partial-timeout]    301s  DONE @ 2026-07-09 06:56:14
  [teir_random]  4/48 contraction_abcd_deca_be               ... START @ 2026-07-09 06:56:14
        · teir_random:contraction_abcd_deca_be laeuft [   30s] … [NEW BEST] Trial #1 | SF=2, Parallel=a -> Zeit: 183.535 ms (17.0069 GFLOPS)
        · teir_random:contraction_abcd_deca_be laeuft [   60s] … [NEW BEST] Trial #1 | SF=2, Parallel=a -> Zeit: 183.535 ms (17.0069 GFLOPS)
        · teir_random:contraction_abcd_deca_be laeuft [   90s] … [NEW BEST] Trial #1 | SF=2, Parallel=a -> Zeit: 183.535 ms (17.0069 GFLOPS)
        · teir_random:contraction_abcd_deca_be laeuft [  120s] … [NEW BEST] Trial #1 | SF=2, Parallel=a -> Zeit: 183.535 ms (17.0069 GFLOPS)
        · teir_random:contraction_abcd_deca_be laeuft [  150s] … [NEW BEST] Trial #1 | SF=2, Parallel=a -> Zeit: 183.535 ms (17.0069 GFLOPS)
        · teir_random:contraction_abcd_deca_be laeuft [  180s] … [NEW BEST] Trial #1 | SF=2, Parallel=a -> Zeit: 183.535 ms (17.0069 GFLOPS)
        · teir_random:contraction_abcd_deca_be laeuft [  210s] … [NEW BEST] Trial #1 | SF=2, Parallel=a -> Zeit: 183.535 ms (17.0069 GFLOPS)
        · teir_random:contraction_abcd_deca_be laeuft [  241s] … [NEW BEST] Trial #1 | SF=2, Parallel=a -> Zeit: 183.535 ms (17.0069 GFLOPS)
        · teir_random:contraction_abcd_deca_be laeuft [  271s] … [NEW BEST] Trial #1 | SF=2, Parallel=a -> Zeit: 183.535 ms (17.0069 GFLOPS)
        · teir_random:contraction_abcd_deca_be laeuft [  301s] … [NEW BEST] Trial #1 | SF=2, Parallel=a -> Zeit: 183.535 ms (17.0069 GFLOPS)
  [teir_random]  4/48 contraction_abcd_deca_be               17.0 GFLOPS [partial-timeout]    301s  DONE @ 2026-07-09 07:01:15
  [teir_random]  5/48 contraction_abcd_ebad_ce               ... START @ 2026-07-09 07:01:15
        · teir_random:contraction_abcd_ebad_ce laeuft [   30s] … [NEW BEST] Trial #1 | SF=4, Parallel=c -> Zeit: 127.094 ms (24.5593 GFLOPS)
        · teir_random:contraction_abcd_ebad_ce laeuft [   60s] … [NEW BEST] Trial #1 | SF=4, Parallel=c -> Zeit: 127.094 ms (24.5593 GFLOPS)
        · teir_random:contraction_abcd_ebad_ce laeuft [   90s] … [NEW BEST] Trial #1 | SF=4, Parallel=c -> Zeit: 127.094 ms (24.5593 GFLOPS)
        · teir_random:contraction_abcd_ebad_ce laeuft [  120s] … [NEW BEST] Trial #1 | SF=4, Parallel=c -> Zeit: 127.094 ms (24.5593 GFLOPS)
        · teir_random:contraction_abcd_ebad_ce laeuft [  150s] … [NEW BEST] Trial #1 | SF=4, Parallel=c -> Zeit: 127.094 ms (24.5593 GFLOPS)
        · teir_random:contraction_abcd_ebad_ce laeuft [  180s] … [NEW BEST] Trial #1 | SF=4, Parallel=c -> Zeit: 127.094 ms (24.5593 GFLOPS)
        · teir_random:contraction_abcd_ebad_ce laeuft [  211s] … [NEW BEST] Trial #1 | SF=4, Parallel=c -> Zeit: 127.094 ms (24.5593 GFLOPS)
        · teir_random:contraction_abcd_ebad_ce laeuft [  241s] … [NEW BEST] Trial #1 | SF=4, Parallel=c -> Zeit: 127.094 ms (24.5593 GFLOPS)
        · teir_random:contraction_abcd_ebad_ce laeuft [  271s] … [NEW BEST] Trial #1 | SF=4, Parallel=c -> Zeit: 127.094 ms (24.5593 GFLOPS)
        · teir_random:contraction_abcd_ebad_ce laeuft [  301s] … [NEW BEST] Trial #1 | SF=4, Parallel=c -> Zeit: 127.094 ms (24.5593 GFLOPS)
  [teir_random]  5/48 contraction_abcd_ebad_ce               24.6 GFLOPS [partial-timeout]    301s  DONE @ 2026-07-09 07:06:16
  [teir_random]  6/48 contraction_abcde_efbad_cf             ... START @ 2026-07-09 07:06:16
  [teir_random]  6/48 contraction_abcde_efbad_cf             FAIL:no-success                   5s  DONE @ 2026-07-09 07:06:21
  [teir_random]  7/48 contraction_abcde_ecbfa_fd             ... START @ 2026-07-09 07:06:21
  [teir_random]  7/48 contraction_abcde_ecbfa_fd             FAIL:no-success                   5s  DONE @ 2026-07-09 07:06:27
  [teir_random]  8/48 contraction_abcde_efcad_bf             ... START @ 2026-07-09 07:06:27
  [teir_random]  8/48 contraction_abcde_efcad_bf             FAIL:no-success                   5s  DONE @ 2026-07-09 07:06:32
  [teir_random]  9/48 contraction_abcd_ea_ebcd               ... START @ 2026-07-09 07:06:32
        · teir_random:contraction_abcd_ea_ebcd laeuft [   30s] … [NEW BEST] Trial #1 | SF=4, Parallel=c -> Zeit: 283.526 ms (38.5317 GFLOPS)
        · teir_random:contraction_abcd_ea_ebcd laeuft [   60s] … [NEW BEST] Trial #1 | SF=4, Parallel=c -> Zeit: 283.526 ms (38.5317 GFLOPS)
        · teir_random:contraction_abcd_ea_ebcd laeuft [   90s] … [NEW BEST] Trial #1 | SF=4, Parallel=c -> Zeit: 283.526 ms (38.5317 GFLOPS)
        · teir_random:contraction_abcd_ea_ebcd laeuft [  120s] … [NEW BEST] Trial #1 | SF=4, Parallel=c -> Zeit: 283.526 ms (38.5317 GFLOPS)
        · teir_random:contraction_abcd_ea_ebcd laeuft [  150s] … [NEW BEST] Trial #1 | SF=4, Parallel=c -> Zeit: 283.526 ms (38.5317 GFLOPS)
        · teir_random:contraction_abcd_ea_ebcd laeuft [  180s] … [NEW BEST] Trial #1 | SF=4, Parallel=c -> Zeit: 283.526 ms (38.5317 GFLOPS)
        · teir_random:contraction_abcd_ea_ebcd laeuft [  210s] … [NEW BEST] Trial #1 | SF=4, Parallel=c -> Zeit: 283.526 ms (38.5317 GFLOPS)
        · teir_random:contraction_abcd_ea_ebcd laeuft [  241s] … [NEW BEST] Trial #1 | SF=4, Parallel=c -> Zeit: 283.526 ms (38.5317 GFLOPS)
        · teir_random:contraction_abcd_ea_ebcd laeuft [  271s] … [NEW BEST] Trial #1 | SF=4, Parallel=c -> Zeit: 283.526 ms (38.5317 GFLOPS)
        · teir_random:contraction_abcd_ea_ebcd laeuft [  301s] … [NEW BEST] Trial #1 | SF=4, Parallel=c -> Zeit: 283.526 ms (38.5317 GFLOPS)
  [teir_random]  9/48 contraction_abcd_ea_ebcd               38.5 GFLOPS [partial-timeout]    301s  DONE @ 2026-07-09 07:11:33
  [teir_random] 10/48 contraction_abcd_eb_aecd               ... START @ 2026-07-09 07:11:33
        · teir_random:contraction_abcd_eb_aecd laeuft [   30s] … [NEW BEST] Trial #2 | SF=2, Parallel=c -> Zeit: 159.55 ms (68.472 GFLOPS)
        · teir_random:contraction_abcd_eb_aecd laeuft [   60s] … [NEW BEST] Trial #2 | SF=2, Parallel=c -> Zeit: 159.55 ms (68.472 GFLOPS)
        · teir_random:contraction_abcd_eb_aecd laeuft [   90s] … [NEW BEST] Trial #2 | SF=2, Parallel=c -> Zeit: 159.55 ms (68.472 GFLOPS)
        · teir_random:contraction_abcd_eb_aecd laeuft [  120s] … [NEW BEST] Trial #2 | SF=2, Parallel=c -> Zeit: 159.55 ms (68.472 GFLOPS)
        · teir_random:contraction_abcd_eb_aecd laeuft [  150s] … [NEW BEST] Trial #2 | SF=2, Parallel=c -> Zeit: 159.55 ms (68.472 GFLOPS)
        · teir_random:contraction_abcd_eb_aecd laeuft [  180s] … [NEW BEST] Trial #2 | SF=2, Parallel=c -> Zeit: 159.55 ms (68.472 GFLOPS)
        · teir_random:contraction_abcd_eb_aecd laeuft [  210s] … [NEW BEST] Trial #2 | SF=2, Parallel=c -> Zeit: 159.55 ms (68.472 GFLOPS)
        · teir_random:contraction_abcd_eb_aecd laeuft [  241s] … [NEW BEST] Trial #2 | SF=2, Parallel=c -> Zeit: 159.55 ms (68.472 GFLOPS)
        · teir_random:contraction_abcd_eb_aecd laeuft [  271s] … [NEW BEST] Trial #2 | SF=2, Parallel=c -> Zeit: 159.55 ms (68.472 GFLOPS)
        · teir_random:contraction_abcd_eb_aecd laeuft [  301s] … [NEW BEST] Trial #2 | SF=2, Parallel=c -> Zeit: 159.55 ms (68.472 GFLOPS)
  [teir_random] 10/48 contraction_abcd_eb_aecd               68.5 GFLOPS [partial-timeout]    301s  DONE @ 2026-07-09 07:16:33
  [teir_random] 11/48 contraction_abcd_ec_abed               ... START @ 2026-07-09 07:16:33
        · teir_random:contraction_abcd_ec_abed laeuft [   30s] … [NEW BEST] Trial #1 | SF=4, Parallel=c -> Zeit: 180.77 ms (60.4343 GFLOPS)
        · teir_random:contraction_abcd_ec_abed laeuft [   60s] … [NEW BEST] Trial #1 | SF=4, Parallel=c -> Zeit: 180.77 ms (60.4343 GFLOPS)
        · teir_random:contraction_abcd_ec_abed laeuft [   90s] … [NEW BEST] Trial #1 | SF=4, Parallel=c -> Zeit: 180.77 ms (60.4343 GFLOPS)
        · teir_random:contraction_abcd_ec_abed laeuft [  120s] … [NEW BEST] Trial #1 | SF=4, Parallel=c -> Zeit: 180.77 ms (60.4343 GFLOPS)
        · teir_random:contraction_abcd_ec_abed laeuft [  150s] … [NEW BEST] Trial #1 | SF=4, Parallel=c -> Zeit: 180.77 ms (60.4343 GFLOPS)
        · teir_random:contraction_abcd_ec_abed laeuft [  180s] … [NEW BEST] Trial #1 | SF=4, Parallel=c -> Zeit: 180.77 ms (60.4343 GFLOPS)
        · teir_random:contraction_abcd_ec_abed laeuft [  211s] … [NEW BEST] Trial #1 | SF=4, Parallel=c -> Zeit: 180.77 ms (60.4343 GFLOPS)
        · teir_random:contraction_abcd_ec_abed laeuft [  241s] … [NEW BEST] Trial #1 | SF=4, Parallel=c -> Zeit: 180.77 ms (60.4343 GFLOPS)
        · teir_random:contraction_abcd_ec_abed laeuft [  271s] … [NEW BEST] Trial #1 | SF=4, Parallel=c -> Zeit: 180.77 ms (60.4343 GFLOPS)
        · teir_random:contraction_abcd_ec_abed laeuft [  301s] … [NEW BEST] Trial #1 | SF=4, Parallel=c -> Zeit: 180.77 ms (60.4343 GFLOPS)
  [teir_random] 11/48 contraction_abcd_ec_abed               60.4 GFLOPS [partial-timeout]    301s  DONE @ 2026-07-09 07:21:34
  [teir_random] 12/48 contraction_ab_ac_cb                   ... START @ 2026-07-09 07:21:34
        · teir_random:contraction_ab_ac_cb laeuft [   30s] … [AUTOTUNER] Jeder Trial wird JIT-kompiliert, auf Korrektheit geprueft und real gebenchmark
        · teir_random:contraction_ab_ac_cb laeuft [   60s] … [AUTOTUNER] Jeder Trial wird JIT-kompiliert, auf Korrektheit geprueft und real gebenchmark
        · teir_random:contraction_ab_ac_cb laeuft [   90s] … [AUTOTUNER] Jeder Trial wird JIT-kompiliert, auf Korrektheit geprueft und real gebenchmark
        · teir_random:contraction_ab_ac_cb laeuft [  120s] … [AUTOTUNER] Jeder Trial wird JIT-kompiliert, auf Korrektheit geprueft und real gebenchmark
        · teir_random:contraction_ab_ac_cb laeuft [  151s] … [AUTOTUNER] Jeder Trial wird JIT-kompiliert, auf Korrektheit geprueft und real gebenchmark
        · teir_random:contraction_ab_ac_cb laeuft [  181s] … [AUTOTUNER] Jeder Trial wird JIT-kompiliert, auf Korrektheit geprueft und real gebenchmark
        · teir_random:contraction_ab_ac_cb laeuft [  211s] … [AUTOTUNER] Jeder Trial wird JIT-kompiliert, auf Korrektheit geprueft und real gebenchmark
        · teir_random:contraction_ab_ac_cb laeuft [  241s] … [AUTOTUNER] Jeder Trial wird JIT-kompiliert, auf Korrektheit geprueft und real gebenchmark
        · teir_random:contraction_ab_ac_cb laeuft [  271s] … [AUTOTUNER] Jeder Trial wird JIT-kompiliert, auf Korrektheit geprueft und real gebenchmark
        · teir_random:contraction_ab_ac_cb laeuft [  301s] … [AUTOTUNER] Jeder Trial wird JIT-kompiliert, auf Korrektheit geprueft und real gebenchmark
  [teir_random] 12/48 contraction_ab_ac_cb                   TIMEOUT                         301s  DONE @ 2026-07-09 07:26:35
  [teir_random] 13/48 contraction_ab_acd_dbc                 ... START @ 2026-07-09 07:26:35
        · teir_random:contraction_ab_acd_dbc laeuft [   30s] … [AUTOTUNER] Jeder Trial wird JIT-kompiliert, auf Korrektheit geprueft und real gebenchmark
        · teir_random:contraction_ab_acd_dbc laeuft [   60s] … [AUTOTUNER] Jeder Trial wird JIT-kompiliert, auf Korrektheit geprueft und real gebenchmark
        · teir_random:contraction_ab_acd_dbc laeuft [   90s] … [AUTOTUNER] Jeder Trial wird JIT-kompiliert, auf Korrektheit geprueft und real gebenchmark
        · teir_random:contraction_ab_acd_dbc laeuft [  120s] … [AUTOTUNER] Jeder Trial wird JIT-kompiliert, auf Korrektheit geprueft und real gebenchmark
        · teir_random:contraction_ab_acd_dbc laeuft [  151s] … [NEW BEST] Trial #1 | SF=32, Parallel=a -> Zeit: 2013.84 ms (20.7034 GFLOPS)
        · teir_random:contraction_ab_acd_dbc laeuft [  181s] … [NEW BEST] Trial #1 | SF=32, Parallel=a -> Zeit: 2013.84 ms (20.7034 GFLOPS)
        · teir_random:contraction_ab_acd_dbc laeuft [  211s] … [NEW BEST] Trial #1 | SF=32, Parallel=a -> Zeit: 2013.84 ms (20.7034 GFLOPS)
        · teir_random:contraction_ab_acd_dbc laeuft [  241s] … [NEW BEST] Trial #1 | SF=32, Parallel=a -> Zeit: 2013.84 ms (20.7034 GFLOPS)
        · teir_random:contraction_ab_acd_dbc laeuft [  271s] … [NEW BEST] Trial #1 | SF=32, Parallel=a -> Zeit: 2013.84 ms (20.7034 GFLOPS)
        · teir_random:contraction_ab_acd_dbc laeuft [  301s] … [NEW BEST] Trial #1 | SF=32, Parallel=a -> Zeit: 2013.84 ms (20.7034 GFLOPS)
  [teir_random] 13/48 contraction_ab_acd_dbc                 20.7 GFLOPS [partial-timeout]    301s  DONE @ 2026-07-09 07:31:36
  [teir_random] 14/48 contraction_ab_cad_dcb                 ... START @ 2026-07-09 07:31:36
        · teir_random:contraction_ab_cad_dcb laeuft [   30s] … [AUTOTUNER] Jeder Trial wird JIT-kompiliert, auf Korrektheit geprueft und real gebenchmark
        · teir_random:contraction_ab_cad_dcb laeuft [   60s] … [AUTOTUNER] Jeder Trial wird JIT-kompiliert, auf Korrektheit geprueft und real gebenchmark
        · teir_random:contraction_ab_cad_dcb laeuft [   90s] … [AUTOTUNER] Jeder Trial wird JIT-kompiliert, auf Korrektheit geprueft und real gebenchmark
        · teir_random:contraction_ab_cad_dcb laeuft [  120s] … [AUTOTUNER] Jeder Trial wird JIT-kompiliert, auf Korrektheit geprueft und real gebenchmark
        · teir_random:contraction_ab_cad_dcb laeuft [  150s] … [AUTOTUNER] Jeder Trial wird JIT-kompiliert, auf Korrektheit geprueft und real gebenchmark
        · teir_random:contraction_ab_cad_dcb laeuft [  181s] … [AUTOTUNER] Jeder Trial wird JIT-kompiliert, auf Korrektheit geprueft und real gebenchmark
        · teir_random:contraction_ab_cad_dcb laeuft [  211s] … [AUTOTUNER] Jeder Trial wird JIT-kompiliert, auf Korrektheit geprueft und real gebenchmark
        · teir_random:contraction_ab_cad_dcb laeuft [  241s] … [AUTOTUNER] Jeder Trial wird JIT-kompiliert, auf Korrektheit geprueft und real gebenchmark
        · teir_random:contraction_ab_cad_dcb laeuft [  271s] … [AUTOTUNER] Jeder Trial wird JIT-kompiliert, auf Korrektheit geprueft und real gebenchmark
        · teir_random:contraction_ab_cad_dcb laeuft [  301s] … [AUTOTUNER] Jeder Trial wird JIT-kompiliert, auf Korrektheit geprueft und real gebenchmark
  [teir_random] 14/48 contraction_ab_cad_dcb                 TIMEOUT                         301s  DONE @ 2026-07-09 07:36:37
  [teir_random] 15/48 contraction_abc_acd_db                 ... START @ 2026-07-09 07:36:37
        · teir_random:contraction_abc_acd_db laeuft [   30s] … [AUTOTUNER] Jeder Trial wird JIT-kompiliert, auf Korrektheit geprueft und real gebenchmark
        · teir_random:contraction_abc_acd_db laeuft [   60s] … [AUTOTUNER] Jeder Trial wird JIT-kompiliert, auf Korrektheit geprueft und real gebenchmark
        · teir_random:contraction_abc_acd_db laeuft [   90s] … [AUTOTUNER] Jeder Trial wird JIT-kompiliert, auf Korrektheit geprueft und real gebenchmark
        · teir_random:contraction_abc_acd_db laeuft [  120s] … [AUTOTUNER] Jeder Trial wird JIT-kompiliert, auf Korrektheit geprueft und real gebenchmark
        · teir_random:contraction_abc_acd_db laeuft [  150s] … [AUTOTUNER] Jeder Trial wird JIT-kompiliert, auf Korrektheit geprueft und real gebenchmark
        · teir_random:contraction_abc_acd_db laeuft [  180s] … [AUTOTUNER] Jeder Trial wird JIT-kompiliert, auf Korrektheit geprueft und real gebenchmark
        · teir_random:contraction_abc_acd_db laeuft [  211s] … [AUTOTUNER] Jeder Trial wird JIT-kompiliert, auf Korrektheit geprueft und real gebenchmark
        · teir_random:contraction_abc_acd_db laeuft [  241s] … [AUTOTUNER] Jeder Trial wird JIT-kompiliert, auf Korrektheit geprueft und real gebenchmark
        · teir_random:contraction_abc_acd_db laeuft [  271s] … [AUTOTUNER] Jeder Trial wird JIT-kompiliert, auf Korrektheit geprueft und real gebenchmark
        · teir_random:contraction_abc_acd_db laeuft [  301s] … [AUTOTUNER] Jeder Trial wird JIT-kompiliert, auf Korrektheit geprueft und real gebenchmark
  [teir_random] 15/48 contraction_abc_acd_db                 TIMEOUT                         301s  DONE @ 2026-07-09 07:41:38
  [teir_random] 16/48 contraction_abc_ad_bdc                 ... START @ 2026-07-09 07:41:38
        · teir_random:contraction_abc_ad_bdc laeuft [   30s] … [AUTOTUNER] Jeder Trial wird JIT-kompiliert, auf Korrektheit geprueft und real gebenchmark
        · teir_random:contraction_abc_ad_bdc laeuft [   60s] … [AUTOTUNER] Jeder Trial wird JIT-kompiliert, auf Korrektheit geprueft und real gebenchmark
        · teir_random:contraction_abc_ad_bdc laeuft [   90s] … [AUTOTUNER] Jeder Trial wird JIT-kompiliert, auf Korrektheit geprueft und real gebenchmark
        · teir_random:contraction_abc_ad_bdc laeuft [  120s] … [AUTOTUNER] Jeder Trial wird JIT-kompiliert, auf Korrektheit geprueft und real gebenchmark
        · teir_random:contraction_abc_ad_bdc laeuft [  150s] … [AUTOTUNER] Jeder Trial wird JIT-kompiliert, auf Korrektheit geprueft und real gebenchmark
        · teir_random:contraction_abc_ad_bdc laeuft [  180s] … [AUTOTUNER] Jeder Trial wird JIT-kompiliert, auf Korrektheit geprueft und real gebenchmark
        · teir_random:contraction_abc_ad_bdc laeuft [  210s] … [AUTOTUNER] Jeder Trial wird JIT-kompiliert, auf Korrektheit geprueft und real gebenchmark
        · teir_random:contraction_abc_ad_bdc laeuft [  240s] … [AUTOTUNER] Jeder Trial wird JIT-kompiliert, auf Korrektheit geprueft und real gebenchmark
        · teir_random:contraction_abc_ad_bdc laeuft [  271s] … [AUTOTUNER] Jeder Trial wird JIT-kompiliert, auf Korrektheit geprueft und real gebenchmark
        · teir_random:contraction_abc_ad_bdc laeuft [  301s] … [AUTOTUNER] Jeder Trial wird JIT-kompiliert, auf Korrektheit geprueft und real gebenchmark
  [teir_random] 16/48 contraction_abc_ad_bdc                 TIMEOUT                         301s  DONE @ 2026-07-09 07:46:39
  [teir_random] 17/48 contraction_abc_adc_bd                 ... START @ 2026-07-09 07:46:39
        · teir_random:contraction_abc_adc_bd laeuft [   30s] … [AUTOTUNER] Jeder Trial wird JIT-kompiliert, auf Korrektheit geprueft und real gebenchmark
        · teir_random:contraction_abc_adc_bd laeuft [   60s] … [AUTOTUNER] Jeder Trial wird JIT-kompiliert, auf Korrektheit geprueft und real gebenchmark
        · teir_random:contraction_abc_adc_bd laeuft [   90s] … [AUTOTUNER] Jeder Trial wird JIT-kompiliert, auf Korrektheit geprueft und real gebenchmark
        · teir_random:contraction_abc_adc_bd laeuft [  120s] … [AUTOTUNER] Jeder Trial wird JIT-kompiliert, auf Korrektheit geprueft und real gebenchmark
        · teir_random:contraction_abc_adc_bd laeuft [  150s] … [AUTOTUNER] Jeder Trial wird JIT-kompiliert, auf Korrektheit geprueft und real gebenchmark
        · teir_random:contraction_abc_adc_bd laeuft [  180s] … [AUTOTUNER] Jeder Trial wird JIT-kompiliert, auf Korrektheit geprueft und real gebenchmark
        · teir_random:contraction_abc_adc_bd laeuft [  210s] … [AUTOTUNER] Jeder Trial wird JIT-kompiliert, auf Korrektheit geprueft und real gebenchmark
        · teir_random:contraction_abc_adc_bd laeuft [  240s] … [AUTOTUNER] Jeder Trial wird JIT-kompiliert, auf Korrektheit geprueft und real gebenchmark
        · teir_random:contraction_abc_adc_bd laeuft [  271s] … [AUTOTUNER] Jeder Trial wird JIT-kompiliert, auf Korrektheit geprueft und real gebenchmark
        · teir_random:contraction_abc_adc_bd laeuft [  301s] … [AUTOTUNER] Jeder Trial wird JIT-kompiliert, auf Korrektheit geprueft und real gebenchmark
  [teir_random] 17/48 contraction_abc_adc_bd                 TIMEOUT                         301s  DONE @ 2026-07-09 07:51:39
  [teir_random] 18/48 contraction_abc_adc_db                 ... START @ 2026-07-09 07:51:39
        · teir_random:contraction_abc_adc_db laeuft [   30s] … [AUTOTUNER] Jeder Trial wird JIT-kompiliert, auf Korrektheit geprueft und real gebenchmark
        · teir_random:contraction_abc_adc_db laeuft [   60s] … [AUTOTUNER] Jeder Trial wird JIT-kompiliert, auf Korrektheit geprueft und real gebenchmark
        · teir_random:contraction_abc_adc_db laeuft [   90s] … [AUTOTUNER] Jeder Trial wird JIT-kompiliert, auf Korrektheit geprueft und real gebenchmark
        · teir_random:contraction_abc_adc_db laeuft [  120s] … [AUTOTUNER] Jeder Trial wird JIT-kompiliert, auf Korrektheit geprueft und real gebenchmark
        · teir_random:contraction_abc_adc_db laeuft [  150s] … [AUTOTUNER] Jeder Trial wird JIT-kompiliert, auf Korrektheit geprueft und real gebenchmark
        · teir_random:contraction_abc_adc_db laeuft [  180s] … [AUTOTUNER] Jeder Trial wird JIT-kompiliert, auf Korrektheit geprueft und real gebenchmark
        · teir_random:contraction_abc_adc_db laeuft [  211s] … [AUTOTUNER] Jeder Trial wird JIT-kompiliert, auf Korrektheit geprueft und real gebenchmark
        · teir_random:contraction_abc_adc_db laeuft [  241s] … [AUTOTUNER] Jeder Trial wird JIT-kompiliert, auf Korrektheit geprueft und real gebenchmark
        · teir_random:contraction_abc_adc_db laeuft [  271s] … [AUTOTUNER] Jeder Trial wird JIT-kompiliert, auf Korrektheit geprueft und real gebenchmark
        · teir_random:contraction_abc_adc_db laeuft [  301s] … [AUTOTUNER] Jeder Trial wird JIT-kompiliert, auf Korrektheit geprueft und real gebenchmark
  [teir_random] 18/48 contraction_abc_adc_db                 TIMEOUT                         301s  DONE @ 2026-07-09 07:56:40
  [teir_random] 19/48 contraction_abc_adec_ebd               ... START @ 2026-07-09 07:56:40
        · teir_random:contraction_abc_adec_ebd laeuft [   30s] … [AUTOTUNER] Jeder Trial wird JIT-kompiliert, auf Korrektheit geprueft und real gebenchmark
        · teir_random:contraction_abc_adec_ebd laeuft [   60s] … [AUTOTUNER] Jeder Trial wird JIT-kompiliert, auf Korrektheit geprueft und real gebenchmark
        · teir_random:contraction_abc_adec_ebd laeuft [   90s] … [NEW BEST] Trial #1 | SF=2, Parallel=c -> Zeit: 985.578 ms (11.0846 GFLOPS)
        · teir_random:contraction_abc_adec_ebd laeuft [  120s] … [NEW BEST] Trial #1 | SF=2, Parallel=c -> Zeit: 985.578 ms (11.0846 GFLOPS)
        · teir_random:contraction_abc_adec_ebd laeuft [  150s] … [NEW BEST] Trial #1 | SF=2, Parallel=c -> Zeit: 985.578 ms (11.0846 GFLOPS)
        · teir_random:contraction_abc_adec_ebd laeuft [  181s] … [NEW BEST] Trial #1 | SF=2, Parallel=c -> Zeit: 985.578 ms (11.0846 GFLOPS)
        · teir_random:contraction_abc_adec_ebd laeuft [  211s] … [NEW BEST] Trial #1 | SF=2, Parallel=c -> Zeit: 985.578 ms (11.0846 GFLOPS)
        · teir_random:contraction_abc_adec_ebd laeuft [  241s] … [NEW BEST] Trial #1 | SF=2, Parallel=c -> Zeit: 985.578 ms (11.0846 GFLOPS)
        · teir_random:contraction_abc_adec_ebd laeuft [  271s] … [NEW BEST] Trial #1 | SF=2, Parallel=c -> Zeit: 985.578 ms (11.0846 GFLOPS)
        · teir_random:contraction_abc_adec_ebd laeuft [  301s] … [NEW BEST] Trial #1 | SF=2, Parallel=c -> Zeit: 985.578 ms (11.0846 GFLOPS)
  [teir_random] 19/48 contraction_abc_adec_ebd               11.1 GFLOPS [partial-timeout]    301s  DONE @ 2026-07-09 08:01:41
  [teir_random] 20/48 contraction_abcd_aebf_dfce             ... START @ 2026-07-09 08:01:41
        · teir_random:contraction_abcd_aebf_dfce laeuft [   30s] … [AUTOTUNER] Jeder Trial wird JIT-kompiliert, auf Korrektheit geprueft und real gebenchmark
        · teir_random:contraction_abcd_aebf_dfce laeuft [   60s] … [AUTOTUNER] Jeder Trial wird JIT-kompiliert, auf Korrektheit geprueft und real gebenchmark
        · teir_random:contraction_abcd_aebf_dfce laeuft [   90s] … [AUTOTUNER] Jeder Trial wird JIT-kompiliert, auf Korrektheit geprueft und real gebenchmark
        · teir_random:contraction_abcd_aebf_dfce laeuft [  120s] … [AUTOTUNER] Jeder Trial wird JIT-kompiliert, auf Korrektheit geprueft und real gebenchmark
        · teir_random:contraction_abcd_aebf_dfce laeuft [  151s] … [AUTOTUNER] Jeder Trial wird JIT-kompiliert, auf Korrektheit geprueft und real gebenchmark
        · teir_random:contraction_abcd_aebf_dfce laeuft [  181s] … [AUTOTUNER] Jeder Trial wird JIT-kompiliert, auf Korrektheit geprueft und real gebenchmark
        · teir_random:contraction_abcd_aebf_dfce laeuft [  211s] … [AUTOTUNER] Jeder Trial wird JIT-kompiliert, auf Korrektheit geprueft und real gebenchmark
        · teir_random:contraction_abcd_aebf_dfce laeuft [  241s] … [AUTOTUNER] Jeder Trial wird JIT-kompiliert, auf Korrektheit geprueft und real gebenchmark
        · teir_random:contraction_abcd_aebf_dfce laeuft [  271s] … [AUTOTUNER] Jeder Trial wird JIT-kompiliert, auf Korrektheit geprueft und real gebenchmark
        · teir_random:contraction_abcd_aebf_dfce laeuft [  301s] … [AUTOTUNER] Jeder Trial wird JIT-kompiliert, auf Korrektheit geprueft und real gebenchmark
  [teir_random] 20/48 contraction_abcd_aebf_dfce             TIMEOUT                         301s  DONE @ 2026-07-09 08:06:42
  [teir_random] 21/48 contraction_abcd_aebf_fdec             ... START @ 2026-07-09 08:06:42
        · teir_random:contraction_abcd_aebf_fdec laeuft [   30s] … [AUTOTUNER] Jeder Trial wird JIT-kompiliert, auf Korrektheit geprueft und real gebenchmark
        · teir_random:contraction_abcd_aebf_fdec laeuft [   60s] … [AUTOTUNER] Jeder Trial wird JIT-kompiliert, auf Korrektheit geprueft und real gebenchmark
        · teir_random:contraction_abcd_aebf_fdec laeuft [   90s] … [AUTOTUNER] Jeder Trial wird JIT-kompiliert, auf Korrektheit geprueft und real gebenchmark
        · teir_random:contraction_abcd_aebf_fdec laeuft [  120s] … [AUTOTUNER] Jeder Trial wird JIT-kompiliert, auf Korrektheit geprueft und real gebenchmark
        · teir_random:contraction_abcd_aebf_fdec laeuft [  150s] … [AUTOTUNER] Jeder Trial wird JIT-kompiliert, auf Korrektheit geprueft und real gebenchmark
        · teir_random:contraction_abcd_aebf_fdec laeuft [  180s] … [AUTOTUNER] Jeder Trial wird JIT-kompiliert, auf Korrektheit geprueft und real gebenchmark
        · teir_random:contraction_abcd_aebf_fdec laeuft [  211s] … [AUTOTUNER] Jeder Trial wird JIT-kompiliert, auf Korrektheit geprueft und real gebenchmark
        · teir_random:contraction_abcd_aebf_fdec laeuft [  241s] … [AUTOTUNER] Jeder Trial wird JIT-kompiliert, auf Korrektheit geprueft und real gebenchmark
        · teir_random:contraction_abcd_aebf_fdec laeuft [  271s] … [AUTOTUNER] Jeder Trial wird JIT-kompiliert, auf Korrektheit geprueft und real gebenchmark
        · teir_random:contraction_abcd_aebf_fdec laeuft [  301s] … [AUTOTUNER] Jeder Trial wird JIT-kompiliert, auf Korrektheit geprueft und real gebenchmark
  [teir_random] 21/48 contraction_abcd_aebf_fdec             TIMEOUT                         301s  DONE @ 2026-07-09 08:11:43
  [teir_random] 22/48 contraction_abcd_aecf_bfde             ... START @ 2026-07-09 08:11:43
        · teir_random:contraction_abcd_aecf_bfde laeuft [   30s] … [AUTOTUNER] Jeder Trial wird JIT-kompiliert, auf Korrektheit geprueft und real gebenchmark
        · teir_random:contraction_abcd_aecf_bfde laeuft [   60s] … [AUTOTUNER] Jeder Trial wird JIT-kompiliert, auf Korrektheit geprueft und real gebenchmark
        · teir_random:contraction_abcd_aecf_bfde laeuft [   90s] … [AUTOTUNER] Jeder Trial wird JIT-kompiliert, auf Korrektheit geprueft und real gebenchmark
        · teir_random:contraction_abcd_aecf_bfde laeuft [  120s] … [AUTOTUNER] Jeder Trial wird JIT-kompiliert, auf Korrektheit geprueft und real gebenchmark
        · teir_random:contraction_abcd_aecf_bfde laeuft [  150s] … [AUTOTUNER] Jeder Trial wird JIT-kompiliert, auf Korrektheit geprueft und real gebenchmark
        · teir_random:contraction_abcd_aecf_bfde laeuft [  181s] … [AUTOTUNER] Jeder Trial wird JIT-kompiliert, auf Korrektheit geprueft und real gebenchmark
        · teir_random:contraction_abcd_aecf_bfde laeuft [  211s] … [AUTOTUNER] Jeder Trial wird JIT-kompiliert, auf Korrektheit geprueft und real gebenchmark
        · teir_random:contraction_abcd_aecf_bfde laeuft [  241s] … [AUTOTUNER] Jeder Trial wird JIT-kompiliert, auf Korrektheit geprueft und real gebenchmark
        · teir_random:contraction_abcd_aecf_bfde laeuft [  271s] … [AUTOTUNER] Jeder Trial wird JIT-kompiliert, auf Korrektheit geprueft und real gebenchmark
        · teir_random:contraction_abcd_aecf_bfde laeuft [  301s] … [AUTOTUNER] Jeder Trial wird JIT-kompiliert, auf Korrektheit geprueft und real gebenchmark
  [teir_random] 22/48 contraction_abcd_aecf_bfde             TIMEOUT                         301s  DONE @ 2026-07-09 08:16:44
  [teir_random] 23/48 contraction_abcd_aecf_fbed             ... START @ 2026-07-09 08:16:44
        · teir_random:contraction_abcd_aecf_fbed laeuft [   30s] … [AUTOTUNER] Jeder Trial wird JIT-kompiliert, auf Korrektheit geprueft und real gebenchmark
        · teir_random:contraction_abcd_aecf_fbed laeuft [   60s] … [AUTOTUNER] Jeder Trial wird JIT-kompiliert, auf Korrektheit geprueft und real gebenchmark
        · teir_random:contraction_abcd_aecf_fbed laeuft [   90s] … [AUTOTUNER] Jeder Trial wird JIT-kompiliert, auf Korrektheit geprueft und real gebenchmark
        · teir_random:contraction_abcd_aecf_fbed laeuft [  120s] … [AUTOTUNER] Jeder Trial wird JIT-kompiliert, auf Korrektheit geprueft und real gebenchmark
        · teir_random:contraction_abcd_aecf_fbed laeuft [  150s] … [AUTOTUNER] Jeder Trial wird JIT-kompiliert, auf Korrektheit geprueft und real gebenchmark
        · teir_random:contraction_abcd_aecf_fbed laeuft [  180s] … [AUTOTUNER] Jeder Trial wird JIT-kompiliert, auf Korrektheit geprueft und real gebenchmark
        · teir_random:contraction_abcd_aecf_fbed laeuft [  211s] … [AUTOTUNER] Jeder Trial wird JIT-kompiliert, auf Korrektheit geprueft und real gebenchmark
        · teir_random:contraction_abcd_aecf_fbed laeuft [  241s] … [AUTOTUNER] Jeder Trial wird JIT-kompiliert, auf Korrektheit geprueft und real gebenchmark
        · teir_random:contraction_abcd_aecf_fbed laeuft [  271s] … [AUTOTUNER] Jeder Trial wird JIT-kompiliert, auf Korrektheit geprueft und real gebenchmark
        · teir_random:contraction_abcd_aecf_fbed laeuft [  301s] … [AUTOTUNER] Jeder Trial wird JIT-kompiliert, auf Korrektheit geprueft und real gebenchmark
  [teir_random] 23/48 contraction_abcd_aecf_fbed             TIMEOUT                         301s  DONE @ 2026-07-09 08:21:44
  [teir_random] 24/48 contraction_abcd_aedf_bfce             ... START @ 2026-07-09 08:21:44
        · teir_random:contraction_abcd_aedf_bfce laeuft [   30s] … [AUTOTUNER] Jeder Trial wird JIT-kompiliert, auf Korrektheit geprueft und real gebenchmark
        · teir_random:contraction_abcd_aedf_bfce laeuft [   60s] … [AUTOTUNER] Jeder Trial wird JIT-kompiliert, auf Korrektheit geprueft und real gebenchmark
        · teir_random:contraction_abcd_aedf_bfce laeuft [   90s] … [AUTOTUNER] Jeder Trial wird JIT-kompiliert, auf Korrektheit geprueft und real gebenchmark
        · teir_random:contraction_abcd_aedf_bfce laeuft [  120s] … [AUTOTUNER] Jeder Trial wird JIT-kompiliert, auf Korrektheit geprueft und real gebenchmark
        · teir_random:contraction_abcd_aedf_bfce laeuft [  151s] … [AUTOTUNER] Jeder Trial wird JIT-kompiliert, auf Korrektheit geprueft und real gebenchmark
        · teir_random:contraction_abcd_aedf_bfce laeuft [  181s] … [AUTOTUNER] Jeder Trial wird JIT-kompiliert, auf Korrektheit geprueft und real gebenchmark
        · teir_random:contraction_abcd_aedf_bfce laeuft [  211s] … [AUTOTUNER] Jeder Trial wird JIT-kompiliert, auf Korrektheit geprueft und real gebenchmark
        · teir_random:contraction_abcd_aedf_bfce laeuft [  241s] … [AUTOTUNER] Jeder Trial wird JIT-kompiliert, auf Korrektheit geprueft und real gebenchmark
        · teir_random:contraction_abcd_aedf_bfce laeuft [  271s] … [AUTOTUNER] Jeder Trial wird JIT-kompiliert, auf Korrektheit geprueft und real gebenchmark
        · teir_random:contraction_abcd_aedf_bfce laeuft [  301s] … [AUTOTUNER] Jeder Trial wird JIT-kompiliert, auf Korrektheit geprueft und real gebenchmark
  [teir_random] 24/48 contraction_abcd_aedf_bfce             TIMEOUT                         301s  DONE @ 2026-07-09 08:26:45
  [teir_random] 25/48 contraction_abcd_aedf_fbec             ... START @ 2026-07-09 08:26:45
        · teir_random:contraction_abcd_aedf_fbec laeuft [   30s] … [AUTOTUNER] Jeder Trial wird JIT-kompiliert, auf Korrektheit geprueft und real gebenchmark
        · teir_random:contraction_abcd_aedf_fbec laeuft [   60s] … [AUTOTUNER] Jeder Trial wird JIT-kompiliert, auf Korrektheit geprueft und real gebenchmark
        · teir_random:contraction_abcd_aedf_fbec laeuft [   90s] … [AUTOTUNER] Jeder Trial wird JIT-kompiliert, auf Korrektheit geprueft und real gebenchmark
        · teir_random:contraction_abcd_aedf_fbec laeuft [  120s] … [AUTOTUNER] Jeder Trial wird JIT-kompiliert, auf Korrektheit geprueft und real gebenchmark
        · teir_random:contraction_abcd_aedf_fbec laeuft [  151s] … [AUTOTUNER] Jeder Trial wird JIT-kompiliert, auf Korrektheit geprueft und real gebenchmark
        · teir_random:contraction_abcd_aedf_fbec laeuft [  181s] … [AUTOTUNER] Jeder Trial wird JIT-kompiliert, auf Korrektheit geprueft und real gebenchmark
        · teir_random:contraction_abcd_aedf_fbec laeuft [  211s] … [AUTOTUNER] Jeder Trial wird JIT-kompiliert, auf Korrektheit geprueft und real gebenchmark
        · teir_random:contraction_abcd_aedf_fbec laeuft [  241s] … [AUTOTUNER] Jeder Trial wird JIT-kompiliert, auf Korrektheit geprueft und real gebenchmark
        · teir_random:contraction_abcd_aedf_fbec laeuft [  271s] … [AUTOTUNER] Jeder Trial wird JIT-kompiliert, auf Korrektheit geprueft und real gebenchmark
        · teir_random:contraction_abcd_aedf_fbec laeuft [  301s] … [AUTOTUNER] Jeder Trial wird JIT-kompiliert, auf Korrektheit geprueft und real gebenchmark
  [teir_random] 25/48 contraction_abcd_aedf_fbec             TIMEOUT                         301s  DONE @ 2026-07-09 08:31:46
  [teir_random] 26/48 contraction_abcd_aefb_fdce             ... START @ 2026-07-09 08:31:46
        · teir_random:contraction_abcd_aefb_fdce laeuft [   30s] … [AUTOTUNER] Jeder Trial wird JIT-kompiliert, auf Korrektheit geprueft und real gebenchmark
        · teir_random:contraction_abcd_aefb_fdce laeuft [   60s] … [AUTOTUNER] Jeder Trial wird JIT-kompiliert, auf Korrektheit geprueft und real gebenchmark
        · teir_random:contraction_abcd_aefb_fdce laeuft [   90s] … [AUTOTUNER] Jeder Trial wird JIT-kompiliert, auf Korrektheit geprueft und real gebenchmark
        · teir_random:contraction_abcd_aefb_fdce laeuft [  120s] … [AUTOTUNER] Jeder Trial wird JIT-kompiliert, auf Korrektheit geprueft und real gebenchmark
        · teir_random:contraction_abcd_aefb_fdce laeuft [  151s] … [AUTOTUNER] Jeder Trial wird JIT-kompiliert, auf Korrektheit geprueft und real gebenchmark
        · teir_random:contraction_abcd_aefb_fdce laeuft [  181s] … [AUTOTUNER] Jeder Trial wird JIT-kompiliert, auf Korrektheit geprueft und real gebenchmark
        · teir_random:contraction_abcd_aefb_fdce laeuft [  211s] … [AUTOTUNER] Jeder Trial wird JIT-kompiliert, auf Korrektheit geprueft und real gebenchmark
        · teir_random:contraction_abcd_aefb_fdce laeuft [  241s] … [AUTOTUNER] Jeder Trial wird JIT-kompiliert, auf Korrektheit geprueft und real gebenchmark
        · teir_random:contraction_abcd_aefb_fdce laeuft [  271s] … [AUTOTUNER] Jeder Trial wird JIT-kompiliert, auf Korrektheit geprueft und real gebenchmark
        · teir_random:contraction_abcd_aefb_fdce laeuft [  301s] … [AUTOTUNER] Jeder Trial wird JIT-kompiliert, auf Korrektheit geprueft und real gebenchmark
  [teir_random] 26/48 contraction_abcd_aefb_fdce             TIMEOUT                         301s  DONE @ 2026-07-09 08:36:47
  [teir_random] 27/48 contraction_abcd_aefc_fbed             ... START @ 2026-07-09 08:36:47
        · teir_random:contraction_abcd_aefc_fbed laeuft [   30s] … [AUTOTUNER] Jeder Trial wird JIT-kompiliert, auf Korrektheit geprueft und real gebenchmark
        · teir_random:contraction_abcd_aefc_fbed laeuft [   60s] … [AUTOTUNER] Jeder Trial wird JIT-kompiliert, auf Korrektheit geprueft und real gebenchmark
        · teir_random:contraction_abcd_aefc_fbed laeuft [   90s] … [AUTOTUNER] Jeder Trial wird JIT-kompiliert, auf Korrektheit geprueft und real gebenchmark
        · teir_random:contraction_abcd_aefc_fbed laeuft [  120s] … [AUTOTUNER] Jeder Trial wird JIT-kompiliert, auf Korrektheit geprueft und real gebenchmark
        · teir_random:contraction_abcd_aefc_fbed laeuft [  150s] … [AUTOTUNER] Jeder Trial wird JIT-kompiliert, auf Korrektheit geprueft und real gebenchmark
        · teir_random:contraction_abcd_aefc_fbed laeuft [  181s] … [AUTOTUNER] Jeder Trial wird JIT-kompiliert, auf Korrektheit geprueft und real gebenchmark
        · teir_random:contraction_abcd_aefc_fbed laeuft [  211s] … [AUTOTUNER] Jeder Trial wird JIT-kompiliert, auf Korrektheit geprueft und real gebenchmark
        · teir_random:contraction_abcd_aefc_fbed laeuft [  241s] … [AUTOTUNER] Jeder Trial wird JIT-kompiliert, auf Korrektheit geprueft und real gebenchmark
        · teir_random:contraction_abcd_aefc_fbed laeuft [  271s] … [AUTOTUNER] Jeder Trial wird JIT-kompiliert, auf Korrektheit geprueft und real gebenchmark
        · teir_random:contraction_abcd_aefc_fbed laeuft [  301s] … [AUTOTUNER] Jeder Trial wird JIT-kompiliert, auf Korrektheit geprueft und real gebenchmark
  [teir_random] 27/48 contraction_abcd_aefc_fbed             TIMEOUT                         301s  DONE @ 2026-07-09 08:41:48
  [teir_random] 28/48 contraction_abcd_eafb_fdec             ... START @ 2026-07-09 08:41:48
        · teir_random:contraction_abcd_eafb_fdec laeuft [   30s] … [AUTOTUNER] Jeder Trial wird JIT-kompiliert, auf Korrektheit geprueft und real gebenchmark
        · teir_random:contraction_abcd_eafb_fdec laeuft [   60s] … [AUTOTUNER] Jeder Trial wird JIT-kompiliert, auf Korrektheit geprueft und real gebenchmark
        · teir_random:contraction_abcd_eafb_fdec laeuft [   90s] … [AUTOTUNER] Jeder Trial wird JIT-kompiliert, auf Korrektheit geprueft und real gebenchmark
        · teir_random:contraction_abcd_eafb_fdec laeuft [  120s] … [AUTOTUNER] Jeder Trial wird JIT-kompiliert, auf Korrektheit geprueft und real gebenchmark
        · teir_random:contraction_abcd_eafb_fdec laeuft [  150s] … [AUTOTUNER] Jeder Trial wird JIT-kompiliert, auf Korrektheit geprueft und real gebenchmark
        · teir_random:contraction_abcd_eafb_fdec laeuft [  180s] … [AUTOTUNER] Jeder Trial wird JIT-kompiliert, auf Korrektheit geprueft und real gebenchmark
        · teir_random:contraction_abcd_eafb_fdec laeuft [  211s] … [AUTOTUNER] Jeder Trial wird JIT-kompiliert, auf Korrektheit geprueft und real gebenchmark
        · teir_random:contraction_abcd_eafb_fdec laeuft [  241s] … [AUTOTUNER] Jeder Trial wird JIT-kompiliert, auf Korrektheit geprueft und real gebenchmark
        · teir_random:contraction_abcd_eafb_fdec laeuft [  271s] … [AUTOTUNER] Jeder Trial wird JIT-kompiliert, auf Korrektheit geprueft und real gebenchmark
        · teir_random:contraction_abcd_eafb_fdec laeuft [  301s] … [AUTOTUNER] Jeder Trial wird JIT-kompiliert, auf Korrektheit geprueft und real gebenchmark
  [teir_random] 28/48 contraction_abcd_eafb_fdec             TIMEOUT                         301s  DONE @ 2026-07-09 08:46:49
  [teir_random] 29/48 contraction_abcd_eafc_bfde             ... START @ 2026-07-09 08:46:49
        · teir_random:contraction_abcd_eafc_bfde laeuft [   30s] … [AUTOTUNER] Jeder Trial wird JIT-kompiliert, auf Korrektheit geprueft und real gebenchmark
        · teir_random:contraction_abcd_eafc_bfde laeuft [   60s] … [AUTOTUNER] Jeder Trial wird JIT-kompiliert, auf Korrektheit geprueft und real gebenchmark
        · teir_random:contraction_abcd_eafc_bfde laeuft [   90s] … [AUTOTUNER] Jeder Trial wird JIT-kompiliert, auf Korrektheit geprueft und real gebenchmark
        · teir_random:contraction_abcd_eafc_bfde laeuft [  120s] … [AUTOTUNER] Jeder Trial wird JIT-kompiliert, auf Korrektheit geprueft und real gebenchmark
        · teir_random:contraction_abcd_eafc_bfde laeuft [  151s] … [AUTOTUNER] Jeder Trial wird JIT-kompiliert, auf Korrektheit geprueft und real gebenchmark
        · teir_random:contraction_abcd_eafc_bfde laeuft [  181s] … [AUTOTUNER] Jeder Trial wird JIT-kompiliert, auf Korrektheit geprueft und real gebenchmark
        · teir_random:contraction_abcd_eafc_bfde laeuft [  211s] … [AUTOTUNER] Jeder Trial wird JIT-kompiliert, auf Korrektheit geprueft und real gebenchmark
        · teir_random:contraction_abcd_eafc_bfde laeuft [  241s] … [AUTOTUNER] Jeder Trial wird JIT-kompiliert, auf Korrektheit geprueft und real gebenchmark
        · teir_random:contraction_abcd_eafc_bfde laeuft [  271s] … [AUTOTUNER] Jeder Trial wird JIT-kompiliert, auf Korrektheit geprueft und real gebenchmark
        · teir_random:contraction_abcd_eafc_bfde laeuft [  301s] … [AUTOTUNER] Jeder Trial wird JIT-kompiliert, auf Korrektheit geprueft und real gebenchmark
  [teir_random] 29/48 contraction_abcd_eafc_bfde             TIMEOUT                         301s  DONE @ 2026-07-09 08:51:50
  [teir_random] 30/48 contraction_abcd_eafd_fbec             ... START @ 2026-07-09 08:51:50
        · teir_random:contraction_abcd_eafd_fbec laeuft [   30s] … [AUTOTUNER] Jeder Trial wird JIT-kompiliert, auf Korrektheit geprueft und real gebenchmark
        · teir_random:contraction_abcd_eafd_fbec laeuft [   60s] … [AUTOTUNER] Jeder Trial wird JIT-kompiliert, auf Korrektheit geprueft und real gebenchmark
        · teir_random:contraction_abcd_eafd_fbec laeuft [   90s] … [AUTOTUNER] Jeder Trial wird JIT-kompiliert, auf Korrektheit geprueft und real gebenchmark
        · teir_random:contraction_abcd_eafd_fbec laeuft [  120s] … [AUTOTUNER] Jeder Trial wird JIT-kompiliert, auf Korrektheit geprueft und real gebenchmark
        · teir_random:contraction_abcd_eafd_fbec laeuft [  150s] … [AUTOTUNER] Jeder Trial wird JIT-kompiliert, auf Korrektheit geprueft und real gebenchmark
        · teir_random:contraction_abcd_eafd_fbec laeuft [  181s] … [AUTOTUNER] Jeder Trial wird JIT-kompiliert, auf Korrektheit geprueft und real gebenchmark
        · teir_random:contraction_abcd_eafd_fbec laeuft [  211s] … [AUTOTUNER] Jeder Trial wird JIT-kompiliert, auf Korrektheit geprueft und real gebenchmark
        · teir_random:contraction_abcd_eafd_fbec laeuft [  241s] … [AUTOTUNER] Jeder Trial wird JIT-kompiliert, auf Korrektheit geprueft und real gebenchmark
        · teir_random:contraction_abcd_eafd_fbec laeuft [  271s] … [AUTOTUNER] Jeder Trial wird JIT-kompiliert, auf Korrektheit geprueft und real gebenchmark
        · teir_random:contraction_abcd_eafd_fbec laeuft [  301s] … [AUTOTUNER] Jeder Trial wird JIT-kompiliert, auf Korrektheit geprueft und real gebenchmark
  [teir_random] 30/48 contraction_abcd_eafd_fbec             TIMEOUT                         301s  DONE @ 2026-07-09 08:56:51
  [teir_random] 31/48 contraction_abcdef_dega_gfbc           ... START @ 2026-07-09 08:56:51
        · teir_random:contraction_abcdef_dega_gfbc laeuft [   30s] … [NEW BEST] Trial #1 | SF=2, Parallel=a -> Zeit: 70.8756 ms (62.4147 GFLOPS)
        · teir_random:contraction_abcdef_dega_gfbc laeuft [   60s] … [NEW BEST] Trial #1 | SF=2, Parallel=a -> Zeit: 70.8756 ms (62.4147 GFLOPS)
        · teir_random:contraction_abcdef_dega_gfbc laeuft [   90s] … [NEW BEST] Trial #1 | SF=2, Parallel=a -> Zeit: 70.8756 ms (62.4147 GFLOPS)
        · teir_random:contraction_abcdef_dega_gfbc laeuft [  120s] … [NEW BEST] Trial #1 | SF=2, Parallel=a -> Zeit: 70.8756 ms (62.4147 GFLOPS)
        · teir_random:contraction_abcdef_dega_gfbc laeuft [  150s] … [NEW BEST] Trial #1 | SF=2, Parallel=a -> Zeit: 70.8756 ms (62.4147 GFLOPS)
        · teir_random:contraction_abcdef_dega_gfbc laeuft [  180s] … [NEW BEST] Trial #1 | SF=2, Parallel=a -> Zeit: 70.8756 ms (62.4147 GFLOPS)
        · teir_random:contraction_abcdef_dega_gfbc laeuft [  211s] … [NEW BEST] Trial #1 | SF=2, Parallel=a -> Zeit: 70.8756 ms (62.4147 GFLOPS)
        · teir_random:contraction_abcdef_dega_gfbc laeuft [  241s] … [NEW BEST] Trial #1 | SF=2, Parallel=a -> Zeit: 70.8756 ms (62.4147 GFLOPS)
        · teir_random:contraction_abcdef_dega_gfbc laeuft [  271s] … [NEW BEST] Trial #1 | SF=2, Parallel=a -> Zeit: 70.8756 ms (62.4147 GFLOPS)
        · teir_random:contraction_abcdef_dega_gfbc laeuft [  301s] … [NEW BEST] Trial #1 | SF=2, Parallel=a -> Zeit: 70.8756 ms (62.4147 GFLOPS)
  [teir_random] 31/48 contraction_abcdef_dega_gfbc           62.4 GFLOPS [partial-timeout]    301s  DONE @ 2026-07-09 09:01:51
  [teir_random] 32/48 contraction_abcdef_degb_gfac           ... START @ 2026-07-09 09:01:51
        · teir_random:contraction_abcdef_degb_gfac laeuft [   30s] … [NEW BEST] Trial #1 | SF=2, Parallel=a -> Zeit: 76.6636 ms (57.7025 GFLOPS)
        · teir_random:contraction_abcdef_degb_gfac laeuft [   60s] … [NEW BEST] Trial #1 | SF=2, Parallel=a -> Zeit: 76.6636 ms (57.7025 GFLOPS)
        · teir_random:contraction_abcdef_degb_gfac laeuft [   90s] … [NEW BEST] Trial #1 | SF=2, Parallel=a -> Zeit: 76.6636 ms (57.7025 GFLOPS)
        · teir_random:contraction_abcdef_degb_gfac laeuft [  120s] … [NEW BEST] Trial #1 | SF=2, Parallel=a -> Zeit: 76.6636 ms (57.7025 GFLOPS)
        · teir_random:contraction_abcdef_degb_gfac laeuft [  150s] … [NEW BEST] Trial #1 | SF=2, Parallel=a -> Zeit: 76.6636 ms (57.7025 GFLOPS)
        · teir_random:contraction_abcdef_degb_gfac laeuft [  180s] … [NEW BEST] Trial #1 | SF=2, Parallel=a -> Zeit: 76.6636 ms (57.7025 GFLOPS)
        · teir_random:contraction_abcdef_degb_gfac laeuft [  210s] … [NEW BEST] Trial #1 | SF=2, Parallel=a -> Zeit: 76.6636 ms (57.7025 GFLOPS)
        · teir_random:contraction_abcdef_degb_gfac laeuft [  240s] … [NEW BEST] Trial #1 | SF=2, Parallel=a -> Zeit: 76.6636 ms (57.7025 GFLOPS)
        · teir_random:contraction_abcdef_degb_gfac laeuft [  270s] … [NEW BEST] Trial #1 | SF=2, Parallel=a -> Zeit: 76.6636 ms (57.7025 GFLOPS)
        · teir_random:contraction_abcdef_degb_gfac laeuft [  300s] … [NEW BEST] Trial #1 | SF=2, Parallel=a -> Zeit: 76.6636 ms (57.7025 GFLOPS)
  [teir_random] 32/48 contraction_abcdef_degb_gfac           57.7 GFLOPS [partial-timeout]    300s  DONE @ 2026-07-09 09:06:52
  [teir_random] 33/48 contraction_abcdef_degc_gfab           ... START @ 2026-07-09 09:06:52
        · teir_random:contraction_abcdef_degc_gfab laeuft [   30s] … [NEW BEST] Trial #1 | SF=2, Parallel=a -> Zeit: 79.4269 ms (55.695 GFLOPS)
        · teir_random:contraction_abcdef_degc_gfab laeuft [   60s] … [NEW BEST] Trial #1 | SF=2, Parallel=a -> Zeit: 79.4269 ms (55.695 GFLOPS)
        · teir_random:contraction_abcdef_degc_gfab laeuft [   90s] … [NEW BEST] Trial #1 | SF=2, Parallel=a -> Zeit: 79.4269 ms (55.695 GFLOPS)
        · teir_random:contraction_abcdef_degc_gfab laeuft [  120s] … [NEW BEST] Trial #1 | SF=2, Parallel=a -> Zeit: 79.4269 ms (55.695 GFLOPS)
        · teir_random:contraction_abcdef_degc_gfab laeuft [  150s] … [NEW BEST] Trial #1 | SF=2, Parallel=a -> Zeit: 79.4269 ms (55.695 GFLOPS)
        · teir_random:contraction_abcdef_degc_gfab laeuft [  180s] … [NEW BEST] Trial #1 | SF=2, Parallel=a -> Zeit: 79.4269 ms (55.695 GFLOPS)
        · teir_random:contraction_abcdef_degc_gfab laeuft [  210s] … [NEW BEST] Trial #1 | SF=2, Parallel=a -> Zeit: 79.4269 ms (55.695 GFLOPS)
        · teir_random:contraction_abcdef_degc_gfab laeuft [  240s] … [NEW BEST] Trial #1 | SF=2, Parallel=a -> Zeit: 79.4269 ms (55.695 GFLOPS)
        · teir_random:contraction_abcdef_degc_gfab laeuft [  270s] … [NEW BEST] Trial #1 | SF=2, Parallel=a -> Zeit: 79.4269 ms (55.695 GFLOPS)
        · teir_random:contraction_abcdef_degc_gfab laeuft [  300s] … [NEW BEST] Trial #1 | SF=2, Parallel=a -> Zeit: 79.4269 ms (55.695 GFLOPS)
  [teir_random] 33/48 contraction_abcdef_degc_gfab           55.7 GFLOPS [partial-timeout]    300s  DONE @ 2026-07-09 09:11:52
  [teir_random] 34/48 contraction_abcdef_dfga_gebc           ... START @ 2026-07-09 09:11:52
        · teir_random:contraction_abcdef_dfga_gebc laeuft [   30s] … [NEW BEST] Trial #1 | SF=2, Parallel=a -> Zeit: 68.2736 ms (64.7934 GFLOPS)
        · teir_random:contraction_abcdef_dfga_gebc laeuft [   60s] … [NEW BEST] Trial #1 | SF=2, Parallel=a -> Zeit: 68.2736 ms (64.7934 GFLOPS)
        · teir_random:contraction_abcdef_dfga_gebc laeuft [   90s] … [NEW BEST] Trial #1 | SF=2, Parallel=a -> Zeit: 68.2736 ms (64.7934 GFLOPS)
        · teir_random:contraction_abcdef_dfga_gebc laeuft [  120s] … [NEW BEST] Trial #1 | SF=2, Parallel=a -> Zeit: 68.2736 ms (64.7934 GFLOPS)
        · teir_random:contraction_abcdef_dfga_gebc laeuft [  150s] … [NEW BEST] Trial #1 | SF=2, Parallel=a -> Zeit: 68.2736 ms (64.7934 GFLOPS)
        · teir_random:contraction_abcdef_dfga_gebc laeuft [  180s] … [NEW BEST] Trial #1 | SF=2, Parallel=a -> Zeit: 68.2736 ms (64.7934 GFLOPS)
        · teir_random:contraction_abcdef_dfga_gebc laeuft [  210s] … [NEW BEST] Trial #1 | SF=2, Parallel=a -> Zeit: 68.2736 ms (64.7934 GFLOPS)
        · teir_random:contraction_abcdef_dfga_gebc laeuft [  240s] … [NEW BEST] Trial #1 | SF=2, Parallel=a -> Zeit: 68.2736 ms (64.7934 GFLOPS)
        · teir_random:contraction_abcdef_dfga_gebc laeuft [  270s] … [NEW BEST] Trial #1 | SF=2, Parallel=a -> Zeit: 68.2736 ms (64.7934 GFLOPS)
        · teir_random:contraction_abcdef_dfga_gebc laeuft [  300s] … [NEW BEST] Trial #1 | SF=2, Parallel=a -> Zeit: 68.2736 ms (64.7934 GFLOPS)
  [teir_random] 34/48 contraction_abcdef_dfga_gebc           64.8 GFLOPS [partial-timeout]    300s  DONE @ 2026-07-09 09:16:52
  [teir_random] 35/48 contraction_abcdef_dfgb_geac           ... START @ 2026-07-09 09:16:52
        · teir_random:contraction_abcdef_dfgb_geac laeuft [   30s] … [NEW BEST] Trial #1 | SF=2, Parallel=a -> Zeit: 65.2466 ms (67.7994 GFLOPS)
        · teir_random:contraction_abcdef_dfgb_geac laeuft [   60s] … [NEW BEST] Trial #1 | SF=2, Parallel=a -> Zeit: 65.2466 ms (67.7994 GFLOPS)
        · teir_random:contraction_abcdef_dfgb_geac laeuft [   90s] … [NEW BEST] Trial #1 | SF=2, Parallel=a -> Zeit: 65.2466 ms (67.7994 GFLOPS)
        · teir_random:contraction_abcdef_dfgb_geac laeuft [  120s] … [NEW BEST] Trial #1 | SF=2, Parallel=a -> Zeit: 65.2466 ms (67.7994 GFLOPS)
        · teir_random:contraction_abcdef_dfgb_geac laeuft [  150s] … [NEW BEST] Trial #1 | SF=2, Parallel=a -> Zeit: 65.2466 ms (67.7994 GFLOPS)
        · teir_random:contraction_abcdef_dfgb_geac laeuft [  181s] … [NEW BEST] Trial #1 | SF=2, Parallel=a -> Zeit: 65.2466 ms (67.7994 GFLOPS)
        · teir_random:contraction_abcdef_dfgb_geac laeuft [  211s] … [NEW BEST] Trial #1 | SF=2, Parallel=a -> Zeit: 65.2466 ms (67.7994 GFLOPS)
        · teir_random:contraction_abcdef_dfgb_geac laeuft [  241s] … [NEW BEST] Trial #1 | SF=2, Parallel=a -> Zeit: 65.2466 ms (67.7994 GFLOPS)
        · teir_random:contraction_abcdef_dfgb_geac laeuft [  271s] … [NEW BEST] Trial #1 | SF=2, Parallel=a -> Zeit: 65.2466 ms (67.7994 GFLOPS)
        · teir_random:contraction_abcdef_dfgb_geac laeuft [  301s] … [NEW BEST] Trial #1 | SF=2, Parallel=a -> Zeit: 65.2466 ms (67.7994 GFLOPS)
  [teir_random] 35/48 contraction_abcdef_dfgb_geac           67.8 GFLOPS [partial-timeout]    301s  DONE @ 2026-07-09 09:21:53
  [teir_random] 36/48 contraction_abcdef_dfgc_geab           ... START @ 2026-07-09 09:21:53
        · teir_random:contraction_abcdef_dfgc_geab laeuft [   30s] … [NEW BEST] Trial #1 | SF=2, Parallel=a -> Zeit: 64.9656 ms (68.0927 GFLOPS)
        · teir_random:contraction_abcdef_dfgc_geab laeuft [   60s] … [NEW BEST] Trial #1 | SF=2, Parallel=a -> Zeit: 64.9656 ms (68.0927 GFLOPS)
        · teir_random:contraction_abcdef_dfgc_geab laeuft [   90s] … [NEW BEST] Trial #1 | SF=2, Parallel=a -> Zeit: 64.9656 ms (68.0927 GFLOPS)
        · teir_random:contraction_abcdef_dfgc_geab laeuft [  120s] … [NEW BEST] Trial #1 | SF=2, Parallel=a -> Zeit: 64.9656 ms (68.0927 GFLOPS)
        · teir_random:contraction_abcdef_dfgc_geab laeuft [  150s] … [NEW BEST] Trial #1 | SF=2, Parallel=a -> Zeit: 64.9656 ms (68.0927 GFLOPS)
        · teir_random:contraction_abcdef_dfgc_geab laeuft [  180s] … [NEW BEST] Trial #1 | SF=2, Parallel=a -> Zeit: 64.9656 ms (68.0927 GFLOPS)
        · teir_random:contraction_abcdef_dfgc_geab laeuft [  211s] … [NEW BEST] Trial #1 | SF=2, Parallel=a -> Zeit: 64.9656 ms (68.0927 GFLOPS)
        · teir_random:contraction_abcdef_dfgc_geab laeuft [  241s] … [NEW BEST] Trial #1 | SF=2, Parallel=a -> Zeit: 64.9656 ms (68.0927 GFLOPS)
        · teir_random:contraction_abcdef_dfgc_geab laeuft [  271s] … [NEW BEST] Trial #1 | SF=2, Parallel=a -> Zeit: 64.9656 ms (68.0927 GFLOPS)
        · teir_random:contraction_abcdef_dfgc_geab laeuft [  301s] … [NEW BEST] Trial #1 | SF=2, Parallel=a -> Zeit: 64.9656 ms (68.0927 GFLOPS)
  [teir_random] 36/48 contraction_abcdef_dfgc_geab           68.1 GFLOPS [partial-timeout]    301s  DONE @ 2026-07-09 09:26:54
  [teir_random] 37/48 contraction_abcdef_efga_gdbc           ... START @ 2026-07-09 09:26:54
        · teir_random:contraction_abcdef_efga_gdbc laeuft [   30s] … [NEW BEST] Trial #2 | SF=2, Parallel=b -> Zeit: 92.2095 ms (47.9742 GFLOPS)
        · teir_random:contraction_abcdef_efga_gdbc laeuft [   60s] … [NEW BEST] Trial #2 | SF=2, Parallel=b -> Zeit: 92.2095 ms (47.9742 GFLOPS)
        · teir_random:contraction_abcdef_efga_gdbc laeuft [   90s] … [NEW BEST] Trial #2 | SF=2, Parallel=b -> Zeit: 92.2095 ms (47.9742 GFLOPS)
        · teir_random:contraction_abcdef_efga_gdbc laeuft [  120s] … [NEW BEST] Trial #2 | SF=2, Parallel=b -> Zeit: 92.2095 ms (47.9742 GFLOPS)
        · teir_random:contraction_abcdef_efga_gdbc laeuft [  150s] … [NEW BEST] Trial #2 | SF=2, Parallel=b -> Zeit: 92.2095 ms (47.9742 GFLOPS)
        · teir_random:contraction_abcdef_efga_gdbc laeuft [  181s] … [NEW BEST] Trial #2 | SF=2, Parallel=b -> Zeit: 92.2095 ms (47.9742 GFLOPS)
        · teir_random:contraction_abcdef_efga_gdbc laeuft [  211s] … [NEW BEST] Trial #2 | SF=2, Parallel=b -> Zeit: 92.2095 ms (47.9742 GFLOPS)
        · teir_random:contraction_abcdef_efga_gdbc laeuft [  241s] … [NEW BEST] Trial #2 | SF=2, Parallel=b -> Zeit: 92.2095 ms (47.9742 GFLOPS)
        · teir_random:contraction_abcdef_efga_gdbc laeuft [  271s] … [NEW BEST] Trial #2 | SF=2, Parallel=b -> Zeit: 92.2095 ms (47.9742 GFLOPS)
        · teir_random:contraction_abcdef_efga_gdbc laeuft [  301s] … [NEW BEST] Trial #2 | SF=2, Parallel=b -> Zeit: 92.2095 ms (47.9742 GFLOPS)
  [teir_random] 37/48 contraction_abcdef_efga_gdbc           48.0 GFLOPS [partial-timeout]    301s  DONE @ 2026-07-09 09:31:55
  [teir_random] 38/48 contraction_abcdef_efgb_gdac           ... START @ 2026-07-09 09:31:55
        · teir_random:contraction_abcdef_efgb_gdac laeuft [   30s] … [NEW BEST] Trial #2 | SF=2, Parallel=b -> Zeit: 92.0483 ms (48.0582 GFLOPS)
        · teir_random:contraction_abcdef_efgb_gdac laeuft [   60s] … [NEW BEST] Trial #2 | SF=2, Parallel=b -> Zeit: 92.0483 ms (48.0582 GFLOPS)
        · teir_random:contraction_abcdef_efgb_gdac laeuft [   90s] … [NEW BEST] Trial #2 | SF=2, Parallel=b -> Zeit: 92.0483 ms (48.0582 GFLOPS)
        · teir_random:contraction_abcdef_efgb_gdac laeuft [  120s] … [NEW BEST] Trial #2 | SF=2, Parallel=b -> Zeit: 92.0483 ms (48.0582 GFLOPS)
        · teir_random:contraction_abcdef_efgb_gdac laeuft [  150s] … [NEW BEST] Trial #2 | SF=2, Parallel=b -> Zeit: 92.0483 ms (48.0582 GFLOPS)
        · teir_random:contraction_abcdef_efgb_gdac laeuft [  180s] … [NEW BEST] Trial #2 | SF=2, Parallel=b -> Zeit: 92.0483 ms (48.0582 GFLOPS)
        · teir_random:contraction_abcdef_efgb_gdac laeuft [  210s] … [NEW BEST] Trial #2 | SF=2, Parallel=b -> Zeit: 92.0483 ms (48.0582 GFLOPS)
        · teir_random:contraction_abcdef_efgb_gdac laeuft [  241s] … [NEW BEST] Trial #2 | SF=2, Parallel=b -> Zeit: 92.0483 ms (48.0582 GFLOPS)
        · teir_random:contraction_abcdef_efgb_gdac laeuft [  271s] … [NEW BEST] Trial #2 | SF=2, Parallel=b -> Zeit: 92.0483 ms (48.0582 GFLOPS)
        · teir_random:contraction_abcdef_efgb_gdac laeuft [  301s] … [NEW BEST] Trial #2 | SF=2, Parallel=b -> Zeit: 92.0483 ms (48.0582 GFLOPS)
  [teir_random] 38/48 contraction_abcdef_efgb_gdac           48.1 GFLOPS [partial-timeout]    301s  DONE @ 2026-07-09 09:36:56
  [teir_random] 39/48 contraction_abcdef_efgc_gdab           ... START @ 2026-07-09 09:36:56
        · teir_random:contraction_abcdef_efgc_gdab laeuft [   30s] … [NEW BEST] Trial #2 | SF=2, Parallel=b -> Zeit: 103.42 ms (42.7738 GFLOPS)
        · teir_random:contraction_abcdef_efgc_gdab laeuft [   60s] … [NEW BEST] Trial #2 | SF=2, Parallel=b -> Zeit: 103.42 ms (42.7738 GFLOPS)
        · teir_random:contraction_abcdef_efgc_gdab laeuft [   90s] … [NEW BEST] Trial #2 | SF=2, Parallel=b -> Zeit: 103.42 ms (42.7738 GFLOPS)
        · teir_random:contraction_abcdef_efgc_gdab laeuft [  120s] … [NEW BEST] Trial #2 | SF=2, Parallel=b -> Zeit: 103.42 ms (42.7738 GFLOPS)
        · teir_random:contraction_abcdef_efgc_gdab laeuft [  150s] … [NEW BEST] Trial #2 | SF=2, Parallel=b -> Zeit: 103.42 ms (42.7738 GFLOPS)
        · teir_random:contraction_abcdef_efgc_gdab laeuft [  181s] … [NEW BEST] Trial #2 | SF=2, Parallel=b -> Zeit: 103.42 ms (42.7738 GFLOPS)
        · teir_random:contraction_abcdef_efgc_gdab laeuft [  211s] … [NEW BEST] Trial #2 | SF=2, Parallel=b -> Zeit: 103.42 ms (42.7738 GFLOPS)
        · teir_random:contraction_abcdef_efgc_gdab laeuft [  241s] … [NEW BEST] Trial #2 | SF=2, Parallel=b -> Zeit: 103.42 ms (42.7738 GFLOPS)
        · teir_random:contraction_abcdef_efgc_gdab laeuft [  271s] … [NEW BEST] Trial #2 | SF=2, Parallel=b -> Zeit: 103.42 ms (42.7738 GFLOPS)
        · teir_random:contraction_abcdef_efgc_gdab laeuft [  301s] … [NEW BEST] Trial #2 | SF=2, Parallel=b -> Zeit: 103.42 ms (42.7738 GFLOPS)
  [teir_random] 39/48 contraction_abcdef_efgc_gdab           42.8 GFLOPS [partial-timeout]    301s  DONE @ 2026-07-09 09:41:57
  [teir_random] 40/48 contraction_abcdef_gdab_efgc           ... START @ 2026-07-09 09:41:57
        · teir_random:contraction_abcdef_gdab_efgc laeuft [   30s] … [NEW BEST] Trial #2 | SF=2, Parallel=b -> Zeit: 102.818 ms (43.0245 GFLOPS)
        · teir_random:contraction_abcdef_gdab_efgc laeuft [   60s] … [NEW BEST] Trial #2 | SF=2, Parallel=b -> Zeit: 102.818 ms (43.0245 GFLOPS)
        · teir_random:contraction_abcdef_gdab_efgc laeuft [   90s] … [NEW BEST] Trial #2 | SF=2, Parallel=b -> Zeit: 102.818 ms (43.0245 GFLOPS)
        · teir_random:contraction_abcdef_gdab_efgc laeuft [  120s] … [NEW BEST] Trial #2 | SF=2, Parallel=b -> Zeit: 102.818 ms (43.0245 GFLOPS)
        · teir_random:contraction_abcdef_gdab_efgc laeuft [  150s] … [NEW BEST] Trial #2 | SF=2, Parallel=b -> Zeit: 102.818 ms (43.0245 GFLOPS)
        · teir_random:contraction_abcdef_gdab_efgc laeuft [  181s] … [NEW BEST] Trial #2 | SF=2, Parallel=b -> Zeit: 102.818 ms (43.0245 GFLOPS)
        · teir_random:contraction_abcdef_gdab_efgc laeuft [  211s] … [NEW BEST] Trial #2 | SF=2, Parallel=b -> Zeit: 102.818 ms (43.0245 GFLOPS)
        · teir_random:contraction_abcdef_gdab_efgc laeuft [  241s] … [NEW BEST] Trial #2 | SF=2, Parallel=b -> Zeit: 102.818 ms (43.0245 GFLOPS)
        · teir_random:contraction_abcdef_gdab_efgc laeuft [  271s] … [NEW BEST] Trial #2 | SF=2, Parallel=b -> Zeit: 102.818 ms (43.0245 GFLOPS)
        · teir_random:contraction_abcdef_gdab_efgc laeuft [  301s] … [NEW BEST] Trial #2 | SF=2, Parallel=b -> Zeit: 102.818 ms (43.0245 GFLOPS)
  [teir_random] 40/48 contraction_abcdef_gdab_efgc           43.0 GFLOPS [partial-timeout]    301s  DONE @ 2026-07-09 09:46:58
  [teir_random] 41/48 contraction_abcdef_gdac_efgb           ... START @ 2026-07-09 09:46:58
        · teir_random:contraction_abcdef_gdac_efgb laeuft [   30s] … [NEW BEST] Trial #2 | SF=2, Parallel=b -> Zeit: 102.372 ms (43.2118 GFLOPS)
        · teir_random:contraction_abcdef_gdac_efgb laeuft [   60s] … [NEW BEST] Trial #2 | SF=2, Parallel=b -> Zeit: 102.372 ms (43.2118 GFLOPS)
        · teir_random:contraction_abcdef_gdac_efgb laeuft [   90s] … [NEW BEST] Trial #2 | SF=2, Parallel=b -> Zeit: 102.372 ms (43.2118 GFLOPS)
        · teir_random:contraction_abcdef_gdac_efgb laeuft [  120s] … [NEW BEST] Trial #2 | SF=2, Parallel=b -> Zeit: 102.372 ms (43.2118 GFLOPS)
        · teir_random:contraction_abcdef_gdac_efgb laeuft [  150s] … [NEW BEST] Trial #2 | SF=2, Parallel=b -> Zeit: 102.372 ms (43.2118 GFLOPS)
        · teir_random:contraction_abcdef_gdac_efgb laeuft [  181s] … [NEW BEST] Trial #2 | SF=2, Parallel=b -> Zeit: 102.372 ms (43.2118 GFLOPS)
        · teir_random:contraction_abcdef_gdac_efgb laeuft [  211s] … [NEW BEST] Trial #2 | SF=2, Parallel=b -> Zeit: 102.372 ms (43.2118 GFLOPS)
        · teir_random:contraction_abcdef_gdac_efgb laeuft [  241s] … [NEW BEST] Trial #2 | SF=2, Parallel=b -> Zeit: 102.372 ms (43.2118 GFLOPS)
        · teir_random:contraction_abcdef_gdac_efgb laeuft [  271s] … [NEW BEST] Trial #2 | SF=2, Parallel=b -> Zeit: 102.372 ms (43.2118 GFLOPS)
        · teir_random:contraction_abcdef_gdac_efgb laeuft [  301s] … [NEW BEST] Trial #2 | SF=2, Parallel=b -> Zeit: 102.372 ms (43.2118 GFLOPS)
  [teir_random] 41/48 contraction_abcdef_gdac_efgb           43.2 GFLOPS [partial-timeout]    301s  DONE @ 2026-07-09 09:51:58
  [teir_random] 42/48 contraction_abcdef_gdbc_efga           ... START @ 2026-07-09 09:51:58
        · teir_random:contraction_abcdef_gdbc_efga laeuft [   30s] … [NEW BEST] Trial #2 | SF=2, Parallel=b -> Zeit: 104.991 ms (42.1341 GFLOPS)
        · teir_random:contraction_abcdef_gdbc_efga laeuft [   60s] … [NEW BEST] Trial #2 | SF=2, Parallel=b -> Zeit: 104.991 ms (42.1341 GFLOPS)
        · teir_random:contraction_abcdef_gdbc_efga laeuft [   90s] … [NEW BEST] Trial #2 | SF=2, Parallel=b -> Zeit: 104.991 ms (42.1341 GFLOPS)
        · teir_random:contraction_abcdef_gdbc_efga laeuft [  120s] … [NEW BEST] Trial #2 | SF=2, Parallel=b -> Zeit: 104.991 ms (42.1341 GFLOPS)
        · teir_random:contraction_abcdef_gdbc_efga laeuft [  150s] … [NEW BEST] Trial #2 | SF=2, Parallel=b -> Zeit: 104.991 ms (42.1341 GFLOPS)
        · teir_random:contraction_abcdef_gdbc_efga laeuft [  180s] … [NEW BEST] Trial #2 | SF=2, Parallel=b -> Zeit: 104.991 ms (42.1341 GFLOPS)
        · teir_random:contraction_abcdef_gdbc_efga laeuft [  211s] … [NEW BEST] Trial #2 | SF=2, Parallel=b -> Zeit: 104.991 ms (42.1341 GFLOPS)
        · teir_random:contraction_abcdef_gdbc_efga laeuft [  241s] … [NEW BEST] Trial #2 | SF=2, Parallel=b -> Zeit: 104.991 ms (42.1341 GFLOPS)
        · teir_random:contraction_abcdef_gdbc_efga laeuft [  271s] … [NEW BEST] Trial #2 | SF=2, Parallel=b -> Zeit: 104.991 ms (42.1341 GFLOPS)
        · teir_random:contraction_abcdef_gdbc_efga laeuft [  301s] … [NEW BEST] Trial #2 | SF=2, Parallel=b -> Zeit: 104.991 ms (42.1341 GFLOPS)
  [teir_random] 42/48 contraction_abcdef_gdbc_efga           42.1 GFLOPS [partial-timeout]    301s  DONE @ 2026-07-09 09:56:59
  [teir_random] 43/48 contraction_abcdef_geab_dfgc           ... START @ 2026-07-09 09:56:59
        · teir_random:contraction_abcdef_geab_dfgc laeuft [   30s] … [NEW BEST] Trial #1 | SF=2, Parallel=a -> Zeit: 69.6685 ms (63.4961 GFLOPS)
        · teir_random:contraction_abcdef_geab_dfgc laeuft [   60s] … [NEW BEST] Trial #1 | SF=2, Parallel=a -> Zeit: 69.6685 ms (63.4961 GFLOPS)
        · teir_random:contraction_abcdef_geab_dfgc laeuft [   90s] … [NEW BEST] Trial #1 | SF=2, Parallel=a -> Zeit: 69.6685 ms (63.4961 GFLOPS)
        · teir_random:contraction_abcdef_geab_dfgc laeuft [  120s] … [NEW BEST] Trial #1 | SF=2, Parallel=a -> Zeit: 69.6685 ms (63.4961 GFLOPS)
        · teir_random:contraction_abcdef_geab_dfgc laeuft [  150s] … [NEW BEST] Trial #1 | SF=2, Parallel=a -> Zeit: 69.6685 ms (63.4961 GFLOPS)
        · teir_random:contraction_abcdef_geab_dfgc laeuft [  181s] … [NEW BEST] Trial #1 | SF=2, Parallel=a -> Zeit: 69.6685 ms (63.4961 GFLOPS)
        · teir_random:contraction_abcdef_geab_dfgc laeuft [  211s] … [NEW BEST] Trial #1 | SF=2, Parallel=a -> Zeit: 69.6685 ms (63.4961 GFLOPS)
        · teir_random:contraction_abcdef_geab_dfgc laeuft [  241s] … [NEW BEST] Trial #1 | SF=2, Parallel=a -> Zeit: 69.6685 ms (63.4961 GFLOPS)
        · teir_random:contraction_abcdef_geab_dfgc laeuft [  271s] … [NEW BEST] Trial #1 | SF=2, Parallel=a -> Zeit: 69.6685 ms (63.4961 GFLOPS)
        · teir_random:contraction_abcdef_geab_dfgc laeuft [  301s] … [NEW BEST] Trial #1 | SF=2, Parallel=a -> Zeit: 69.6685 ms (63.4961 GFLOPS)
  [teir_random] 43/48 contraction_abcdef_geab_dfgc           63.5 GFLOPS [partial-timeout]    301s  DONE @ 2026-07-09 10:02:00
  [teir_random] 44/48 contraction_abcdef_geac_dfgb           ... START @ 2026-07-09 10:02:00
        · teir_random:contraction_abcdef_geac_dfgb laeuft [   30s] … [NEW BEST] Trial #1 | SF=2, Parallel=a -> Zeit: 70.3153 ms (62.912 GFLOPS)
        · teir_random:contraction_abcdef_geac_dfgb laeuft [   60s] … [NEW BEST] Trial #1 | SF=2, Parallel=a -> Zeit: 70.3153 ms (62.912 GFLOPS)
        · teir_random:contraction_abcdef_geac_dfgb laeuft [   90s] … [NEW BEST] Trial #1 | SF=2, Parallel=a -> Zeit: 70.3153 ms (62.912 GFLOPS)
        · teir_random:contraction_abcdef_geac_dfgb laeuft [  120s] … [NEW BEST] Trial #1 | SF=2, Parallel=a -> Zeit: 70.3153 ms (62.912 GFLOPS)
        · teir_random:contraction_abcdef_geac_dfgb laeuft [  150s] … [NEW BEST] Trial #1 | SF=2, Parallel=a -> Zeit: 70.3153 ms (62.912 GFLOPS)
        · teir_random:contraction_abcdef_geac_dfgb laeuft [  180s] … [NEW BEST] Trial #1 | SF=2, Parallel=a -> Zeit: 70.3153 ms (62.912 GFLOPS)
        · teir_random:contraction_abcdef_geac_dfgb laeuft [  211s] … [NEW BEST] Trial #1 | SF=2, Parallel=a -> Zeit: 70.3153 ms (62.912 GFLOPS)
        · teir_random:contraction_abcdef_geac_dfgb laeuft [  241s] … [NEW BEST] Trial #1 | SF=2, Parallel=a -> Zeit: 70.3153 ms (62.912 GFLOPS)
        · teir_random:contraction_abcdef_geac_dfgb laeuft [  271s] … [NEW BEST] Trial #1 | SF=2, Parallel=a -> Zeit: 70.3153 ms (62.912 GFLOPS)
        · teir_random:contraction_abcdef_geac_dfgb laeuft [  301s] … [NEW BEST] Trial #1 | SF=2, Parallel=a -> Zeit: 70.3153 ms (62.912 GFLOPS)
  [teir_random] 44/48 contraction_abcdef_geac_dfgb           62.9 GFLOPS [partial-timeout]    301s  DONE @ 2026-07-09 10:07:01
  [teir_random] 45/48 contraction_abcdef_gebc_dfga           ... START @ 2026-07-09 10:07:01
        · teir_random:contraction_abcdef_gebc_dfga laeuft [   30s] … [NEW BEST] Trial #1 | SF=2, Parallel=a -> Zeit: 71.3166 ms (62.0287 GFLOPS)
        · teir_random:contraction_abcdef_gebc_dfga laeuft [   60s] … [NEW BEST] Trial #1 | SF=2, Parallel=a -> Zeit: 71.3166 ms (62.0287 GFLOPS)
        · teir_random:contraction_abcdef_gebc_dfga laeuft [   90s] … [NEW BEST] Trial #1 | SF=2, Parallel=a -> Zeit: 71.3166 ms (62.0287 GFLOPS)
        · teir_random:contraction_abcdef_gebc_dfga laeuft [  120s] … [NEW BEST] Trial #1 | SF=2, Parallel=a -> Zeit: 71.3166 ms (62.0287 GFLOPS)
        · teir_random:contraction_abcdef_gebc_dfga laeuft [  150s] … [NEW BEST] Trial #1 | SF=2, Parallel=a -> Zeit: 71.3166 ms (62.0287 GFLOPS)
        · teir_random:contraction_abcdef_gebc_dfga laeuft [  181s] … [NEW BEST] Trial #1 | SF=2, Parallel=a -> Zeit: 71.3166 ms (62.0287 GFLOPS)
        · teir_random:contraction_abcdef_gebc_dfga laeuft [  211s] … [NEW BEST] Trial #1 | SF=2, Parallel=a -> Zeit: 71.3166 ms (62.0287 GFLOPS)
        · teir_random:contraction_abcdef_gebc_dfga laeuft [  241s] … [NEW BEST] Trial #1 | SF=2, Parallel=a -> Zeit: 71.3166 ms (62.0287 GFLOPS)
        · teir_random:contraction_abcdef_gebc_dfga laeuft [  271s] … [NEW BEST] Trial #1 | SF=2, Parallel=a -> Zeit: 71.3166 ms (62.0287 GFLOPS)
        · teir_random:contraction_abcdef_gebc_dfga laeuft [  301s] … [NEW BEST] Trial #1 | SF=2, Parallel=a -> Zeit: 71.3166 ms (62.0287 GFLOPS)
  [teir_random] 45/48 contraction_abcdef_gebc_dfga           62.0 GFLOPS [partial-timeout]    301s  DONE @ 2026-07-09 10:12:02
  [teir_random] 46/48 contraction_abcdef_gfab_degc           ... START @ 2026-07-09 10:12:02
        · teir_random:contraction_abcdef_gfab_degc laeuft [   30s] … [NEW BEST] Trial #1 | SF=2, Parallel=a -> Zeit: 76.9241 ms (57.5071 GFLOPS)
        · teir_random:contraction_abcdef_gfab_degc laeuft [   60s] … [NEW BEST] Trial #1 | SF=2, Parallel=a -> Zeit: 76.9241 ms (57.5071 GFLOPS)
        · teir_random:contraction_abcdef_gfab_degc laeuft [   90s] … [NEW BEST] Trial #1 | SF=2, Parallel=a -> Zeit: 76.9241 ms (57.5071 GFLOPS)
        · teir_random:contraction_abcdef_gfab_degc laeuft [  120s] … [NEW BEST] Trial #1 | SF=2, Parallel=a -> Zeit: 76.9241 ms (57.5071 GFLOPS)
        · teir_random:contraction_abcdef_gfab_degc laeuft [  151s] … [NEW BEST] Trial #1 | SF=2, Parallel=a -> Zeit: 76.9241 ms (57.5071 GFLOPS)
        · teir_random:contraction_abcdef_gfab_degc laeuft [  181s] … [NEW BEST] Trial #1 | SF=2, Parallel=a -> Zeit: 76.9241 ms (57.5071 GFLOPS)
        · teir_random:contraction_abcdef_gfab_degc laeuft [  211s] … [NEW BEST] Trial #1 | SF=2, Parallel=a -> Zeit: 76.9241 ms (57.5071 GFLOPS)
        · teir_random:contraction_abcdef_gfab_degc laeuft [  241s] … [NEW BEST] Trial #1 | SF=2, Parallel=a -> Zeit: 76.9241 ms (57.5071 GFLOPS)
        · teir_random:contraction_abcdef_gfab_degc laeuft [  271s] … [NEW BEST] Trial #1 | SF=2, Parallel=a -> Zeit: 76.9241 ms (57.5071 GFLOPS)
        · teir_random:contraction_abcdef_gfab_degc laeuft [  301s] … [NEW BEST] Trial #1 | SF=2, Parallel=a -> Zeit: 76.9241 ms (57.5071 GFLOPS)
  [teir_random] 46/48 contraction_abcdef_gfab_degc           57.5 GFLOPS [partial-timeout]    301s  DONE @ 2026-07-09 10:17:02
  [teir_random] 47/48 contraction_abcdef_gfac_degb           ... START @ 2026-07-09 10:17:02
        · teir_random:contraction_abcdef_gfac_degb laeuft [   30s] … [NEW BEST] Trial #1 | SF=2, Parallel=a -> Zeit: 77.9662 ms (56.7384 GFLOPS)
        · teir_random:contraction_abcdef_gfac_degb laeuft [   60s] … [NEW BEST] Trial #1 | SF=2, Parallel=a -> Zeit: 77.9662 ms (56.7384 GFLOPS)
        · teir_random:contraction_abcdef_gfac_degb laeuft [   90s] … [NEW BEST] Trial #1 | SF=2, Parallel=a -> Zeit: 77.9662 ms (56.7384 GFLOPS)
        · teir_random:contraction_abcdef_gfac_degb laeuft [  120s] … [NEW BEST] Trial #1 | SF=2, Parallel=a -> Zeit: 77.9662 ms (56.7384 GFLOPS)
        · teir_random:contraction_abcdef_gfac_degb laeuft [  150s] … [NEW BEST] Trial #1 | SF=2, Parallel=a -> Zeit: 77.9662 ms (56.7384 GFLOPS)
        · teir_random:contraction_abcdef_gfac_degb laeuft [  181s] … [NEW BEST] Trial #1 | SF=2, Parallel=a -> Zeit: 77.9662 ms (56.7384 GFLOPS)
        · teir_random:contraction_abcdef_gfac_degb laeuft [  211s] … [NEW BEST] Trial #1 | SF=2, Parallel=a -> Zeit: 77.9662 ms (56.7384 GFLOPS)
        · teir_random:contraction_abcdef_gfac_degb laeuft [  241s] … [NEW BEST] Trial #1 | SF=2, Parallel=a -> Zeit: 77.9662 ms (56.7384 GFLOPS)
        · teir_random:contraction_abcdef_gfac_degb laeuft [  271s] … [NEW BEST] Trial #1 | SF=2, Parallel=a -> Zeit: 77.9662 ms (56.7384 GFLOPS)
        · teir_random:contraction_abcdef_gfac_degb laeuft [  301s] … [NEW BEST] Trial #1 | SF=2, Parallel=a -> Zeit: 77.9662 ms (56.7384 GFLOPS)
  [teir_random] 47/48 contraction_abcdef_gfac_degb           56.7 GFLOPS [partial-timeout]    301s  DONE @ 2026-07-09 10:22:03
  [teir_random] 48/48 contraction_abcdef_gfbc_dega           ... START @ 2026-07-09 10:22:03
        · teir_random:contraction_abcdef_gfbc_dega laeuft [   30s] … [NEW BEST] Trial #1 | SF=2, Parallel=a -> Zeit: 72.8273 ms (60.7421 GFLOPS)
        · teir_random:contraction_abcdef_gfbc_dega laeuft [   60s] … [NEW BEST] Trial #1 | SF=2, Parallel=a -> Zeit: 72.8273 ms (60.7421 GFLOPS)
        · teir_random:contraction_abcdef_gfbc_dega laeuft [   90s] … [NEW BEST] Trial #1 | SF=2, Parallel=a -> Zeit: 72.8273 ms (60.7421 GFLOPS)
        · teir_random:contraction_abcdef_gfbc_dega laeuft [  120s] … [NEW BEST] Trial #1 | SF=2, Parallel=a -> Zeit: 72.8273 ms (60.7421 GFLOPS)
        · teir_random:contraction_abcdef_gfbc_dega laeuft [  151s] … [NEW BEST] Trial #1 | SF=2, Parallel=a -> Zeit: 72.8273 ms (60.7421 GFLOPS)
        · teir_random:contraction_abcdef_gfbc_dega laeuft [  181s] … [NEW BEST] Trial #1 | SF=2, Parallel=a -> Zeit: 72.8273 ms (60.7421 GFLOPS)
        · teir_random:contraction_abcdef_gfbc_dega laeuft [  211s] … [NEW BEST] Trial #1 | SF=2, Parallel=a -> Zeit: 72.8273 ms (60.7421 GFLOPS)
        · teir_random:contraction_abcdef_gfbc_dega laeuft [  241s] … [NEW BEST] Trial #1 | SF=2, Parallel=a -> Zeit: 72.8273 ms (60.7421 GFLOPS)
        · teir_random:contraction_abcdef_gfbc_dega laeuft [  271s] … [NEW BEST] Trial #1 | SF=2, Parallel=a -> Zeit: 72.8273 ms (60.7421 GFLOPS)
        · teir_random:contraction_abcdef_gfbc_dega laeuft [  301s] … [NEW BEST] Trial #1 | SF=2, Parallel=a -> Zeit: 72.8273 ms (60.7421 GFLOPS)
  [teir_random] 48/48 contraction_abcdef_gfbc_dega           60.7 GFLOPS [partial-timeout]    301s  DONE @ 2026-07-09 10:27:04
----- Stufe TEIR_RANDOM fertig in 225.9 min @ 2026-07-09 10:27:04 -----

----- Stufe TVM -> tvm.csv (0 bereits erledigt) @ 2026-07-09 10:27:04 -----
  [tvm]  1/48 contraction_abc_bda_dc                 ... START @ 2026-07-09 10:27:04
        · tvm:contraction_abc_bda_dc laeuft [   30s] … 2026-07-09 10:27:11 [INFO] [task_scheduler.cc:195] Sending 64 sample(s) to runner
        · tvm:contraction_abc_bda_dc laeuft [   60s] … 2026-07-09 10:27:59 [INFO] [task_scheduler.cc:195] Sending 64 sample(s) to runner
        · tvm:contraction_abc_bda_dc laeuft [   90s] … 2026-07-09 10:27:59 [INFO] [task_scheduler.cc:195] Sending 64 sample(s) to runner
        · tvm:contraction_abc_bda_dc laeuft [  120s] … 2026-07-09 10:28:49 [INFO] [task_scheduler.cc:195] Sending 64 sample(s) to runner
        · tvm:contraction_abc_bda_dc laeuft [  150s] … 2026-07-09 10:29:31 [INFO] [task_scheduler.cc:195] Sending 8 sample(s) to runner
  [tvm]  1/48 contraction_abc_bda_dc                 599.4 GFLOPS [ok]               154s  DONE @ 2026-07-09 10:29:38
  [tvm]  2/48 contraction_abc_dca_bd                 ... START @ 2026-07-09 10:29:38
        · tvm:contraction_abc_dca_bd laeuft [   30s] … 2026-07-09 10:29:46 [INFO] [task_scheduler.cc:195] Sending 64 sample(s) to runner
        · tvm:contraction_abc_dca_bd laeuft [   60s] … 2026-07-09 10:30:35 [INFO] [task_scheduler.cc:193] Sending 64 sample(s) to builder
        · tvm:contraction_abc_dca_bd laeuft [   90s] … 2026-07-09 10:30:39 [INFO] [task_scheduler.cc:195] Sending 64 sample(s) to runner
        · tvm:contraction_abc_dca_bd laeuft [  120s] … 2026-07-09 10:31:27 [INFO] [task_scheduler.cc:195] Sending 64 sample(s) to runner
        · tvm:contraction_abc_dca_bd laeuft [  150s] … 2026-07-09 10:32:05 [INFO] [task_scheduler.cc:180] TaskScheduler picks Task #0: "main"
  [tvm]  2/48 contraction_abc_dca_bd                 375.5 GFLOPS [ok]               158s  DONE @ 2026-07-09 10:32:16
  [tvm]  3/48 contraction_abcd_dbea_ec               ... START @ 2026-07-09 10:32:16
        · tvm:contraction_abcd_dbea_ec laeuft [   30s] … 2026-07-09 10:32:24 [INFO] [task_scheduler.cc:195] Sending 64 sample(s) to runner
        · tvm:contraction_abcd_dbea_ec laeuft [   60s] … 2026-07-09 10:32:24 [INFO] [task_scheduler.cc:195] Sending 64 sample(s) to runner
        · tvm:contraction_abcd_dbea_ec laeuft [   90s] … 2026-07-09 10:33:35 [INFO] [task_scheduler.cc:195] Sending 64 sample(s) to runner
        · tvm:contraction_abcd_dbea_ec laeuft [  120s] … 2026-07-09 10:33:35 [INFO] [task_scheduler.cc:195] Sending 64 sample(s) to runner
        · tvm:contraction_abcd_dbea_ec laeuft [  150s] … 2026-07-09 10:34:44 [INFO] [task_scheduler.cc:195] Sending 64 sample(s) to runner
        · tvm:contraction_abcd_dbea_ec laeuft [  181s] … 2026-07-09 10:34:44 [INFO] [task_scheduler.cc:195] Sending 64 sample(s) to runner
  [tvm]  3/48 contraction_abcd_dbea_ec               315.1 GFLOPS [ok]               205s  DONE @ 2026-07-09 10:35:41
  [tvm]  4/48 contraction_abcd_deca_be               ... START @ 2026-07-09 10:35:41
        · tvm:contraction_abcd_deca_be laeuft [   30s] … 2026-07-09 10:35:49 [INFO] [task_scheduler.cc:195] Sending 64 sample(s) to runner
        · tvm:contraction_abcd_deca_be laeuft [   60s] … 2026-07-09 10:36:37 [INFO] [task_scheduler.cc:193] Sending 64 sample(s) to builder
        · tvm:contraction_abcd_deca_be laeuft [   90s] … 2026-07-09 10:36:43 [INFO] [task_scheduler.cc:195] Sending 64 sample(s) to runner
        · tvm:contraction_abcd_deca_be laeuft [  120s] … 2026-07-09 10:37:39 [INFO] [task_scheduler.cc:193] Sending 64 sample(s) to builder
        · tvm:contraction_abcd_deca_be laeuft [  150s] … 2026-07-09 10:37:42 [INFO] [task_scheduler.cc:195] Sending 64 sample(s) to runner
  [tvm]  4/48 contraction_abcd_deca_be               251.6 GFLOPS [ok]               174s  DONE @ 2026-07-09 10:38:35
  [tvm]  5/48 contraction_abcd_ebad_ce               ... START @ 2026-07-09 10:38:35
        · tvm:contraction_abcd_ebad_ce laeuft [   30s] … 2026-07-09 10:38:42 [INFO] [task_scheduler.cc:195] Sending 64 sample(s) to runner
        · tvm:contraction_abcd_ebad_ce laeuft [   60s] … 2026-07-09 10:39:30 [INFO] [task_scheduler.cc:195] Sending 63 sample(s) to runner
        · tvm:contraction_abcd_ebad_ce laeuft [   90s] … 2026-07-09 10:39:30 [INFO] [task_scheduler.cc:195] Sending 63 sample(s) to runner
        · tvm:contraction_abcd_ebad_ce laeuft [  120s] … 2026-07-09 10:40:20 [INFO] [task_scheduler.cc:195] Sending 64 sample(s) to runner
        · tvm:contraction_abcd_ebad_ce laeuft [  150s] … 2026-07-09 10:41:03 [INFO] [task_scheduler.cc:195] Sending 9 sample(s) to runner
  [tvm]  5/48 contraction_abcd_ebad_ce               420.5 GFLOPS [ok]               156s  DONE @ 2026-07-09 10:41:11
  [tvm]  6/48 contraction_abcde_efbad_cf             ... START @ 2026-07-09 10:41:11
        · tvm:contraction_abcde_efbad_cf laeuft [   30s] … 2026-07-09 10:41:21 [INFO] [task_scheduler.cc:195] Sending 64 sample(s) to runner
        · tvm:contraction_abcde_efbad_cf laeuft [   60s] … 2026-07-09 10:41:21 [INFO] [task_scheduler.cc:195] Sending 64 sample(s) to runner
        · tvm:contraction_abcde_efbad_cf laeuft [   90s] … 2026-07-09 10:42:39 [INFO] [task_scheduler.cc:195] Sending 64 sample(s) to runner
        · tvm:contraction_abcde_efbad_cf laeuft [  120s] … 2026-07-09 10:42:39 [INFO] [task_scheduler.cc:195] Sending 64 sample(s) to runner
        · tvm:contraction_abcde_efbad_cf laeuft [  151s] … 2026-07-09 10:42:39 [INFO] [task_scheduler.cc:195] Sending 64 sample(s) to runner
        · tvm:contraction_abcde_efbad_cf laeuft [  181s] … 2026-07-09 10:44:05 [INFO] [task_scheduler.cc:195] Sending 64 sample(s) to runner
        · tvm:contraction_abcde_efbad_cf laeuft [  211s] … 2026-07-09 10:44:05 [INFO] [task_scheduler.cc:195] Sending 64 sample(s) to runner
  [tvm]  6/48 contraction_abcde_efbad_cf             324.8 GFLOPS [ok]               238s  DONE @ 2026-07-09 10:45:09
  [tvm]  7/48 contraction_abcde_ecbfa_fd             ... START @ 2026-07-09 10:45:09
        · tvm:contraction_abcde_ecbfa_fd laeuft [   30s] … 2026-07-09 10:45:19 [INFO] [task_scheduler.cc:195] Sending 64 sample(s) to runner
        · tvm:contraction_abcde_ecbfa_fd laeuft [   60s] … 2026-07-09 10:45:19 [INFO] [task_scheduler.cc:195] Sending 64 sample(s) to runner
        · tvm:contraction_abcde_ecbfa_fd laeuft [   90s] … 2026-07-09 10:45:19 [INFO] [task_scheduler.cc:195] Sending 64 sample(s) to runner
        · tvm:contraction_abcde_ecbfa_fd laeuft [  120s] … 2026-07-09 10:47:00 [INFO] [task_scheduler.cc:195] Sending 64 sample(s) to runner
        · tvm:contraction_abcde_ecbfa_fd laeuft [  150s] … 2026-07-09 10:47:00 [INFO] [task_scheduler.cc:195] Sending 64 sample(s) to runner
        · tvm:contraction_abcde_ecbfa_fd laeuft [  180s] … 2026-07-09 10:47:00 [INFO] [task_scheduler.cc:195] Sending 64 sample(s) to runner
        · tvm:contraction_abcde_ecbfa_fd laeuft [  210s] … 2026-07-09 10:48:35 [INFO] [task_scheduler.cc:180] TaskScheduler picks Task #0: "main"
        · tvm:contraction_abcde_ecbfa_fd laeuft [  240s] … 2026-07-09 10:48:43 [INFO] [task_scheduler.cc:195] Sending 64 sample(s) to runner
        · tvm:contraction_abcde_ecbfa_fd laeuft [  271s] … 2026-07-09 10:48:43 [INFO] [task_scheduler.cc:195] Sending 64 sample(s) to runner
  [tvm]  7/48 contraction_abcde_ecbfa_fd             282.9 GFLOPS [ok]               291s  DONE @ 2026-07-09 10:50:00
  [tvm]  8/48 contraction_abcde_efcad_bf             ... START @ 2026-07-09 10:50:00
        · tvm:contraction_abcde_efcad_bf laeuft [   30s] … 2026-07-09 10:50:10 [INFO] [task_scheduler.cc:195] Sending 63 sample(s) to runner
        · tvm:contraction_abcde_efcad_bf laeuft [   60s] … 2026-07-09 10:50:10 [INFO] [task_scheduler.cc:195] Sending 63 sample(s) to runner
        · tvm:contraction_abcde_efcad_bf laeuft [   90s] … 2026-07-09 10:51:28 [INFO] [task_scheduler.cc:193] Sending 64 sample(s) to builder
        · tvm:contraction_abcde_efcad_bf laeuft [  120s] … 2026-07-09 10:51:31 [INFO] [task_scheduler.cc:195] Sending 64 sample(s) to runner
        · tvm:contraction_abcde_efcad_bf laeuft [  150s] … 2026-07-09 10:51:31 [INFO] [task_scheduler.cc:195] Sending 64 sample(s) to runner
        · tvm:contraction_abcde_efcad_bf laeuft [  181s] … 2026-07-09 10:52:51 [INFO] [task_scheduler.cc:195] Sending 64 sample(s) to runner
        · tvm:contraction_abcde_efcad_bf laeuft [  211s] … 2026-07-09 10:52:51 [INFO] [task_scheduler.cc:195] Sending 64 sample(s) to runner
  [tvm]  8/48 contraction_abcde_efcad_bf             311.9 GFLOPS [ok]               238s  DONE @ 2026-07-09 10:53:58
  [tvm]  9/48 contraction_abcd_ea_ebcd               ... START @ 2026-07-09 10:53:58
        · tvm:contraction_abcd_ea_ebcd laeuft [   30s] … 2026-07-09 10:54:08 [INFO] [task_scheduler.cc:195] Sending 64 sample(s) to runner
        · tvm:contraction_abcd_ea_ebcd laeuft [   60s] … 2026-07-09 10:54:08 [INFO] [task_scheduler.cc:195] Sending 64 sample(s) to runner
        · tvm:contraction_abcd_ea_ebcd laeuft [   90s] … 2026-07-09 10:55:19 [INFO] [task_scheduler.cc:195] Sending 64 sample(s) to runner
        · tvm:contraction_abcd_ea_ebcd laeuft [  120s] … 2026-07-09 10:55:19 [INFO] [task_scheduler.cc:195] Sending 64 sample(s) to runner
        · tvm:contraction_abcd_ea_ebcd laeuft [  150s] … 2026-07-09 10:55:19 [INFO] [task_scheduler.cc:195] Sending 64 sample(s) to runner
        · tvm:contraction_abcd_ea_ebcd laeuft [  181s] … 2026-07-09 10:56:40 [INFO] [task_scheduler.cc:195] Sending 63 sample(s) to runner
        · tvm:contraction_abcd_ea_ebcd laeuft [  211s] … 2026-07-09 10:56:40 [INFO] [task_scheduler.cc:195] Sending 63 sample(s) to runner
  [tvm]  9/48 contraction_abcd_ea_ebcd               656.5 GFLOPS [ok]               232s  DONE @ 2026-07-09 10:57:50
  [tvm] 10/48 contraction_abcd_eb_aecd               ... START @ 2026-07-09 10:57:50
        · tvm:contraction_abcd_eb_aecd laeuft [   30s] … 2026-07-09 10:57:58 [INFO] [task_scheduler.cc:195] Sending 64 sample(s) to runner
        · tvm:contraction_abcd_eb_aecd laeuft [   60s] … 2026-07-09 10:57:58 [INFO] [task_scheduler.cc:195] Sending 64 sample(s) to runner
        · tvm:contraction_abcd_eb_aecd laeuft [   90s] … 2026-07-09 10:59:19 [INFO] [task_scheduler.cc:195] Sending 64 sample(s) to runner
        · tvm:contraction_abcd_eb_aecd laeuft [  120s] … 2026-07-09 10:59:19 [INFO] [task_scheduler.cc:195] Sending 64 sample(s) to runner
        · tvm:contraction_abcd_eb_aecd laeuft [  151s] … 2026-07-09 10:59:19 [INFO] [task_scheduler.cc:195] Sending 64 sample(s) to runner
        · tvm:contraction_abcd_eb_aecd laeuft [  181s] … 2026-07-09 11:00:31 [INFO] [task_scheduler.cc:195] Sending 64 sample(s) to runner
        · tvm:contraction_abcd_eb_aecd laeuft [  211s] … 2026-07-09 11:00:31 [INFO] [task_scheduler.cc:195] Sending 64 sample(s) to runner
        · tvm:contraction_abcd_eb_aecd laeuft [  241s] … 2026-07-09 11:01:49 [INFO] [task_scheduler.cc:193] Sending 8 sample(s) to builder
  [tvm] 10/48 contraction_abcd_eb_aecd               887.0 GFLOPS [ok]               250s  DONE @ 2026-07-09 11:01:59
  [tvm] 11/48 contraction_abcd_ec_abed               ... START @ 2026-07-09 11:01:59
        · tvm:contraction_abcd_ec_abed laeuft [   30s] … 2026-07-09 11:02:08 [INFO] [task_scheduler.cc:195] Sending 64 sample(s) to runner
        · tvm:contraction_abcd_ec_abed laeuft [   60s] … 2026-07-09 11:02:08 [INFO] [task_scheduler.cc:195] Sending 64 sample(s) to runner
        · tvm:contraction_abcd_ec_abed laeuft [   90s] … 2026-07-09 11:03:23 [INFO] [task_scheduler.cc:195] Sending 64 sample(s) to runner
        · tvm:contraction_abcd_ec_abed laeuft [  120s] … 2026-07-09 11:03:23 [INFO] [task_scheduler.cc:195] Sending 64 sample(s) to runner
        · tvm:contraction_abcd_ec_abed laeuft [  151s] … 2026-07-09 11:04:29 [INFO] [task_scheduler.cc:193] Sending 64 sample(s) to builder
        · tvm:contraction_abcd_ec_abed laeuft [  181s] … 2026-07-09 11:04:31 [INFO] [task_scheduler.cc:195] Sending 64 sample(s) to runner
        · tvm:contraction_abcd_ec_abed laeuft [  211s] … Total latency (us): 15491.6
  [tvm] 11/48 contraction_abcd_ec_abed               711.7 GFLOPS [ok]               213s  DONE @ 2026-07-09 11:05:32
  [tvm] 12/48 contraction_ab_ac_cb                   ... START @ 2026-07-09 11:05:32
        · tvm:contraction_ab_ac_cb laeuft [   30s] … 2026-07-09 11:05:39 [INFO] [task_scheduler.cc:195] Sending 64 sample(s) to runner
        · tvm:contraction_ab_ac_cb laeuft [   60s] … 2026-07-09 11:05:39 [INFO] [task_scheduler.cc:195] Sending 64 sample(s) to runner
        · tvm:contraction_ab_ac_cb laeuft [   90s] … 2026-07-09 11:05:39 [INFO] [task_scheduler.cc:195] Sending 64 sample(s) to runner
        · tvm:contraction_ab_ac_cb laeuft [  120s] … 2026-07-09 11:05:39 [INFO] [task_scheduler.cc:195] Sending 64 sample(s) to runner
        · tvm:contraction_ab_ac_cb laeuft [  151s] … 2026-07-09 11:05:39 [INFO] [task_scheduler.cc:195] Sending 64 sample(s) to runner
        · tvm:contraction_ab_ac_cb laeuft [  181s] … 2026-07-09 11:05:39 [INFO] [task_scheduler.cc:195] Sending 64 sample(s) to runner
        · tvm:contraction_ab_ac_cb laeuft [  211s] … 2026-07-09 11:05:39 [INFO] [task_scheduler.cc:195] Sending 64 sample(s) to runner
        · tvm:contraction_ab_ac_cb laeuft [  241s] … 2026-07-09 11:05:39 [INFO] [task_scheduler.cc:195] Sending 64 sample(s) to runner
        · tvm:contraction_ab_ac_cb laeuft [  271s] … 2026-07-09 11:05:39 [INFO] [task_scheduler.cc:195] Sending 64 sample(s) to runner
        · tvm:contraction_ab_ac_cb laeuft [  301s] … 2026-07-09 11:05:39 [INFO] [task_scheduler.cc:195] Sending 64 sample(s) to runner
        · tvm:contraction_ab_ac_cb laeuft [  331s] … 2026-07-09 11:05:39 [INFO] [task_scheduler.cc:195] Sending 64 sample(s) to runner
        · tvm:contraction_ab_ac_cb laeuft [  361s] … 2026-07-09 11:05:39 [INFO] [task_scheduler.cc:195] Sending 64 sample(s) to runner
        · tvm:contraction_ab_ac_cb laeuft [  391s] … 2026-07-09 11:05:39 [INFO] [task_scheduler.cc:195] Sending 64 sample(s) to runner
        · tvm:contraction_ab_ac_cb laeuft [  422s] … 2026-07-09 11:05:39 [INFO] [task_scheduler.cc:195] Sending 64 sample(s) to runner
        · tvm:contraction_ab_ac_cb laeuft [  452s] … 2026-07-09 11:05:39 [INFO] [task_scheduler.cc:195] Sending 64 sample(s) to runner
        · tvm:contraction_ab_ac_cb laeuft [  482s] … 2026-07-09 11:05:39 [INFO] [task_scheduler.cc:195] Sending 64 sample(s) to runner
        · tvm:contraction_ab_ac_cb laeuft [  512s] … 2026-07-09 11:05:39 [INFO] [task_scheduler.cc:195] Sending 64 sample(s) to runner
        · tvm:contraction_ab_ac_cb laeuft [  542s] … 2026-07-09 11:05:39 [INFO] [task_scheduler.cc:195] Sending 64 sample(s) to runner
        · tvm:contraction_ab_ac_cb laeuft [  572s] … 2026-07-09 11:05:39 [INFO] [task_scheduler.cc:195] Sending 64 sample(s) to runner
        · tvm:contraction_ab_ac_cb laeuft [  602s] … 2026-07-09 11:05:39 [INFO] [task_scheduler.cc:195] Sending 64 sample(s) to runner
        · tvm:contraction_ab_ac_cb laeuft [  632s] … 2026-07-09 11:05:39 [INFO] [task_scheduler.cc:195] Sending 64 sample(s) to runner
        · tvm:contraction_ab_ac_cb laeuft [  662s] … 2026-07-09 11:05:39 [INFO] [task_scheduler.cc:195] Sending 64 sample(s) to runner
        · tvm:contraction_ab_ac_cb laeuft [  690s] … 2026-07-09 11:05:39 [INFO] [task_scheduler.cc:195] Sending 64 sample(s) to runner
        · tvm:contraction_ab_ac_cb laeuft [  720s] … 2026-07-09 11:05:39 [INFO] [task_scheduler.cc:195] Sending 64 sample(s) to runner
        · tvm:contraction_ab_ac_cb laeuft [  750s] … 2026-07-09 11:05:39 [INFO] [task_scheduler.cc:195] Sending 64 sample(s) to runner
        · tvm:contraction_ab_ac_cb laeuft [  780s] … 2026-07-09 11:05:39 [INFO] [task_scheduler.cc:195] Sending 64 sample(s) to runner
        · tvm:contraction_ab_ac_cb laeuft [  810s] … 2026-07-09 11:05:39 [INFO] [task_scheduler.cc:195] Sending 64 sample(s) to runner
        · tvm:contraction_ab_ac_cb laeuft [  840s] … 2026-07-09 11:05:39 [INFO] [task_scheduler.cc:195] Sending 64 sample(s) to runner
        · tvm:contraction_ab_ac_cb laeuft [  870s] … 2026-07-09 11:05:39 [INFO] [task_scheduler.cc:195] Sending 64 sample(s) to runner
        · tvm:contraction_ab_ac_cb laeuft [  900s] … 2026-07-09 11:05:39 [INFO] [task_scheduler.cc:195] Sending 64 sample(s) to runner
        · tvm:contraction_ab_ac_cb laeuft [  930s] … 2026-07-09 11:05:39 [INFO] [task_scheduler.cc:195] Sending 64 sample(s) to runner
        · tvm:contraction_ab_ac_cb laeuft [  960s] … 2026-07-09 11:05:39 [INFO] [task_scheduler.cc:195] Sending 64 sample(s) to runner
        · tvm:contraction_ab_ac_cb laeuft [  991s] … 2026-07-09 11:05:39 [INFO] [task_scheduler.cc:195] Sending 64 sample(s) to runner
        · tvm:contraction_ab_ac_cb laeuft [ 1021s] … 2026-07-09 11:05:39 [INFO] [task_scheduler.cc:195] Sending 64 sample(s) to runner
        · tvm:contraction_ab_ac_cb laeuft [ 1051s] … 2026-07-09 11:05:39 [INFO] [task_scheduler.cc:195] Sending 64 sample(s) to runner
        · tvm:contraction_ab_ac_cb laeuft [ 1081s] … 2026-07-09 11:05:39 [INFO] [task_scheduler.cc:195] Sending 64 sample(s) to runner
        · tvm:contraction_ab_ac_cb laeuft [ 1111s] … 2026-07-09 11:05:39 [INFO] [task_scheduler.cc:195] Sending 64 sample(s) to runner
        · tvm:contraction_ab_ac_cb laeuft [ 1141s] … 2026-07-09 11:05:39 [INFO] [task_scheduler.cc:195] Sending 64 sample(s) to runner
        · tvm:contraction_ab_ac_cb laeuft [ 1171s] … 2026-07-09 11:05:39 [INFO] [task_scheduler.cc:195] Sending 64 sample(s) to runner
        · tvm:contraction_ab_ac_cb laeuft [ 1201s] … 2026-07-09 11:05:39 [INFO] [task_scheduler.cc:195] Sending 64 sample(s) to runner
        · tvm:contraction_ab_ac_cb laeuft [ 1231s] … 2026-07-09 11:05:39 [INFO] [task_scheduler.cc:195] Sending 64 sample(s) to runner
        · tvm:contraction_ab_ac_cb laeuft [ 1261s] … 2026-07-09 11:26:27 [INFO] [task_scheduler.cc:195] Sending 64 sample(s) to runner
        · tvm:contraction_ab_ac_cb laeuft [ 1291s] … 2026-07-09 11:26:27 [INFO] [task_scheduler.cc:195] Sending 64 sample(s) to runner
        · tvm:contraction_ab_ac_cb laeuft [ 1321s] … 2026-07-09 11:26:27 [INFO] [task_scheduler.cc:195] Sending 64 sample(s) to runner
        · tvm:contraction_ab_ac_cb laeuft [ 1351s] … 2026-07-09 11:26:27 [INFO] [task_scheduler.cc:195] Sending 64 sample(s) to runner
        · tvm:contraction_ab_ac_cb laeuft [ 1381s] … 2026-07-09 11:26:27 [INFO] [task_scheduler.cc:195] Sending 64 sample(s) to runner
        · tvm:contraction_ab_ac_cb laeuft [ 1411s] … 2026-07-09 11:26:27 [INFO] [task_scheduler.cc:195] Sending 64 sample(s) to runner
        · tvm:contraction_ab_ac_cb laeuft [ 1441s] … 2026-07-09 11:26:27 [INFO] [task_scheduler.cc:195] Sending 64 sample(s) to runner
        · tvm:contraction_ab_ac_cb laeuft [ 1471s] … 2026-07-09 11:26:27 [INFO] [task_scheduler.cc:195] Sending 64 sample(s) to runner
        · tvm:contraction_ab_ac_cb laeuft [ 1501s] … 2026-07-09 11:26:27 [INFO] [task_scheduler.cc:195] Sending 64 sample(s) to runner
        · tvm:contraction_ab_ac_cb laeuft [ 1532s] … 2026-07-09 11:26:27 [INFO] [task_scheduler.cc:195] Sending 64 sample(s) to runner
        · tvm:contraction_ab_ac_cb laeuft [ 1562s] … 2026-07-09 11:26:27 [INFO] [task_scheduler.cc:195] Sending 64 sample(s) to runner
        · tvm:contraction_ab_ac_cb laeuft [ 1592s] … 2026-07-09 11:26:27 [INFO] [task_scheduler.cc:195] Sending 64 sample(s) to runner
        · tvm:contraction_ab_ac_cb laeuft [ 1622s] … 2026-07-09 11:26:27 [INFO] [task_scheduler.cc:195] Sending 64 sample(s) to runner
        · tvm:contraction_ab_ac_cb laeuft [ 1652s] … 2026-07-09 11:26:27 [INFO] [task_scheduler.cc:195] Sending 64 sample(s) to runner
        · tvm:contraction_ab_ac_cb laeuft [ 1682s] … 2026-07-09 11:26:27 [INFO] [task_scheduler.cc:195] Sending 64 sample(s) to runner
        · tvm:contraction_ab_ac_cb laeuft [ 1712s] … 2026-07-09 11:26:27 [INFO] [task_scheduler.cc:195] Sending 64 sample(s) to runner
        · tvm:contraction_ab_ac_cb laeuft [ 1742s] … 2026-07-09 11:26:27 [INFO] [task_scheduler.cc:195] Sending 64 sample(s) to runner
        · tvm:contraction_ab_ac_cb laeuft [ 1770s] … 2026-07-09 11:26:27 [INFO] [task_scheduler.cc:195] Sending 64 sample(s) to runner
        · tvm:contraction_ab_ac_cb laeuft [ 1800s] … 2026-07-09 11:26:27 [INFO] [task_scheduler.cc:195] Sending 64 sample(s) to runner
  [tvm] 12/48 contraction_ab_ac_cb                   TIMEOUT                        1800s  DONE @ 2026-07-09 11:35:32
  [tvm] 13/48 contraction_ab_acd_dbc                 ... START @ 2026-07-09 11:35:32
        · tvm:contraction_ab_acd_dbc laeuft [   30s] … 2026-07-09 11:35:46 [INFO] [task_scheduler.cc:195] Sending 64 sample(s) to runner
        · tvm:contraction_ab_acd_dbc laeuft [   60s] … 2026-07-09 11:35:46 [INFO] [task_scheduler.cc:195] Sending 64 sample(s) to runner
        · tvm:contraction_ab_acd_dbc laeuft [   90s] … 2026-07-09 11:35:46 [INFO] [task_scheduler.cc:195] Sending 64 sample(s) to runner
        · tvm:contraction_ab_acd_dbc laeuft [  120s] … 2026-07-09 11:35:46 [INFO] [task_scheduler.cc:195] Sending 64 sample(s) to runner
        · tvm:contraction_ab_acd_dbc laeuft [  150s] … 2026-07-09 11:35:46 [INFO] [task_scheduler.cc:195] Sending 64 sample(s) to runner
        · tvm:contraction_ab_acd_dbc laeuft [  180s] … 2026-07-09 11:35:46 [INFO] [task_scheduler.cc:195] Sending 64 sample(s) to runner
        · tvm:contraction_ab_acd_dbc laeuft [  210s] … 2026-07-09 11:35:46 [INFO] [task_scheduler.cc:195] Sending 64 sample(s) to runner
        · tvm:contraction_ab_acd_dbc laeuft [  273s] … 2026-07-09 11:35:46 [INFO] [task_scheduler.cc:195] Sending 64 sample(s) to runner
        · tvm:contraction_ab_acd_dbc laeuft [  275s] … 2026-07-09 11:35:46 [INFO] [task_scheduler.cc:195] Sending 64 sample(s) to runner
        · tvm:contraction_ab_acd_dbc laeuft [  301s] … 2026-07-09 11:40:33 [INFO] [task_scheduler.cc:193] Sending 64 sample(s) to builder
        · tvm:contraction_ab_acd_dbc laeuft [  331s] … 2026-07-09 11:40:36 [INFO] [task_scheduler.cc:195] Sending 64 sample(s) to runner
        · tvm:contraction_ab_acd_dbc laeuft [  361s] … 2026-07-09 11:40:36 [INFO] [task_scheduler.cc:195] Sending 64 sample(s) to runner
        · tvm:contraction_ab_acd_dbc laeuft [  391s] … 2026-07-09 11:40:36 [INFO] [task_scheduler.cc:195] Sending 64 sample(s) to runner
        · tvm:contraction_ab_acd_dbc laeuft [  421s] … 2026-07-09 11:40:36 [INFO] [task_scheduler.cc:195] Sending 64 sample(s) to runner
        · tvm:contraction_ab_acd_dbc laeuft [  451s] … 2026-07-09 11:40:36 [INFO] [task_scheduler.cc:195] Sending 64 sample(s) to runner
        · tvm:contraction_ab_acd_dbc laeuft [  481s] … 2026-07-09 11:40:36 [INFO] [task_scheduler.cc:195] Sending 64 sample(s) to runner
        · tvm:contraction_ab_acd_dbc laeuft [  511s] … 2026-07-09 11:44:02 [INFO] [task_scheduler.cc:180] TaskScheduler picks Task #0: "main"
        · tvm:contraction_ab_acd_dbc laeuft [  541s] … 2026-07-09 11:44:07 [INFO] [task_scheduler.cc:195] Sending 64 sample(s) to runner
        · tvm:contraction_ab_acd_dbc laeuft [  571s] … 2026-07-09 11:44:07 [INFO] [task_scheduler.cc:195] Sending 64 sample(s) to runner
        · tvm:contraction_ab_acd_dbc laeuft [  601s] … 2026-07-09 11:44:07 [INFO] [task_scheduler.cc:195] Sending 64 sample(s) to runner
        · tvm:contraction_ab_acd_dbc laeuft [  631s] … Total latency (us): 92718.1
  [tvm] 13/48 contraction_ab_acd_dbc                 402.5 GFLOPS [ok]               638s  DONE @ 2026-07-09 11:46:10
  [tvm] 14/48 contraction_ab_cad_dcb                 ... START @ 2026-07-09 11:46:10
        · tvm:contraction_ab_cad_dcb laeuft [   30s] … 2026-07-09 11:46:16 [INFO] [task_scheduler.cc:195] Sending 64 sample(s) to runner
        · tvm:contraction_ab_cad_dcb laeuft [   60s] … 2026-07-09 11:46:16 [INFO] [task_scheduler.cc:195] Sending 64 sample(s) to runner
        · tvm:contraction_ab_cad_dcb laeuft [   90s] … 2026-07-09 11:46:16 [INFO] [task_scheduler.cc:195] Sending 64 sample(s) to runner
        · tvm:contraction_ab_cad_dcb laeuft [  120s] … 2026-07-09 11:46:16 [INFO] [task_scheduler.cc:195] Sending 64 sample(s) to runner
        · tvm:contraction_ab_cad_dcb laeuft [  150s] … 2026-07-09 11:46:16 [INFO] [task_scheduler.cc:195] Sending 64 sample(s) to runner
        · tvm:contraction_ab_cad_dcb laeuft [  180s] … 2026-07-09 11:46:16 [INFO] [task_scheduler.cc:195] Sending 64 sample(s) to runner
        · tvm:contraction_ab_cad_dcb laeuft [  210s] … 2026-07-09 11:46:16 [INFO] [task_scheduler.cc:195] Sending 64 sample(s) to runner
        · tvm:contraction_ab_cad_dcb laeuft [  240s] … 2026-07-09 11:46:16 [INFO] [task_scheduler.cc:195] Sending 64 sample(s) to runner
        · tvm:contraction_ab_cad_dcb laeuft [  270s] … 2026-07-09 11:50:18 [INFO] [task_scheduler.cc:195] Sending 64 sample(s) to runner
        · tvm:contraction_ab_cad_dcb laeuft [  301s] … 2026-07-09 11:50:18 [INFO] [task_scheduler.cc:195] Sending 64 sample(s) to runner
        · tvm:contraction_ab_cad_dcb laeuft [  331s] … 2026-07-09 11:50:18 [INFO] [task_scheduler.cc:195] Sending 64 sample(s) to runner
        · tvm:contraction_ab_cad_dcb laeuft [  361s] … 2026-07-09 11:50:18 [INFO] [task_scheduler.cc:195] Sending 64 sample(s) to runner
        · tvm:contraction_ab_cad_dcb laeuft [  391s] … 2026-07-09 11:50:18 [INFO] [task_scheduler.cc:195] Sending 64 sample(s) to runner
        · tvm:contraction_ab_cad_dcb laeuft [  421s] … 2026-07-09 11:50:18 [INFO] [task_scheduler.cc:195] Sending 64 sample(s) to runner
        · tvm:contraction_ab_cad_dcb laeuft [  451s] … 2026-07-09 11:50:18 [INFO] [task_scheduler.cc:195] Sending 64 sample(s) to runner
        · tvm:contraction_ab_cad_dcb laeuft [  481s] … 2026-07-09 11:54:11 [INFO] [task_scheduler.cc:180] TaskScheduler picks Task #0: "main"
        · tvm:contraction_ab_cad_dcb laeuft [  511s] … 2026-07-09 11:54:17 [INFO] [task_scheduler.cc:195] Sending 64 sample(s) to runner
        · tvm:contraction_ab_cad_dcb laeuft [  541s] … 2026-07-09 11:54:17 [INFO] [task_scheduler.cc:195] Sending 64 sample(s) to runner
        · tvm:contraction_ab_cad_dcb laeuft [  571s] … 2026-07-09 11:54:17 [INFO] [task_scheduler.cc:195] Sending 64 sample(s) to runner
        · tvm:contraction_ab_cad_dcb laeuft [  601s] … 2026-07-09 11:54:17 [INFO] [task_scheduler.cc:195] Sending 64 sample(s) to runner
        · tvm:contraction_ab_cad_dcb laeuft [  631s] … 2026-07-09 11:54:17 [INFO] [task_scheduler.cc:195] Sending 64 sample(s) to runner
        · tvm:contraction_ab_cad_dcb laeuft [  661s] … Total latency (us): 65034
  [tvm] 14/48 contraction_ab_cad_dcb                 530.2 GFLOPS [ok]               664s  DONE @ 2026-07-09 11:57:14
  [tvm] 15/48 contraction_abc_acd_db                 ... START @ 2026-07-09 11:57:14
        · tvm:contraction_abc_acd_db laeuft [   30s] … 2026-07-09 11:57:21 [INFO] [task_scheduler.cc:195] Sending 63 sample(s) to runner
        · tvm:contraction_abc_acd_db laeuft [   60s] … 2026-07-09 11:57:21 [INFO] [task_scheduler.cc:195] Sending 63 sample(s) to runner
        · tvm:contraction_abc_acd_db laeuft [   90s] … 2026-07-09 11:57:21 [INFO] [task_scheduler.cc:195] Sending 63 sample(s) to runner
        · tvm:contraction_abc_acd_db laeuft [  120s] … 2026-07-09 11:57:21 [INFO] [task_scheduler.cc:195] Sending 63 sample(s) to runner
        · tvm:contraction_abc_acd_db laeuft [  150s] … 2026-07-09 11:57:21 [INFO] [task_scheduler.cc:195] Sending 63 sample(s) to runner
        · tvm:contraction_abc_acd_db laeuft [  180s] … 2026-07-09 11:57:21 [INFO] [task_scheduler.cc:195] Sending 63 sample(s) to runner
        · tvm:contraction_abc_acd_db laeuft [  210s] … 2026-07-09 12:00:20 [INFO] [task_scheduler.cc:195] Sending 64 sample(s) to runner
        · tvm:contraction_abc_acd_db laeuft [  240s] … 2026-07-09 12:00:20 [INFO] [task_scheduler.cc:195] Sending 64 sample(s) to runner
        · tvm:contraction_abc_acd_db laeuft [  271s] … 2026-07-09 12:00:20 [INFO] [task_scheduler.cc:195] Sending 64 sample(s) to runner
        · tvm:contraction_abc_acd_db laeuft [  301s] … 2026-07-09 12:00:20 [INFO] [task_scheduler.cc:195] Sending 64 sample(s) to runner
        · tvm:contraction_abc_acd_db laeuft [  331s] … 2026-07-09 12:00:20 [INFO] [task_scheduler.cc:195] Sending 64 sample(s) to runner
        · tvm:contraction_abc_acd_db laeuft [  361s] … 2026-07-09 12:03:14 [INFO] [task_scheduler.cc:193] Sending 64 sample(s) to builder
        · tvm:contraction_abc_acd_db laeuft [  391s] … 2026-07-09 12:03:15 [INFO] [task_scheduler.cc:195] Sending 64 sample(s) to runner
        · tvm:contraction_abc_acd_db laeuft [  421s] … 2026-07-09 12:03:15 [INFO] [task_scheduler.cc:195] Sending 64 sample(s) to runner
        · tvm:contraction_abc_acd_db laeuft [  451s] … 2026-07-09 12:04:45 [INFO] [task_scheduler.cc:180] TaskScheduler picks Task #0: "main"
  [tvm] 15/48 contraction_abc_acd_db                 731.8 GFLOPS [ok]               478s  DONE @ 2026-07-09 12:05:12
  [tvm] 16/48 contraction_abc_ad_bdc                 ... START @ 2026-07-09 12:05:12
        · tvm:contraction_abc_ad_bdc laeuft [   30s] … 2026-07-09 12:05:20 [INFO] [task_scheduler.cc:195] Sending 63 sample(s) to runner
        · tvm:contraction_abc_ad_bdc laeuft [   60s] … 2026-07-09 12:05:20 [INFO] [task_scheduler.cc:195] Sending 63 sample(s) to runner
        · tvm:contraction_abc_ad_bdc laeuft [   90s] … 2026-07-09 12:05:20 [INFO] [task_scheduler.cc:195] Sending 63 sample(s) to runner
        · tvm:contraction_abc_ad_bdc laeuft [  120s] … 2026-07-09 12:05:20 [INFO] [task_scheduler.cc:195] Sending 63 sample(s) to runner
        · tvm:contraction_abc_ad_bdc laeuft [  150s] … 2026-07-09 12:07:42 [INFO] [task_scheduler.cc:195] Sending 64 sample(s) to runner
        · tvm:contraction_abc_ad_bdc laeuft [  180s] … 2026-07-09 12:07:42 [INFO] [task_scheduler.cc:195] Sending 64 sample(s) to runner
        · tvm:contraction_abc_ad_bdc laeuft [  211s] … 2026-07-09 12:07:42 [INFO] [task_scheduler.cc:195] Sending 64 sample(s) to runner
        · tvm:contraction_abc_ad_bdc laeuft [  241s] … 2026-07-09 12:07:42 [INFO] [task_scheduler.cc:195] Sending 64 sample(s) to runner
        · tvm:contraction_abc_ad_bdc laeuft [  271s] … 2026-07-09 12:07:42 [INFO] [task_scheduler.cc:195] Sending 64 sample(s) to runner
        · tvm:contraction_abc_ad_bdc laeuft [  301s] … 2026-07-09 12:07:42 [INFO] [task_scheduler.cc:195] Sending 64 sample(s) to runner
        · tvm:contraction_abc_ad_bdc laeuft [  331s] … 2026-07-09 12:10:43 [INFO] [task_scheduler.cc:195] Sending 64 sample(s) to runner
        · tvm:contraction_abc_ad_bdc laeuft [  361s] … 2026-07-09 12:10:43 [INFO] [task_scheduler.cc:195] Sending 64 sample(s) to runner
        · tvm:contraction_abc_ad_bdc laeuft [  391s] … 2026-07-09 12:10:43 [INFO] [task_scheduler.cc:195] Sending 64 sample(s) to runner
        · tvm:contraction_abc_ad_bdc laeuft [  421s] … 2026-07-09 12:10:43 [INFO] [task_scheduler.cc:195] Sending 64 sample(s) to runner
        · tvm:contraction_abc_ad_bdc laeuft [  451s] … 2026-07-09 12:12:41 [INFO] [task_scheduler.cc:195] Sending 9 sample(s) to runner
  [tvm] 16/48 contraction_abc_ad_bdc                 923.2 GFLOPS [ok]               461s  DONE @ 2026-07-09 12:12:53
  [tvm] 17/48 contraction_abc_adc_bd                 ... START @ 2026-07-09 12:12:53
        · tvm:contraction_abc_adc_bd laeuft [   30s] … 2026-07-09 12:13:01 [INFO] [task_scheduler.cc:195] Sending 64 sample(s) to runner
        · tvm:contraction_abc_adc_bd laeuft [   60s] … 2026-07-09 12:13:01 [INFO] [task_scheduler.cc:195] Sending 64 sample(s) to runner
        · tvm:contraction_abc_adc_bd laeuft [   90s] … 2026-07-09 12:13:01 [INFO] [task_scheduler.cc:195] Sending 64 sample(s) to runner
        · tvm:contraction_abc_adc_bd laeuft [  120s] … 2026-07-09 12:13:01 [INFO] [task_scheduler.cc:195] Sending 64 sample(s) to runner
        · tvm:contraction_abc_adc_bd laeuft [  150s] … 2026-07-09 12:13:01 [INFO] [task_scheduler.cc:195] Sending 64 sample(s) to runner
        · tvm:contraction_abc_adc_bd laeuft [  180s] … 2026-07-09 12:15:53 [INFO] [task_scheduler.cc:180] TaskScheduler picks Task #0: "main"
        · tvm:contraction_abc_adc_bd laeuft [  210s] … 2026-07-09 12:15:57 [INFO] [task_scheduler.cc:195] Sending 64 sample(s) to runner
        · tvm:contraction_abc_adc_bd laeuft [  240s] … 2026-07-09 12:15:57 [INFO] [task_scheduler.cc:195] Sending 64 sample(s) to runner
        · tvm:contraction_abc_adc_bd laeuft [  270s] … 2026-07-09 12:15:57 [INFO] [task_scheduler.cc:195] Sending 64 sample(s) to runner
        · tvm:contraction_abc_adc_bd laeuft [  301s] … 2026-07-09 12:15:57 [INFO] [task_scheduler.cc:195] Sending 64 sample(s) to runner
        · tvm:contraction_abc_adc_bd laeuft [  331s] … 2026-07-09 12:18:07 [INFO] [task_scheduler.cc:195] Sending 64 sample(s) to runner
        · tvm:contraction_abc_adc_bd laeuft [  361s] … 2026-07-09 12:18:07 [INFO] [task_scheduler.cc:195] Sending 64 sample(s) to runner
        · tvm:contraction_abc_adc_bd laeuft [  391s] … 2026-07-09 12:18:07 [INFO] [task_scheduler.cc:195] Sending 64 sample(s) to runner
        · tvm:contraction_abc_adc_bd laeuft [  421s] … 2026-07-09 12:18:07 [INFO] [task_scheduler.cc:195] Sending 64 sample(s) to runner
        · tvm:contraction_abc_adc_bd laeuft [  451s] … 2026-07-09 12:18:07 [INFO] [task_scheduler.cc:195] Sending 64 sample(s) to runner
        · tvm:contraction_abc_adc_bd laeuft [  481s] … Total latency (us): 48119.9
  [tvm] 17/48 contraction_abc_adc_bd                 840.9 GFLOPS [ok]               482s  DONE @ 2026-07-09 12:20:56
  [tvm] 18/48 contraction_abc_adc_db                 ... START @ 2026-07-09 12:20:56
        · tvm:contraction_abc_adc_db laeuft [   30s] … 2026-07-09 12:21:04 [INFO] [task_scheduler.cc:195] Sending 64 sample(s) to runner
        · tvm:contraction_abc_adc_db laeuft [   60s] … 2026-07-09 12:21:04 [INFO] [task_scheduler.cc:195] Sending 64 sample(s) to runner
        · tvm:contraction_abc_adc_db laeuft [   90s] … 2026-07-09 12:21:04 [INFO] [task_scheduler.cc:195] Sending 64 sample(s) to runner
        · tvm:contraction_abc_adc_db laeuft [  120s] … 2026-07-09 12:21:04 [INFO] [task_scheduler.cc:195] Sending 64 sample(s) to runner
        · tvm:contraction_abc_adc_db laeuft [  150s] … 2026-07-09 12:21:04 [INFO] [task_scheduler.cc:195] Sending 64 sample(s) to runner
        · tvm:contraction_abc_adc_db laeuft [  180s] … 2026-07-09 12:23:56 [INFO] [task_scheduler.cc:180] TaskScheduler picks Task #0: "main"
        · tvm:contraction_abc_adc_db laeuft [  210s] … 2026-07-09 12:24:00 [INFO] [task_scheduler.cc:195] Sending 64 sample(s) to runner
        · tvm:contraction_abc_adc_db laeuft [  240s] … 2026-07-09 12:24:00 [INFO] [task_scheduler.cc:195] Sending 64 sample(s) to runner
        · tvm:contraction_abc_adc_db laeuft [  270s] … 2026-07-09 12:24:00 [INFO] [task_scheduler.cc:195] Sending 64 sample(s) to runner
        · tvm:contraction_abc_adc_db laeuft [  301s] … 2026-07-09 12:24:00 [INFO] [task_scheduler.cc:195] Sending 64 sample(s) to runner
        · tvm:contraction_abc_adc_db laeuft [  331s] … 2026-07-09 12:24:00 [INFO] [task_scheduler.cc:195] Sending 64 sample(s) to runner
        · tvm:contraction_abc_adc_db laeuft [  361s] … 2026-07-09 12:24:00 [INFO] [task_scheduler.cc:195] Sending 64 sample(s) to runner
        · tvm:contraction_abc_adc_db laeuft [  391s] … 2026-07-09 12:27:03 [INFO] [task_scheduler.cc:195] Sending 64 sample(s) to runner
        · tvm:contraction_abc_adc_db laeuft [  421s] … 2026-07-09 12:27:03 [INFO] [task_scheduler.cc:195] Sending 64 sample(s) to runner
        · tvm:contraction_abc_adc_db laeuft [  451s] … 2026-07-09 12:27:03 [INFO] [task_scheduler.cc:195] Sending 64 sample(s) to runner
  [tvm] 18/48 contraction_abc_adc_db                 645.8 GFLOPS [ok]               469s  DONE @ 2026-07-09 12:28:45
  [tvm] 19/48 contraction_abc_adec_ebd               ... START @ 2026-07-09 12:28:45
        · tvm:contraction_abc_adec_ebd laeuft [   30s] … 2026-07-09 12:28:54 [INFO] [task_scheduler.cc:195] Sending 64 sample(s) to runner
        · tvm:contraction_abc_adec_ebd laeuft [   60s] … 2026-07-09 12:28:54 [INFO] [task_scheduler.cc:195] Sending 64 sample(s) to runner
        · tvm:contraction_abc_adec_ebd laeuft [   90s] … 2026-07-09 12:28:54 [INFO] [task_scheduler.cc:195] Sending 64 sample(s) to runner
        · tvm:contraction_abc_adec_ebd laeuft [  120s] … 2026-07-09 12:28:54 [INFO] [task_scheduler.cc:195] Sending 64 sample(s) to runner
        · tvm:contraction_abc_adec_ebd laeuft [  150s] … 2026-07-09 12:30:56 [INFO] [task_scheduler.cc:195] Sending 64 sample(s) to runner
        · tvm:contraction_abc_adec_ebd laeuft [  180s] … 2026-07-09 12:30:56 [INFO] [task_scheduler.cc:195] Sending 64 sample(s) to runner
        · tvm:contraction_abc_adec_ebd laeuft [  210s] … 2026-07-09 12:30:56 [INFO] [task_scheduler.cc:195] Sending 64 sample(s) to runner
        · tvm:contraction_abc_adec_ebd laeuft [  240s] … 2026-07-09 12:30:56 [INFO] [task_scheduler.cc:195] Sending 64 sample(s) to runner
        · tvm:contraction_abc_adec_ebd laeuft [  270s] … 2026-07-09 12:32:55 [INFO] [task_scheduler.cc:195] Sending 64 sample(s) to runner
        · tvm:contraction_abc_adec_ebd laeuft [  301s] … 2026-07-09 12:32:55 [INFO] [task_scheduler.cc:195] Sending 64 sample(s) to runner
  [tvm] 19/48 contraction_abc_adec_ebd               702.2 GFLOPS [ok]               325s  DONE @ 2026-07-09 12:34:09
  [tvm] 20/48 contraction_abcd_aebf_dfce             ... START @ 2026-07-09 12:34:09
        · tvm:contraction_abcd_aebf_dfce laeuft [   30s] … 2026-07-09 12:34:19 [INFO] [task_scheduler.cc:195] Sending 64 sample(s) to runner
        · tvm:contraction_abcd_aebf_dfce laeuft [   60s] … 2026-07-09 12:34:19 [INFO] [task_scheduler.cc:195] Sending 64 sample(s) to runner
        · tvm:contraction_abcd_aebf_dfce laeuft [   90s] … 2026-07-09 12:34:19 [INFO] [task_scheduler.cc:195] Sending 64 sample(s) to runner
        · tvm:contraction_abcd_aebf_dfce laeuft [  120s] … 2026-07-09 12:34:19 [INFO] [task_scheduler.cc:195] Sending 64 sample(s) to runner
        · tvm:contraction_abcd_aebf_dfce laeuft [  150s] … 2026-07-09 12:34:19 [INFO] [task_scheduler.cc:195] Sending 64 sample(s) to runner
        · tvm:contraction_abcd_aebf_dfce laeuft [  180s] … 2026-07-09 12:34:19 [INFO] [task_scheduler.cc:195] Sending 64 sample(s) to runner
        · tvm:contraction_abcd_aebf_dfce laeuft [  210s] … 2026-07-09 12:34:19 [INFO] [task_scheduler.cc:195] Sending 64 sample(s) to runner
        · tvm:contraction_abcd_aebf_dfce laeuft [  241s] … 2026-07-09 12:34:19 [INFO] [task_scheduler.cc:195] Sending 64 sample(s) to runner
        · tvm:contraction_abcd_aebf_dfce laeuft [  271s] … 2026-07-09 12:34:19 [INFO] [task_scheduler.cc:195] Sending 64 sample(s) to runner
        · tvm:contraction_abcd_aebf_dfce laeuft [  301s] … 2026-07-09 12:34:19 [INFO] [task_scheduler.cc:195] Sending 64 sample(s) to runner
        · tvm:contraction_abcd_aebf_dfce laeuft [  331s] … 2026-07-09 12:34:19 [INFO] [task_scheduler.cc:195] Sending 64 sample(s) to runner
        · tvm:contraction_abcd_aebf_dfce laeuft [  361s] … 2026-07-09 12:34:19 [INFO] [task_scheduler.cc:195] Sending 64 sample(s) to runner
        · tvm:contraction_abcd_aebf_dfce laeuft [  391s] … 2026-07-09 12:34:19 [INFO] [task_scheduler.cc:195] Sending 64 sample(s) to runner
        · tvm:contraction_abcd_aebf_dfce laeuft [  421s] … 2026-07-09 12:34:19 [INFO] [task_scheduler.cc:195] Sending 64 sample(s) to runner
        · tvm:contraction_abcd_aebf_dfce laeuft [  451s] … 2026-07-09 12:34:19 [INFO] [task_scheduler.cc:195] Sending 64 sample(s) to runner
        · tvm:contraction_abcd_aebf_dfce laeuft [  481s] … 2026-07-09 12:34:19 [INFO] [task_scheduler.cc:195] Sending 64 sample(s) to runner
        · tvm:contraction_abcd_aebf_dfce laeuft [  511s] … 2026-07-09 12:34:19 [INFO] [task_scheduler.cc:195] Sending 64 sample(s) to runner
        · tvm:contraction_abcd_aebf_dfce laeuft [  541s] … 2026-07-09 12:34:19 [INFO] [task_scheduler.cc:195] Sending 64 sample(s) to runner
        · tvm:contraction_abcd_aebf_dfce laeuft [  571s] … 2026-07-09 12:34:19 [INFO] [task_scheduler.cc:195] Sending 64 sample(s) to runner
        · tvm:contraction_abcd_aebf_dfce laeuft [  601s] … 2026-07-09 12:34:19 [INFO] [task_scheduler.cc:195] Sending 64 sample(s) to runner
        · tvm:contraction_abcd_aebf_dfce laeuft [  631s] … 2026-07-09 12:34:19 [INFO] [task_scheduler.cc:195] Sending 64 sample(s) to runner
        · tvm:contraction_abcd_aebf_dfce laeuft [  662s] … 2026-07-09 12:34:19 [INFO] [task_scheduler.cc:195] Sending 64 sample(s) to runner
        · tvm:contraction_abcd_aebf_dfce laeuft [  692s] … 2026-07-09 12:34:19 [INFO] [task_scheduler.cc:195] Sending 64 sample(s) to runner
        · tvm:contraction_abcd_aebf_dfce laeuft [  722s] … 2026-07-09 12:34:19 [INFO] [task_scheduler.cc:195] Sending 64 sample(s) to runner
        · tvm:contraction_abcd_aebf_dfce laeuft [  752s] … 2026-07-09 12:34:19 [INFO] [task_scheduler.cc:195] Sending 64 sample(s) to runner
        · tvm:contraction_abcd_aebf_dfce laeuft [  782s] … 2026-07-09 12:34:19 [INFO] [task_scheduler.cc:195] Sending 64 sample(s) to runner
        · tvm:contraction_abcd_aebf_dfce laeuft [  812s] … 2026-07-09 12:34:19 [INFO] [task_scheduler.cc:195] Sending 64 sample(s) to runner
        · tvm:contraction_abcd_aebf_dfce laeuft [  842s] … 2026-07-09 12:34:19 [INFO] [task_scheduler.cc:195] Sending 64 sample(s) to runner
        · tvm:contraction_abcd_aebf_dfce laeuft [  872s] … 2026-07-09 12:34:19 [INFO] [task_scheduler.cc:195] Sending 64 sample(s) to runner
        · tvm:contraction_abcd_aebf_dfce laeuft [  900s] … 2026-07-09 12:34:19 [INFO] [task_scheduler.cc:195] Sending 64 sample(s) to runner
        · tvm:contraction_abcd_aebf_dfce laeuft [  930s] … 2026-07-09 12:34:19 [INFO] [task_scheduler.cc:195] Sending 64 sample(s) to runner
        · tvm:contraction_abcd_aebf_dfce laeuft [  960s] … 2026-07-09 12:34:19 [INFO] [task_scheduler.cc:195] Sending 64 sample(s) to runner
        · tvm:contraction_abcd_aebf_dfce laeuft [  990s] … 2026-07-09 12:34:19 [INFO] [task_scheduler.cc:195] Sending 64 sample(s) to runner
        · tvm:contraction_abcd_aebf_dfce laeuft [ 1020s] … 2026-07-09 12:34:19 [INFO] [task_scheduler.cc:195] Sending 64 sample(s) to runner
        · tvm:contraction_abcd_aebf_dfce laeuft [ 1050s] … 2026-07-09 12:34:19 [INFO] [task_scheduler.cc:195] Sending 64 sample(s) to runner
        · tvm:contraction_abcd_aebf_dfce laeuft [ 1080s] … 2026-07-09 12:34:19 [INFO] [task_scheduler.cc:195] Sending 64 sample(s) to runner
        · tvm:contraction_abcd_aebf_dfce laeuft [ 1111s] … 2026-07-09 12:34:19 [INFO] [task_scheduler.cc:195] Sending 64 sample(s) to runner
        · tvm:contraction_abcd_aebf_dfce laeuft [ 1141s] … 2026-07-09 12:34:19 [INFO] [task_scheduler.cc:195] Sending 64 sample(s) to runner
        · tvm:contraction_abcd_aebf_dfce laeuft [ 1171s] … 2026-07-09 12:34:19 [INFO] [task_scheduler.cc:195] Sending 64 sample(s) to runner
        · tvm:contraction_abcd_aebf_dfce laeuft [ 1201s] … 2026-07-09 12:34:19 [INFO] [task_scheduler.cc:195] Sending 64 sample(s) to runner
        · tvm:contraction_abcd_aebf_dfce laeuft [ 1231s] … 2026-07-09 12:34:19 [INFO] [task_scheduler.cc:195] Sending 64 sample(s) to runner
        · tvm:contraction_abcd_aebf_dfce laeuft [ 1261s] … 2026-07-09 12:34:19 [INFO] [task_scheduler.cc:195] Sending 64 sample(s) to runner
        · tvm:contraction_abcd_aebf_dfce laeuft [ 1291s] … 2026-07-09 12:34:19 [INFO] [task_scheduler.cc:195] Sending 64 sample(s) to runner
        · tvm:contraction_abcd_aebf_dfce laeuft [ 1321s] … 2026-07-09 12:34:19 [INFO] [task_scheduler.cc:195] Sending 64 sample(s) to runner
        · tvm:contraction_abcd_aebf_dfce laeuft [ 1351s] … 2026-07-09 12:34:19 [INFO] [task_scheduler.cc:195] Sending 64 sample(s) to runner
        · tvm:contraction_abcd_aebf_dfce laeuft [ 1381s] … 2026-07-09 12:34:19 [INFO] [task_scheduler.cc:195] Sending 64 sample(s) to runner
        · tvm:contraction_abcd_aebf_dfce laeuft [ 1411s] … 2026-07-09 12:34:19 [INFO] [task_scheduler.cc:195] Sending 64 sample(s) to runner
        · tvm:contraction_abcd_aebf_dfce laeuft [ 1441s] … 2026-07-09 12:34:19 [INFO] [task_scheduler.cc:195] Sending 64 sample(s) to runner
        · tvm:contraction_abcd_aebf_dfce laeuft [ 1471s] … 2026-07-09 12:34:19 [INFO] [task_scheduler.cc:195] Sending 64 sample(s) to runner
        · tvm:contraction_abcd_aebf_dfce laeuft [ 1501s] … 2026-07-09 12:34:19 [INFO] [task_scheduler.cc:195] Sending 64 sample(s) to runner
        · tvm:contraction_abcd_aebf_dfce laeuft [ 1531s] … 2026-07-09 12:34:19 [INFO] [task_scheduler.cc:195] Sending 64 sample(s) to runner
        · tvm:contraction_abcd_aebf_dfce laeuft [ 1561s] … 2026-07-09 12:34:19 [INFO] [task_scheduler.cc:195] Sending 64 sample(s) to runner
        · tvm:contraction_abcd_aebf_dfce laeuft [ 1592s] … 2026-07-09 13:00:41 [INFO] [task_scheduler.cc:195] Sending 64 sample(s) to runner
        · tvm:contraction_abcd_aebf_dfce laeuft [ 1622s] … 2026-07-09 13:00:41 [INFO] [task_scheduler.cc:195] Sending 64 sample(s) to runner
        · tvm:contraction_abcd_aebf_dfce laeuft [ 1652s] … 2026-07-09 13:00:41 [INFO] [task_scheduler.cc:195] Sending 64 sample(s) to runner
        · tvm:contraction_abcd_aebf_dfce laeuft [ 1682s] … 2026-07-09 13:00:41 [INFO] [task_scheduler.cc:195] Sending 64 sample(s) to runner
        · tvm:contraction_abcd_aebf_dfce laeuft [ 1712s] … 2026-07-09 13:00:41 [INFO] [task_scheduler.cc:195] Sending 64 sample(s) to runner
        · tvm:contraction_abcd_aebf_dfce laeuft [ 1742s] … 2026-07-09 13:00:41 [INFO] [task_scheduler.cc:195] Sending 64 sample(s) to runner
        · tvm:contraction_abcd_aebf_dfce laeuft [ 1772s] … 2026-07-09 13:00:41 [INFO] [task_scheduler.cc:195] Sending 64 sample(s) to runner
        · tvm:contraction_abcd_aebf_dfce laeuft [ 1802s] … 2026-07-09 13:00:41 [INFO] [task_scheduler.cc:195] Sending 64 sample(s) to runner
  [tvm] 20/48 contraction_abcd_aebf_dfce             TIMEOUT                        1802s  DONE @ 2026-07-09 13:04:11
  [tvm] 21/48 contraction_abcd_aebf_fdec             ... START @ 2026-07-09 13:04:11
        · tvm:contraction_abcd_aebf_fdec laeuft [   30s] … 2026-07-09 13:04:27 [INFO] [task_scheduler.cc:195] Sending 64 sample(s) to runner
        · tvm:contraction_abcd_aebf_fdec laeuft [   60s] … 2026-07-09 13:04:27 [INFO] [task_scheduler.cc:195] Sending 64 sample(s) to runner
        · tvm:contraction_abcd_aebf_fdec laeuft [   90s] … 2026-07-09 13:04:27 [INFO] [task_scheduler.cc:195] Sending 64 sample(s) to runner
        · tvm:contraction_abcd_aebf_fdec laeuft [  120s] … 2026-07-09 13:04:27 [INFO] [task_scheduler.cc:195] Sending 64 sample(s) to runner
        · tvm:contraction_abcd_aebf_fdec laeuft [  150s] … 2026-07-09 13:04:27 [INFO] [task_scheduler.cc:195] Sending 64 sample(s) to runner
        · tvm:contraction_abcd_aebf_fdec laeuft [  180s] … 2026-07-09 13:04:27 [INFO] [task_scheduler.cc:195] Sending 64 sample(s) to runner
        · tvm:contraction_abcd_aebf_fdec laeuft [  210s] … 2026-07-09 13:04:27 [INFO] [task_scheduler.cc:195] Sending 64 sample(s) to runner
        · tvm:contraction_abcd_aebf_fdec laeuft [  241s] … 2026-07-09 13:04:27 [INFO] [task_scheduler.cc:195] Sending 64 sample(s) to runner
        · tvm:contraction_abcd_aebf_fdec laeuft [  271s] … 2026-07-09 13:04:27 [INFO] [task_scheduler.cc:195] Sending 64 sample(s) to runner
        · tvm:contraction_abcd_aebf_fdec laeuft [  301s] … 2026-07-09 13:04:27 [INFO] [task_scheduler.cc:195] Sending 64 sample(s) to runner
        · tvm:contraction_abcd_aebf_fdec laeuft [  331s] … 2026-07-09 13:04:27 [INFO] [task_scheduler.cc:195] Sending 64 sample(s) to runner
        · tvm:contraction_abcd_aebf_fdec laeuft [  361s] … 2026-07-09 13:04:27 [INFO] [task_scheduler.cc:195] Sending 64 sample(s) to runner
        · tvm:contraction_abcd_aebf_fdec laeuft [  391s] … 2026-07-09 13:04:27 [INFO] [task_scheduler.cc:195] Sending 64 sample(s) to runner
        · tvm:contraction_abcd_aebf_fdec laeuft [  421s] … 2026-07-09 13:04:27 [INFO] [task_scheduler.cc:195] Sending 64 sample(s) to runner
        · tvm:contraction_abcd_aebf_fdec laeuft [  451s] … 2026-07-09 13:04:27 [INFO] [task_scheduler.cc:195] Sending 64 sample(s) to runner
        · tvm:contraction_abcd_aebf_fdec laeuft [  481s] … 2026-07-09 13:04:27 [INFO] [task_scheduler.cc:195] Sending 64 sample(s) to runner
        · tvm:contraction_abcd_aebf_fdec laeuft [  511s] … 2026-07-09 13:04:27 [INFO] [task_scheduler.cc:195] Sending 64 sample(s) to runner
        · tvm:contraction_abcd_aebf_fdec laeuft [  542s] … 2026-07-09 13:04:27 [INFO] [task_scheduler.cc:195] Sending 64 sample(s) to runner
        · tvm:contraction_abcd_aebf_fdec laeuft [  572s] … 2026-07-09 13:04:27 [INFO] [task_scheduler.cc:195] Sending 64 sample(s) to runner
        · tvm:contraction_abcd_aebf_fdec laeuft [  602s] … 2026-07-09 13:04:27 [INFO] [task_scheduler.cc:195] Sending 64 sample(s) to runner
        · tvm:contraction_abcd_aebf_fdec laeuft [  632s] … 2026-07-09 13:04:27 [INFO] [task_scheduler.cc:195] Sending 64 sample(s) to runner
        · tvm:contraction_abcd_aebf_fdec laeuft [  662s] … 2026-07-09 13:04:27 [INFO] [task_scheduler.cc:195] Sending 64 sample(s) to runner
        · tvm:contraction_abcd_aebf_fdec laeuft [  692s] … 2026-07-09 13:04:27 [INFO] [task_scheduler.cc:195] Sending 64 sample(s) to runner
        · tvm:contraction_abcd_aebf_fdec laeuft [  720s] … 2026-07-09 13:04:27 [INFO] [task_scheduler.cc:195] Sending 64 sample(s) to runner
        · tvm:contraction_abcd_aebf_fdec laeuft [  750s] … 2026-07-09 13:04:27 [INFO] [task_scheduler.cc:195] Sending 64 sample(s) to runner
        · tvm:contraction_abcd_aebf_fdec laeuft [  780s] … 2026-07-09 13:04:27 [INFO] [task_scheduler.cc:195] Sending 64 sample(s) to runner
        · tvm:contraction_abcd_aebf_fdec laeuft [  810s] … 2026-07-09 13:04:27 [INFO] [task_scheduler.cc:195] Sending 64 sample(s) to runner
        · tvm:contraction_abcd_aebf_fdec laeuft [  840s] … 2026-07-09 13:04:27 [INFO] [task_scheduler.cc:195] Sending 64 sample(s) to runner
        · tvm:contraction_abcd_aebf_fdec laeuft [  870s] … 2026-07-09 13:04:27 [INFO] [task_scheduler.cc:195] Sending 64 sample(s) to runner
        · tvm:contraction_abcd_aebf_fdec laeuft [  901s] … 2026-07-09 13:04:27 [INFO] [task_scheduler.cc:195] Sending 64 sample(s) to runner
        · tvm:contraction_abcd_aebf_fdec laeuft [  931s] … 2026-07-09 13:04:27 [INFO] [task_scheduler.cc:195] Sending 64 sample(s) to runner
        · tvm:contraction_abcd_aebf_fdec laeuft [  961s] … 2026-07-09 13:04:27 [INFO] [task_scheduler.cc:195] Sending 64 sample(s) to runner
        · tvm:contraction_abcd_aebf_fdec laeuft [  991s] … 2026-07-09 13:04:27 [INFO] [task_scheduler.cc:195] Sending 64 sample(s) to runner
        · tvm:contraction_abcd_aebf_fdec laeuft [ 1021s] … 2026-07-09 13:04:27 [INFO] [task_scheduler.cc:195] Sending 64 sample(s) to runner
        · tvm:contraction_abcd_aebf_fdec laeuft [ 1051s] … 2026-07-09 13:04:27 [INFO] [task_scheduler.cc:195] Sending 64 sample(s) to runner
        · tvm:contraction_abcd_aebf_fdec laeuft [ 1081s] … 2026-07-09 13:04:27 [INFO] [task_scheduler.cc:195] Sending 64 sample(s) to runner
        · tvm:contraction_abcd_aebf_fdec laeuft [ 1111s] … 2026-07-09 13:04:27 [INFO] [task_scheduler.cc:195] Sending 64 sample(s) to runner
        · tvm:contraction_abcd_aebf_fdec laeuft [ 1141s] … 2026-07-09 13:04:27 [INFO] [task_scheduler.cc:195] Sending 64 sample(s) to runner
        · tvm:contraction_abcd_aebf_fdec laeuft [ 1171s] … 2026-07-09 13:04:27 [INFO] [task_scheduler.cc:195] Sending 64 sample(s) to runner
        · tvm:contraction_abcd_aebf_fdec laeuft [ 1201s] … 2026-07-09 13:04:27 [INFO] [task_scheduler.cc:195] Sending 64 sample(s) to runner
        · tvm:contraction_abcd_aebf_fdec laeuft [ 1231s] … 2026-07-09 13:04:27 [INFO] [task_scheduler.cc:195] Sending 64 sample(s) to runner
        · tvm:contraction_abcd_aebf_fdec laeuft [ 1261s] … 2026-07-09 13:04:27 [INFO] [task_scheduler.cc:195] Sending 64 sample(s) to runner
        · tvm:contraction_abcd_aebf_fdec laeuft [ 1292s] … 2026-07-09 13:04:27 [INFO] [task_scheduler.cc:195] Sending 64 sample(s) to runner
        · tvm:contraction_abcd_aebf_fdec laeuft [ 1322s] … 2026-07-09 13:04:27 [INFO] [task_scheduler.cc:195] Sending 64 sample(s) to runner
        · tvm:contraction_abcd_aebf_fdec laeuft [ 1352s] … 2026-07-09 13:04:27 [INFO] [task_scheduler.cc:195] Sending 64 sample(s) to runner
        · tvm:contraction_abcd_aebf_fdec laeuft [ 1382s] … 2026-07-09 13:04:27 [INFO] [task_scheduler.cc:195] Sending 64 sample(s) to runner
        · tvm:contraction_abcd_aebf_fdec laeuft [ 1412s] … 2026-07-09 13:04:27 [INFO] [task_scheduler.cc:195] Sending 64 sample(s) to runner
        · tvm:contraction_abcd_aebf_fdec laeuft [ 1442s] … 2026-07-09 13:04:27 [INFO] [task_scheduler.cc:195] Sending 64 sample(s) to runner
=== GETT-Matrix: 48 Faelle | Stufen: ['tvm'] | Start 2026-07-09 13:29:38 ===
    Budgets: TEIR=30 Trials, TVM=200 Trials
    Timeouts[s]: torch=300 teir=1800 tvm=900

----- Stufe TVM -> tvm.csv (0 bereits erledigt) @ 2026-07-09 13:29:38 -----
  [tvm]  1/48 contraction_abc_bda_dc                 ... START @ 2026-07-09 13:29:38
        · tvm:contraction_abc_bda_dc laeuft [   30s] … 2026-07-09 13:29:45 [INFO] [task_scheduler.cc:195] Sending 64 sample(s) to runner
        · tvm:contraction_abc_bda_dc laeuft [   60s] … 2026-07-09 13:30:30 [INFO] [task_scheduler.cc:195] Sending 64 sample(s) to runner
=== GETT-Matrix: 48 Faelle | Stufen: ['tvm'] | Start 2026-07-09 13:31:09 ===
    Budgets: TEIR=30 Trials, TVM=200 Trials
    Timeouts[s]: torch=300 teir=1800 tvm=300

----- Stufe TVM -> tvm.csv (0 bereits erledigt) @ 2026-07-09 13:31:09 -----
  [tvm]  1/48 contraction_abc_bda_dc                 ... START @ 2026-07-09 13:31:09
        · tvm:contraction_abc_bda_dc laeuft [   30s] … 2026-07-09 13:31:16 [INFO] [task_scheduler.cc:195] Sending 64 sample(s) to runner
        · tvm:contraction_abc_bda_dc laeuft [   60s] … 2026-07-09 13:32:00 [INFO] [task_scheduler.cc:195] Sending 64 sample(s) to runner
        · tvm:contraction_abc_bda_dc laeuft [   90s] … 2026-07-09 13:32:00 [INFO] [task_scheduler.cc:195] Sending 64 sample(s) to runner
        · tvm:contraction_abc_bda_dc laeuft [  120s] … 2026-07-09 13:32:49 [INFO] [task_scheduler.cc:195] Sending 64 sample(s) to runner
  [tvm]  1/48 contraction_abc_bda_dc                 577.3 GFLOPS [ok]               146s  DONE @ 2026-07-09 13:33:35
  [tvm]  2/48 contraction_abc_dca_bd                 ... START @ 2026-07-09 13:33:35
        · tvm:contraction_abc_dca_bd laeuft [   30s] … 2026-07-09 13:33:44 [INFO] [task_scheduler.cc:195] Sending 64 sample(s) to runner
        · tvm:contraction_abc_dca_bd laeuft [   60s] … 2026-07-09 13:34:32 [INFO] [task_scheduler.cc:195] Sending 64 sample(s) to runner
        · tvm:contraction_abc_dca_bd laeuft [   90s] … 2026-07-09 13:34:32 [INFO] [task_scheduler.cc:195] Sending 64 sample(s) to runner
        · tvm:contraction_abc_dca_bd laeuft [  120s] … 2026-07-09 13:35:18 [INFO] [task_scheduler.cc:195] Sending 64 sample(s) to runner
  [tvm]  2/48 contraction_abc_dca_bd                 367.8 GFLOPS [ok]               149s  DONE @ 2026-07-09 13:36:04
  [tvm]  3/48 contraction_abcd_dbea_ec               ... START @ 2026-07-09 13:36:04
        · tvm:contraction_abcd_dbea_ec laeuft [   30s] … 2026-07-09 13:36:12 [INFO] [task_scheduler.cc:195] Sending 64 sample(s) to runner
        · tvm:contraction_abcd_dbea_ec laeuft [   60s] … 2026-07-09 13:36:12 [INFO] [task_scheduler.cc:195] Sending 64 sample(s) to runner
        · tvm:contraction_abcd_dbea_ec laeuft [   90s] … 2026-07-09 13:37:29 [INFO] [task_scheduler.cc:195] Sending 64 sample(s) to runner
        · tvm:contraction_abcd_dbea_ec laeuft [  120s] … 2026-07-09 13:37:29 [INFO] [task_scheduler.cc:195] Sending 64 sample(s) to runner
        · tvm:contraction_abcd_dbea_ec laeuft [  150s] … 2026-07-09 13:38:32 [INFO] [task_scheduler.cc:195] Sending 64 sample(s) to runner
        · tvm:contraction_abcd_dbea_ec laeuft [  181s] … 2026-07-09 13:38:32 [INFO] [task_scheduler.cc:195] Sending 64 sample(s) to runner
  [tvm]  3/48 contraction_abcd_dbea_ec               284.2 GFLOPS [ok]               204s  DONE @ 2026-07-09 13:39:28
  [tvm]  4/48 contraction_abcd_deca_be               ... START @ 2026-07-09 13:39:28
        · tvm:contraction_abcd_deca_be laeuft [   30s] … 2026-07-09 13:39:42 [INFO] [task_scheduler.cc:195] Sending 64 sample(s) to runner
        · tvm:contraction_abcd_deca_be laeuft [   60s] … 2026-07-09 13:39:42 [INFO] [task_scheduler.cc:195] Sending 64 sample(s) to runner
        · tvm:contraction_abcd_deca_be laeuft [   90s] … 2026-07-09 13:40:35 [INFO] [task_scheduler.cc:195] Sending 64 sample(s) to runner
        · tvm:contraction_abcd_deca_be laeuft [  120s] … 2026-07-09 13:41:28 [INFO] [task_scheduler.cc:193] Sending 64 sample(s) to builder
        · tvm:contraction_abcd_deca_be laeuft [  150s] … 2026-07-09 13:41:30 [INFO] [task_scheduler.cc:195] Sending 64 sample(s) to runner
  [tvm]  4/48 contraction_abcd_deca_be               332.9 GFLOPS [ok]               173s  DONE @ 2026-07-09 13:42:21
  [tvm]  5/48 contraction_abcd_ebad_ce               ... START @ 2026-07-09 13:42:21
        · tvm:contraction_abcd_ebad_ce laeuft [   30s] … 2026-07-09 13:42:29 [INFO] [task_scheduler.cc:195] Sending 64 sample(s) to runner
        · tvm:contraction_abcd_ebad_ce laeuft [   60s] … 2026-07-09 13:43:20 [INFO] [task_scheduler.cc:195] Sending 64 sample(s) to runner
        · tvm:contraction_abcd_ebad_ce laeuft [   90s] … 2026-07-09 13:43:20 [INFO] [task_scheduler.cc:195] Sending 64 sample(s) to runner
        · tvm:contraction_abcd_ebad_ce laeuft [  120s] … 2026-07-09 13:44:08 [INFO] [task_scheduler.cc:195] Sending 64 sample(s) to runner
        · tvm:contraction_abcd_ebad_ce laeuft [  150s] … 2026-07-09 13:44:49 [INFO] [task_scheduler.cc:180] TaskScheduler picks Task #0: "main"
  [tvm]  5/48 contraction_abcd_ebad_ce               529.2 GFLOPS [ok]               161s  DONE @ 2026-07-09 13:45:02
  [tvm]  6/48 contraction_abcde_efbad_cf             ... START @ 2026-07-09 13:45:02
        · tvm:contraction_abcde_efbad_cf laeuft [   30s] … 2026-07-09 13:45:12 [INFO] [task_scheduler.cc:195] Sending 64 sample(s) to runner
        · tvm:contraction_abcde_efbad_cf laeuft [   60s] … 2026-07-09 13:45:12 [INFO] [task_scheduler.cc:195] Sending 64 sample(s) to runner
        · tvm:contraction_abcde_efbad_cf laeuft [   90s] … 2026-07-09 13:46:26 [INFO] [task_scheduler.cc:195] Sending 64 sample(s) to runner
        · tvm:contraction_abcde_efbad_cf laeuft [  120s] … 2026-07-09 13:46:26 [INFO] [task_scheduler.cc:195] Sending 64 sample(s) to runner
        · tvm:contraction_abcde_efbad_cf laeuft [  150s] … 2026-07-09 13:46:26 [INFO] [task_scheduler.cc:195] Sending 64 sample(s) to runner
        · tvm:contraction_abcde_efbad_cf laeuft [  180s] … 2026-07-09 13:46:26 [INFO] [task_scheduler.cc:195] Sending 64 sample(s) to runner
        · tvm:contraction_abcde_efbad_cf laeuft [  211s] … 2026-07-09 13:48:20 [INFO] [task_scheduler.cc:195] Sending 64 sample(s) to runner
        · tvm:contraction_abcde_efbad_cf laeuft [  241s] … 2026-07-09 13:48:20 [INFO] [task_scheduler.cc:195] Sending 64 sample(s) to runner
        · tvm:contraction_abcde_efbad_cf laeuft [  271s] … 2026-07-09 13:49:32 [INFO] [task_scheduler.cc:193] Sending 8 sample(s) to builder
  [tvm]  6/48 contraction_abcde_efbad_cf             250.0 GFLOPS [ok]               281s  DONE @ 2026-07-09 13:49:43
  [tvm]  7/48 contraction_abcde_ecbfa_fd             ... START @ 2026-07-09 13:49:43
        · tvm:contraction_abcde_ecbfa_fd laeuft [   30s] … 2026-07-09 13:49:53 [INFO] [task_scheduler.cc:195] Sending 64 sample(s) to runner
        · tvm:contraction_abcde_ecbfa_fd laeuft [   60s] … 2026-07-09 13:49:53 [INFO] [task_scheduler.cc:195] Sending 64 sample(s) to runner
        · tvm:contraction_abcde_ecbfa_fd laeuft [   90s] … 2026-07-09 13:49:53 [INFO] [task_scheduler.cc:195] Sending 64 sample(s) to runner
        · tvm:contraction_abcde_ecbfa_fd laeuft [  120s] … 2026-07-09 13:51:40 [INFO] [task_scheduler.cc:195] Sending 64 sample(s) to runner
        · tvm:contraction_abcde_ecbfa_fd laeuft [  150s] … 2026-07-09 13:51:40 [INFO] [task_scheduler.cc:195] Sending 64 sample(s) to runner
        · tvm:contraction_abcde_ecbfa_fd laeuft [  180s] … 2026-07-09 13:51:40 [INFO] [task_scheduler.cc:195] Sending 64 sample(s) to runner
        · tvm:contraction_abcde_ecbfa_fd laeuft [  211s] … 2026-07-09 13:53:13 [INFO] [task_scheduler.cc:195] Sending 64 sample(s) to runner
        · tvm:contraction_abcde_ecbfa_fd laeuft [  241s] … 2026-07-09 13:53:13 [INFO] [task_scheduler.cc:195] Sending 64 sample(s) to runner
        · tvm:contraction_abcde_ecbfa_fd laeuft [  271s] … 2026-07-09 13:54:10 [INFO] [task_scheduler.cc:180] TaskScheduler picks Task #0: "main"
  [tvm]  7/48 contraction_abcde_ecbfa_fd             336.5 GFLOPS [ok]               284s  DONE @ 2026-07-09 13:54:27
  [tvm]  8/48 contraction_abcde_efcad_bf             ... START @ 2026-07-09 13:54:27
        · tvm:contraction_abcde_efcad_bf laeuft [   30s] … 2026-07-09 13:54:37 [INFO] [task_scheduler.cc:195] Sending 64 sample(s) to runner
        · tvm:contraction_abcde_efcad_bf laeuft [   60s] … 2026-07-09 13:54:37 [INFO] [task_scheduler.cc:195] Sending 64 sample(s) to runner
        · tvm:contraction_abcde_efcad_bf laeuft [   90s] … 2026-07-09 13:55:55 [INFO] [task_scheduler.cc:195] Sending 64 sample(s) to runner
        · tvm:contraction_abcde_efcad_bf laeuft [  120s] … 2026-07-09 13:55:55 [INFO] [task_scheduler.cc:195] Sending 64 sample(s) to runner
        · tvm:contraction_abcde_efcad_bf laeuft [  150s] … 2026-07-09 13:55:55 [INFO] [task_scheduler.cc:195] Sending 64 sample(s) to runner
        · tvm:contraction_abcde_efcad_bf laeuft [  181s] … 2026-07-09 13:57:11 [INFO] [task_scheduler.cc:195] Sending 64 sample(s) to runner
        · tvm:contraction_abcde_efcad_bf laeuft [  211s] … 2026-07-09 13:57:11 [INFO] [task_scheduler.cc:195] Sending 64 sample(s) to runner
  [tvm]  8/48 contraction_abcde_efcad_bf             291.5 GFLOPS [ok]               232s  DONE @ 2026-07-09 13:58:20
  [tvm]  9/48 contraction_abcd_ea_ebcd               ... START @ 2026-07-09 13:58:20
        · tvm:contraction_abcd_ea_ebcd laeuft [   30s] … 2026-07-09 13:58:29 [INFO] [task_scheduler.cc:195] Sending 64 sample(s) to runner
        · tvm:contraction_abcd_ea_ebcd laeuft [   60s] … 2026-07-09 13:58:29 [INFO] [task_scheduler.cc:195] Sending 64 sample(s) to runner
        · tvm:contraction_abcd_ea_ebcd laeuft [   90s] … 2026-07-09 13:58:29 [INFO] [task_scheduler.cc:195] Sending 64 sample(s) to runner
        · tvm:contraction_abcd_ea_ebcd laeuft [  120s] … 2026-07-09 14:00:03 [INFO] [task_scheduler.cc:195] Sending 64 sample(s) to runner
        · tvm:contraction_abcd_ea_ebcd laeuft [  150s] … 2026-07-09 14:00:03 [INFO] [task_scheduler.cc:195] Sending 64 sample(s) to runner
        · tvm:contraction_abcd_ea_ebcd laeuft [  181s] … 2026-07-09 14:00:03 [INFO] [task_scheduler.cc:195] Sending 64 sample(s) to runner
        · tvm:contraction_abcd_ea_ebcd laeuft [  211s] … 2026-07-09 14:01:40 [INFO] [task_scheduler.cc:195] Sending 64 sample(s) to runner
        · tvm:contraction_abcd_ea_ebcd laeuft [  241s] … 2026-07-09 14:01:40 [INFO] [task_scheduler.cc:195] Sending 64 sample(s) to runner
  [tvm]  9/48 contraction_abcd_ea_ebcd               636.2 GFLOPS [ok]               266s  DONE @ 2026-07-09 14:02:46
  [tvm] 10/48 contraction_abcd_eb_aecd               ... START @ 2026-07-09 14:02:46
        · tvm:contraction_abcd_eb_aecd laeuft [   30s] … 2026-07-09 14:02:54 [INFO] [task_scheduler.cc:195] Sending 64 sample(s) to runner
        · tvm:contraction_abcd_eb_aecd laeuft [   60s] … 2026-07-09 14:02:54 [INFO] [task_scheduler.cc:195] Sending 64 sample(s) to runner
        · tvm:contraction_abcd_eb_aecd laeuft [   90s] … 2026-07-09 14:04:08 [INFO] [task_scheduler.cc:195] Sending 64 sample(s) to runner
        · tvm:contraction_abcd_eb_aecd laeuft [  120s] … 2026-07-09 14:04:08 [INFO] [task_scheduler.cc:195] Sending 64 sample(s) to runner
        · tvm:contraction_abcd_eb_aecd laeuft [  151s] … 2026-07-09 14:04:08 [INFO] [task_scheduler.cc:195] Sending 64 sample(s) to runner
        · tvm:contraction_abcd_eb_aecd laeuft [  181s] … 2026-07-09 14:05:28 [INFO] [task_scheduler.cc:195] Sending 64 sample(s) to runner
        · tvm:contraction_abcd_eb_aecd laeuft [  211s] … 2026-07-09 14:06:13 [INFO] [task_scheduler.cc:180] TaskScheduler picks Task #0: "main"
  [tvm] 10/48 contraction_abcd_eb_aecd               426.8 GFLOPS [ok]               223s  DONE @ 2026-07-09 14:06:29
  [tvm] 11/48 contraction_abcd_ec_abed               ... START @ 2026-07-09 14:06:29
        · tvm:contraction_abcd_ec_abed laeuft [   30s] … 2026-07-09 14:06:37 [INFO] [task_scheduler.cc:195] Sending 64 sample(s) to runner
        · tvm:contraction_abcd_ec_abed laeuft [   60s] … 2026-07-09 14:06:37 [INFO] [task_scheduler.cc:195] Sending 64 sample(s) to runner
        · tvm:contraction_abcd_ec_abed laeuft [   90s] … 2026-07-09 14:07:43 [INFO] [task_scheduler.cc:195] Sending 63 sample(s) to runner
        · tvm:contraction_abcd_ec_abed laeuft [  120s] … 2026-07-09 14:07:43 [INFO] [task_scheduler.cc:195] Sending 63 sample(s) to runner
        · tvm:contraction_abcd_ec_abed laeuft [  151s] … 2026-07-09 14:08:56 [INFO] [task_scheduler.cc:195] Sending 64 sample(s) to runner
        · tvm:contraction_abcd_ec_abed laeuft [  181s] … 2026-07-09 14:08:56 [INFO] [task_scheduler.cc:195] Sending 64 sample(s) to runner
  [tvm] 11/48 contraction_abcd_ec_abed               652.6 GFLOPS [ok]               205s  DONE @ 2026-07-09 14:09:54
  [tvm] 12/48 contraction_ab_ac_cb                   ... START @ 2026-07-09 14:09:54
        · tvm:contraction_ab_ac_cb laeuft [   30s] … 2026-07-09 14:10:00 [INFO] [task_scheduler.cc:195] Sending 64 sample(s) to runner
        · tvm:contraction_ab_ac_cb laeuft [   60s] … 2026-07-09 14:10:00 [INFO] [task_scheduler.cc:195] Sending 64 sample(s) to runner
        · tvm:contraction_ab_ac_cb laeuft [   90s] … 2026-07-09 14:10:00 [INFO] [task_scheduler.cc:195] Sending 64 sample(s) to runner
        · tvm:contraction_ab_ac_cb laeuft [  120s] … 2026-07-09 14:10:00 [INFO] [task_scheduler.cc:195] Sending 64 sample(s) to runner
        · tvm:contraction_ab_ac_cb laeuft [  150s] … 2026-07-09 14:10:00 [INFO] [task_scheduler.cc:195] Sending 64 sample(s) to runner
        · tvm:contraction_ab_ac_cb laeuft [  181s] … 2026-07-09 14:10:00 [INFO] [task_scheduler.cc:195] Sending 64 sample(s) to runner
        · tvm:contraction_ab_ac_cb laeuft [  211s] … 2026-07-09 14:10:00 [INFO] [task_scheduler.cc:195] Sending 64 sample(s) to runner
        · tvm:contraction_ab_ac_cb laeuft [  241s] … 2026-07-09 14:10:00 [INFO] [task_scheduler.cc:195] Sending 64 sample(s) to runner
        · tvm:contraction_ab_ac_cb laeuft [  271s] … 2026-07-09 14:10:00 [INFO] [task_scheduler.cc:195] Sending 64 sample(s) to runner
        · tvm:contraction_ab_ac_cb laeuft [  301s] … 2026-07-09 14:10:00 [INFO] [task_scheduler.cc:195] Sending 64 sample(s) to runner
  [tvm] 12/48 contraction_ab_ac_cb                   TIMEOUT                         301s  DONE @ 2026-07-09 14:14:55
  [tvm] 13/48 contraction_ab_acd_dbc                 ... START @ 2026-07-09 14:14:55
        · tvm:contraction_ab_acd_dbc laeuft [   30s] … 2026-07-09 14:15:08 [INFO] [task_scheduler.cc:195] Sending 64 sample(s) to runner
        · tvm:contraction_ab_acd_dbc laeuft [   60s] … 2026-07-09 14:15:08 [INFO] [task_scheduler.cc:195] Sending 64 sample(s) to runner
        · tvm:contraction_ab_acd_dbc laeuft [   90s] … 2026-07-09 14:15:08 [INFO] [task_scheduler.cc:195] Sending 64 sample(s) to runner
        · tvm:contraction_ab_acd_dbc laeuft [  120s] … 2026-07-09 14:15:08 [INFO] [task_scheduler.cc:195] Sending 64 sample(s) to runner
        · tvm:contraction_ab_acd_dbc laeuft [  150s] … 2026-07-09 14:15:08 [INFO] [task_scheduler.cc:195] Sending 64 sample(s) to runner
        · tvm:contraction_ab_acd_dbc laeuft [  180s] … 2026-07-09 14:15:08 [INFO] [task_scheduler.cc:195] Sending 64 sample(s) to runner
        · tvm:contraction_ab_acd_dbc laeuft [  211s] … 2026-07-09 14:15:08 [INFO] [task_scheduler.cc:195] Sending 64 sample(s) to runner
        · tvm:contraction_ab_acd_dbc laeuft [  241s] … 2026-07-09 14:15:08 [INFO] [task_scheduler.cc:195] Sending 64 sample(s) to runner
        · tvm:contraction_ab_acd_dbc laeuft [  271s] … 2026-07-09 14:15:08 [INFO] [task_scheduler.cc:195] Sending 64 sample(s) to runner
        · tvm:contraction_ab_acd_dbc laeuft [  301s] … 2026-07-09 14:19:37 [INFO] [task_scheduler.cc:195] Sending 63 sample(s) to runner
  [tvm] 13/48 contraction_ab_acd_dbc                 322.3 GFLOPS [partial-timeout]    301s  DONE @ 2026-07-09 14:19:56
  [tvm] 14/48 contraction_ab_cad_dcb                 ... START @ 2026-07-09 14:19:56
        · tvm:contraction_ab_cad_dcb laeuft [   30s] … 2026-07-09 14:20:03 [INFO] [task_scheduler.cc:195] Sending 63 sample(s) to runner
        · tvm:contraction_ab_cad_dcb laeuft [   60s] … 2026-07-09 14:20:03 [INFO] [task_scheduler.cc:195] Sending 63 sample(s) to runner
        · tvm:contraction_ab_cad_dcb laeuft [   90s] … 2026-07-09 14:20:03 [INFO] [task_scheduler.cc:195] Sending 63 sample(s) to runner
        · tvm:contraction_ab_cad_dcb laeuft [  120s] … 2026-07-09 14:20:03 [INFO] [task_scheduler.cc:195] Sending 63 sample(s) to runner
        · tvm:contraction_ab_cad_dcb laeuft [  150s] … 2026-07-09 14:20:03 [INFO] [task_scheduler.cc:195] Sending 63 sample(s) to runner
        · tvm:contraction_ab_cad_dcb laeuft [  181s] … 2026-07-09 14:20:03 [INFO] [task_scheduler.cc:195] Sending 63 sample(s) to runner
        · tvm:contraction_ab_cad_dcb laeuft [  211s] … 2026-07-09 14:20:03 [INFO] [task_scheduler.cc:195] Sending 63 sample(s) to runner
        · tvm:contraction_ab_cad_dcb laeuft [  241s] … 2026-07-09 14:20:03 [INFO] [task_scheduler.cc:195] Sending 63 sample(s) to runner
        · tvm:contraction_ab_cad_dcb laeuft [  271s] … 2026-07-09 14:20:03 [INFO] [task_scheduler.cc:195] Sending 63 sample(s) to runner
        · tvm:contraction_ab_cad_dcb laeuft [  301s] … 2026-07-09 14:20:03 [INFO] [task_scheduler.cc:195] Sending 63 sample(s) to runner
  [tvm] 14/48 contraction_ab_cad_dcb                 TIMEOUT                         301s  DONE @ 2026-07-09 14:24:57
  [tvm] 15/48 contraction_abc_acd_db                 ... START @ 2026-07-09 14:24:57
        · tvm:contraction_abc_acd_db laeuft [   30s] … 2026-07-09 14:25:09 [INFO] [task_scheduler.cc:195] Sending 63 sample(s) to runner
        · tvm:contraction_abc_acd_db laeuft [   60s] … 2026-07-09 14:25:09 [INFO] [task_scheduler.cc:195] Sending 63 sample(s) to runner
        · tvm:contraction_abc_acd_db laeuft [   90s] … 2026-07-09 14:25:09 [INFO] [task_scheduler.cc:195] Sending 63 sample(s) to runner
        · tvm:contraction_abc_acd_db laeuft [  120s] … 2026-07-09 14:25:09 [INFO] [task_scheduler.cc:195] Sending 63 sample(s) to runner
        · tvm:contraction_abc_acd_db laeuft [  150s] … 2026-07-09 14:25:09 [INFO] [task_scheduler.cc:195] Sending 63 sample(s) to runner
        · tvm:contraction_abc_acd_db laeuft [  181s] … 2026-07-09 14:25:09 [INFO] [task_scheduler.cc:195] Sending 63 sample(s) to runner
        · tvm:contraction_abc_acd_db laeuft [  211s] … 2026-07-09 14:28:03 [INFO] [task_scheduler.cc:195] Sending 64 sample(s) to runner
        · tvm:contraction_abc_acd_db laeuft [  241s] … 2026-07-09 14:28:03 [INFO] [task_scheduler.cc:195] Sending 64 sample(s) to runner
        · tvm:contraction_abc_acd_db laeuft [  271s] … 2026-07-09 14:28:03 [INFO] [task_scheduler.cc:195] Sending 64 sample(s) to runner
        · tvm:contraction_abc_acd_db laeuft [  301s] … 2026-07-09 14:28:03 [INFO] [task_scheduler.cc:195] Sending 64 sample(s) to runner
  [tvm] 15/48 contraction_abc_acd_db                 517.8 GFLOPS [partial-timeout]    301s  DONE @ 2026-07-09 14:29:58
  [tvm] 16/48 contraction_abc_ad_bdc                 ... START @ 2026-07-09 14:29:58
        · tvm:contraction_abc_ad_bdc laeuft [   30s] … 2026-07-09 14:30:16 [INFO] [task_scheduler.cc:195] Sending 64 sample(s) to runner
        · tvm:contraction_abc_ad_bdc laeuft [   60s] … 2026-07-09 14:30:16 [INFO] [task_scheduler.cc:195] Sending 64 sample(s) to runner
        · tvm:contraction_abc_ad_bdc laeuft [   90s] … 2026-07-09 14:30:16 [INFO] [task_scheduler.cc:195] Sending 64 sample(s) to runner
        · tvm:contraction_abc_ad_bdc laeuft [  120s] … 2026-07-09 14:30:16 [INFO] [task_scheduler.cc:195] Sending 64 sample(s) to runner
        · tvm:contraction_abc_ad_bdc laeuft [  151s] … 2026-07-09 14:30:16 [INFO] [task_scheduler.cc:195] Sending 64 sample(s) to runner
        · tvm:contraction_abc_ad_bdc laeuft [  181s] … 2026-07-09 14:32:39 [INFO] [task_scheduler.cc:195] Sending 64 sample(s) to runner
        · tvm:contraction_abc_ad_bdc laeuft [  211s] … 2026-07-09 14:32:39 [INFO] [task_scheduler.cc:195] Sending 64 sample(s) to runner
        · tvm:contraction_abc_ad_bdc laeuft [  241s] … 2026-07-09 14:32:39 [INFO] [task_scheduler.cc:195] Sending 64 sample(s) to runner
        · tvm:contraction_abc_ad_bdc laeuft [  271s] … 2026-07-09 14:32:39 [INFO] [task_scheduler.cc:195] Sending 64 sample(s) to runner
        · tvm:contraction_abc_ad_bdc laeuft [  301s] … 2026-07-09 14:32:39 [INFO] [task_scheduler.cc:195] Sending 64 sample(s) to runner
  [tvm] 16/48 contraction_abc_ad_bdc                 703.3 GFLOPS [partial-timeout]    301s  DONE @ 2026-07-09 14:34:59
  [tvm] 17/48 contraction_abc_adc_bd                 ... START @ 2026-07-09 14:34:59
        · tvm:contraction_abc_adc_bd laeuft [   30s] … 2026-07-09 14:35:08 [INFO] [task_scheduler.cc:195] Sending 64 sample(s) to runner
        · tvm:contraction_abc_adc_bd laeuft [   60s] … 2026-07-09 14:35:08 [INFO] [task_scheduler.cc:195] Sending 64 sample(s) to runner
        · tvm:contraction_abc_adc_bd laeuft [   90s] … 2026-07-09 14:35:08 [INFO] [task_scheduler.cc:195] Sending 64 sample(s) to runner
        · tvm:contraction_abc_adc_bd laeuft [  120s] … 2026-07-09 14:35:08 [INFO] [task_scheduler.cc:195] Sending 64 sample(s) to runner
        · tvm:contraction_abc_adc_bd laeuft [  150s] … 2026-07-09 14:35:08 [INFO] [task_scheduler.cc:195] Sending 64 sample(s) to runner
        · tvm:contraction_abc_adc_bd laeuft [  181s] … 2026-07-09 14:37:50 [INFO] [task_scheduler.cc:195] Sending 64 sample(s) to runner
        · tvm:contraction_abc_adc_bd laeuft [  211s] … 2026-07-09 14:37:50 [INFO] [task_scheduler.cc:195] Sending 64 sample(s) to runner
        · tvm:contraction_abc_adc_bd laeuft [  241s] … 2026-07-09 14:37:50 [INFO] [task_scheduler.cc:195] Sending 64 sample(s) to runner
        · tvm:contraction_abc_adc_bd laeuft [  271s] … 2026-07-09 14:37:50 [INFO] [task_scheduler.cc:195] Sending 64 sample(s) to runner
        · tvm:contraction_abc_adc_bd laeuft [  301s] … 2026-07-09 14:37:50 [INFO] [task_scheduler.cc:195] Sending 64 sample(s) to runner
  [tvm] 17/48 contraction_abc_adc_bd                 589.3 GFLOPS [partial-timeout]    301s  DONE @ 2026-07-09 14:40:00
  [tvm] 18/48 contraction_abc_adc_db                 ... START @ 2026-07-09 14:40:00
        · tvm:contraction_abc_adc_db laeuft [   30s] … 2026-07-09 14:40:10 [INFO] [task_scheduler.cc:195] Sending 64 sample(s) to runner
        · tvm:contraction_abc_adc_db laeuft [   60s] … 2026-07-09 14:40:10 [INFO] [task_scheduler.cc:195] Sending 64 sample(s) to runner
        · tvm:contraction_abc_adc_db laeuft [   90s] … 2026-07-09 14:40:10 [INFO] [task_scheduler.cc:195] Sending 64 sample(s) to runner
        · tvm:contraction_abc_adc_db laeuft [  120s] … 2026-07-09 14:40:10 [INFO] [task_scheduler.cc:195] Sending 64 sample(s) to runner
        · tvm:contraction_abc_adc_db laeuft [  150s] … 2026-07-09 14:40:10 [INFO] [task_scheduler.cc:195] Sending 64 sample(s) to runner
        · tvm:contraction_abc_adc_db laeuft [  181s] … 2026-07-09 14:40:10 [INFO] [task_scheduler.cc:195] Sending 64 sample(s) to runner
        · tvm:contraction_abc_adc_db laeuft [  211s] … 2026-07-09 14:40:10 [INFO] [task_scheduler.cc:195] Sending 64 sample(s) to runner
        · tvm:contraction_abc_adc_db laeuft [  241s] … 2026-07-09 14:43:45 [INFO] [task_scheduler.cc:195] Sending 64 sample(s) to runner
        · tvm:contraction_abc_adc_db laeuft [  271s] … 2026-07-09 14:43:45 [INFO] [task_scheduler.cc:195] Sending 64 sample(s) to runner
        · tvm:contraction_abc_adc_db laeuft [  301s] … 2026-07-09 14:43:45 [INFO] [task_scheduler.cc:195] Sending 64 sample(s) to runner
  [tvm] 18/48 contraction_abc_adc_db                 882.3 GFLOPS [partial-timeout]    301s  DONE @ 2026-07-09 14:45:01
  [tvm] 19/48 contraction_abc_adec_ebd               ... START @ 2026-07-09 14:45:01
        · tvm:contraction_abc_adec_ebd laeuft [   30s] … 2026-07-09 14:45:09 [INFO] [task_scheduler.cc:195] Sending 64 sample(s) to runner
        · tvm:contraction_abc_adec_ebd laeuft [   60s] … 2026-07-09 14:45:09 [INFO] [task_scheduler.cc:195] Sending 64 sample(s) to runner
        · tvm:contraction_abc_adec_ebd laeuft [   90s] … 2026-07-09 14:46:31 [INFO] [task_scheduler.cc:195] Sending 63 sample(s) to runner
        · tvm:contraction_abc_adec_ebd laeuft [  120s] … 2026-07-09 14:46:31 [INFO] [task_scheduler.cc:195] Sending 63 sample(s) to runner
        · tvm:contraction_abc_adec_ebd laeuft [  150s] … 2026-07-09 14:46:31 [INFO] [task_scheduler.cc:195] Sending 63 sample(s) to runner
        · tvm:contraction_abc_adec_ebd laeuft [  181s] … 2026-07-09 14:47:53 [INFO] [task_scheduler.cc:195] Sending 64 sample(s) to runner
        · tvm:contraction_abc_adec_ebd laeuft [  211s] … 2026-07-09 14:48:31 [INFO] [task_scheduler.cc:180] TaskScheduler picks Task #0: "main"
  [tvm] 19/48 contraction_abc_adec_ebd               795.6 GFLOPS [ok]               222s  DONE @ 2026-07-09 14:48:43
  [tvm] 20/48 contraction_abcd_aebf_dfce             ... START @ 2026-07-09 14:48:43
        · tvm:contraction_abcd_aebf_dfce laeuft [   30s] … 2026-07-09 14:48:51 [INFO] [task_scheduler.cc:195] Sending 64 sample(s) to runner
        · tvm:contraction_abcd_aebf_dfce laeuft [   60s] … 2026-07-09 14:48:51 [INFO] [task_scheduler.cc:195] Sending 64 sample(s) to runner
        · tvm:contraction_abcd_aebf_dfce laeuft [   90s] … 2026-07-09 14:48:51 [INFO] [task_scheduler.cc:195] Sending 64 sample(s) to runner
        · tvm:contraction_abcd_aebf_dfce laeuft [  120s] … 2026-07-09 14:48:51 [INFO] [task_scheduler.cc:195] Sending 64 sample(s) to runner
        · tvm:contraction_abcd_aebf_dfce laeuft [  151s] … 2026-07-09 14:48:51 [INFO] [task_scheduler.cc:195] Sending 64 sample(s) to runner
        · tvm:contraction_abcd_aebf_dfce laeuft [  181s] … 2026-07-09 14:48:51 [INFO] [task_scheduler.cc:195] Sending 64 sample(s) to runner
        · tvm:contraction_abcd_aebf_dfce laeuft [  211s] … 2026-07-09 14:48:51 [INFO] [task_scheduler.cc:195] Sending 64 sample(s) to runner
        · tvm:contraction_abcd_aebf_dfce laeuft [  241s] … 2026-07-09 14:48:51 [INFO] [task_scheduler.cc:195] Sending 64 sample(s) to runner
        · tvm:contraction_abcd_aebf_dfce laeuft [  271s] … 2026-07-09 14:48:51 [INFO] [task_scheduler.cc:195] Sending 64 sample(s) to runner
        · tvm:contraction_abcd_aebf_dfce laeuft [  301s] … 2026-07-09 14:48:51 [INFO] [task_scheduler.cc:195] Sending 64 sample(s) to runner
  [tvm] 20/48 contraction_abcd_aebf_dfce             TIMEOUT                         301s  DONE @ 2026-07-09 14:53:44
  [tvm] 21/48 contraction_abcd_aebf_fdec             ... START @ 2026-07-09 14:53:44
        · tvm:contraction_abcd_aebf_fdec laeuft [   30s] … 2026-07-09 14:53:56 [INFO] [task_scheduler.cc:195] Sending 64 sample(s) to runner
        · tvm:contraction_abcd_aebf_fdec laeuft [   60s] … 2026-07-09 14:53:56 [INFO] [task_scheduler.cc:195] Sending 64 sample(s) to runner
        · tvm:contraction_abcd_aebf_fdec laeuft [   90s] … 2026-07-09 14:53:56 [INFO] [task_scheduler.cc:195] Sending 64 sample(s) to runner
        · tvm:contraction_abcd_aebf_fdec laeuft [  120s] … 2026-07-09 14:53:56 [INFO] [task_scheduler.cc:195] Sending 64 sample(s) to runner
        · tvm:contraction_abcd_aebf_fdec laeuft [  150s] … 2026-07-09 14:53:56 [INFO] [task_scheduler.cc:195] Sending 64 sample(s) to runner
        · tvm:contraction_abcd_aebf_fdec laeuft [  181s] … 2026-07-09 14:53:56 [INFO] [task_scheduler.cc:195] Sending 64 sample(s) to runner
        · tvm:contraction_abcd_aebf_fdec laeuft [  211s] … 2026-07-09 14:53:56 [INFO] [task_scheduler.cc:195] Sending 64 sample(s) to runner
        · tvm:contraction_abcd_aebf_fdec laeuft [  241s] … 2026-07-09 14:53:56 [INFO] [task_scheduler.cc:195] Sending 64 sample(s) to runner
        · tvm:contraction_abcd_aebf_fdec laeuft [  271s] … 2026-07-09 14:53:56 [INFO] [task_scheduler.cc:195] Sending 64 sample(s) to runner
        · tvm:contraction_abcd_aebf_fdec laeuft [  301s] … 2026-07-09 14:53:56 [INFO] [task_scheduler.cc:195] Sending 64 sample(s) to runner
  [tvm] 21/48 contraction_abcd_aebf_fdec             TIMEOUT                         301s  DONE @ 2026-07-09 14:58:45
  [tvm] 22/48 contraction_abcd_aecf_bfde             ... START @ 2026-07-09 14:58:45
        · tvm:contraction_abcd_aecf_bfde laeuft [   30s] … 2026-07-09 14:58:59 [INFO] [task_scheduler.cc:195] Sending 64 sample(s) to runner
        · tvm:contraction_abcd_aecf_bfde laeuft [   60s] … 2026-07-09 14:58:59 [INFO] [task_scheduler.cc:195] Sending 64 sample(s) to runner
        · tvm:contraction_abcd_aecf_bfde laeuft [   90s] … 2026-07-09 14:58:59 [INFO] [task_scheduler.cc:195] Sending 64 sample(s) to runner
        · tvm:contraction_abcd_aecf_bfde laeuft [  120s] … 2026-07-09 14:58:59 [INFO] [task_scheduler.cc:195] Sending 64 sample(s) to runner
        · tvm:contraction_abcd_aecf_bfde laeuft [  150s] … 2026-07-09 14:58:59 [INFO] [task_scheduler.cc:195] Sending 64 sample(s) to runner
        · tvm:contraction_abcd_aecf_bfde laeuft [  181s] … 2026-07-09 14:58:59 [INFO] [task_scheduler.cc:195] Sending 64 sample(s) to runner
        · tvm:contraction_abcd_aecf_bfde laeuft [  211s] … 2026-07-09 14:58:59 [INFO] [task_scheduler.cc:195] Sending 64 sample(s) to runner
        · tvm:contraction_abcd_aecf_bfde laeuft [  241s] … 2026-07-09 14:58:59 [INFO] [task_scheduler.cc:195] Sending 64 sample(s) to runner
        · tvm:contraction_abcd_aecf_bfde laeuft [  271s] … 2026-07-09 14:58:59 [INFO] [task_scheduler.cc:195] Sending 64 sample(s) to runner
        · tvm:contraction_abcd_aecf_bfde laeuft [  301s] … 2026-07-09 14:58:59 [INFO] [task_scheduler.cc:195] Sending 64 sample(s) to runner
  [tvm] 22/48 contraction_abcd_aecf_bfde             TIMEOUT                         301s  DONE @ 2026-07-09 15:03:46
  [tvm] 23/48 contraction_abcd_aecf_fbed             ... START @ 2026-07-09 15:03:46
        · tvm:contraction_abcd_aecf_fbed laeuft [   30s] … 2026-07-09 15:04:02 [INFO] [task_scheduler.cc:195] Sending 64 sample(s) to runner
        · tvm:contraction_abcd_aecf_fbed laeuft [   60s] … 2026-07-09 15:04:02 [INFO] [task_scheduler.cc:195] Sending 64 sample(s) to runner
        · tvm:contraction_abcd_aecf_fbed laeuft [   90s] … 2026-07-09 15:04:02 [INFO] [task_scheduler.cc:195] Sending 64 sample(s) to runner
        · tvm:contraction_abcd_aecf_fbed laeuft [  120s] … 2026-07-09 15:04:02 [INFO] [task_scheduler.cc:195] Sending 64 sample(s) to runner
        · tvm:contraction_abcd_aecf_fbed laeuft [  150s] … 2026-07-09 15:04:02 [INFO] [task_scheduler.cc:195] Sending 64 sample(s) to runner
        · tvm:contraction_abcd_aecf_fbed laeuft [  181s] … 2026-07-09 15:04:02 [INFO] [task_scheduler.cc:195] Sending 64 sample(s) to runner
        · tvm:contraction_abcd_aecf_fbed laeuft [  211s] … 2026-07-09 15:04:02 [INFO] [task_scheduler.cc:195] Sending 64 sample(s) to runner
        · tvm:contraction_abcd_aecf_fbed laeuft [  241s] … 2026-07-09 15:04:02 [INFO] [task_scheduler.cc:195] Sending 64 sample(s) to runner
        · tvm:contraction_abcd_aecf_fbed laeuft [  271s] … 2026-07-09 15:04:02 [INFO] [task_scheduler.cc:195] Sending 64 sample(s) to runner
        · tvm:contraction_abcd_aecf_fbed laeuft [  301s] … 2026-07-09 15:04:02 [INFO] [task_scheduler.cc:195] Sending 64 sample(s) to runner
  [tvm] 23/48 contraction_abcd_aecf_fbed             TIMEOUT                         301s  DONE @ 2026-07-09 15:08:47
  [tvm] 24/48 contraction_abcd_aedf_bfce             ... START @ 2026-07-09 15:08:47
        · tvm:contraction_abcd_aedf_bfce laeuft [   30s] … 2026-07-09 15:08:59 [INFO] [task_scheduler.cc:195] Sending 64 sample(s) to runner
        · tvm:contraction_abcd_aedf_bfce laeuft [   60s] … 2026-07-09 15:08:59 [INFO] [task_scheduler.cc:195] Sending 64 sample(s) to runner
        · tvm:contraction_abcd_aedf_bfce laeuft [   90s] … 2026-07-09 15:08:59 [INFO] [task_scheduler.cc:195] Sending 64 sample(s) to runner
        · tvm:contraction_abcd_aedf_bfce laeuft [  120s] … 2026-07-09 15:08:59 [INFO] [task_scheduler.cc:195] Sending 64 sample(s) to runner
        · tvm:contraction_abcd_aedf_bfce laeuft [  150s] … 2026-07-09 15:08:59 [INFO] [task_scheduler.cc:195] Sending 64 sample(s) to runner
        · tvm:contraction_abcd_aedf_bfce laeuft [  180s] … 2026-07-09 15:08:59 [INFO] [task_scheduler.cc:195] Sending 64 sample(s) to runner
        · tvm:contraction_abcd_aedf_bfce laeuft [  211s] … 2026-07-09 15:08:59 [INFO] [task_scheduler.cc:195] Sending 64 sample(s) to runner
        · tvm:contraction_abcd_aedf_bfce laeuft [  241s] … 2026-07-09 15:08:59 [INFO] [task_scheduler.cc:195] Sending 64 sample(s) to runner
        · tvm:contraction_abcd_aedf_bfce laeuft [  271s] … 2026-07-09 15:08:59 [INFO] [task_scheduler.cc:195] Sending 64 sample(s) to runner
        · tvm:contraction_abcd_aedf_bfce laeuft [  301s] … 2026-07-09 15:08:59 [INFO] [task_scheduler.cc:195] Sending 64 sample(s) to runner
  [tvm] 24/48 contraction_abcd_aedf_bfce             TIMEOUT                         301s  DONE @ 2026-07-09 15:13:48
  [tvm] 25/48 contraction_abcd_aedf_fbec             ... START @ 2026-07-09 15:13:48
        · tvm:contraction_abcd_aedf_fbec laeuft [   30s] … 2026-07-09 15:14:04 [INFO] [task_scheduler.cc:195] Sending 63 sample(s) to runner
        · tvm:contraction_abcd_aedf_fbec laeuft [   60s] … 2026-07-09 15:14:04 [INFO] [task_scheduler.cc:195] Sending 63 sample(s) to runner
        · tvm:contraction_abcd_aedf_fbec laeuft [   90s] … 2026-07-09 15:14:04 [INFO] [task_scheduler.cc:195] Sending 63 sample(s) to runner
        · tvm:contraction_abcd_aedf_fbec laeuft [  120s] … 2026-07-09 15:14:04 [INFO] [task_scheduler.cc:195] Sending 63 sample(s) to runner
        · tvm:contraction_abcd_aedf_fbec laeuft [  150s] … 2026-07-09 15:14:04 [INFO] [task_scheduler.cc:195] Sending 63 sample(s) to runner
        · tvm:contraction_abcd_aedf_fbec laeuft [  181s] … 2026-07-09 15:14:04 [INFO] [task_scheduler.cc:195] Sending 63 sample(s) to runner
        · tvm:contraction_abcd_aedf_fbec laeuft [  211s] … 2026-07-09 15:14:04 [INFO] [task_scheduler.cc:195] Sending 63 sample(s) to runner
        · tvm:contraction_abcd_aedf_fbec laeuft [  241s] … 2026-07-09 15:14:04 [INFO] [task_scheduler.cc:195] Sending 63 sample(s) to runner
        · tvm:contraction_abcd_aedf_fbec laeuft [  271s] … 2026-07-09 15:14:04 [INFO] [task_scheduler.cc:195] Sending 63 sample(s) to runner
        · tvm:contraction_abcd_aedf_fbec laeuft [  301s] … 2026-07-09 15:14:04 [INFO] [task_scheduler.cc:195] Sending 63 sample(s) to runner
  [tvm] 25/48 contraction_abcd_aedf_fbec             TIMEOUT                         301s  DONE @ 2026-07-09 15:18:49
  [tvm] 26/48 contraction_abcd_aefb_fdce             ... START @ 2026-07-09 15:18:49
        · tvm:contraction_abcd_aefb_fdce laeuft [   30s] … 2026-07-09 15:19:10 [INFO] [task_scheduler.cc:195] Sending 64 sample(s) to runner
        · tvm:contraction_abcd_aefb_fdce laeuft [   60s] … 2026-07-09 15:19:10 [INFO] [task_scheduler.cc:195] Sending 64 sample(s) to runner
        · tvm:contraction_abcd_aefb_fdce laeuft [   90s] … 2026-07-09 15:19:10 [INFO] [task_scheduler.cc:195] Sending 64 sample(s) to runner
        · tvm:contraction_abcd_aefb_fdce laeuft [  120s] … 2026-07-09 15:19:10 [INFO] [task_scheduler.cc:195] Sending 64 sample(s) to runner
        · tvm:contraction_abcd_aefb_fdce laeuft [  150s] … 2026-07-09 15:19:10 [INFO] [task_scheduler.cc:195] Sending 64 sample(s) to runner
        · tvm:contraction_abcd_aefb_fdce laeuft [  181s] … 2026-07-09 15:19:10 [INFO] [task_scheduler.cc:195] Sending 64 sample(s) to runner
        · tvm:contraction_abcd_aefb_fdce laeuft [  211s] … 2026-07-09 15:19:10 [INFO] [task_scheduler.cc:195] Sending 64 sample(s) to runner
        · tvm:contraction_abcd_aefb_fdce laeuft [  241s] … 2026-07-09 15:19:10 [INFO] [task_scheduler.cc:195] Sending 64 sample(s) to runner
        · tvm:contraction_abcd_aefb_fdce laeuft [  271s] … 2026-07-09 15:19:10 [INFO] [task_scheduler.cc:195] Sending 64 sample(s) to runner
        · tvm:contraction_abcd_aefb_fdce laeuft [  301s] … 2026-07-09 15:19:10 [INFO] [task_scheduler.cc:195] Sending 64 sample(s) to runner
  [tvm] 26/48 contraction_abcd_aefb_fdce             TIMEOUT                         301s  DONE @ 2026-07-09 15:23:50
  [tvm] 27/48 contraction_abcd_aefc_fbed             ... START @ 2026-07-09 15:23:50
        · tvm:contraction_abcd_aefc_fbed laeuft [   30s] … 2026-07-09 15:24:02 [INFO] [task_scheduler.cc:195] Sending 64 sample(s) to runner
        · tvm:contraction_abcd_aefc_fbed laeuft [   60s] … 2026-07-09 15:24:02 [INFO] [task_scheduler.cc:195] Sending 64 sample(s) to runner
        · tvm:contraction_abcd_aefc_fbed laeuft [   90s] … 2026-07-09 15:24:02 [INFO] [task_scheduler.cc:195] Sending 64 sample(s) to runner
        · tvm:contraction_abcd_aefc_fbed laeuft [  120s] … 2026-07-09 15:24:02 [INFO] [task_scheduler.cc:195] Sending 64 sample(s) to runner
        · tvm:contraction_abcd_aefc_fbed laeuft [  150s] … 2026-07-09 15:24:02 [INFO] [task_scheduler.cc:195] Sending 64 sample(s) to runner
        · tvm:contraction_abcd_aefc_fbed laeuft [  180s] … 2026-07-09 15:24:02 [INFO] [task_scheduler.cc:195] Sending 64 sample(s) to runner
        · tvm:contraction_abcd_aefc_fbed laeuft [  211s] … 2026-07-09 15:24:02 [INFO] [task_scheduler.cc:195] Sending 64 sample(s) to runner
        · tvm:contraction_abcd_aefc_fbed laeuft [  241s] … 2026-07-09 15:24:02 [INFO] [task_scheduler.cc:195] Sending 64 sample(s) to runner
        · tvm:contraction_abcd_aefc_fbed laeuft [  271s] … 2026-07-09 15:24:02 [INFO] [task_scheduler.cc:195] Sending 64 sample(s) to runner
        · tvm:contraction_abcd_aefc_fbed laeuft [  301s] … 2026-07-09 15:24:02 [INFO] [task_scheduler.cc:195] Sending 64 sample(s) to runner
  [tvm] 27/48 contraction_abcd_aefc_fbed             TIMEOUT                         301s  DONE @ 2026-07-09 15:28:51
  [tvm] 28/48 contraction_abcd_eafb_fdec             ... START @ 2026-07-09 15:28:51
        · tvm:contraction_abcd_eafb_fdec laeuft [   30s] … 2026-07-09 15:29:10 [INFO] [task_scheduler.cc:195] Sending 63 sample(s) to runner
        · tvm:contraction_abcd_eafb_fdec laeuft [   60s] … 2026-07-09 15:29:10 [INFO] [task_scheduler.cc:195] Sending 63 sample(s) to runner
        · tvm:contraction_abcd_eafb_fdec laeuft [   90s] … 2026-07-09 15:29:10 [INFO] [task_scheduler.cc:195] Sending 63 sample(s) to runner
        · tvm:contraction_abcd_eafb_fdec laeuft [  120s] … 2026-07-09 15:29:10 [INFO] [task_scheduler.cc:195] Sending 63 sample(s) to runner
        · tvm:contraction_abcd_eafb_fdec laeuft [  150s] … 2026-07-09 15:29:10 [INFO] [task_scheduler.cc:195] Sending 63 sample(s) to runner
        · tvm:contraction_abcd_eafb_fdec laeuft [  181s] … 2026-07-09 15:29:10 [INFO] [task_scheduler.cc:195] Sending 63 sample(s) to runner
        · tvm:contraction_abcd_eafb_fdec laeuft [  211s] … 2026-07-09 15:29:10 [INFO] [task_scheduler.cc:195] Sending 63 sample(s) to runner
        · tvm:contraction_abcd_eafb_fdec laeuft [  241s] … 2026-07-09 15:29:10 [INFO] [task_scheduler.cc:195] Sending 63 sample(s) to runner
        · tvm:contraction_abcd_eafb_fdec laeuft [  271s] … 2026-07-09 15:29:10 [INFO] [task_scheduler.cc:195] Sending 63 sample(s) to runner
        · tvm:contraction_abcd_eafb_fdec laeuft [  301s] … 2026-07-09 15:29:10 [INFO] [task_scheduler.cc:195] Sending 63 sample(s) to runner
  [tvm] 28/48 contraction_abcd_eafb_fdec             TIMEOUT                         301s  DONE @ 2026-07-09 15:33:52
  [tvm] 29/48 contraction_abcd_eafc_bfde             ... START @ 2026-07-09 15:33:52
        · tvm:contraction_abcd_eafc_bfde laeuft [   30s] … 2026-07-09 15:34:13 [INFO] [task_scheduler.cc:193] Sending 64 sample(s) to builder
        · tvm:contraction_abcd_eafc_bfde laeuft [   60s] … 2026-07-09 15:34:22 [INFO] [task_scheduler.cc:195] Sending 64 sample(s) to runner
        · tvm:contraction_abcd_eafc_bfde laeuft [   90s] … 2026-07-09 15:34:22 [INFO] [task_scheduler.cc:195] Sending 64 sample(s) to runner
        · tvm:contraction_abcd_eafc_bfde laeuft [  120s] … 2026-07-09 15:34:22 [INFO] [task_scheduler.cc:195] Sending 64 sample(s) to runner
        · tvm:contraction_abcd_eafc_bfde laeuft [  150s] … 2026-07-09 15:34:22 [INFO] [task_scheduler.cc:195] Sending 64 sample(s) to runner
        · tvm:contraction_abcd_eafc_bfde laeuft [  181s] … 2026-07-09 15:34:22 [INFO] [task_scheduler.cc:195] Sending 64 sample(s) to runner
        · tvm:contraction_abcd_eafc_bfde laeuft [  211s] … 2026-07-09 15:34:22 [INFO] [task_scheduler.cc:195] Sending 64 sample(s) to runner
        · tvm:contraction_abcd_eafc_bfde laeuft [  241s] … 2026-07-09 15:34:22 [INFO] [task_scheduler.cc:195] Sending 64 sample(s) to runner
        · tvm:contraction_abcd_eafc_bfde laeuft [  271s] … 2026-07-09 15:34:22 [INFO] [task_scheduler.cc:195] Sending 64 sample(s) to runner
        · tvm:contraction_abcd_eafc_bfde laeuft [  301s] … 2026-07-09 15:34:22 [INFO] [task_scheduler.cc:195] Sending 64 sample(s) to runner
  [tvm] 29/48 contraction_abcd_eafc_bfde             TIMEOUT                         301s  DONE @ 2026-07-09 15:38:53
  [tvm] 30/48 contraction_abcd_eafd_fbec             ... START @ 2026-07-09 15:38:53
        · tvm:contraction_abcd_eafd_fbec laeuft [   30s] … 2026-07-09 15:39:01 [INFO] [task_scheduler.cc:195] Sending 64 sample(s) to runner
        · tvm:contraction_abcd_eafd_fbec laeuft [   60s] … 2026-07-09 15:39:01 [INFO] [task_scheduler.cc:195] Sending 64 sample(s) to runner
        · tvm:contraction_abcd_eafd_fbec laeuft [   90s] … 2026-07-09 15:39:01 [INFO] [task_scheduler.cc:195] Sending 64 sample(s) to runner
        · tvm:contraction_abcd_eafd_fbec laeuft [  120s] … 2026-07-09 15:39:01 [INFO] [task_scheduler.cc:195] Sending 64 sample(s) to runner
        · tvm:contraction_abcd_eafd_fbec laeuft [  150s] … 2026-07-09 15:39:01 [INFO] [task_scheduler.cc:195] Sending 64 sample(s) to runner
        · tvm:contraction_abcd_eafd_fbec laeuft [  180s] … 2026-07-09 15:39:01 [INFO] [task_scheduler.cc:195] Sending 64 sample(s) to runner
        · tvm:contraction_abcd_eafd_fbec laeuft [  211s] … 2026-07-09 15:39:01 [INFO] [task_scheduler.cc:195] Sending 64 sample(s) to runner
        · tvm:contraction_abcd_eafd_fbec laeuft [  241s] … 2026-07-09 15:39:01 [INFO] [task_scheduler.cc:195] Sending 64 sample(s) to runner
        · tvm:contraction_abcd_eafd_fbec laeuft [  271s] … 2026-07-09 15:39:01 [INFO] [task_scheduler.cc:195] Sending 64 sample(s) to runner
        · tvm:contraction_abcd_eafd_fbec laeuft [  301s] … 2026-07-09 15:39:01 [INFO] [task_scheduler.cc:195] Sending 64 sample(s) to runner
  [tvm] 30/48 contraction_abcd_eafd_fbec             TIMEOUT                         301s  DONE @ 2026-07-09 15:43:53
  [tvm] 31/48 contraction_abcdef_dega_gfbc           ... START @ 2026-07-09 15:43:53
        · tvm:contraction_abcdef_dega_gfbc laeuft [   30s] … 2026-07-09 15:44:22 [INFO] [task_scheduler.cc:195] Sending 64 sample(s) to runner
        · tvm:contraction_abcdef_dega_gfbc laeuft [   60s] … 2026-07-09 15:44:22 [INFO] [task_scheduler.cc:195] Sending 64 sample(s) to runner
        · tvm:contraction_abcdef_dega_gfbc laeuft [   90s] … 2026-07-09 15:44:22 [INFO] [task_scheduler.cc:195] Sending 64 sample(s) to runner
        · tvm:contraction_abcdef_dega_gfbc laeuft [  120s] … 2026-07-09 15:45:53 [INFO] [task_scheduler.cc:195] Sending 64 sample(s) to runner
        · tvm:contraction_abcdef_dega_gfbc laeuft [  150s] … 2026-07-09 15:45:53 [INFO] [task_scheduler.cc:195] Sending 64 sample(s) to runner
        · tvm:contraction_abcdef_dega_gfbc laeuft [  181s] … 2026-07-09 15:46:52 [INFO] [task_scheduler.cc:193] Sending 64 sample(s) to builder
        · tvm:contraction_abcdef_dega_gfbc laeuft [  211s] … 2026-07-09 15:46:59 [INFO] [task_scheduler.cc:195] Sending 64 sample(s) to runner
        · tvm:contraction_abcdef_dega_gfbc laeuft [  241s] … 2026-07-09 15:47:50 [INFO] [task_scheduler.cc:195] Sending 8 sample(s) to runner
  [tvm] 31/48 contraction_abcdef_dega_gfbc           322.8 GFLOPS [ok]               244s  DONE @ 2026-07-09 15:47:57
  [tvm] 32/48 contraction_abcdef_degb_gfac           ... START @ 2026-07-09 15:47:57
        · tvm:contraction_abcdef_degb_gfac laeuft [   30s] … 2026-07-09 15:48:08 [INFO] [task_scheduler.cc:195] Sending 64 sample(s) to runner
        · tvm:contraction_abcdef_degb_gfac laeuft [   60s] … 2026-07-09 15:48:08 [INFO] [task_scheduler.cc:195] Sending 64 sample(s) to runner
        · tvm:contraction_abcdef_degb_gfac laeuft [   90s] … 2026-07-09 15:49:08 [INFO] [task_scheduler.cc:195] Sending 64 sample(s) to runner
        · tvm:contraction_abcdef_degb_gfac laeuft [  120s] … 2026-07-09 15:49:53 [INFO] [task_scheduler.cc:180] TaskScheduler picks Task #0: "main"
        · tvm:contraction_abcdef_degb_gfac laeuft [  151s] … 2026-07-09 15:50:03 [INFO] [task_scheduler.cc:195] Sending 64 sample(s) to runner
  [tvm] 32/48 contraction_abcdef_degb_gfac           486.5 GFLOPS [ok]               179s  DONE @ 2026-07-09 15:50:56
  [tvm] 33/48 contraction_abcdef_degc_gfab           ... START @ 2026-07-09 15:50:56
        · tvm:contraction_abcdef_degc_gfab laeuft [   30s] … 2026-07-09 15:51:07 [INFO] [task_scheduler.cc:195] Sending 64 sample(s) to runner
        · tvm:contraction_abcdef_degc_gfab laeuft [   60s] … 2026-07-09 15:51:54 [INFO] [task_scheduler.cc:193] Sending 64 sample(s) to builder
        · tvm:contraction_abcdef_degc_gfab laeuft [   90s] … 2026-07-09 15:51:57 [INFO] [task_scheduler.cc:195] Sending 64 sample(s) to runner
        · tvm:contraction_abcdef_degc_gfab laeuft [  120s] … 2026-07-09 15:52:51 [INFO] [task_scheduler.cc:195] Sending 64 sample(s) to runner
        · tvm:contraction_abcdef_degc_gfab laeuft [  150s] … 2026-07-09 15:52:51 [INFO] [task_scheduler.cc:195] Sending 64 sample(s) to runner
  [tvm] 33/48 contraction_abcdef_degc_gfab           385.4 GFLOPS [ok]               168s  DONE @ 2026-07-09 15:53:45
  [tvm] 34/48 contraction_abcdef_dfga_gebc           ... START @ 2026-07-09 15:53:45
        · tvm:contraction_abcdef_dfga_gebc laeuft [   30s] … 2026-07-09 15:53:55 [INFO] [task_scheduler.cc:195] Sending 64 sample(s) to runner
        · tvm:contraction_abcdef_dfga_gebc laeuft [   60s] … 2026-07-09 15:54:44 [INFO] [task_scheduler.cc:193] Sending 64 sample(s) to builder
        · tvm:contraction_abcdef_dfga_gebc laeuft [   90s] … 2026-07-09 15:54:47 [INFO] [task_scheduler.cc:195] Sending 64 sample(s) to runner
        · tvm:contraction_abcdef_dfga_gebc laeuft [  120s] … 2026-07-09 15:55:39 [INFO] [task_scheduler.cc:180] TaskScheduler picks Task #0: "main"
        · tvm:contraction_abcdef_dfga_gebc laeuft [  151s] … 2026-07-09 15:55:50 [INFO] [task_scheduler.cc:195] Sending 64 sample(s) to runner
        · tvm:contraction_abcdef_dfga_gebc laeuft [  181s] … 2026-07-09 15:56:44 [INFO] [task_scheduler.cc:195] Sending 8 sample(s) to runner
  [tvm] 34/48 contraction_abcdef_dfga_gebc           399.7 GFLOPS [ok]               186s  DONE @ 2026-07-09 15:56:51
  [tvm] 35/48 contraction_abcdef_dfgb_geac           ... START @ 2026-07-09 15:56:51
        · tvm:contraction_abcdef_dfgb_geac laeuft [   30s] … 2026-07-09 15:57:01 [INFO] [task_scheduler.cc:195] Sending 64 sample(s) to runner
        · tvm:contraction_abcdef_dfgb_geac laeuft [   60s] … 2026-07-09 15:57:01 [INFO] [task_scheduler.cc:195] Sending 64 sample(s) to runner
        · tvm:contraction_abcdef_dfgb_geac laeuft [   90s] … 2026-07-09 15:58:03 [INFO] [task_scheduler.cc:195] Sending 64 sample(s) to runner
        · tvm:contraction_abcdef_dfgb_geac laeuft [  120s] … 2026-07-09 15:58:44 [INFO] [task_scheduler.cc:180] TaskScheduler picks Task #0: "main"
        · tvm:contraction_abcdef_dfgb_geac laeuft [  151s] … 2026-07-09 15:58:54 [INFO] [task_scheduler.cc:195] Sending 64 sample(s) to runner
  [tvm] 35/48 contraction_abcdef_dfgb_geac           370.5 GFLOPS [ok]               178s  DONE @ 2026-07-09 15:59:49
  [tvm] 36/48 contraction_abcdef_dfgc_geab           ... START @ 2026-07-09 15:59:49
        · tvm:contraction_abcdef_dfgc_geab laeuft [   30s] … 2026-07-09 16:00:00 [INFO] [task_scheduler.cc:195] Sending 64 sample(s) to runner
        · tvm:contraction_abcdef_dfgc_geab laeuft [   60s] … 2026-07-09 16:00:47 [INFO] [task_scheduler.cc:180] TaskScheduler picks Task #0: "main"
        · tvm:contraction_abcdef_dfgc_geab laeuft [   90s] … 2026-07-09 16:00:54 [INFO] [task_scheduler.cc:195] Sending 64 sample(s) to runner
        · tvm:contraction_abcdef_dfgc_geab laeuft [  120s] … 2026-07-09 16:01:48 [INFO] [task_scheduler.cc:193] Sending 64 sample(s) to builder
        · tvm:contraction_abcdef_dfgc_geab laeuft [  151s] … 2026-07-09 16:01:52 [INFO] [task_scheduler.cc:195] Sending 64 sample(s) to runner
        · tvm:contraction_abcdef_dfgc_geab laeuft [  181s] … RESULT 363.7639
  [tvm] 36/48 contraction_abcdef_dfgc_geab           363.8 GFLOPS [ok]               181s  DONE @ 2026-07-09 16:02:49
  [tvm] 37/48 contraction_abcdef_efga_gdbc           ... START @ 2026-07-09 16:02:49
        · tvm:contraction_abcdef_efga_gdbc laeuft [   30s] … 2026-07-09 16:03:01 [INFO] [task_scheduler.cc:195] Sending 64 sample(s) to runner
        · tvm:contraction_abcdef_efga_gdbc laeuft [   60s] … 2026-07-09 16:03:01 [INFO] [task_scheduler.cc:195] Sending 64 sample(s) to runner
        · tvm:contraction_abcdef_efga_gdbc laeuft [   90s] … 2026-07-09 16:03:57 [INFO] [task_scheduler.cc:195] Sending 64 sample(s) to runner
        · tvm:contraction_abcdef_efga_gdbc laeuft [  120s] … 2026-07-09 16:04:47 [INFO] [task_scheduler.cc:193] Sending 64 sample(s) to builder
        · tvm:contraction_abcdef_efga_gdbc laeuft [  151s] … 2026-07-09 16:04:51 [INFO] [task_scheduler.cc:195] Sending 64 sample(s) to runner
        · tvm:contraction_abcdef_efga_gdbc laeuft [  181s] … 2026-07-09 16:05:44 [INFO] [task_scheduler.cc:180] TaskScheduler picks Task #0: "main"
  [tvm] 37/48 contraction_abcdef_efga_gdbc           312.8 GFLOPS [ok]               189s  DONE @ 2026-07-09 16:05:59
  [tvm] 38/48 contraction_abcdef_efgb_gdac           ... START @ 2026-07-09 16:05:59
        · tvm:contraction_abcdef_efgb_gdac laeuft [   30s] … 2026-07-09 16:06:11 [INFO] [task_scheduler.cc:195] Sending 64 sample(s) to runner
        · tvm:contraction_abcdef_efgb_gdac laeuft [   60s] … 2026-07-09 16:06:55 [INFO] [task_scheduler.cc:193] Sending 64 sample(s) to builder
        · tvm:contraction_abcdef_efgb_gdac laeuft [   90s] … 2026-07-09 16:07:00 [INFO] [task_scheduler.cc:195] Sending 64 sample(s) to runner
        · tvm:contraction_abcdef_efgb_gdac laeuft [  120s] … 2026-07-09 16:07:53 [INFO] [task_scheduler.cc:195] Sending 64 sample(s) to runner
        · tvm:contraction_abcdef_efgb_gdac laeuft [  150s] … 2026-07-09 16:07:53 [INFO] [task_scheduler.cc:195] Sending 64 sample(s) to runner
  [tvm] 38/48 contraction_abcdef_efgb_gdac           376.0 GFLOPS [ok]               169s  DONE @ 2026-07-09 16:08:47
  [tvm] 39/48 contraction_abcdef_efgc_gdab           ... START @ 2026-07-09 16:08:47
        · tvm:contraction_abcdef_efgc_gdab laeuft [   30s] … 2026-07-09 16:08:58 [INFO] [task_scheduler.cc:195] Sending 64 sample(s) to runner
        · tvm:contraction_abcdef_efgc_gdab laeuft [   60s] … 2026-07-09 16:09:45 [INFO] [task_scheduler.cc:180] TaskScheduler picks Task #0: "main"
        · tvm:contraction_abcdef_efgc_gdab laeuft [   90s] … 2026-07-09 16:09:52 [INFO] [task_scheduler.cc:195] Sending 64 sample(s) to runner
        · tvm:contraction_abcdef_efgc_gdab laeuft [  120s] … 2026-07-09 16:10:48 [INFO] [task_scheduler.cc:193] Sending 64 sample(s) to builder
        · tvm:contraction_abcdef_efgc_gdab laeuft [  151s] … 2026-07-09 16:10:50 [INFO] [task_scheduler.cc:195] Sending 64 sample(s) to runner
  [tvm] 39/48 contraction_abcdef_efgc_gdab           291.0 GFLOPS [ok]               180s  DONE @ 2026-07-09 16:11:48
  [tvm] 40/48 contraction_abcdef_gdab_efgc           ... START @ 2026-07-09 16:11:48
        · tvm:contraction_abcdef_gdab_efgc laeuft [   30s] … 2026-07-09 16:12:01 [INFO] [task_scheduler.cc:195] Sending 64 sample(s) to runner
        · tvm:contraction_abcdef_gdab_efgc laeuft [   60s] … 2026-07-09 16:12:47 [INFO] [task_scheduler.cc:180] TaskScheduler picks Task #0: "main"
        · tvm:contraction_abcdef_gdab_efgc laeuft [   90s] … 2026-07-09 16:12:54 [INFO] [task_scheduler.cc:195] Sending 64 sample(s) to runner
        · tvm:contraction_abcdef_gdab_efgc laeuft [  120s] … 2026-07-09 16:13:43 [INFO] [task_scheduler.cc:180] TaskScheduler picks Task #0: "main"
        · tvm:contraction_abcdef_gdab_efgc laeuft [  150s] … 2026-07-09 16:13:52 [INFO] [task_scheduler.cc:195] Sending 64 sample(s) to runner
  [tvm] 40/48 contraction_abcdef_gdab_efgc           410.2 GFLOPS [ok]               180s  DONE @ 2026-07-09 16:14:48
  [tvm] 41/48 contraction_abcdef_gdac_efgb           ... START @ 2026-07-09 16:14:48
        · tvm:contraction_abcdef_gdac_efgb laeuft [   30s] … 2026-07-09 16:14:59 [INFO] [task_scheduler.cc:195] Sending 64 sample(s) to runner
        · tvm:contraction_abcdef_gdac_efgb laeuft [   60s] … 2026-07-09 16:15:46 [INFO] [task_scheduler.cc:180] TaskScheduler picks Task #0: "main"
        · tvm:contraction_abcdef_gdac_efgb laeuft [   90s] … 2026-07-09 16:15:55 [INFO] [task_scheduler.cc:195] Sending 64 sample(s) to runner
        · tvm:contraction_abcdef_gdac_efgb laeuft [  120s] … 2026-07-09 16:16:48 [DEBUG] XGB iter  75: tr-p-rmse: 0.052341	tr-a-peak@32: 1.000000	tr-rm
        · tvm:contraction_abcdef_gdac_efgb laeuft [  150s] … 2026-07-09 16:16:58 [INFO] [task_scheduler.cc:195] Sending 64 sample(s) to runner
        · tvm:contraction_abcdef_gdac_efgb laeuft [  181s] … 2026-07-09 16:17:46 [INFO] [task_scheduler.cc:195] Sending 8 sample(s) to runner
  [tvm] 41/48 contraction_abcdef_gdac_efgb           486.5 GFLOPS [ok]               184s  DONE @ 2026-07-09 16:17:52
  [tvm] 42/48 contraction_abcdef_gdbc_efga           ... START @ 2026-07-09 16:17:52
        · tvm:contraction_abcdef_gdbc_efga laeuft [   30s] … 2026-07-09 16:18:02 [INFO] [task_scheduler.cc:195] Sending 64 sample(s) to runner
        · tvm:contraction_abcdef_gdbc_efga laeuft [   60s] … 2026-07-09 16:18:51 [INFO] [task_scheduler.cc:180] TaskScheduler picks Task #0: "main"
        · tvm:contraction_abcdef_gdbc_efga laeuft [   90s] … 2026-07-09 16:18:58 [INFO] [task_scheduler.cc:195] Sending 64 sample(s) to runner
        · tvm:contraction_abcdef_gdbc_efga laeuft [  120s] … 2026-07-09 16:19:51 [INFO] [task_scheduler.cc:180] TaskScheduler picks Task #0: "main"
        · tvm:contraction_abcdef_gdbc_efga laeuft [  151s] … 2026-07-09 16:20:00 [INFO] [task_scheduler.cc:195] Sending 64 sample(s) to runner
        · tvm:contraction_abcdef_gdbc_efga laeuft [  181s] … Total latency (us): 11809.4
  [tvm] 42/48 contraction_abcdef_gdbc_efga           389.7 GFLOPS [ok]               181s  DONE @ 2026-07-09 16:20:53
  [tvm] 43/48 contraction_abcdef_geab_dfgc           ... START @ 2026-07-09 16:20:53
        · tvm:contraction_abcdef_geab_dfgc laeuft [   30s] … 2026-07-09 16:21:03 [INFO] [task_scheduler.cc:195] Sending 64 sample(s) to runner
        · tvm:contraction_abcdef_geab_dfgc laeuft [   60s] … 2026-07-09 16:21:53 [INFO] [task_scheduler.cc:195] Sending 64 sample(s) to runner
        · tvm:contraction_abcdef_geab_dfgc laeuft [   90s] … 2026-07-09 16:21:53 [INFO] [task_scheduler.cc:195] Sending 64 sample(s) to runner
        · tvm:contraction_abcdef_geab_dfgc laeuft [  120s] … 2026-07-09 16:22:48 [INFO] [task_scheduler.cc:195] Sending 64 sample(s) to runner
        · tvm:contraction_abcdef_geab_dfgc laeuft [  151s] … 2026-07-09 16:22:48 [INFO] [task_scheduler.cc:195] Sending 64 sample(s) to runner
  [tvm] 43/48 contraction_abcdef_geab_dfgc           376.1 GFLOPS [ok]               170s  DONE @ 2026-07-09 16:23:43
  [tvm] 44/48 contraction_abcdef_geac_dfgb           ... START @ 2026-07-09 16:23:43
        · tvm:contraction_abcdef_geac_dfgb laeuft [   30s] … 2026-07-09 16:23:54 [INFO] [task_scheduler.cc:195] Sending 64 sample(s) to runner
        · tvm:contraction_abcdef_geac_dfgb laeuft [   60s] … 2026-07-09 16:24:42 [INFO] [task_scheduler.cc:193] Sending 64 sample(s) to builder
        · tvm:contraction_abcdef_geac_dfgb laeuft [   90s] … 2026-07-09 16:24:48 [INFO] [task_scheduler.cc:195] Sending 64 sample(s) to runner
        · tvm:contraction_abcdef_geac_dfgb laeuft [  120s] … 2026-07-09 16:25:42 [INFO] [task_scheduler.cc:195] Sending 64 sample(s) to runner
        · tvm:contraction_abcdef_geac_dfgb laeuft [  151s] … 2026-07-09 16:25:42 [INFO] [task_scheduler.cc:195] Sending 64 sample(s) to runner
  [tvm] 44/48 contraction_abcdef_geac_dfgb           400.1 GFLOPS [ok]               175s  DONE @ 2026-07-09 16:26:38
  [tvm] 45/48 contraction_abcdef_gebc_dfga           ... START @ 2026-07-09 16:26:38
        · tvm:contraction_abcdef_gebc_dfga laeuft [   30s] … 2026-07-09 16:26:48 [INFO] [task_scheduler.cc:195] Sending 64 sample(s) to runner
        · tvm:contraction_abcdef_gebc_dfga laeuft [   60s] … 2026-07-09 16:27:36 [INFO] [task_scheduler.cc:193] Sending 64 sample(s) to builder
        · tvm:contraction_abcdef_gebc_dfga laeuft [   90s] … 2026-07-09 16:27:40 [INFO] [task_scheduler.cc:195] Sending 64 sample(s) to runner
        · tvm:contraction_abcdef_gebc_dfga laeuft [  120s] … 2026-07-09 16:28:36 [INFO] [task_scheduler.cc:193] Sending 64 sample(s) to builder
        · tvm:contraction_abcdef_gebc_dfga laeuft [  150s] … 2026-07-09 16:28:40 [INFO] [task_scheduler.cc:195] Sending 64 sample(s) to runner
        · tvm:contraction_abcdef_gebc_dfga laeuft [  181s] … 2026-07-09 16:28:40 [INFO] [task_scheduler.cc:195] Sending 64 sample(s) to runner
  [tvm] 45/48 contraction_abcdef_gebc_dfga           346.8 GFLOPS [ok]               197s  DONE @ 2026-07-09 16:29:56
  [tvm] 46/48 contraction_abcdef_gfab_degc           ... START @ 2026-07-09 16:29:56
        · tvm:contraction_abcdef_gfab_degc laeuft [   30s] … 2026-07-09 16:30:06 [INFO] [task_scheduler.cc:195] Sending 64 sample(s) to runner
        · tvm:contraction_abcdef_gfab_degc laeuft [   60s] … 2026-07-09 16:30:55 [INFO] [task_scheduler.cc:195] Sending 63 sample(s) to runner
        · tvm:contraction_abcdef_gfab_degc laeuft [   90s] … 2026-07-09 16:30:55 [INFO] [task_scheduler.cc:195] Sending 63 sample(s) to runner
        · tvm:contraction_abcdef_gfab_degc laeuft [  120s] … 2026-07-09 16:31:46 [INFO] [task_scheduler.cc:195] Sending 64 sample(s) to runner
        · tvm:contraction_abcdef_gfab_degc laeuft [  151s] … 2026-07-09 16:32:26 [DEBUG] XGB iter   0: tr-p-rmse: 0.379646	tr-a-peak@32: 0.896996	tr-rm
  [tvm] 46/48 contraction_abcdef_gfab_degc           414.3 GFLOPS [ok]               167s  DONE @ 2026-07-09 16:32:42
  [tvm] 47/48 contraction_abcdef_gfac_degb           ... START @ 2026-07-09 16:32:42
        · tvm:contraction_abcdef_gfac_degb laeuft [   30s] … 2026-07-09 16:32:53 [INFO] [task_scheduler.cc:195] Sending 64 sample(s) to runner
        · tvm:contraction_abcdef_gfac_degb laeuft [   60s] … 2026-07-09 16:33:42 [INFO] [task_scheduler.cc:180] TaskScheduler picks Task #0: "main"
        · tvm:contraction_abcdef_gfac_degb laeuft [   90s] … 2026-07-09 16:33:48 [INFO] [task_scheduler.cc:195] Sending 64 sample(s) to runner
        · tvm:contraction_abcdef_gfac_degb laeuft [  120s] … 2026-07-09 16:34:39 [INFO] [task_scheduler.cc:180] TaskScheduler picks Task #0: "main"
        · tvm:contraction_abcdef_gfac_degb laeuft [  150s] … 2026-07-09 16:34:48 [INFO] [task_scheduler.cc:195] Sending 64 sample(s) to runner
        · tvm:contraction_abcdef_gfac_degb laeuft [  181s] … RESULT 280.8693
  [tvm] 47/48 contraction_abcdef_gfac_degb           280.9 GFLOPS [ok]               181s  DONE @ 2026-07-09 16:35:43
  [tvm] 48/48 contraction_abcdef_gfbc_dega           ... START @ 2026-07-09 16:35:43
        · tvm:contraction_abcdef_gfbc_dega laeuft [   30s] … 2026-07-09 16:35:55 [INFO] [task_scheduler.cc:195] Sending 64 sample(s) to runner
        · tvm:contraction_abcdef_gfbc_dega laeuft [   60s] … 2026-07-09 16:36:41 [INFO] [task_scheduler.cc:180] TaskScheduler picks Task #0: "main"
        · tvm:contraction_abcdef_gfbc_dega laeuft [   90s] … 2026-07-09 16:36:48 [INFO] [task_scheduler.cc:195] Sending 64 sample(s) to runner
        · tvm:contraction_abcdef_gfbc_dega laeuft [  120s] … 2026-07-09 16:37:41 [INFO] [task_scheduler.cc:195] Sending 64 sample(s) to runner
        · tvm:contraction_abcdef_gfbc_dega laeuft [  150s] … 2026-07-09 16:37:41 [INFO] [task_scheduler.cc:195] Sending 64 sample(s) to runner
  [tvm] 48/48 contraction_abcdef_gfbc_dega           403.0 GFLOPS [ok]               173s  DONE @ 2026-07-09 16:38:36
----- Stufe TVM fertig in 187.4 min @ 2026-07-09 16:38:36 -----

=== Matrix komplett @ 2026-07-09 16:38:36. Ergebnisse in gett_results/{torch,teir,tvm}.csv ===
