strategy,config,runtime_ms,gflops,cost_estimate_ms
RandomSearch,split_d2_order_a-c-b-d0-d1_parallel_none_unroll_1,0.484946,4.32451,1.06955
RandomSearch,split_d8_order_b-c-a-d0-d1_parallel_c_unroll_16,1.43689,1.45951,11.0679
RandomSearch,split_d8_order_b-a-c-d0-d1_parallel_b_unroll_1,0.0527019,39.7927,10.5646
RandomSearch,split_d8_order_c-b-a-d0-d1_parallel_c_unroll_8,0.0553228,37.9075,11.0679
RandomSearch,split_d2_order_b-a-c-d0-d1_parallel_c_unroll_2,46.9747,0.0446443,11.0679
RandomSearch,split_d16_order_a-b-c-d0-d1_parallel_d0_unroll_2,1465.78,0.00143074,1.39842
RandomSearch,split_d4_order_b-a-c-d0-d1_parallel_b_unroll_1,0.0493258,42.5163,10.5646
RandomSearch,split_d2_order_a-c-b-d0-d1_parallel_b_unroll_8,45.7081,0.0458814,11.0679
RandomSearch,split_d4_order_c-a-b-d0-d1_parallel_c_unroll_4,0.0963444,21.7672,11.0679
RandomSearch,split_d4_order_b-a-c-d0-d1_parallel_b_unroll_4,0.0503235,41.6734,11.0679
RandomSearch,split_d4_order_b-c-a-d0-d1_parallel_none_unroll_16,0.0587256,35.711,1.12302
RandomSearch,split_d8_order_c-a-b-d0-d1_parallel_b_unroll_8,46.3106,0.0452845,11.0679
RandomSearch,split_d16_order_c-b-a-d0-d1_parallel_d0_unroll_1,1478.81,0.00141814,1.35564
RandomSearch,split_d2_order_a-c-b-d0-d1_parallel_a_unroll_8,0.102293,20.5014,11.0679
RandomSearch,split_d1_order_b-c-a-d0-d1_parallel_c_unroll_1,1.43012,1.46642,12.3407
RandomSearch,split_d8_order_a-b-c-d0-d1_parallel_none_unroll_1,0.0637376,32.9029,1.06955
RandomSearch,split_d4_order_c-a-b-d0-d1_parallel_a_unroll_1,1.59704,1.31315,10.5646
RandomSearch,split_d8_order_b-c-a-d0-d1_parallel_b_unroll_4,0.0635221,33.0145,11.0679
RandomSearch,split_d1_order_b-c-a-d0-d1_parallel_d0_unroll_2,0.233762,8.97132,1.55696
RandomSearch,split_d32_order_b-c-a-d0-d1_parallel_d0_unroll_1,1489.09,0.00140835,1.35564
RandomSearch,split_d1_order_a-c-b-d0-d1_parallel_a_unroll_1,0.109147,19.214,12.3407
RandomSearch,split_d32_order_b-a-c-d0-d1_parallel_a_unroll_4,1.43884,1.45753,11.0679
RandomSearch,split_d1_order_b-a-c-d0-d1_parallel_d0_unroll_2,0.224002,9.36219,1.55696
RandomSearch,split_d16_order_c-b-a-d0-d1_parallel_c_unroll_2,0.0724055,28.964,11.0679
RandomSearch,split_d4_order_b-a-c-d0-d1_parallel_none_unroll_16,0.0564875,37.1259,1.12302
RandomSearch,split_d32_order_c-a-b-d0-d1_parallel_none_unroll_16,0.43495,4.82159,1.12302
RandomSearch,split_d1_order_a-b-c-d0-d1_parallel_c_unroll_2,46.3368,0.0452589,12.9328
SimulatedAnnealing,split_d2_order_a-b-c-d0-d1_parallel_none_unroll_1,0.0558104,37.5763,0.118115
SimulatedAnnealing,split_d1_order_a-b-c-d0-d1_parallel_none_unroll_1,0.053075,39.513,0.138958
SimulatedAnnealing,split_d1_order_a-c-b-d0-d1_parallel_none_unroll_1,0.408752,5.13062,0.138958
SimulatedAnnealing,split_d1_order_c-a-b-d0-d1_parallel_none_unroll_1,0.397953,5.26985,0.138958
SimulatedAnnealing,split_d2_order_c-a-b-d0-d1_parallel_none_unroll_1,0.39735,5.27784,0.118115
SimulatedAnnealing,split_d2_order_c-a-b-d0-d1_parallel_none_unroll_2,0.362637,5.78306,0.12402
SimulatedAnnealing,split_d4_order_c-a-b-d0-d1_parallel_none_unroll_2,0.408482,5.13401,0.12402
SimulatedAnnealing,split_d4_order_a-c-b-d0-d1_parallel_none_unroll_2,0.406855,5.15454,0.12402
SimulatedAnnealing,split_d2_order_a-c-b-d0-d1_parallel_none_unroll_2,0.390364,5.3723,0.12402
SimulatedAnnealing,split_d2_order_a-c-b-d0-d1_parallel_none_unroll_1,0.400872,5.23147,0.118115
SimulatedAnnealing,split_d2_order_b-c-a-d0-d1_parallel_none_unroll_1,0.057836,36.2603,0.118115
SimulatedAnnealing,split_d1_order_b-c-a-d0-d1_parallel_none_unroll_1,0.0579398,36.1954,0.138958
SimulatedAnnealing,split_d1_order_b-a-c-d0-d1_parallel_none_unroll_1,0.0557597,37.6106,0.138958
SimulatedAnnealing,split_d2_order_b-a-c-d0-d1_parallel_none_unroll_1,0.0549261,38.1813,0.118115
SimulatedAnnealing,split_d2_order_b-a-c-d0-d1_parallel_none_unroll_2,0.0546906,38.3457,0.12402
SimulatedAnnealing,split_d4_order_b-a-c-d0-d1_parallel_none_unroll_2,0.221827,9.45398,0.12402
SimulatedAnnealing,split_d4_order_b-c-a-d0-d1_parallel_none_unroll_2,0.240146,8.7328,0.12402
SimulatedAnnealing,split_d2_order_a-b-c-d0-d1_parallel_none_unroll_1,0.0529899,39.5764,0.12905
SimulatedAnnealing,split_d2_order_a-b-c-d0-d1_parallel_none_unroll_2,0.056846,36.8918,0.135502
SimulatedAnnealing,split_d2_order_c-b-a-d0-d1_parallel_none_unroll_2,0.0725242,28.9166,0.135502
SimulatedAnnealing,split_d2_order_c-b-a-d0-d1_parallel_none_unroll_1,0.0731341,28.6754,0.12905
SimulatedAnnealing,split_d1_order_c-b-a-d0-d1_parallel_none_unroll_1,0.0680797,30.8044,0.151823
SimulatedAnnealing,split_d1_order_c-a-b-d0-d1_parallel_none_unroll_1,0.399469,5.24984,0.151823
SimulatedAnnealing,split_d1_order_a-c-b-d0-d1_parallel_none_unroll_1,0.409922,5.11598,0.151823
SimulatedAnnealing,split_d1_order_b-c-a-d0-d1_parallel_none_unroll_1,0.0553453,37.8922,0.151823
SimulatedAnnealing,split_d2_order_b-c-a-d0-d1_parallel_none_unroll_1,0.0572762,36.6148,0.12905
SimulatedAnnealing,split_d2_order_b-c-a-d0-d1_parallel_none_unroll_2,0.0583891,35.9168,0.135502
SimulatedAnnealing,split_d4_order_b-c-a-d0-d1_parallel_none_unroll_2,0.240607,8.7161,0.135502
SimulatedAnnealing,split_d2_order_b-a-c-d0-d1_parallel_none_unroll_2,0.0546734,38.3578,0.135502
SimulatedAnnealing,split_d2_order_b-a-c-d0-d1_parallel_none_unroll_1,0.0550405,38.102,0.12905
SimulatedAnnealing,split_d1_order_b-a-c-d0-d1_parallel_none_unroll_1,0.0504418,41.5757,0.151823
SimulatedAnnealing,split_d1_order_a-b-c-d0-d1_parallel_none_unroll_1,0.058236,36.0113,0.151823
SimulatedAnnealing,split_d2_order_a-b-c-d0-d1_parallel_none_unroll_1,0.0535512,39.1616,0.121665
SimulatedAnnealing,split_d2_order_a-c-b-d0-d1_parallel_none_unroll_1,0.480788,4.36191,0.121665
SimulatedAnnealing,split_d2_order_a-c-b-d0-d1_parallel_none_unroll_2,0.462195,4.53738,0.127748
SimulatedAnnealing,split_d2_order_c-a-b-d0-d1_parallel_none_unroll_2,0.44937,4.66687,0.127748
SimulatedAnnealing,split_d2_order_c-b-a-d0-d1_parallel_none_unroll_2,0.0684475,30.6388,0.127748
SimulatedAnnealing,split_d2_order_a-b-c-d0-d1_parallel_none_unroll_2,0.0560712,37.4016,0.127748
SimulatedAnnealing,split_d2_order_b-a-c-d0-d1_parallel_none_unroll_2,0.0545768,38.4257,0.127748
SimulatedAnnealing,split_d4_order_b-a-c-d0-d1_parallel_none_unroll_2,0.222867,9.4099,0.127748
SimulatedAnnealing,split_d4_order_a-b-c-d0-d1_parallel_none_unroll_2,0.244287,8.5848,0.127748
SimulatedAnnealing,split_d4_order_a-b-c-d0-d1_parallel_none_unroll_1,0.0572446,36.6349,0.121665
SimulatedAnnealing,split_d4_order_b-a-c-d0-d1_parallel_none_unroll_1,0.0556485,37.6857,0.121665
SimulatedAnnealing,split_d4_order_c-a-b-d0-d1_parallel_none_unroll_1,0.397053,5.28179,0.121665
SimulatedAnnealing,split_d4_order_c-a-b-d0-d1_parallel_none_unroll_2,0.403551,5.19675,0.127748
SimulatedAnnealing,split_d4_order_a-c-b-d0-d1_parallel_none_unroll_2,0.42399,4.94623,0.127748
SimulatedAnnealing,split_d4_order_a-c-b-d0-d1_parallel_none_unroll_1,0.412908,5.07898,0.121665
SimulatedAnnealing,split_d2_order_a-b-c-d0-d1_parallel_none_unroll_1,0.0557089,37.6448,0.123332
SimulatedAnnealing,split_d2_order_a-c-b-d0-d1_parallel_none_unroll_1,0.471896,4.4441,0.123332
SimulatedAnnealing,split_d2_order_b-c-a-d0-d1_parallel_none_unroll_1,0.0575944,36.4124,0.123332
SimulatedAnnealing,split_d1_order_b-c-a-d0-d1_parallel_none_unroll_1,0.0572585,36.6261,0.145097
SimulatedAnnealing,split_d1_order_b-a-c-d0-d1_parallel_none_unroll_1,0.0586076,35.7829,0.145097
SimulatedAnnealing,split_d1_order_c-a-b-d0-d1_parallel_none_unroll_1,0.471477,4.44805,0.145097
SimulatedAnnealing,split_d1_order_c-b-a-d0-d1_parallel_none_unroll_1,0.0730094,28.7244,0.145097
SimulatedAnnealing,split_d2_order_c-b-a-d0-d1_parallel_none_unroll_1,0.0699171,29.9949,0.123332
SimulatedAnnealing,split_d2_order_c-b-a-d0-d1_parallel_none_unroll_2,0.0749629,27.9759,0.129499
SimulatedAnnealing,split_d4_order_c-b-a-d0-d1_parallel_none_unroll_2,0.341956,6.13281,0.129499
SimulatedAnnealing,split_d4_order_c-a-b-d0-d1_parallel_none_unroll_2,0.449266,4.66796,0.129499
SimulatedAnnealing,split_d4_order_b-a-c-d0-d1_parallel_none_unroll_2,0.223511,9.38275,0.129499
SimulatedAnnealing,split_d4_order_b-a-c-d0-d1_parallel_none_unroll_1,0.0524021,40.0204,0.123332
SimulatedAnnealing,split_d4_order_b-c-a-d0-d1_parallel_none_unroll_1,0.0640715,32.7314,0.123332
SimulatedAnnealing,split_d4_order_c-b-a-d0-d1_parallel_none_unroll_1,0.070412,29.784,0.123332
SimulatedAnnealing,split_d4_order_a-b-c-d0-d1_parallel_none_unroll_1,0.0560268,37.4312,0.123332
SimulatedAnnealing,split_d2_order_a-b-c-d0-d1_parallel_none_unroll_1,0.0550651,38.085,0.129871
SimulatedAnnealing,split_d2_order_c-b-a-d0-d1_parallel_none_unroll_1,0.0696456,30.1118,0.129871
SimulatedAnnealing,split_d2_order_c-b-a-d0-d1_parallel_none_unroll_2,0.0737273,28.4447,0.136365
SimulatedAnnealing,split_d2_order_c-a-b-d0-d1_parallel_none_unroll_2,0.407889,5.14147,0.136365
SimulatedAnnealing,split_d4_order_c-a-b-d0-d1_parallel_none_unroll_2,0.409658,5.11928,0.136365
SimulatedAnnealing,split_d4_order_c-a-b-d0-d1_parallel_none_unroll_1,0.401725,5.22037,0.129871
SimulatedAnnealing,split_d2_order_c-a-b-d0-d1_parallel_none_unroll_1,0.386941,5.41983,0.129871
SimulatedAnnealing,split_d1_order_c-a-b-d0-d1_parallel_none_unroll_1,0.424101,4.94494,0.152789
SimulatedAnnealing,split_d1_order_a-c-b-d0-d1_parallel_none_unroll_1,0.406456,5.1596,0.152789
SimulatedAnnealing,split_d2_order_a-c-b-d0-d1_parallel_none_unroll_1,0.40742,5.1474,0.129871
SimulatedAnnealing,split_d2_order_a-c-b-d0-d1_parallel_none_unroll_2,0.418151,5.0153,0.136365
SimulatedAnnealing,split_d4_order_a-c-b-d0-d1_parallel_none_unroll_2,0.410468,5.10917,0.136365
SimulatedAnnealing,split_d4_order_a-c-b-d0-d1_parallel_none_unroll_1,0.439128,4.77572,0.129871
SimulatedAnnealing,split_d4_order_a-b-c-d0-d1_parallel_none_unroll_1,0.0555852,37.7286,0.129871
SimulatedAnnealing,split_d2_order_a-c-b-d0-d1_parallel_none_unroll_16,0.405214,5.17542,0.129919
SimulatedAnnealing,split_d4_order_a-c-b-d0-d1_parallel_none_unroll_16,0.428085,4.89892,0.129919
SimulatedAnnealing,split_d4_order_a-b-c-d0-d1_parallel_none_unroll_16,0.0589089,35.5999,0.129919
SimulatedAnnealing,split_d4_order_c-b-a-d0-d1_parallel_none_unroll_16,0.0698014,30.0445,0.129919
SimulatedAnnealing,split_d2_order_c-b-a-d0-d1_parallel_none_unroll_16,0.0703422,29.8136,0.129919
SimulatedAnnealing,split_d2_order_a-b-c-d0-d1_parallel_none_unroll_16,0.0545015,38.4788,0.129919
SimulatedAnnealing,split_d2_order_a-b-c-d0-d1_parallel_none_unroll_8,0.0530908,39.5012,0.129919
SimulatedAnnealing,split_d4_order_a-b-c-d0-d1_parallel_none_unroll_8,0.0565972,37.054,0.129919
SimulatedAnnealing,split_d4_order_a-c-b-d0-d1_parallel_none_unroll_8,0.404014,5.19079,0.129919
SimulatedAnnealing,split_d4_order_a-b-c-d0-d1_parallel_none_unroll_4,0.0566207,37.0386,0.129919
SimulatedAnnealing,split_d2_order_a-b-c-d0-d1_parallel_none_unroll_4,0.05948,35.2581,0.129919
SimulatedAnnealing,split_d2_order_a-b-c-d0-d1_parallel_none_unroll_2,0.0597877,35.0767,0.129919
SimulatedAnnealing,split_d2_order_a-b-c-d0-d1_parallel_none_unroll_1,0.0595896,35.1932,0.123732
SimulatedAnnealing,split_d1_order_a-b-c-d0-d1_parallel_none_unroll_1,0.0611284,34.3073,0.145568
SimulatedAnnealing,split_d1_order_b-a-c-d0-d1_parallel_none_unroll_1,0.0534058,39.2682,0.145568
SimulatedAnnealing,split_d16_order_a-b-c-d0-d1_parallel_d0_unroll_1,1444.51,0.0014518,0.142039
SimulatedAnnealing,split_d16_order_a-b-c-d0-d1_parallel_none_unroll_1,0.0632491,33.157,0.122789
SimulatedAnnealing,split_d16_order_a-b-c-d0-d1_parallel_none_unroll_2,0.229576,9.13491,0.128928
SimulatedAnnealing,split_d16_order_b-a-c-d0-d1_parallel_none_unroll_2,0.219413,9.55799,0.128928
SimulatedAnnealing,split_d8_order_b-a-c-d0-d1_parallel_none_unroll_2,0.219826,9.54006,0.128928
SimulatedAnnealing,split_d4_order_b-a-c-d0-d1_parallel_none_unroll_2,0.220716,9.50157,0.128928
SimulatedAnnealing,split_d2_order_b-a-c-d0-d1_parallel_none_unroll_2,0.0546687,38.3611,0.128928
SimulatedAnnealing,split_d2_order_b-a-c-d0-d1_parallel_none_unroll_1,0.0587303,35.7082,0.122789
SimulatedAnnealing,split_d1_order_b-a-c-d0-d1_parallel_none_unroll_1,0.0511815,40.9748,0.144457
SimulatedAnnealing,split_d1_order_b-c-a-d0-d1_parallel_none_unroll_1,0.0556368,37.6936,0.144457
SimulatedAnnealing,split_d2_order_b-c-a-d0-d1_parallel_none_unroll_1,0.0611744,34.2815,0.122789
SimulatedAnnealing,split_d2_order_a-c-b-d0-d1_parallel_none_unroll_1,0.429829,4.87904,0.122789
SimulatedAnnealing,split_d1_order_a-c-b-d0-d1_parallel_none_unroll_1,0.416081,5.04024,0.144457
SimulatedAnnealing,split_d1_order_c-a-b-d0-d1_parallel_none_unroll_1,0.4075,5.14639,0.144457
SimulatedAnnealing,split_d2_order_c-a-b-d0-d1_parallel_none_unroll_1,0.402783,5.20665,0.122789
SimulatedAnnealing,split_d2_order_c-a-b-d0-d1_parallel_none_unroll_2,0.4056,5.1705,0.128928
SimulatedAnnealing,split_d4_order_c-a-b-d0-d1_parallel_none_unroll_2,0.411964,5.09063,0.128928
SimulatedAnnealing,split_d4_order_c-b-a-d0-d1_parallel_none_unroll_2,0.274649,7.63576,0.128928
SimulatedAnnealing,split_d2_order_b-a-c-d0-d1_parallel_none_unroll_1,0.053407,39.2674,0.131961
SimulatedAnnealing,split_d1_order_b-a-c-d0-d1_parallel_none_unroll_1,0.0497281,42.1724,0.155248
SimulatedAnnealing,split_d1_order_c-a-b-d0-d1_parallel_none_unroll_1,0.391732,5.35354,0.155248
SimulatedAnnealing,split_d2_order_c-a-b-d0-d1_parallel_none_unroll_1,0.402633,5.20859,0.131961
SimulatedAnnealing,split_d2_order_c-a-b-d0-d1_parallel_none_unroll_2,0.41192,5.09116,0.138559
SimulatedAnnealing,split_d2_order_b-a-c-d0-d1_parallel_none_unroll_2,0.0506204,41.429,0.138559
SimulatedAnnealing,split_d4_order_b-a-c-d0-d1_parallel_none_unroll_2,0.223457,9.38502,0.138559
SimulatedAnnealing,split_d4_order_a-b-c-d0-d1_parallel_none_unroll_2,0.242808,8.63708,0.138559
SimulatedAnnealing,split_d2_order_a-b-c-d0-d1_parallel_none_unroll_2,0.0558664,37.5387,0.138559
SimulatedAnnealing,split_d2_order_a-b-c-d0-d1_parallel_none_unroll_1,0.0551573,38.0213,0.131961
SimulatedAnnealing,split_d1_order_a-b-c-d0-d1_parallel_none_unroll_1,0.0552539,37.9548,0.155248
SimulatedAnnealing,split_d1_order_a-c-b-d0-d1_parallel_none_unroll_1,0.41563,5.04572,0.155248
SimulatedAnnealing,split_d2_order_a-c-b-d0-d1_parallel_none_unroll_1,0.429469,4.88312,0.131961
SimulatedAnnealing,split_d2_order_a-c-b-d0-d1_parallel_none_unroll_2,0.387551,5.4113,0.138559
SimulatedAnnealing,split_d2_order_b-c-a-d0-d1_parallel_none_unroll_2,0.0568992,36.8573,0.138559
SimulatedAnnealing,split_d16_order_c-b-a-d0-d1_parallel_none_unroll_2,0.282964,7.41138,0.136934
SimulatedAnnealing,split_d8_order_c-b-a-d0-d1_parallel_none_unroll_2,0.272777,7.68816,0.136934
SimulatedAnnealing,split_d4_order_c-b-a-d0-d1_parallel_none_unroll_2,0.275297,7.61778,0.136934
SimulatedAnnealing,split_d2_order_c-b-a-d0-d1_parallel_none_unroll_2,0.068728,30.5138,0.136934
SimulatedAnnealing,split_d2_order_c-b-a-d0-d1_parallel_none_unroll_1,0.0678958,30.8878,0.130413
SimulatedAnnealing,split_d1_order_c-b-a-d0-d1_parallel_none_unroll_1,0.0679013,30.8853,0.153427
SimulatedAnnealing,split_d1_order_a-b-c-d0-d1_parallel_none_unroll_1,0.0562081,37.3105,0.153427
SimulatedAnnealing,split_d2_order_a-b-c-d0-d1_parallel_none_unroll_1,0.0525806,39.8845,0.130413
SimulatedAnnealing,split_d2_order_a-b-c-d0-d1_parallel_none_unroll_2,0.0517765,40.5039,0.136934
SimulatedAnnealing,split_d4_order_a-b-c-d0-d1_parallel_none_unroll_2,0.237257,8.83914,0.136934
SimulatedAnnealing,split_d4_order_b-a-c-d0-d1_parallel_none_unroll_2,0.240198,8.73095,0.136934
SimulatedAnnealing,split_d4_order_b-a-c-d0-d1_parallel_none_unroll_1,0.0534817,39.2125,0.130413
SimulatedAnnealing,split_d4_order_b-c-a-d0-d1_parallel_none_unroll_1,0.0560765,37.3981,0.130413
SimulatedAnnealing,split_d4_order_c-b-a-d0-d1_parallel_none_unroll_1,0.0702845,29.838,0.130413
SimulatedAnnealing,split_d4_order_a-b-c-d0-d1_parallel_none_unroll_1,0.0557394,37.6243,0.130413
SimulatedAnnealing,split_d4_order_a-c-b-d0-d1_parallel_none_unroll_1,0.402804,5.20638,0.130413
SimulatedAnnealing,split_d4_order_a-b-c-d0-d1_parallel_none_unroll_8,0.0584535,35.8773,0.133118
SimulatedAnnealing,split_d4_order_a-b-c-d0-d1_parallel_none_unroll_4,0.0527943,39.7231,0.133118
SimulatedAnnealing,split_d4_order_a-b-c-d0-d1_parallel_none_unroll_2,0.264176,7.93845,0.133118
SimulatedAnnealing,split_d4_order_a-b-c-d0-d1_parallel_none_unroll_1,0.0558442,37.5536,0.126779
SimulatedAnnealing,split_d2_order_a-b-c-d0-d1_parallel_none_unroll_1,0.0547189,38.3259,0.126779
SimulatedAnnealing,split_d2_order_a-b-c-d0-d1_parallel_none_unroll_2,0.0528883,39.6524,0.133118
SimulatedAnnealing,split_d2_order_c-b-a-d0-d1_parallel_none_unroll_2,0.0709816,29.545,0.133118
SimulatedAnnealing,split_d4_order_c-b-a-d0-d1_parallel_none_unroll_2,0.291867,7.1853,0.133118
SimulatedAnnealing,split_d4_order_c-b-a-d0-d1_parallel_none_unroll_1,0.0704353,29.7742,0.126779
SimulatedAnnealing,split_d2_order_c-b-a-d0-d1_parallel_none_unroll_1,0.0680335,30.8253,0.126779
SimulatedAnnealing,split_d2_order_c-a-b-d0-d1_parallel_none_unroll_1,0.411519,5.09613,0.126779
SimulatedAnnealing,split_d2_order_a-c-b-d0-d1_parallel_none_unroll_1,0.416548,5.0346,0.126779
SimulatedAnnealing,split_d2_order_a-c-b-d0-d1_parallel_none_unroll_2,0.433674,4.83578,0.133118
SimulatedAnnealing,split_d2_order_c-a-b-d0-d1_parallel_none_unroll_2,0.432122,4.85315,0.133118
SimulatedAnnealing,split_d1_order_a-b-c-d0-d1_parallel_none_unroll_1,0.0546174,38.3971,0.145408
SimulatedAnnealing,split_d1_order_a-b-c-d0-d1_parallel_b_unroll_1,1.42287,1.47389,1.41233
SimulatedAnnealing,split_d2_order_a-b-c-d0-d1_parallel_none_unroll_1,0.0552461,37.9602,0.123597
SimulatedAnnealing,split_d2_order_a-b-c-d0-d1_parallel_none_unroll_2,0.0543956,38.5537,0.129777
SimulatedAnnealing,split_d2_order_a-b-c-d0-d1_parallel_b_unroll_2,1.42224,1.47454,1.26524
SimulatedAnnealing,split_d1_order_a-b-c-d0-d1_parallel_none_unroll_2,0.232408,9.0236,0.152679
SimulatedAnnealing,split_d1_order_a-c-b-d0-d1_parallel_none_unroll_2,0.437088,4.79801,0.152679
SimulatedAnnealing,split_d1_order_a-c-b-d0-d1_parallel_c_unroll_2,1.47826,1.41866,1.48075
SimulatedAnnealing,split_d1_order_a-c-b-d0-d1_parallel_none_unroll_1,0.428832,4.89038,0.145408
SimulatedAnnealing,split_d1_order_b-c-a-d0-d1_parallel_none_unroll_1,0.0553453,37.8922,0.145408
SimulatedAnnealing,split_d1_order_b-c-a-d0-d1_parallel_c_unroll_1,1.43407,1.46237,1.41233
SimulatedAnnealing,split_d2_order_b-c-a-d0-d1_parallel_none_unroll_1,0.0543829,38.5627,0.123597
SimulatedAnnealing,split_d2_order_b-c-a-d0-d1_parallel_c_unroll_1,1.43189,1.46461,1.20709
SimulatedAnnealing,split_d2_order_b-a-c-d0-d1_parallel_none_unroll_1,0.0528397,39.6889,0.123597
SimulatedAnnealing,split_d2_order_b-a-c-d0-d1_parallel_none_unroll_2,0.0532429,39.3884,0.129777
SimulatedAnnealing,split_d1_order_b-a-c-d0-d1_parallel_none_unroll_2,0.22093,9.49238,0.152679
SimulatedAnnealing,split_d1_order_b-c-a-d0-d1_parallel_none_unroll_2,0.245561,8.54026,0.152679
SimulatedAnnealing,split_d2_order_b-c-a-d0-d1_parallel_none_unroll_2,0.0598843,35.02,0.129777
SimulatedAnnealing,split_d2_order_b-c-a-d0-d1_parallel_b_unroll_2,0.0481323,43.5705,1.26524
SimulatedAnnealing,split_d1_order_a-b-c-d0-d1_parallel_none_unroll_1,0.0544418,38.521,0.147248
SimulatedAnnealing,split_d1_order_a-b-c-d0-d1_parallel_none_unroll_2,0.231025,9.07761,0.154611
SimulatedAnnealing,split_d1_order_c-b-a-d0-d1_parallel_none_unroll_1,0.0683336,30.6899,0.147248
SimulatedAnnealing,split_d1_order_c-b-a-d0-d1_parallel_c_unroll_1,0.0545314,38.4577,1.42996
SimulatedAnnealing,split_d1_order_c-b-a-d0-d1_parallel_c_unroll_2,0.0783306,26.7731,1.49924
SimulatedAnnealing,split_d1_order_c-b-a-d0-d1_parallel_b_unroll_2,1.50497,1.39349,1.49924
SimulatedAnnealing,split_d1_order_c-b-a-d0-d1_parallel_a_unroll_2,45.3552,0.0462384,1.49924
SimulatedAnnealing,split_d1_order_c-b-a-d0-d1_parallel_none_unroll_2,0.274459,7.64103,0.154611
SimulatedAnnealing,split_d1_order_b-c-a-d0-d1_parallel_none_unroll_2,0.261076,8.03271,0.154611
SimulatedAnnealing,split_d1_order_b-c-a-d0-d1_parallel_d0_unroll_2,0.261076,8.03271,0.168018
SimulatedAnnealing,split_d1_order_b-c-a-d0-d1_parallel_d0_unroll_1,0.0568453,36.8923,0.162128
SimulatedAnnealing,split_d1_order_b-c-a-d0-d1_parallel_b_unroll_1,0.0509059,41.1967,1.42996
SimulatedAnnealing,split_d2_order_b-c-a-d0-d1_parallel_b_unroll_1,0.0495958,42.2849,1.22212
SimulatedAnnealing,split_d2_order_b-c-a-d0-d1_parallel_a_unroll_1,45.42,0.0461724,1.22212
SimulatedAnnealing,split_d2_order_b-a-c-d0-d1_parallel_b_unroll_1,0.0479714,43.7168,1.22212
SimulatedAnnealing,split_d2_order_b-a-c-d0-d1_parallel_none_unroll_1,0.0506211,41.4284,0.125161
SimulatedAnnealing,split_d1_order_b-a-c-d0-d1_parallel_none_unroll_1,0.0525752,39.8886,0.147248
SimulatedAnnealing,split_d1_order_b-c-a-d0-d1_parallel_none_unroll_1,0.0568453,36.8923,0.147248
SimulatedAnnealing,split_d1_order_b-c-a-d0-d1_parallel_a_unroll_1,45.581,0.0460094,1.42996
SimulatedAnnealing,split_d2_order_b-c-a-d0-d1_parallel_none_unroll_1,0.0576899,36.3522,0.125161
SimulatedAnnealing,split_d1_order_a-b-c-d0-d1_parallel_none_unroll_1,0.0551403,38.033,0.142454
SimulatedAnnealing,split_d1_order_a-c-b-d0-d1_parallel_none_unroll_1,0.414704,5.05698,0.142454
SimulatedAnnealing,split_d1_order_a-c-b-d0-d1_parallel_b_unroll_1,45.4354,0.0461568,1.38441
SimulatedAnnealing,split_d2_order_a-c-b-d0-d1_parallel_none_unroll_1,0.395439,5.30335,0.121086
SimulatedAnnealing,split_d2_order_a-c-b-d0-d1_parallel_b_unroll_1,46.112,0.0454795,1.18334
SimulatedAnnealing,split_d2_order_a-c-b-d0-d1_parallel_none_unroll_2,0.399544,5.24887,0.12714
SimulatedAnnealing,split_d1_order_a-c-b-d0-d1_parallel_none_unroll_2,0.424689,4.93809,0.149577
SimulatedAnnealing,split_d1_order_b-c-a-d0-d1_parallel_none_unroll_2,0.232904,9.00436,0.149577
SimulatedAnnealing,split_d1_order_b-c-a-d0-d1_parallel_none_unroll_1,0.0553917,37.8604,0.142454
SimulatedAnnealing,split_d1_order_b-a-c-d0-d1_parallel_none_unroll_1,0.050131,41.8335,0.142454
SimulatedAnnealing,split_d2_order_b-a-c-d0-d1_parallel_none_unroll_1,0.0548896,38.2067,0.121086
SimulatedAnnealing,split_d2_order_a-b-c-d0-d1_parallel_none_unroll_1,0.0525724,39.8908,0.121086
SimulatedAnnealing,split_d2_order_a-b-c-d0-d1_parallel_none_unroll_2,0.0540432,38.8051,0.12714
SimulatedAnnealing,split_d1_order_a-b-c-d0-d1_parallel_none_unroll_2,0.252023,8.32127,0.149577
SimulatedAnnealing,split_d1_order_b-a-c-d0-d1_parallel_none_unroll_2,0.220211,9.52338,0.149577
SimulatedAnnealing,split_d1_order_c-a-b-d0-d1_parallel_none_unroll_2,0.406526,5.15872,0.149577
SimulatedAnnealing,split_d1_order_c-a-b-d0-d1_parallel_none_unroll_1,0.406935,5.15353,0.142454
SimulatedAnnealing,split_d2_order_c-a-b-d0-d1_parallel_none_unroll_1,0.426808,4.91357,0.121086
SimulatedAnnealing,split_d2_order_c-a-b-d0-d1_parallel_none_unroll_2,0.42225,4.96661,0.12714
SimulatedAnnealing,split_d2_order_c-a-b-d0-d1_parallel_a_unroll_2,1.5011,1.39708,1.24031
SimulatedAnnealing,split_d1_order_a-b-c-d0-d1_parallel_none_unroll_1,0.0545789,38.4242,0.1457
SimulatedAnnealing,split_d1_order_a-c-b-d0-d1_parallel_none_unroll_1,0.403735,5.19438,0.1457
SimulatedAnnealing,split_d1_order_b-c-a-d0-d1_parallel_none_unroll_1,0.0593708,35.323,0.1457
SimulatedAnnealing,split_d2_order_b-c-a-d0-d1_parallel_none_unroll_1,0.0591561,35.4511,0.123845
SimulatedAnnealing,split_d2_order_b-c-a-d0-d1_parallel_none_unroll_2,0.0609646,34.3995,0.130038
SimulatedAnnealing,split_d1_order_b-c-a-d0-d1_parallel_none_unroll_2,0.229613,9.13341,0.152985
SimulatedAnnealing,split_d1_order_a-c-b-d0-d1_parallel_none_unroll_2,0.402948,5.20452,0.152985
SimulatedAnnealing,split_d1_order_c-a-b-d0-d1_parallel_none_unroll_2,0.405316,5.17412,0.152985
SimulatedAnnealing,split_d1_order_c-a-b-d0-d1_parallel_a_unroll_2,1.49651,1.40136,1.48382
SimulatedAnnealing,split_d2_order_c-a-b-d0-d1_parallel_none_unroll_2,0.374367,5.60186,0.130038
SimulatedAnnealing,split_d2_order_c-b-a-d0-d1_parallel_none_unroll_2,0.0687059,30.5236,0.130038
SimulatedAnnealing,split_d2_order_c-b-a-d0-d1_parallel_a_unroll_2,45.9752,0.0456148,1.26788
SimulatedAnnealing,split_d2_order_c-b-a-d0-d1_parallel_none_unroll_1,0.0679857,30.847,0.123845
SimulatedAnnealing,split_d1_order_c-b-a-d0-d1_parallel_none_unroll_1,0.0687145,30.5198,0.1457
SimulatedAnnealing,split_d1_order_c-b-a-d0-d1_parallel_none_unroll_2,0.278181,7.5388,0.152985
SimulatedAnnealing,split_d1_order_c-b-a-d0-d1_parallel_a_unroll_1,45.663,0.0459267,1.41527
SimulatedAnnealing,split_d1_order_c-b-a-d0-d1_parallel_b_unroll_1,1.49984,1.39825,1.41527
SimulatedAnnealing,split_d1_order_c-b-a-d0-d1_parallel_b_unroll_2,1.57757,1.32935,1.48382
SimulatedAnnealing,split_d1_order_a-b-c-d0-d1_parallel_none_unroll_1,0.0537882,38.9891,0.147112
SimulatedAnnealing,split_d1_order_a-b-c-d0-d1_parallel_c_unroll_1,47.4646,0.0441835,1.42872
SimulatedAnnealing,split_d2_order_a-b-c-d0-d1_parallel_none_unroll_1,0.0523414,40.0668,0.125045
SimulatedAnnealing,split_d2_order_a-b-c-d0-d1_parallel_a_unroll_1,0.0557305,37.6303,1.22107
SimulatedAnnealing,split_d2_order_a-b-c-d0-d1_parallel_a_unroll_2,0.0575428,36.4451,1.27991
SimulatedAnnealing,split_d1_order_a-b-c-d0-d1_parallel_a_unroll_2,0.0706861,29.6685,1.49794
SimulatedAnnealing,split_d1_order_c-b-a-d0-d1_parallel_a_unroll_2,46.9256,0.044691,1.49794
SimulatedAnnealing,split_d1_order_a-b-c-d0-d1_parallel_c_unroll_2,46.0686,0.0455223,1.49794
SimulatedAnnealing,split_d1_order_a-b-c-d0-d1_parallel_d0_unroll_2,0.229479,9.13873,0.167951
SimulatedAnnealing,split_d1_order_c-b-a-d0-d1_parallel_d0_unroll_2,0.274985,7.62643,0.167951
SimulatedAnnealing,split_d1_order_c-b-a-d0-d1_parallel_none_unroll_2,0.274985,7.62643,0.154467
SimulatedAnnealing,split_d1_order_c-b-a-d0-d1_parallel_none_unroll_1,0.0737854,28.4223,0.147112
SimulatedAnnealing,split_d1_order_c-a-b-d0-d1_parallel_none_unroll_1,0.411628,5.09477,0.147112
SimulatedAnnealing,split_d1_order_c-a-b-d0-d1_parallel_none_unroll_2,0.412617,5.08257,0.154467
SimulatedAnnealing,split_d2_order_c-a-b-d0-d1_parallel_none_unroll_2,0.419695,4.99685,0.131297
SimulatedAnnealing,split_d2_order_c-a-b-d0-d1_parallel_none_unroll_1,0.423464,4.95237,0.125045
SimulatedAnnealing,split_d2_order_c-b-a-d0-d1_parallel_none_unroll_1,0.0718803,29.1756,0.125045
SimulatedAnnealing,split_d2_order_c-b-a-d0-d1_parallel_none_unroll_2,0.0740128,28.335,0.131297
SimulatedAnnealing,split_d2_order_a-b-c-d0-d1_parallel_none_unroll_1,0.0556076,37.7134,1.06955
SimulatedAnnealing,split_d1_order_a-b-c-d0-d1_parallel_none_unroll_1,0.0540093,38.8294,1.25829
SimulatedAnnealing,split_d1_order_a-b-c-d0-d1_parallel_none_unroll_2,0.241394,8.68767,1.32121
SimulatedAnnealing,split_d1_order_a-c-b-d0-d1_parallel_none_unroll_2,0.412371,5.08559,1.32121
SimulatedAnnealing,split_d1_order_c-a-b-d0-d1_parallel_none_unroll_2,0.426971,4.91169,1.32121
SimulatedAnnealing,split_d2_order_c-a-b-d0-d1_parallel_none_unroll_2,0.459903,4.55999,1.12302
SimulatedAnnealing,split_d2_order_a-c-b-d0-d1_parallel_none_unroll_2,0.397445,5.27658,1.12302
SimulatedAnnealing,split_d2_order_a-c-b-d0-d1_parallel_none_unroll_1,0.404917,5.17921,1.06955
SimulatedAnnealing,split_d1_order_a-c-b-d0-d1_parallel_none_unroll_1,0.403592,5.19622,1.25829
SimulatedAnnealing,split_d1_order_c-a-b-d0-d1_parallel_none_unroll_1,0.415389,5.04864,1.25829
SimulatedAnnealing,split_d2_order_c-a-b-d0-d1_parallel_none_unroll_1,0.406421,5.16005,1.06955
SimulatedAnnealing,split_d2_order_c-b-a-d0-d1_parallel_none_unroll_1,0.0700565,29.9351,1.06955
SimulatedAnnealing,split_d2_order_b-c-a-d0-d1_parallel_none_unroll_1,0.0608057,34.4894,1.06955
SimulatedAnnealing,split_d1_order_b-c-a-d0-d1_parallel_none_unroll_1,0.0539819,38.8492,1.25829
SimulatedAnnealing,split_d1_order_b-c-a-d0-d1_parallel_none_unroll_2,0.228153,9.19185,1.32121
SimulatedAnnealing,split_d1_order_b-a-c-d0-d1_parallel_none_unroll_1,0.055703,37.6488,1.25829
SimulatedAnnealing,split_d2_order_b-a-c-d0-d1_parallel_none_unroll_1,0.0531134,39.4844,1.06955
SimulatedAnnealing,split_d2_order_a-b-c-d0-d1_parallel_none_unroll_1,0.0568933,36.8611,1.06955
SimulatedAnnealing,split_d2_order_a-b-c-d0-d1_parallel_none_unroll_2,0.0570217,36.7781,1.12302
SimulatedAnnealing,split_d2_order_c-b-a-d0-d1_parallel_none_unroll_2,0.0750586,27.9402,1.12302
SimulatedAnnealing,split_d2_order_c-b-a-d0-d1_parallel_none_unroll_1,0.0706753,29.6731,1.06955
SimulatedAnnealing,split_d1_order_c-b-a-d0-d1_parallel_none_unroll_1,0.0693634,30.2343,1.25829
SimulatedAnnealing,split_d1_order_c-a-b-d0-d1_parallel_none_unroll_1,0.369031,5.68287,1.25829
SimulatedAnnealing,split_d1_order_a-c-b-d0-d1_parallel_none_unroll_1,0.407281,5.14916,1.25829
SimulatedAnnealing,split_d1_order_b-c-a-d0-d1_parallel_none_unroll_1,0.0571649,36.686,1.25829
SimulatedAnnealing,split_d2_order_b-c-a-d0-d1_parallel_none_unroll_1,0.0613391,34.1895,1.06955
SimulatedAnnealing,split_d2_order_b-c-a-d0-d1_parallel_none_unroll_2,0.0543976,38.5523,1.12302
SimulatedAnnealing,split_d1_order_b-c-a-d0-d1_parallel_none_unroll_2,0.228098,9.19407,1.32121
SimulatedAnnealing,split_d1_order_c-b-a-d0-d1_parallel_none_unroll_2,0.271252,7.73139,1.32121
SimulatedAnnealing,split_d1_order_c-a-b-d0-d1_parallel_none_unroll_2,0.414275,5.06222,1.32121
SimulatedAnnealing,split_d1_order_a-c-b-d0-d1_parallel_none_unroll_2,0.41368,5.06951,1.32121
SimulatedAnnealing,split_d2_order_a-c-b-d0-d1_parallel_none_unroll_2,0.397739,5.27268,1.12302
SimulatedAnnealing,split_d2_order_c-a-b-d0-d1_parallel_none_unroll_2,0.3729,5.6239,1.12302
SimulatedAnnealing,split_d2_order_a-b-c-d0-d1_parallel_none_unroll_1,0.0517823,40.4994,1.06955
SimulatedAnnealing,split_d2_order_a-c-b-d0-d1_parallel_none_unroll_1,0.405408,5.17295,1.06955
SimulatedAnnealing,split_d2_order_a-c-b-d0-d1_parallel_none_unroll_2,0.430228,4.87451,1.12302
SimulatedAnnealing,split_d2_order_a-b-c-d0-d1_parallel_none_unroll_2,0.054472,38.4996,1.12302
SimulatedAnnealing,split_d1_order_a-b-c-d0-d1_parallel_none_unroll_2,0.231977,9.04036,1.32121
SimulatedAnnealing,split_d1_order_b-a-c-d0-d1_parallel_none_unroll_2,0.221541,9.46622,1.32121
SimulatedAnnealing,split_d1_order_b-a-c-d0-d1_parallel_none_unroll_1,0.0527646,39.7454,1.25829
SimulatedAnnealing,split_d1_order_b-c-a-d0-d1_parallel_none_unroll_1,0.0609215,34.4238,1.25829
SimulatedAnnealing,split_d2_order_b-c-a-d0-d1_parallel_none_unroll_1,0.0540944,38.7684,1.06955
SimulatedAnnealing,split_d2_order_b-a-c-d0-d1_parallel_none_unroll_1,0.0501747,41.797,1.06955
SimulatedAnnealing,split_d2_order_b-a-c-d0-d1_parallel_none_unroll_2,0.0592856,35.3737,1.12302
SimulatedAnnealing,split_d2_order_b-c-a-d0-d1_parallel_none_unroll_2,0.0561481,37.3504,1.12302
SimulatedAnnealing,split_d1_order_b-c-a-d0-d1_parallel_none_unroll_2,0.227555,9.21601,1.32121
SimulatedAnnealing,split_d1_order_a-c-b-d0-d1_parallel_none_unroll_2,0.415906,5.04238,1.32121
SimulatedAnnealing,split_d1_order_a-c-b-d0-d1_parallel_none_unroll_1,0.407587,5.14529,1.25829
SimulatedAnnealing,split_d1_order_c-a-b-d0-d1_parallel_none_unroll_1,0.410876,5.1041,1.25829
SimulatedAnnealing,split_d1_order_c-a-b-d0-d1_parallel_none_unroll_2,0.410467,5.10919,1.32121
SimulatedAnnealing,split_d2_order_c-a-b-d0-d1_parallel_none_unroll_2,0.437358,4.79505,1.12302
SimulatedAnnealing,split_d2_order_a-b-c-d0-d1_parallel_none_unroll_1,0.0518365,40.4571,1.06955
SimulatedAnnealing,split_d2_order_a-c-b-d0-d1_parallel_none_unroll_1,0.399445,5.25016,1.06955
SimulatedAnnealing,split_d2_order_b-c-a-d0-d1_parallel_none_unroll_1,0.0569492,36.8249,1.06955
SimulatedAnnealing,split_d1_order_b-c-a-d0-d1_parallel_none_unroll_1,0.0570418,36.7652,1.25829
SimulatedAnnealing,split_d1_order_b-a-c-d0-d1_parallel_none_unroll_1,0.054944,38.1689,1.25829
SimulatedAnnealing,split_d2_order_b-a-c-d0-d1_parallel_none_unroll_1,0.0543464,38.5886,1.06955
SimulatedAnnealing,split_d2_order_b-a-c-d0-d1_parallel_none_unroll_2,0.0497427,42.16,1.12302
SimulatedAnnealing,split_d1_order_b-a-c-d0-d1_parallel_none_unroll_2,0.21958,9.55075,1.32121
SimulatedAnnealing,split_d2_order_b-c-a-d0-d1_parallel_none_unroll_2,0.0547133,38.3298,1.12302
SimulatedAnnealing,split_d1_order_b-c-a-d0-d1_parallel_none_unroll_2,0.241678,8.67746,1.32121
SimulatedAnnealing,split_d1_order_a-c-b-d0-d1_parallel_none_unroll_2,0.415551,5.04667,1.32121
SimulatedAnnealing,split_d1_order_a-c-b-d0-d1_parallel_none_unroll_1,0.416365,5.03682,1.25829
SimulatedAnnealing,split_d1_order_c-a-b-d0-d1_parallel_none_unroll_1,0.414599,5.05827,1.25829
SimulatedAnnealing,split_d1_order_c-b-a-d0-d1_parallel_none_unroll_1,0.0689966,30.395,1.25829
SimulatedAnnealing,split_d1_order_c-b-a-d0-d1_parallel_none_unroll_2,0.289352,7.24775,1.32121
SimulatedAnnealing,split_d1_order_a-b-c-d0-d1_parallel_none_unroll_2,0.254896,8.22749,1.32121
SimulatedAnnealing,split_d2_order_a-b-c-d0-d1_parallel_none_unroll_2,0.0554395,37.8278,1.12302
SimulatedAnnealing,split_d2_order_c-b-a-d0-d1_parallel_none_unroll_2,0.0721573,29.0636,1.12302
SimulatedAnnealing,split_d2_order_a-b-c-d0-d1_parallel_none_unroll_1,0.0529107,39.6357,1.06955
SimulatedAnnealing,split_d2_order_c-b-a-d0-d1_parallel_none_unroll_1,0.0702075,29.8707,1.06955
SimulatedAnnealing,split_d2_order_c-b-a-d0-d1_parallel_none_unroll_2,0.0712302,29.4419,1.12302
SimulatedAnnealing,split_d2_order_c-a-b-d0-d1_parallel_none_unroll_2,0.357677,5.86326,1.12302
SimulatedAnnealing,split_d1_order_c-a-b-d0-d1_parallel_none_unroll_2,0.402355,5.2122,1.32121
SimulatedAnnealing,split_d1_order_c-a-b-d0-d1_parallel_none_unroll_1,0.396631,5.28742,1.25829
SimulatedAnnealing,split_d2_order_c-a-b-d0-d1_parallel_none_unroll_1,0.375034,5.5919,1.06955
SimulatedAnnealing,split_d2_order_a-c-b-d0-d1_parallel_none_unroll_1,0.403561,5.19662,1.06955
SimulatedAnnealing,split_d2_order_a-c-b-d0-d1_parallel_none_unroll_2,0.402871,5.20552,1.12302
SimulatedAnnealing,split_d1_order_a-c-b-d0-d1_parallel_none_unroll_2,0.429429,4.88358,1.32121
SimulatedAnnealing,split_d1_order_a-c-b-d0-d1_parallel_none_unroll_1,0.421589,4.9744,1.25829
SimulatedAnnealing,split_d1_order_a-b-c-d0-d1_parallel_none_unroll_1,0.06056,34.6293,1.25829
SimulatedAnnealing,split_d1_order_a-b-c-d0-d1_parallel_none_unroll_2,0.249307,8.41194,1.32121
SimulatedAnnealing,split_d2_order_a-b-c-d0-d1_parallel_none_unroll_2,0.0524829,39.9588,1.12302
RandomSearch,split_d2_order_a-c-b-d0-d1_parallel_none_unroll_16,0.411468,5.09675,0.12959
RandomSearch,split_d4_order_c-b-a-d0-d1_parallel_none_unroll_2,0.273058,7.68024,0.12959
RandomSearch,split_d16_order_a-b-c-d0-d1_parallel_d0_unroll_2,1458.18,0.0014382,0.147968
RandomSearch,split_d32_order_b-c-a-d0-d1_parallel_none_unroll_2,0.227567,9.21553,0.12959
RandomSearch,split_d32_order_b-a-c-d0-d1_parallel_none_unroll_8,0.220095,9.52839,0.12959
RandomSearch,split_d8_order_a-b-c-d0-d1_parallel_none_unroll_4,0.232287,9.02829,0.12959
RandomSearch,split_d16_order_a-c-b-d0-d1_parallel_d0_unroll_8,1460.2,0.00143621,0.147968
RandomSearch,split_d16_order_a-c-b-d0-d1_parallel_d0_unroll_1,1455.17,0.00144117,0.143031
RandomSearch,split_d16_order_b-c-a-d0-d1_parallel_d0_unroll_1,1456.88,0.00143949,0.143031
RandomSearch,split_d4_order_b-c-a-d0-d1_parallel_none_unroll_2,0.241499,8.68391,0.12959
RandomSearch,split_d8_order_a-c-b-d0-d1_parallel_none_unroll_16,0.405355,5.17361,0.12959
RandomSearch,split_d16_order_a-b-c-d0-d1_parallel_d0_unroll_1,1465.22,0.00143128,0.144128
RandomSearch,split_d8_order_c-a-b-d0-d1_parallel_none_unroll_1,0.407038,5.15222,0.124855
RandomSearch,split_d4_order_c-b-a-d0-d1_parallel_none_unroll_2,0.274617,7.63664,0.131098
RandomSearch,split_d32_order_a-c-b-d0-d1_parallel_none_unroll_1,0.397714,5.27302,0.124855
RandomSearch,split_d8_order_a-b-c-d0-d1_parallel_none_unroll_4,0.242442,8.65013,0.131098
RandomSearch,split_d16_order_b-a-c-d0-d1_parallel_d0_unroll_8,1452.73,0.0014436,0.149123
RandomSearch,split_d2_order_a-b-c-d0-d1_parallel_none_unroll_1,0.0533764,39.2899,0.124855
RandomSearch,split_d16_order_a-b-c-d0-d1_parallel_none_unroll_2,0.243013,8.62978,0.131098
RandomSearch,split_d8_order_a-c-b-d0-d1_parallel_none_unroll_4,0.41874,5.00825,0.131098
RandomSearch,split_d4_order_a-b-c-d0-d1_parallel_none_unroll_16,0.0557156,37.6403,0.131098
RandomSearch,split_d32_order_b-a-c-d0-d1_parallel_none_unroll_8,0.219321,9.56202,0.131098
RandomSearch,split_d32_order_a-b-c-d0-d1_parallel_none_unroll_16,0.24023,8.72976,0.131098
RandomSearch,split_d2_order_c-b-a-d0-d1_parallel_none_unroll_4,0.0729746,28.7381,0.131098
RandomSearch,split_d1_order_b-a-c-d0-d1_parallel_none_unroll_1,0.0627684,33.411,0.146888
RandomSearch,split_d16_order_c-a-b-d0-d1_parallel_none_unroll_4,0.407922,5.14106,0.131098
RandomSearch,split_d16_order_c-a-b-d0-d1_parallel_none_unroll_1,0.415585,5.04626,0.124855
RandomSearch,split_d32_order_a-c-b-d0-d1_parallel_none_unroll_16,0.422075,4.96867,0.129433
RandomSearch,split_d16_order_a-b-c-d0-d1_parallel_d0_unroll_4,1453.11,0.00144321,0.147433
RandomSearch,split_d32_order_a-c-b-d0-d1_parallel_d0_unroll_1,1455.56,0.00144078,0.142502
RandomSearch,split_d32_order_c-a-b-d0-d1_parallel_none_unroll_16,0.420172,4.99118,0.129433
RandomSearch,split_d32_order_a-b-c-d0-d1_parallel_none_unroll_4,0.245486,8.54285,0.129433
RandomSearch,split_d16_order_a-b-c-d0-d1_parallel_none_unroll_4,0.245918,8.52786,0.129433
RandomSearch,split_d2_order_a-c-b-d0-d1_parallel_none_unroll_16,0.398271,5.26563,0.129433
RandomSearch,split_d32_order_c-a-b-d0-d1_parallel_none_unroll_2,0.439854,4.76783,0.129433
RandomSearch,split_d16_order_a-b-c-d0-d1_parallel_none_unroll_16,0.0563318,37.2286,0.129433
RandomSearch,split_d8_order_a-c-b-d0-d1_parallel_none_unroll_16,0.406346,5.161,0.129433
RandomSearch,split_d16_order_c-a-b-d0-d1_parallel_none_unroll_16,0.420292,4.98975,0.129433
RandomSearch,split_d32_order_a-b-c-d0-d1_parallel_none_unroll_8,0.228777,9.16678,0.129433
RandomSearch,split_d16_order_b-c-a-d0-d1_parallel_none_unroll_8,0.260351,8.05509,0.129433
RandomSearch,split_d16_order_c-b-a-d0-d1_parallel_none_unroll_2,0.287382,7.29745,0.129521
RandomSearch,split_d32_order_a-c-b-d0-d1_parallel_d0_unroll_1,1457.12,0.00143925,0.142818
RandomSearch,split_d8_order_b-c-a-d0-d1_parallel_none_unroll_2,0.250119,8.38462,0.129521
RandomSearch,split_d4_order_b-a-c-d0-d1_parallel_none_unroll_2,0.235338,8.91124,0.129521
RandomSearch,split_d16_order_b-c-a-d0-d1_parallel_none_unroll_4,0.254228,8.24911,0.129521
RandomSearch,split_d8_order_c-b-a-d0-d1_parallel_none_unroll_16,0.0710637,29.5109,0.129521
RandomSearch,split_d16_order_c-a-b-d0-d1_parallel_d0_unroll_1,1457.95,0.00143842,0.142818
RandomSearch,split_d2_order_c-b-a-d0-d1_parallel_none_unroll_16,0.0864308,24.2639,0.129521
RandomSearch,split_d32_order_b-a-c-d0-d1_parallel_none_unroll_8,0.234493,8.94334,0.129521
RandomSearch,split_d4_order_b-a-c-d0-d1_parallel_none_unroll_4,0.0636141,32.9668,0.129521
RandomSearch,split_d8_order_a-b-c-d0-d1_parallel_none_unroll_1,0.0598775,35.024,0.123353
RandomSearch,split_d2_order_a-c-b-d0-d1_parallel_none_unroll_4,0.394031,5.32231,0.129521
RandomSearch,split_d1_order_b-c-a-d0-d1_parallel_none_unroll_1,0.0632639,33.1493,0.145121
RandomSearch,split_d4_order_c-b-a-d0-d1_parallel_none_unroll_4,0.0694719,30.1871,0.129521
RandomSearch,split_d16_order_c-a-b-d0-d1_parallel_none_unroll_8,0.432338,4.85072,0.13257
RandomSearch,split_d4_order_c-b-a-d0-d1_parallel_none_unroll_8,0.0711574,29.472,0.13257
RandomSearch,split_d8_order_a-b-c-d0-d1_parallel_none_unroll_1,0.0603013,34.7779,0.126257
RandomSearch,split_d16_order_c-a-b-d0-d1_parallel_none_unroll_4,0.410602,5.10751,0.13257
RandomSearch,split_d8_order_c-b-a-d0-d1_parallel_none_unroll_1,0.0701273,29.9049,0.126257
RandomSearch,split_d16_order_c-b-a-d0-d1_parallel_none_unroll_16,0.0695574,30.1499,0.13257
RandomSearch,split_d8_order_b-c-a-d0-d1_parallel_none_unroll_16,0.0796128,26.3419,0.13257
RandomSearch,split_d2_order_b-a-c-d0-d1_parallel_none_unroll_16,0.0524417,39.9901,0.13257
RandomSearch,split_d4_order_a-c-b-d0-d1_parallel_none_unroll_4,0.40865,5.1319,0.13257
RandomSearch,split_d8_order_a-c-b-d0-d1_parallel_none_unroll_4,0.415424,5.04822,0.13257
SimulatedAnnealing,split_g1_order_a-b-c-d-e-f-g0-g1_parallel_none_unroll_1,0.000217445,20.1155,0.000203584
SimulatedAnnealing,split_g1_order_a-b-c-d-e-f-g0-g1_parallel_none_unroll_2,0.000517946,8.4449,0.000213763
SimulatedAnnealing,split_g1_order_a-d-c-b-e-f-g0-g1_parallel_none_unroll_2,0.000528841,8.27092,0.000213763
SimulatedAnnealing,split_g1_order_a-d-c-b-e-f-g0-g1_parallel_none_unroll_1,0.000201002,21.7609,0.000203584
SimulatedAnnealing,split_g1_order_c-d-a-b-e-f-g0-g1_parallel_none_unroll_1,0.000216541,20.1994,0.000203584
SimulatedAnnealing,split_g1_order_c-f-a-b-e-d-g0-g1_parallel_none_unroll_1,0.000285569,15.3168,0.000203584
SimulatedAnnealing,split_g1_order_c-f-a-e-b-d-g0-g1_parallel_none_unroll_1,0.000167488,26.1153,0.000203584
SimulatedAnnealing,split_g1_order_c-d-a-e-b-f-g0-g1_parallel_none_unroll_1,0.000172097,25.4159,0.000203584
SimulatedAnnealing,split_g1_order_e-d-a-c-b-f-g0-g1_parallel_none_unroll_1,0.000235102,18.6047,0.000203584
SimulatedAnnealing,split_g1_order_d-e-a-c-b-f-g0-g1_parallel_none_unroll_1,0.000229213,19.0827,0.000203584
SimulatedAnnealing,split_g1_order_d-f-a-c-b-e-g0-g1_parallel_none_unroll_1,0.000221344,19.7611,0.000203584
SimulatedAnnealing,split_g1_order_b-f-a-c-d-e-g0-g1_parallel_none_unroll_1,0.000265681,16.4634,0.000203584
SimulatedAnnealing,split_g1_order_b-f-d-c-a-e-g0-g1_parallel_none_unroll_1,0.000308877,14.161,0.000203584
SimulatedAnnealing,split_g1_order_c-f-d-b-a-e-g0-g1_parallel_none_unroll_1,0.000313713,13.9427,0.000203584
GeneticAlgorithm,split_g1_order_a-b-c-d-e-f-g0-g1_parallel_none_unroll_1,0.000179054,24.4284,0.000204943
GeneticAlgorithm,split_g1_order_a-b-c-d-f-e-g0-g1_parallel_none_unroll_1,0.000218929,19.9791,0.000204943
GeneticAlgorithm,split_g1_order_a-b-c-e-d-f-g0-g1_parallel_none_unroll_1,0.000220764,19.813,0.000204943
GeneticAlgorithm,split_g1_order_a-b-c-e-f-d-g0-g1_parallel_none_unroll_1,0.000174877,25.0118,0.000204943
GeneticAlgorithm,split_g1_order_c-e-f-d-a-b-g0-g1_parallel_none_unroll_1,0.000183768,23.8018,0.000204943
GeneticAlgorithm,split_g1_order_a-e-f-c-b-d-g0-g1_parallel_none_unroll_1,0.000201315,21.7271,0.000204943
GeneticAlgorithm,split_g1_order_a-c-e-d-f-b-g0-g1_parallel_none_unroll_4,0.00026988,16.2072,0.00021519
GeneticAlgorithm,split_g1_order_b-a-e-f-d-c-g0-g1_parallel_none_unroll_1,0.000221273,19.7674,0.000204943
GeneticAlgorithm,split_g1_order_a-b-e-d-c-f-g0-g1_parallel_none_unroll_4,0.000222395,19.6677,0.00021519
GeneticAlgorithm,split_g1_order_c-f-d-e-a-b-g0-g1_parallel_none_unroll_1,0.000213317,20.5047,0.000204943
GeneticAlgorithm,split_g1_order_a-b-f-e-d-c-g0-g1_parallel_none_unroll_16,0.000220103,19.8726,0.00021519
GeneticAlgorithm,split_g1_order_d-b-e-a-c-f-g0-g1_parallel_none_unroll_1,0.000265674,16.4638,0.000204943
GeneticAlgorithm,split_g1_order_f-e-c-b-d-a-g0-g1_parallel_none_unroll_1,0.000212715,20.5627,0.000204943
GeneticAlgorithm,split_g1_order_c-d-e-a-f-b-g0-g1_parallel_none_unroll_1,0.000218908,19.981,0.000204943
GeneticAlgorithm,split_g1_order_a-e-b-c-f-d-g0-g1_parallel_none_unroll_4,0.000201097,21.7507,0.00021519
GeneticAlgorithm,split_g1_order_a-b-e-d-c-f-g0-g1_parallel_none_unroll_1,0.000224752,19.4614,0.000204943
RandomSearch,split_g1_order_a-c-d-f-e-b-g0-g1_parallel_none_unroll_2,0.000517245,8.45635,0.000229991
RandomSearch,split_g1_order_a-e-c-d-f-b-g0-g1_parallel_none_unroll_4,0.00027624,15.8341,0.000229991
RandomSearch,split_g1_order_b-a-c-e-f-d-g0-g1_parallel_none_unroll_1,0.000201548,21.7021,0.000219039
RandomSearch,split_g1_order_d-f-c-a-e-b-g0-g1_parallel_none_unroll_1,0.000186643,23.4351,0.000219039
RandomSearch,split_g1_order_c-e-f-d-a-b-g0-g1_parallel_none_unroll_1,0.000176876,24.7292,0.000219039
RandomSearch,split_g1_order_a-e-f-c-b-d-g0-g1_parallel_none_unroll_1,0.000162947,26.843,0.000219039
RandomSearch,split_g1_order_a-c-e-d-f-b-g0-g1_parallel_none_unroll_4,0.000220536,19.8335,0.000229991
RandomSearch,split_g1_order_b-a-e-f-d-c-g0-g1_parallel_none_unroll_1,0.00018068,24.2086,0.000219039
RandomSearch,split_g1_order_a-b-e-d-c-f-g0-g1_parallel_none_unroll_4,0.000181414,24.1107,0.000229991
RandomSearch,split_g1_order_c-f-d-e-a-b-g0-g1_parallel_none_unroll_1,0.000172855,25.3045,0.000219039
RandomSearch,split_g1_order_a-b-f-e-d-c-g0-g1_parallel_none_unroll_16,0.000188982,23.1451,0.000229991
RandomSearch,split_g1_order_d-b-e-a-c-f-g0-g1_parallel_none_unroll_1,0.000210618,20.7674,0.000219039
RandomSearch,split_g1_order_a-d-e-b-f-c-g0-g1_parallel_none_unroll_16,0.000196306,22.2816,0.000229991
RandomSearch,split_g1_order_c-d-a-b-f-e-g0-g1_parallel_none_unroll_1,0.000191217,22.8746,0.000219039
RandomSearch,split_g1_order_d-f-c-e-b-a-g0-g1_parallel_none_unroll_1,0.000206484,21.1833,0.000219039
RandomSearch,split_g1_order_a-c-e-b-d-f-g0-g1_parallel_none_unroll_1,0.000210377,20.7912,0.000219039
RandomSearch,split_g1_order_c-b-a-f-d-e-g0-g1_parallel_none_unroll_1,0.000174213,25.1072,0.000219039
SimulatedAnnealing,split_c2_order_a-b-c0-c1_parallel_none_unroll_1,0.000186714,43.8747,0.000238817
SimulatedAnnealing,split_c4_order_a-b-c0-c1_parallel_none_unroll_1,0.000215014,38.0999,0.000238817
SimulatedAnnealing,split_c4_order_b-a-c0-c1_parallel_none_unroll_1,0.000356188,22.9991,0.000238817
SimulatedAnnealing,split_c2_order_b-a-c0-c1_parallel_none_unroll_1,0.000409411,20.0092,0.000238817
SimulatedAnnealing,split_c2_order_b-a-c0-c1_parallel_none_unroll_2,0.000345848,23.6867,0.000250758
SimulatedAnnealing,split_c2_order_a-b-c0-c1_parallel_none_unroll_2,0.000178797,45.8174,0.000250758
GeneticAlgorithm,split_c2_order_a-b-c0-c1_parallel_none_unroll_1,0.000140985,58.1056,0.000248693
GeneticAlgorithm,split_c2_order_b-a-c0-c1_parallel_none_unroll_1,0.000306097,26.7627,0.000248693
GeneticAlgorithm,split_c4_order_a-b-c0-c1_parallel_none_unroll_1,0.000218743,37.4504,0.000248693
GeneticAlgorithm,split_c4_order_b-a-c0-c1_parallel_none_unroll_1,0.000283572,28.8886,0.000248693
GeneticAlgorithm,split_c2_order_a-b-c0-c1_parallel_none_unroll_16,0.000227943,35.9387,0.000261127
GeneticAlgorithm,split_c2_order_a-b-c0-c1_parallel_none_unroll_4,0.000145292,56.3832,0.000261127
GeneticAlgorithm,split_c2_order_b-a-c0-c1_parallel_none_unroll_2,0.000333219,24.5844,0.000261127
GeneticAlgorithm,split_c2_order_a-b-c0-c1_parallel_none_unroll_2,0.00020852,39.2865,0.000261127
GeneticAlgorithm,split_c2_order_a-b-c0-c1_parallel_none_unroll_8,0.000203542,40.2473,0.000261127
GeneticAlgorithm,split_c2_order_b-a-c0-c1_parallel_none_unroll_1,0.000306097,26.7627,0.000248693
GeneticAlgorithm,split_c2_order_a-b-c0-c1_parallel_none_unroll_1,0.000140985,58.1056,0.000248693
GeneticAlgorithm,split_c4_order_a-b-c0-c1_parallel_none_unroll_1,0.000218743,37.4504,0.000248693
GeneticAlgorithm,split_c2_order_b-a-c0-c1_parallel_none_unroll_4,0.000412772,19.8463,0.000261127
GeneticAlgorithm,split_c8_order_a-b-c0-c1_parallel_none_unroll_1,0.000238951,34.2832,0.000248693
GeneticAlgorithm,split_c16_order_a-b-c0-c1_parallel_none_unroll_1,0.000219473,37.3258,0.000248693
GeneticAlgorithm,split_c8_order_b-a-c0-c1_parallel_none_unroll_1,0.000294592,27.8079,0.000248693
GeneticAlgorithm,split_c16_order_b-a-c0-c1_parallel_none_unroll_1,0.0004055,20.2022,0.000248693
GeneticAlgorithm,split_c2_order_b-a-c0-c1_parallel_none_unroll_8,0.000481924,16.9985,0.000261127
RandomSearch,split_c16_order_a-b-c0-c1_parallel_none_unroll_1,0.000208963,39.203,0.000238726
RandomSearch,split_c8_order_a-b-c0-c1_parallel_none_unroll_1,0.000223931,36.5827,0.000238726
RandomSearch,split_c2_order_b-a-c0-c1_parallel_none_unroll_8,0.000280354,29.2202,0.000250662
RandomSearch,split_c2_order_b-a-c0-c1_parallel_none_unroll_4,0.000278625,29.4015,0.000250662
RandomSearch,split_c2_order_a-b-c0-c1_parallel_none_unroll_16,0.000133203,61.5001,0.000250662
RandomSearch,split_c2_order_a-b-c0-c1_parallel_none_unroll_4,0.000132507,61.823,0.000250662
RandomSearch,split_c2_order_b-a-c0-c1_parallel_none_unroll_2,0.00027809,29.4581,0.000250662
RandomSearch,split_c2_order_a-b-c0-c1_parallel_none_unroll_2,0.000133218,61.4933,0.000250662
RandomSearch,split_c2_order_a-b-c0-c1_parallel_none_unroll_8,0.000134933,60.7115,0.000250662
RandomSearch,split_c2_order_b-a-c0-c1_parallel_none_unroll_1,0.000283634,28.8823,0.000238726
RandomSearch,split_c2_order_a-b-c0-c1_parallel_none_unroll_1,0.000231892,35.3268,0.000238726
RandomSearch,split_c4_order_a-b-c0-c1_parallel_none_unroll_1,0.00013864,59.0882,0.000238726
RandomSearch,split_c16_order_b-a-c0-c1_parallel_none_unroll_1,0.000288838,28.3619,0.000238726
RandomSearch,split_c8_order_b-a-c0-c1_parallel_none_unroll_1,0.000276591,29.6178,0.000238726
RandomSearch,split_c4_order_b-a-c0-c1_parallel_none_unroll_1,0.000285562,28.6873,0.000238726
GeneticAlgorithm,split_d2_order_a-b-c-d0-d1_parallel_none_unroll_1,0.0531972,39.4223,0.127455
GeneticAlgorithm,split_d2_order_a-c-b-d0-d1_parallel_none_unroll_1,0.434676,4.82464,0.127455
GeneticAlgorithm,split_d2_order_b-a-c-d0-d1_parallel_none_unroll_1,0.0509097,41.1936,0.127455
GeneticAlgorithm,split_d2_order_b-c-a-d0-d1_parallel_none_unroll_1,0.0549849,38.1405,0.127455
GeneticAlgorithm,split_d2_order_c-a-b-d0-d1_parallel_none_unroll_1,0.377488,5.55554,0.127455
GeneticAlgorithm,split_d32_order_b-a-c-d0-d1_parallel_none_unroll_1,0.0549446,38.1685,0.127455
GeneticAlgorithm,split_d2_order_a-c-b-d0-d1_parallel_none_unroll_1,0.434676,4.82464,0.127455
GeneticAlgorithm,split_d8_order_c-b-a-d0-d1_parallel_none_unroll_1,0.0730268,28.7176,0.127455
GeneticAlgorithm,split_d16_order_a-b-c-d0-d1_parallel_none_unroll_1,0.0574754,36.4878,0.127455
GeneticAlgorithm,split_d2_order_a-b-c-d0-d1_parallel_none_unroll_2,0.0566416,37.0249,0.133828
GeneticAlgorithm,split_d2_order_a-b-c-d0-d1_parallel_none_unroll_1,0.0531972,39.4223,0.127455
GeneticAlgorithm,split_d2_order_a-b-c-d0-d1_parallel_none_unroll_4,0.0562755,37.2658,0.133828
GeneticAlgorithm,split_d8_order_c-a-b-d0-d1_parallel_none_unroll_1,0.370527,5.65992,0.127455
GeneticAlgorithm,split_d16_order_c-a-b-d0-d1_parallel_none_unroll_1,0.360085,5.82404,0.127455
GeneticAlgorithm,split_d2_order_c-b-a-d0-d1_parallel_none_unroll_1,0.0725288,28.9148,0.127455
GeneticAlgorithm,split_d8_order_b-a-c-d0-d1_parallel_none_unroll_1,0.0550374,38.1041,0.127455
GeneticAlgorithm,split_d4_order_b-a-c-d0-d1_parallel_none_unroll_1,0.0500328,41.9155,0.127455
GeneticAlgorithm,split_d32_order_c-b-a-d0-d1_parallel_none_unroll_1,0.0759928,27.5967,0.127455
GeneticAlgorithm,split_d4_order_b-c-a-d0-d1_parallel_none_unroll_1,0.057214,36.6545,0.127455
GeneticAlgorithm,split_d32_order_b-c-a-d0-d1_parallel_none_unroll_1,0.0584107,35.9036,0.127455
GeneticAlgorithm,split_d8_order_a-b-c-d0-d1_parallel_none_unroll_1,0.0580849,36.105,0.127455
GeneticAlgorithm,split_d16_order_b-c-a-d0-d1_parallel_none_unroll_1,0.0588928,35.6097,0.127455
GeneticAlgorithm,split_d16_order_b-a-c-d0-d1_parallel_none_unroll_1,0.0548957,38.2025,0.127455
GeneticAlgorithm,split_d16_order_c-b-a-d0-d1_parallel_none_unroll_1,0.0726819,28.8538,0.127455
GeneticAlgorithm,split_d8_order_b-c-a-d0-d1_parallel_none_unroll_1,0.0583426,35.9455,0.127455
GeneticAlgorithm,split_d4_order_a-b-c-d0-d1_parallel_none_unroll_1,0.0579395,36.1956,0.127455
GeneticAlgorithm,split_d32_order_a-b-c-d0-d1_parallel_none_unroll_1,0.0579457,36.1916,0.127455
GeneticAlgorithm,split_d16_order_a-c-b-d0-d1_parallel_none_unroll_1,0.385747,5.4366,0.127455
GeneticAlgorithm,split_d4_order_c-a-b-d0-d1_parallel_none_unroll_1,0.366089,5.72854,0.127455
GeneticAlgorithm,split_d32_order_a-c-b-d0-d1_parallel_none_unroll_1,0.403671,5.1952,0.127455
GeneticAlgorithm,split_d8_order_a-c-b-d0-d1_parallel_none_unroll_1,0.417141,5.02745,0.127455
GeneticAlgorithm,split_d4_order_a-c-b-d0-d1_parallel_none_unroll_1,0.388193,5.40235,0.127455
GeneticAlgorithm,split_d4_order_c-b-a-d0-d1_parallel_none_unroll_1,0.0723411,28.9898,0.127455
GeneticAlgorithm,split_d32_order_c-a-b-d0-d1_parallel_none_unroll_1,0.388659,5.39587,0.127455
GeneticAlgorithm,split_d2_order_a-b-c-d0-d1_parallel_none_unroll_1,0.0535205,39.1841,0.120919
GeneticAlgorithm,split_d2_order_a-c-b-d0-d1_parallel_none_unroll_1,0.368773,5.68684,0.120919
GeneticAlgorithm,split_d2_order_b-a-c-d0-d1_parallel_none_unroll_1,0.050428,41.587,0.120919
GeneticAlgorithm,split_d2_order_b-c-a-d0-d1_parallel_none_unroll_1,0.0535005,39.1987,0.120919
GeneticAlgorithm,split_d2_order_c-a-b-d0-d1_parallel_none_unroll_1,0.387013,5.41881,0.120919
GeneticAlgorithm,split_d32_order_b-a-c-d0-d1_parallel_none_unroll_1,0.0507054,41.3596,0.120919
GeneticAlgorithm,split_d2_order_a-c-b-d0-d1_parallel_none_unroll_1,0.368773,5.68684,0.120919
GeneticAlgorithm,split_d8_order_c-b-a-d0-d1_parallel_none_unroll_1,0.0679676,30.8552,0.120919
GeneticAlgorithm,split_d16_order_a-b-c-d0-d1_parallel_none_unroll_1,0.0537846,38.9917,0.120919
GeneticAlgorithm,split_d2_order_a-b-c-d0-d1_parallel_none_unroll_2,0.0529724,39.5895,0.126965
GeneticAlgorithm,split_d2_order_a-b-c-d0-d1_parallel_none_unroll_1,0.0535205,39.1841,0.120919
GeneticAlgorithm,split_d2_order_a-b-c-d0-d1_parallel_none_unroll_4,0.0531242,39.4764,0.126965
GeneticAlgorithm,split_d2_order_b-a-c-d0-d1_parallel_none_unroll_4,0.0548932,38.2042,0.126965
GeneticAlgorithm,split_d32_order_b-c-a-d0-d1_parallel_none_unroll_1,0.0578951,36.2233,0.120919
GeneticAlgorithm,split_d4_order_a-c-b-d0-d1_parallel_none_unroll_1,0.380285,5.51469,0.120919
GeneticAlgorithm,split_d32_order_a-b-c-d0-d1_parallel_none_unroll_1,0.0571274,36.7101,0.120919
GeneticAlgorithm,split_d2_order_b-a-c-d0-d1_parallel_none_unroll_2,0.0545487,38.4455,0.126965
GeneticAlgorithm,split_d32_order_a-c-b-d0-d1_parallel_none_unroll_1,0.396878,5.28413,0.120919
GeneticAlgorithm,split_d32_order_c-b-a-d0-d1_parallel_none_unroll_1,0.0703005,29.8312,0.120919
GeneticAlgorithm,split_d8_order_a-b-c-d0-d1_parallel_none_unroll_1,0.0542771,38.6379,0.120919
GeneticAlgorithm,split_d16_order_c-b-a-d0-d1_parallel_none_unroll_1,0.074123,28.2928,0.120919
GeneticAlgorithm,split_d16_order_b-a-c-d0-d1_parallel_none_unroll_1,0.0553365,37.8982,0.120919
GeneticAlgorithm,split_d2_order_b-c-a-d0-d1_parallel_none_unroll_2,0.0580729,36.1124,0.126965
SimulatedAnnealing,split_g1_order_a-b-c-d-e-f-g0-g1_parallel_none_unroll_1,0.000220823,19.8077,0.000203094
SimulatedAnnealing,split_g1_order_a-b-c-d-e-f-g0-g1_parallel_none_unroll_2,0.000524227,8.34371,0.000213249
SimulatedAnnealing,split_g1_order_a-d-c-b-e-f-g0-g1_parallel_none_unroll_2,0.000531862,8.22393,0.000213249
SimulatedAnnealing,split_g1_order_a-d-c-b-e-f-g0-g1_parallel_none_unroll_1,0.00021188,20.6438,0.000203094
SimulatedAnnealing,split_g1_order_c-d-a-b-e-f-g0-g1_parallel_none_unroll_1,0.000217364,20.123,0.000203094
SimulatedAnnealing,split_g1_order_c-f-a-b-e-d-g0-g1_parallel_none_unroll_1,0.000226855,19.281,0.000203094
SimulatedAnnealing,split_g1_order_c-f-a-e-b-d-g0-g1_parallel_none_unroll_1,0.000197643,22.1308,0.000203094
SimulatedAnnealing,split_g1_order_c-d-a-e-b-f-g0-g1_parallel_none_unroll_1,0.00021195,20.637,0.000203094
SimulatedAnnealing,split_g1_order_e-d-a-c-b-f-g0-g1_parallel_none_unroll_1,0.000234235,18.6736,0.000203094
SimulatedAnnealing,split_g1_order_d-e-a-c-b-f-g0-g1_parallel_none_unroll_1,0.00022527,19.4167,0.000203094
SimulatedAnnealing,split_g1_order_d-f-a-c-b-e-g0-g1_parallel_none_unroll_1,0.000179212,24.4068,0.000203094
SimulatedAnnealing,split_g1_order_b-f-a-c-d-e-g0-g1_parallel_none_unroll_1,0.000226654,19.2982,0.000203094
SimulatedAnnealing,split_g1_order_b-f-d-c-a-e-g0-g1_parallel_none_unroll_1,0.000308203,14.1919,0.000203094
SimulatedAnnealing,split_g1_order_c-f-d-b-a-e-g0-g1_parallel_none_unroll_1,0.000316219,13.8322,0.000203094
GeneticAlgorithm,split_g1_order_a-b-c-d-e-f-g0-g1_parallel_none_unroll_1,0.000183666,23.815,0.000204571
GeneticAlgorithm,split_g1_order_a-b-c-d-f-e-g0-g1_parallel_none_unroll_1,0.000213074,20.528,0.000204571
GeneticAlgorithm,split_g1_order_a-b-c-e-d-f-g0-g1_parallel_none_unroll_1,0.00021,20.8286,0.000204571
GeneticAlgorithm,split_g1_order_a-b-c-e-f-d-g0-g1_parallel_none_unroll_1,0.000207397,21.09,0.000204571
GeneticAlgorithm,split_g1_order_c-e-f-d-a-b-g0-g1_parallel_none_unroll_1,0.00022478,19.459,0.000204571
GeneticAlgorithm,split_g1_order_a-e-f-c-b-d-g0-g1_parallel_none_unroll_1,0.000202352,21.6158,0.000204571
GeneticAlgorithm,split_g1_order_a-c-e-d-f-b-g0-g1_parallel_none_unroll_4,0.00026627,16.4269,0.000214799
GeneticAlgorithm,split_g1_order_b-a-e-f-d-c-g0-g1_parallel_none_unroll_1,0.000177365,24.6611,0.000204571
GeneticAlgorithm,split_g1_order_a-b-e-d-c-f-g0-g1_parallel_none_unroll_4,0.000219393,19.9368,0.000214799
GeneticAlgorithm,split_g1_order_c-f-d-e-a-b-g0-g1_parallel_none_unroll_1,0.00020928,20.9002,0.000204571
GeneticAlgorithm,split_g1_order_a-b-f-e-d-c-g0-g1_parallel_none_unroll_16,0.000188977,23.1456,0.000214799
GeneticAlgorithm,split_g1_order_d-b-e-a-c-f-g0-g1_parallel_none_unroll_1,0.000262917,16.6364,0.000204571
GeneticAlgorithm,split_g1_order_f-e-c-b-d-a-g0-g1_parallel_none_unroll_1,0.00021412,20.4278,0.000204571
GeneticAlgorithm,split_g1_order_d-b-c-f-e-a-g0-g1_parallel_none_unroll_1,0.000223634,19.5588,0.000204571
GeneticAlgorithm,split_g1_order_a-e-b-c-f-d-g0-g1_parallel_none_unroll_1,0.000202946,21.5525,0.000204571
GeneticAlgorithm,split_g1_order_a-b-e-d-c-f-g0-g1_parallel_none_unroll_1,0.000205909,21.2424,0.000204571
RandomSearch,split_g1_order_a-c-d-f-e-b-g0-g1_parallel_none_unroll_2,0.000482793,9.05979,0.000211158
RandomSearch,split_g1_order_a-e-c-d-f-b-g0-g1_parallel_none_unroll_4,0.000219334,19.9422,0.000211158
RandomSearch,split_g1_order_b-a-c-e-f-d-g0-g1_parallel_none_unroll_1,0.000171579,25.4926,0.000201103
RandomSearch,split_g1_order_d-f-c-a-e-b-g0-g1_parallel_none_unroll_1,0.000198948,21.9857,0.000201103
RandomSearch,split_g1_order_c-e-f-d-a-b-g0-g1_parallel_none_unroll_1,0.000189147,23.1249,0.000201103
RandomSearch,split_g1_order_a-e-f-c-b-d-g0-g1_parallel_none_unroll_1,0.000174247,25.1023,0.000201103
RandomSearch,split_g1_order_a-c-e-d-f-b-g0-g1_parallel_none_unroll_4,0.000225559,19.3918,0.000211158
RandomSearch,split_g1_order_b-a-e-f-d-c-g0-g1_parallel_none_unroll_1,0.000182467,23.9715,0.000201103
RandomSearch,split_g1_order_a-b-e-d-c-f-g0-g1_parallel_none_unroll_4,0.00018112,24.1497,0.000211158
RandomSearch,split_g1_order_c-f-d-e-a-b-g0-g1_parallel_none_unroll_1,0.000170417,25.6665,0.000201103
RandomSearch,split_g1_order_a-b-f-e-d-c-g0-g1_parallel_none_unroll_16,0.000191336,22.8603,0.000211158
RandomSearch,split_g1_order_d-b-e-a-c-f-g0-g1_parallel_none_unroll_1,0.000221805,19.72,0.000201103
RandomSearch,split_g1_order_a-d-e-b-f-c-g0-g1_parallel_none_unroll_16,0.000236004,18.5336,0.000211158
RandomSearch,split_g1_order_c-d-a-b-f-e-g0-g1_parallel_none_unroll_1,0.000211168,20.7133,0.000201103
RandomSearch,split_g1_order_d-f-c-e-b-a-g0-g1_parallel_none_unroll_1,0.000224027,19.5244,0.000201103
RandomSearch,split_g1_order_a-c-e-b-d-f-g0-g1_parallel_none_unroll_1,0.000236574,18.4889,0.000201103
RandomSearch,split_g1_order_c-b-a-f-d-e-g0-g1_parallel_none_unroll_1,0.000211313,20.6992,0.000201103
SimulatedAnnealing,split_c2_order_a-b-c0-c1_parallel_none_unroll_1,0.000171976,47.6345,0.000234476
SimulatedAnnealing,split_c4_order_a-b-c0-c1_parallel_none_unroll_1,0.000165473,49.5065,0.000234476
SimulatedAnnealing,split_c4_order_b-a-c0-c1_parallel_none_unroll_1,0.000357164,22.9362,0.000234476
SimulatedAnnealing,split_c2_order_b-a-c0-c1_parallel_none_unroll_1,0.000367097,22.3157,0.000234476
SimulatedAnnealing,split_c2_order_b-a-c0-c1_parallel_none_unroll_2,0.000306851,26.697,0.0002462
SimulatedAnnealing,split_c2_order_a-b-c0-c1_parallel_none_unroll_2,0.000167908,48.7888,0.0002462
GeneticAlgorithm,split_c2_order_a-b-c0-c1_parallel_none_unroll_1,0.000149142,54.9275,0.000232454
GeneticAlgorithm,split_c2_order_b-a-c0-c1_parallel_none_unroll_1,0.000295399,27.732,0.000232454
GeneticAlgorithm,split_c4_order_a-b-c0-c1_parallel_none_unroll_1,0.000137405,59.6193,0.000232454
GeneticAlgorithm,split_c4_order_b-a-c0-c1_parallel_none_unroll_1,0.00029464,27.8034,0.000232454
GeneticAlgorithm,split_c2_order_a-b-c0-c1_parallel_none_unroll_16,0.000160655,50.9911,0.000244076
GeneticAlgorithm,split_c2_order_a-b-c0-c1_parallel_none_unroll_4,0.000143051,57.2664,0.000244076
GeneticAlgorithm,split_c2_order_b-a-c0-c1_parallel_none_unroll_2,0.000359315,22.7989,0.000244076
GeneticAlgorithm,split_c2_order_a-b-c0-c1_parallel_none_unroll_2,0.000165044,49.6354,0.000244076
GeneticAlgorithm,split_c2_order_a-b-c0-c1_parallel_none_unroll_8,0.000170133,48.1505,0.000244076
GeneticAlgorithm,split_c2_order_b-a-c0-c1_parallel_none_unroll_1,0.000295399,27.732,0.000232454
GeneticAlgorithm,split_c2_order_a-b-c0-c1_parallel_none_unroll_1,0.000149142,54.9275,0.000232454
GeneticAlgorithm,split_c4_order_a-b-c0-c1_parallel_none_unroll_1,0.000137405,59.6193,0.000232454
GeneticAlgorithm,split_c2_order_b-a-c0-c1_parallel_none_unroll_8,0.00036557,22.4088,0.000244076
GeneticAlgorithm,split_c2_order_b-a-c0-c1_parallel_none_unroll_4,0.000354646,23.0991,0.000244076
GeneticAlgorithm,split_c8_order_b-a-c0-c1_parallel_none_unroll_1,0.000357633,22.9062,0.000232454
GeneticAlgorithm,split_c16_order_b-a-c0-c1_parallel_none_unroll_1,0.000345438,23.7148,0.000232454
GeneticAlgorithm,split_c8_order_a-b-c0-c1_parallel_none_unroll_1,0.000171308,47.8203,0.000232454
GeneticAlgorithm,split_c16_order_a-b-c0-c1_parallel_none_unroll_1,0.000170769,47.9713,0.000232454
RandomSearch,split_c16_order_a-b-c0-c1_parallel_none_unroll_1,0.000170639,48.0078,0.000232949
RandomSearch,split_c8_order_a-b-c0-c1_parallel_none_unroll_1,0.000172815,47.4033,0.000232949
RandomSearch,split_c2_order_b-a-c0-c1_parallel_none_unroll_8,0.000299547,27.3479,0.000244596
RandomSearch,split_c2_order_b-a-c0-c1_parallel_none_unroll_4,0.000296271,27.6503,0.000244596
RandomSearch,split_c2_order_a-b-c0-c1_parallel_none_unroll_16,0.000138439,59.1739,0.000244596
RandomSearch,split_c2_order_a-b-c0-c1_parallel_none_unroll_4,0.000140419,58.3399,0.000244596
RandomSearch,split_c2_order_b-a-c0-c1_parallel_none_unroll_2,0.000298698,27.4257,0.000244596
RandomSearch,split_c2_order_a-b-c0-c1_parallel_none_unroll_2,0.000139517,58.7168,0.000244596
RandomSearch,split_c2_order_a-b-c0-c1_parallel_none_unroll_8,0.000132841,61.6678,0.000244596
RandomSearch,split_c2_order_b-a-c0-c1_parallel_none_unroll_1,0.000296991,27.5833,0.000232949
RandomSearch,split_c2_order_a-b-c0-c1_parallel_none_unroll_1,0.000174164,47.036,0.000232949
RandomSearch,split_c4_order_a-b-c0-c1_parallel_none_unroll_1,0.000173911,47.1046,0.000232949
RandomSearch,split_c16_order_b-a-c0-c1_parallel_none_unroll_1,0.000303179,27.0203,0.000232949
RandomSearch,split_c8_order_b-a-c0-c1_parallel_none_unroll_1,0.00034702,23.6067,0.000232949
RandomSearch,split_c4_order_b-a-c0-c1_parallel_none_unroll_1,0.000358707,22.8376,0.000232949
RandomSearch,split_c4_order_b-a-c0-c1_parallel_none_unroll_1,124.552,2.1552,14.1787
RandomSearch,split_c1_order_a-b-c0-c1_parallel_c0_unroll_4,119.761,2.24143,14.0562
SimulatedAnnealing,split_g1_order_a-b-c-d-e-f-g0-g1_parallel_none_unroll_1,0.00027501,15.9049,0.000202144
SimulatedAnnealing,split_g1_order_a-b-c-d-e-f-g0-g1_parallel_none_unroll_2,0.000604515,7.23555,0.000212252
SimulatedAnnealing,split_g1_order_a-d-c-b-e-f-g0-g1_parallel_none_unroll_2,0.00070265,6.22501,0.000212252
SimulatedAnnealing,split_g1_order_a-d-c-b-e-f-g0-g1_parallel_none_unroll_1,0.000166228,26.3132,0.000202144
SimulatedAnnealing,split_g1_order_c-d-a-b-e-f-g0-g1_parallel_none_unroll_1,0.000172106,25.4146,0.000202144
SimulatedAnnealing,split_g1_order_c-f-a-b-e-d-g0-g1_parallel_none_unroll_1,0.000361391,12.1032,0.000202144
SimulatedAnnealing,split_g1_order_c-f-a-e-b-d-g0-g1_parallel_none_unroll_1,0.000233047,18.7688,0.000202144
SimulatedAnnealing,split_g1_order_c-d-a-e-b-f-g0-g1_parallel_none_unroll_1,0.000239445,18.2672,0.000202144
SimulatedAnnealing,split_g1_order_e-d-a-c-b-f-g0-g1_parallel_none_unroll_1,0.000321223,13.6167,0.000202144
SimulatedAnnealing,split_g1_order_d-e-a-c-b-f-g0-g1_parallel_none_unroll_1,0.000326757,13.3861,0.000202144
SimulatedAnnealing,split_g1_order_f-e-a-c-b-d-g0-g1_parallel_none_unroll_1,0.000310568,14.0839,0.000202144
SimulatedAnnealing,split_g1_order_b-e-a-c-f-d-g0-g1_parallel_none_unroll_1,0.000204298,21.4099,0.000202144
SimulatedAnnealing,split_g1_order_b-e-a-d-f-c-g0-g1_parallel_none_unroll_1,0.000233718,18.7149,0.000202144
SimulatedAnnealing,split_g1_order_c-e-a-d-f-b-g0-g1_parallel_none_unroll_1,0.000297352,14.7098,0.000202144
GeneticAlgorithm,split_g1_order_a-b-c-d-e-f-g0-g1_parallel_none_unroll_1,0.000164223,26.6345,0.000207279
GeneticAlgorithm,split_g1_order_a-b-c-d-f-e-g0-g1_parallel_none_unroll_1,0.000176161,24.8296,0.000207279
GeneticAlgorithm,split_g1_order_a-b-c-e-d-f-g0-g1_parallel_none_unroll_1,0.000290016,15.082,0.000207279
GeneticAlgorithm,split_g1_order_a-b-c-e-f-d-g0-g1_parallel_none_unroll_1,0.000241982,18.0757,0.000207279
GeneticAlgorithm,split_g1_order_c-e-f-d-a-b-g0-g1_parallel_none_unroll_1,0.000290774,15.0426,0.000207279
GeneticAlgorithm,split_g1_order_a-e-f-c-b-d-g0-g1_parallel_none_unroll_1,0.000229342,19.072,0.000207279
GeneticAlgorithm,split_g1_order_a-c-e-d-f-b-g0-g1_parallel_none_unroll_4,0.000347718,12.5792,0.000217643
GeneticAlgorithm,split_g1_order_b-a-e-f-d-c-g0-g1_parallel_none_unroll_1,0.000273683,15.982,0.000207279
GeneticAlgorithm,split_g1_order_a-b-e-d-c-f-g0-g1_parallel_none_unroll_4,0.000245686,17.8032,0.000217643
GeneticAlgorithm,split_g1_order_c-f-d-e-a-b-g0-g1_parallel_none_unroll_1,0.000281062,15.5624,0.000207279
GeneticAlgorithm,split_g1_order_a-b-f-e-d-c-g0-g1_parallel_none_unroll_16,0.000312918,13.9781,0.000217643
GeneticAlgorithm,split_g1_order_d-b-e-a-c-f-g0-g1_parallel_none_unroll_1,0.000342297,12.7784,0.000207279
GeneticAlgorithm,split_g1_order_f-e-c-b-d-a-g0-g1_parallel_none_unroll_1,0.000308318,14.1866,0.000207279
GeneticAlgorithm,split_g1_order_c-d-e-a-f-b-g0-g1_parallel_none_unroll_1,0.00027982,15.6315,0.000207279
GeneticAlgorithm,split_g1_order_a-e-b-c-f-d-g0-g1_parallel_none_unroll_16,0.000168475,25.9623,0.000217643
GeneticAlgorithm,split_g1_order_a-b-e-d-c-f-g0-g1_parallel_none_unroll_1,0.000212828,20.5518,0.000207279
RandomSearch,split_g1_order_a-c-d-f-e-b-g0-g1_parallel_none_unroll_2,0.000647726,6.75286,0.000219661
RandomSearch,split_g1_order_a-e-c-d-f-b-g0-g1_parallel_none_unroll_4,0.00032921,13.2864,0.000219661
RandomSearch,split_g1_order_b-a-c-e-f-d-g0-g1_parallel_none_unroll_1,0.000246147,17.7699,0.000209201
RandomSearch,split_g1_order_d-f-c-a-e-b-g0-g1_parallel_none_unroll_1,0.000253484,17.2555,0.000209201
RandomSearch,split_g1_order_c-e-f-d-a-b-g0-g1_parallel_none_unroll_1,0.000176659,24.7596,0.000209201
RandomSearch,split_g1_order_a-e-f-c-b-d-g0-g1_parallel_none_unroll_1,0.000156427,27.9619,0.000209201
RandomSearch,split_g1_order_a-c-e-d-f-b-g0-g1_parallel_none_unroll_4,0.000228433,19.1478,0.000219661
RandomSearch,split_g1_order_b-a-e-f-d-c-g0-g1_parallel_none_unroll_1,0.000172548,25.3495,0.000209201
RandomSearch,split_g1_order_a-b-e-d-c-f-g0-g1_parallel_none_unroll_4,0.000175499,24.9232,0.000219661
RandomSearch,split_g1_order_c-f-d-e-a-b-g0-g1_parallel_none_unroll_1,0.000160878,27.1882,0.000209201
RandomSearch,split_g1_order_a-b-f-e-d-c-g0-g1_parallel_none_unroll_16,0.00017642,24.7931,0.000219661
RandomSearch,split_g1_order_d-b-e-a-c-f-g0-g1_parallel_none_unroll_1,0.000214658,20.3766,0.000209201
RandomSearch,split_g1_order_a-d-e-b-f-c-g0-g1_parallel_none_unroll_16,0.000188308,23.228,0.000219661
RandomSearch,split_g1_order_c-d-a-b-f-e-g0-g1_parallel_none_unroll_1,0.00029438,14.8583,0.000209201
RandomSearch,split_g1_order_d-f-c-e-b-a-g0-g1_parallel_none_unroll_1,0.000293356,14.9102,0.000209201
RandomSearch,split_g1_order_a-c-e-b-d-f-g0-g1_parallel_none_unroll_1,0.000275758,15.8617,0.000209201
RandomSearch,split_g1_order_c-b-a-f-d-e-g0-g1_parallel_none_unroll_1,0.000286974,15.2418,0.000209201
SimulatedAnnealing,split_c2_order_a-b-c0-c1_parallel_none_unroll_1,0.000224994,36.4099,0.000235457
SimulatedAnnealing,split_c4_order_a-b-c0-c1_parallel_none_unroll_1,0.00020719,39.5386,0.000235457
SimulatedAnnealing,split_c4_order_b-a-c0-c1_parallel_none_unroll_1,0.000469051,17.4651,0.000235457
SimulatedAnnealing,split_c2_order_b-a-c0-c1_parallel_none_unroll_1,0.000501459,16.3363,0.000235457
SimulatedAnnealing,split_c2_order_b-a-c0-c1_parallel_none_unroll_2,0.000290431,28.2063,0.00024723
SimulatedAnnealing,split_c2_order_a-b-c0-c1_parallel_none_unroll_2,0.000211548,38.7242,0.00024723
GeneticAlgorithm,split_c2_order_a-b-c0-c1_parallel_none_unroll_1,0.000146413,55.9513,0.000235955
GeneticAlgorithm,split_c2_order_b-a-c0-c1_parallel_none_unroll_1,0.000375801,21.7988,0.000235955
GeneticAlgorithm,split_c4_order_a-b-c0-c1_parallel_none_unroll_1,0.000213421,38.3843,0.000235955
GeneticAlgorithm,split_c4_order_b-a-c0-c1_parallel_none_unroll_1,0.000277247,29.5476,0.000235955
GeneticAlgorithm,split_c2_order_a-b-c0-c1_parallel_none_unroll_16,0.000217737,37.6233,0.000247753
GeneticAlgorithm,split_c2_order_a-b-c0-c1_parallel_none_unroll_4,0.00013243,61.859,0.000247753
GeneticAlgorithm,split_c2_order_b-a-c0-c1_parallel_none_unroll_2,0.000497059,16.4809,0.000247753
GeneticAlgorithm,split_c2_order_a-b-c0-c1_parallel_none_unroll_2,0.000224206,36.5378,0.000247753
GeneticAlgorithm,split_c2_order_a-b-c0-c1_parallel_none_unroll_8,0.000207142,39.5478,0.000247753
GeneticAlgorithm,split_c2_order_b-a-c0-c1_parallel_none_unroll_1,0.000375801,21.7988,0.000235955
GeneticAlgorithm,split_c2_order_a-b-c0-c1_parallel_none_unroll_1,0.000146413,55.9513,0.000235955
GeneticAlgorithm,split_c4_order_a-b-c0-c1_parallel_none_unroll_1,0.000213421,38.3843,0.000235955
GeneticAlgorithm,split_c8_order_a-b-c0-c1_parallel_none_unroll_1,0.000183091,44.7428,0.000235955
GeneticAlgorithm,split_c16_order_a-b-c0-c1_parallel_none_unroll_1,0.000160535,51.0293,0.000235955
GeneticAlgorithm,split_c8_order_b-a-c0-c1_parallel_none_unroll_1,0.000336078,24.3753,0.000235955
GeneticAlgorithm,split_c16_order_b-a-c0-c1_parallel_none_unroll_1,0.000590812,13.8657,0.000235955
GeneticAlgorithm,split_c2_order_b-a-c0-c1_parallel_none_unroll_8,0.000490181,16.7122,0.000247753
GeneticAlgorithm,split_c2_order_b-a-c0-c1_parallel_none_unroll_4,0.000492467,16.6346,0.000247753
RandomSearch,split_c16_order_a-b-c0-c1_parallel_none_unroll_1,0.00021832,37.5228,0.000236026
RandomSearch,split_c8_order_a-b-c0-c1_parallel_none_unroll_1,0.00023135,35.4095,0.000236026
RandomSearch,split_c2_order_b-a-c0-c1_parallel_none_unroll_8,0.000282076,29.0419,0.000247827
RandomSearch,split_c2_order_b-a-c0-c1_parallel_none_unroll_4,0.000302936,27.042,0.000247827
RandomSearch,split_c2_order_a-b-c0-c1_parallel_none_unroll_16,0.000139772,58.6097,0.000247827
RandomSearch,split_c2_order_a-b-c0-c1_parallel_none_unroll_4,0.00013242,61.8638,0.000247827
RandomSearch,split_c2_order_b-a-c0-c1_parallel_none_unroll_2,0.000279534,29.3059,0.000247827
RandomSearch,split_c2_order_a-b-c0-c1_parallel_none_unroll_2,0.000131601,62.249,0.000247827
RandomSearch,split_c2_order_a-b-c0-c1_parallel_none_unroll_8,0.000134864,60.7426,0.000247827
RandomSearch,split_c2_order_b-a-c0-c1_parallel_none_unroll_1,0.000312977,26.1744,0.000236026
RandomSearch,split_c2_order_a-b-c0-c1_parallel_none_unroll_1,0.000163874,49.9896,0.000236026
RandomSearch,split_c4_order_a-b-c0-c1_parallel_none_unroll_1,0.000198286,41.3141,0.000236026
RandomSearch,split_c16_order_b-a-c0-c1_parallel_none_unroll_1,0.000284216,28.8232,0.000236026
RandomSearch,split_c8_order_b-a-c0-c1_parallel_none_unroll_1,0.000282996,28.9474,0.000236026
RandomSearch,split_c4_order_b-a-c0-c1_parallel_none_unroll_1,0.000280632,29.1912,0.000236026
SimulatedAnnealing,split_c2_order_a-b-c0-c1_parallel_none_unroll_1,12.7375,2.6343,1.584
SimulatedAnnealing,split_c4_order_a-b-c0-c1_parallel_none_unroll_1,12.5405,2.67568,1.584
SimulatedAnnealing,split_c4_order_b-a-c0-c1_parallel_none_unroll_1,13.9551,2.40446,1.584
SimulatedAnnealing,split_c2_order_b-a-c0-c1_parallel_none_unroll_1,14.2255,2.35875,1.584
SimulatedAnnealing,split_c2_order_a-b-c0-c1_parallel_c0_unroll_1,0.903387,37.1429,1.35451
SimulatedAnnealing,split_c2_order_a-b-c0-c1_parallel_none_unroll_1,0.903387,37.1429,1.63819
SimulatedAnnealing,split_c4_order_a-b-c0-c1_parallel_none_unroll_1,0.894329,37.5191,1.63819
SimulatedAnnealing,split_c4_order_a-b-c0-c1_parallel_c0_unroll_1,0.894329,37.5191,1.35451
SimulatedAnnealing,split_c4_order_b-a-c0-c1_parallel_c0_unroll_1,0.919178,36.5048,1.35451
SimulatedAnnealing,split_c4_order_b-a-c0-c1_parallel_none_unroll_1,0.919178,36.5048,1.63819
SimulatedAnnealing,split_c2_order_b-a-c0-c1_parallel_none_unroll_1,0.929471,36.1006,1.63819
SimulatedAnnealing,split_c2_order_b-a-c0-c1_parallel_c0_unroll_1,0.929471,36.1006,1.35451
SimulatedAnnealing,split_c1_order_b-a-c0-c1_parallel_c0_unroll_1,0.930413,36.064,1.58578
SimulatedAnnealing,split_c1_order_a-b-c0-c1_parallel_c0_unroll_1,0.902692,37.1715,1.58578
SimulatedAnnealing,split_c1_order_a-b-c0-c1_parallel_c0_unroll_2,0.901352,37.2268,1.66287
SimulatedAnnealing,split_c1_order_b-a-c0-c1_parallel_c0_unroll_2,0.932334,35.9897,1.66287
SimulatedAnnealing,split_c2_order_b-a-c0-c1_parallel_c0_unroll_2,0.945393,35.4926,1.42004
SimulatedAnnealing,split_c2_order_a-b-c0-c1_parallel_c0_unroll_2,0.905314,37.0638,1.42004
SimulatedAnnealing,split_c2_order_a-b-c0-c1_parallel_none_unroll_2,0.905314,37.0638,1.7201
SimulatedAnnealing,split_c2_order_a-b-c0-c1_parallel_none_unroll_1,122.194,2.19679,14.5375
SimulatedAnnealing,split_c4_order_a-b-c0-c1_parallel_none_unroll_1,122.042,2.19953,14.5375
SimulatedAnnealing,split_c4_order_b-a-c0-c1_parallel_none_unroll_1,127.999,2.09717,14.5375
SimulatedAnnealing,split_c2_order_b-a-c0-c1_parallel_none_unroll_1,127.52,2.10504,14.5375
SimulatedAnnealing,split_c2_order_a-b-c0-c1_parallel_c0_unroll_1,8.42927,31.8456,11.635
SimulatedAnnealing,split_c2_order_a-b-c0-c1_parallel_none_unroll_1,8.42927,31.8456,14.4882
SimulatedAnnealing,split_c4_order_a-b-c0-c1_parallel_none_unroll_1,8.18682,32.7887,14.4882
SimulatedAnnealing,split_c4_order_a-b-c0-c1_parallel_c0_unroll_1,8.18682,32.7887,11.635
SimulatedAnnealing,split_c4_order_b-a-c0-c1_parallel_c0_unroll_1,8.26172,32.4915,11.635
SimulatedAnnealing,split_c4_order_b-a-c0-c1_parallel_none_unroll_1,8.26172,32.4915,14.4882
SimulatedAnnealing,split_c2_order_b-a-c0-c1_parallel_none_unroll_1,8.38299,32.0214,14.4882
SimulatedAnnealing,split_c2_order_b-a-c0-c1_parallel_c0_unroll_1,8.38299,32.0214,11.635
SimulatedAnnealing,split_c1_order_b-a-c0-c1_parallel_c0_unroll_1,8.35708,32.1207,13.6804
SimulatedAnnealing,split_c1_order_a-b-c0-c1_parallel_c0_unroll_1,8.50304,31.5693,13.6804
SimulatedAnnealing,split_c1_order_a-b-c0-c1_parallel_c0_unroll_2,8.28964,32.382,14.3622
SimulatedAnnealing,split_c1_order_b-a-c0-c1_parallel_c0_unroll_2,8.47717,31.6657,14.3622
SimulatedAnnealing,split_c2_order_b-a-c0-c1_parallel_c0_unroll_2,8.13542,32.9959,12.2145
SimulatedAnnealing,split_c2_order_a-b-c0-c1_parallel_c0_unroll_2,8.20029,32.7349,12.2145
SimulatedAnnealing,split_c2_order_a-b-c0-c1_parallel_none_unroll_2,8.20029,32.7349,15.2126
SimulatedAnnealing,split_c2_order_a-b-c0-c1_parallel_none_unroll_1,0.00195612,33.503,0.00219858
SimulatedAnnealing,split_c4_order_a-b-c0-c1_parallel_none_unroll_1,0.00194642,33.6699,0.00219858
SimulatedAnnealing,split_c4_order_b-a-c0-c1_parallel_none_unroll_1,0.00344392,19.0295,0.00219858
SimulatedAnnealing,split_c2_order_b-a-c0-c1_parallel_none_unroll_1,0.00333666,19.6412,0.00219858
SimulatedAnnealing,split_c2_order_b-a-c0-c1_parallel_none_unroll_2,0.00355183,18.4513,0.0023085
SimulatedAnnealing,split_e2_order_a-b-c-d-e0-e1_parallel_none_unroll_1,0.00126655,51.7437,0.00250117
SimulatedAnnealing,split_e4_order_a-b-c-d-e0-e1_parallel_none_unroll_1,0.00113324,57.8307,0.00250117
SimulatedAnnealing,split_e4_order_c-b-a-d-e0-e1_parallel_none_unroll_1,0.00102775,63.7663,0.00250117
SimulatedAnnealing,split_e2_order_c-b-a-d-e0-e1_parallel_none_unroll_1,0.00129788,50.4947,0.00250117
SimulatedAnnealing,split_e2_order_c-b-d-a-e0-e1_parallel_none_unroll_1,0.00948881,6.90666,0.00250117
SimulatedAnnealing,split_c2_order_a-b-c0-c1_parallel_none_unroll_1,0.00193959,33.7886,0.00218044
SimulatedAnnealing,split_c4_order_a-b-c0-c1_parallel_none_unroll_1,0.0019792,33.1124,0.00218044
SimulatedAnnealing,split_c4_order_b-a-c0-c1_parallel_none_unroll_1,0.00375911,17.4339,0.00218044
SimulatedAnnealing,split_c2_order_b-a-c0-c1_parallel_none_unroll_1,0.00365113,17.9495,0.00218044
SimulatedAnnealing,split_c2_order_b-a-c0-c1_parallel_none_unroll_2,0.00369377,17.7423,0.00228946
SimulatedAnnealing,split_c2_order_a-b-c0-c1_parallel_none_unroll_1,0.0181909,12.1591,0.00806448
SimulatedAnnealing,split_c4_order_a-b-c0-c1_parallel_none_unroll_1,0.0177179,12.4836,0.00806448
SimulatedAnnealing,split_c4_order_b-a-c0-c1_parallel_none_unroll_1,0.0189062,11.699,0.00806448
SimulatedAnnealing,split_c2_order_b-a-c0-c1_parallel_none_unroll_1,0.0169051,13.0839,0.00806448
SimulatedAnnealing,split_c2_order_b-a-c0-c1_parallel_none_unroll_2,0.0169044,13.0844,0.00846771
SimulatedAnnealing,split_e2_order_a-b-c-d-e0-e1_parallel_none_unroll_1,0.0272248,18.2798,0.0217132
SimulatedAnnealing,split_e4_order_a-b-c-d-e0-e1_parallel_none_unroll_1,0.0239929,20.7421,0.0217132
SimulatedAnnealing,split_e4_order_c-b-a-d-e0-e1_parallel_none_unroll_1,0.023576,21.1089,0.0217132
SimulatedAnnealing,split_e2_order_c-b-a-d-e0-e1_parallel_none_unroll_1,0.0269975,18.4337,0.0217132
SimulatedAnnealing,split_e2_order_c-b-d-a-e0-e1_parallel_none_unroll_1,0.0103237,48.2062,0.0217132
GeneticAlgorithm,split_c2_order_a-b-c0-c1_parallel_none_unroll_1,0.0165379,13.3743,0.00798916
GeneticAlgorithm,split_c2_order_b-a-c0-c1_parallel_none_unroll_1,0.0163053,13.5652,0.00798916
GeneticAlgorithm,split_c4_order_a-b-c0-c1_parallel_none_unroll_1,0.0185325,11.9349,0.00798916
GeneticAlgorithm,split_c4_order_b-a-c0-c1_parallel_none_unroll_1,0.0163282,13.5461,0.00798916
GeneticAlgorithm,split_c2_order_a-b-c0-c1_parallel_none_unroll_16,0.0184264,12.0037,0.00838862
GeneticAlgorithm,split_e2_order_a-b-c-d-e0-e1_parallel_none_unroll_1,0.0241212,20.6318,0.0218574
GeneticAlgorithm,split_e2_order_a-b-d-c-e0-e1_parallel_none_unroll_1,0.00850542,58.5114,0.0218574
GeneticAlgorithm,split_e2_order_a-c-b-d-e0-e1_parallel_none_unroll_1,0.0269216,18.4857,0.0218574
GeneticAlgorithm,split_e2_order_a-c-d-b-e0-e1_parallel_none_unroll_1,0.0256956,19.3677,0.0218574
GeneticAlgorithm,split_e2_order_b-a-c-d-e0-e1_parallel_none_unroll_16,0.0286077,17.3961,0.0229503
RandomSearch,split_c16_order_a-b-c0-c1_parallel_none_unroll_1,0.00837892,26.3977,0.00805389
RandomSearch,split_c8_order_a-b-c0-c1_parallel_none_unroll_1,0.0085887,25.7529,0.00805389
RandomSearch,split_c2_order_b-a-c0-c1_parallel_none_unroll_8,0.0169186,13.0734,0.00845658
RandomSearch,split_c2_order_b-a-c0-c1_parallel_none_unroll_4,0.0144221,15.3365,0.00845658
RandomSearch,split_c2_order_a-b-c0-c1_parallel_none_unroll_16,0.0157571,14.0371,0.00845658
RandomSearch,split_e2_order_c-a-d-b-e0-e1_parallel_none_unroll_8,0.0267031,18.637,0.0241896
RandomSearch,split_e2_order_a-b-d-c-e0-e1_parallel_none_unroll_2,0.00829831,59.9717,0.0241896
RandomSearch,split_e2_order_b-d-c-a-e0-e1_parallel_none_unroll_8,0.0101763,48.904,0.0241896
RandomSearch,split_e2_order_c-d-b-a-e0-e1_parallel_none_unroll_1,0.00980072,50.7783,0.0230377
RandomSearch,split_e2_order_b-a-c-d-e0-e1_parallel_none_unroll_16,0.0260655,19.0928,0.0241896
SimulatedAnnealing,split_d2_order_a-b-c-d0-d1_parallel_a_unroll_1,84.9679,31.9875,162.541
SimulatedAnnealing,split_d2_order_a-b-c-d0-d1_parallel_b_unroll_1,120.559,22.5443,162.541
SimulatedAnnealing,split_d4_order_a-b-c-d0-d1_parallel_b_unroll_1,122.441,22.1977,162.541
SimulatedAnnealing,split_d4_order_a-b-c-d0-d1_parallel_b_unroll_2,125.523,21.6527,170.666
SimulatedAnnealing,split_d4_order_a-b-c-d0-d1_parallel_a_unroll_1,92.4953,29.3843,162.541
SimulatedAnnealing,split_d4_order_a-b-c-d0-d1_parallel_a_unroll_2,107.845,25.2021,170.666
SimulatedAnnealing,split_d2_order_a-b-c-d0-d1_parallel_a_unroll_2,97.0617,28.0019,170.666
SimulatedAnnealing,split_d2_order_a-c-b-d0-d1_parallel_a_unroll_2,600.423,4.52666,170.666
SimulatedAnnealing,split_d2_order_c-b-a-d0-d1_parallel_a_unroll_2,938.158,2.89707,170.666
SimulatedAnnealing,split_d2_order_a-b-c-d0-d1_parallel_c_unroll_2,10862.9,0.2502,170.666
SimulatedAnnealing,split_d2_order_a-b-c-d0-d1_parallel_a_unroll_1,738.925,3.60156,212.936
SimulatedAnnealing,split_d2_order_a-b-c-d0-d1_parallel_b_unroll_1,807.969,3.2938,212.936
SimulatedAnnealing,split_d4_order_a-b-c-d0-d1_parallel_b_unroll_1,787.888,3.37775,212.936
SimulatedAnnealing,split_d4_order_c-b-a-d0-d1_parallel_b_unroll_1,257.571,10.3322,212.936
SimulatedAnnealing,split_d4_order_b-c-a-d0-d1_parallel_b_unroll_1,269.432,9.87741,212.936
SimulatedAnnealing,split_d2_order_c-b-a-d0-d1_parallel_b_unroll_1,251.106,10.5983,212.936
SimulatedAnnealing,split_d2_order_c-b-a-d0-d1_parallel_b_unroll_2,249.151,10.6814,223.581
SimulatedAnnealing,split_c2_order_a-b-c0-c1_parallel_none_unroll_1,0.0694169,7.55274,0.0201207
SimulatedAnnealing,split_c4_order_a-b-c0-c1_parallel_none_unroll_1,0.069638,7.52876,0.0201207
SimulatedAnnealing,split_c4_order_a-b-c0-c1_parallel_none_unroll_2,0.075705,6.92541,0.0211267
SimulatedAnnealing,split_c2_order_a-b-c0-c1_parallel_none_unroll_1,0.0634936,8.25733,0.0201113
SimulatedAnnealing,split_c4_order_a-b-c0-c1_parallel_none_unroll_1,0.0596539,8.78884,0.0201113
SimulatedAnnealing,split_c4_order_a-b-c0-c1_parallel_none_unroll_2,0.0702186,7.46651,0.0211169
SimulatedAnnealing,split_c2_order_a-b-c0-c1_parallel_none_unroll_2,0.0590661,8.8763,0.0211169
SimulatedAnnealing,split_c2_order_b-a-c0-c1_parallel_none_unroll_2,0.0764712,6.85602,0.0211169
SimulatedAnnealing,split_c2_order_a-b-c0-c1_parallel_none_unroll_1,0.063959,8.19725,0.0202591
SimulatedAnnealing,split_c4_order_a-b-c0-c1_parallel_none_unroll_1,0.0601421,8.71748,0.0202591
SimulatedAnnealing,split_c4_order_a-b-c0-c1_parallel_none_unroll_2,0.0686759,7.63423,0.021272
SimulatedAnnealing,split_c2_order_a-b-c0-c1_parallel_none_unroll_2,0.0617569,8.48954,0.021272
SimulatedAnnealing,split_c2_order_b-a-c0-c1_parallel_none_unroll_2,0.0703665,7.45081,0.021272
SimulatedAnnealing,split_c2_order_a-b-c0-c1_parallel_none_unroll_1,13.4306,2.49835,1.62561
SimulatedAnnealing,split_c2_order_a-b-c0-c1_parallel_none_unroll_2,12.7915,2.62318,1.70689
SimulatedAnnealing,split_c2_order_a-b-c0-c1_parallel_none_unroll_1,12.829,2.61552,1.61886
SimulatedAnnealing,split_c2_order_a-b-c0-c1_parallel_none_unroll_2,12.9142,2.59825,1.6998
SimulatedAnnealing,split_g1_order_a-b-c-d-e-f-g0-g1_parallel_none_unroll_1,0.000208702,20.9581,0.000205658
SimulatedAnnealing,split_g1_order_a-b-c-d-e-f-g0-g1_parallel_none_unroll_2,0.000602786,7.25631,0.00021594
SimulatedAnnealing,split_g1_order_a-d-c-b-e-f-g0-g1_parallel_none_unroll_2,0.000532915,8.20769,0.00021594
SimulatedAnnealing,split_g1_order_a-d-f-b-e-c-g0-g1_parallel_none_unroll_2,0.000510845,8.56228,0.00021594
SimulatedAnnealing,split_g1_order_a-d-f-e-b-c-g0-g1_parallel_none_unroll_2,0.000469761,9.31112,0.00021594
SimulatedAnnealing,split_g1_order_a-c-f-e-b-d-g0-g1_parallel_none_unroll_2,0.000448831,9.74531,0.00021594
SimulatedAnnealing,split_g1_order_a-c-f-e-b-d-g0-g1_parallel_none_unroll_1,0.000184441,23.7149,0.000205658
SimulatedAnnealing,split_g1_order_c-a-f-e-b-d-g0-g1_parallel_none_unroll_1,0.000247631,17.6634,0.000205658
SimulatedAnnealing,split_g1_order_c-b-f-e-a-d-g0-g1_parallel_none_unroll_1,0.000243793,17.9415,0.000205658
SimulatedAnnealing,split_g1_order_c-b-d-e-a-f-g0-g1_parallel_none_unroll_1,0.000206776,21.1533,0.000205658
SimulatedAnnealing,split_g1_order_c-f-d-e-a-b-g0-g1_parallel_none_unroll_1,0.00017777,24.6048,0.000205658
SimulatedAnnealing,split_g1_order_f-c-d-e-a-b-g0-g1_parallel_none_unroll_1,0.000204298,21.4099,0.000205658
SimulatedAnnealing,split_g1_order_d-c-f-e-a-b-g0-g1_parallel_none_unroll_1,0.00022888,19.1104,0.000205658
SimulatedAnnealing,split_g1_order_e-c-f-d-a-b-g0-g1_parallel_none_unroll_1,0.000218276,20.0388,0.000205658
GeneticAlgorithm,split_g1_order_a-b-c-d-e-f-g0-g1_parallel_none_unroll_1,0.000187602,23.3153,0.000208639
GeneticAlgorithm,split_g1_order_a-b-c-d-f-e-g0-g1_parallel_none_unroll_1,0.00021395,20.444,0.000208639
GeneticAlgorithm,split_g1_order_a-b-c-e-d-f-g0-g1_parallel_none_unroll_1,0.000178654,24.4831,0.000208639
GeneticAlgorithm,split_g1_order_a-b-c-e-f-d-g0-g1_parallel_none_unroll_1,0.000176211,24.8226,0.000208639
GeneticAlgorithm,split_g1_order_c-e-f-d-a-b-g0-g1_parallel_none_unroll_1,0.000206208,21.2115,0.000208639
GeneticAlgorithm,split_g1_order_a-e-f-c-b-d-g0-g1_parallel_none_unroll_1,0.000211225,20.7078,0.000208639
GeneticAlgorithm,split_g1_order_a-c-e-d-f-b-g0-g1_parallel_none_unroll_4,0.000275148,15.8969,0.000219071
GeneticAlgorithm,split_g1_order_b-a-e-f-d-c-g0-g1_parallel_none_unroll_1,0.000200243,21.8434,0.000208639
GeneticAlgorithm,split_g1_order_a-b-e-d-c-f-g0-g1_parallel_none_unroll_4,0.000219821,19.898,0.000219071
GeneticAlgorithm,split_g1_order_c-f-d-e-a-b-g0-g1_parallel_none_unroll_1,0.000210845,20.7451,0.000208639
GeneticAlgorithm,split_g1_order_a-b-f-e-d-c-g0-g1_parallel_none_unroll_16,0.000221825,19.7182,0.000219071
GeneticAlgorithm,split_g1_order_d-b-e-a-c-f-g0-g1_parallel_none_unroll_1,0.000259248,16.8719,0.000208639
GeneticAlgorithm,split_g1_order_f-e-c-b-d-a-g0-g1_parallel_none_unroll_1,0.000205414,21.2936,0.000208639
GeneticAlgorithm,split_g1_order_c-d-e-a-f-b-g0-g1_parallel_none_unroll_1,0.000186192,23.4918,0.000208639
GeneticAlgorithm,split_g1_order_a-e-b-c-f-d-g0-g1_parallel_none_unroll_16,0.000207788,21.0503,0.000219071
GeneticAlgorithm,split_g1_order_a-b-e-d-c-f-g0-g1_parallel_none_unroll_1,0.00021895,19.9772,0.000208639
RandomSearch,split_g1_order_a-c-d-f-e-b-g0-g1_parallel_none_unroll_2,0.000449881,9.72257,0.000219838
RandomSearch,split_g1_order_a-e-c-d-f-b-g0-g1_parallel_none_unroll_4,0.000278319,15.7158,0.000219838
RandomSearch,split_g1_order_b-a-c-e-f-d-g0-g1_parallel_none_unroll_1,0.000212119,20.6205,0.000209369
RandomSearch,split_g1_order_d-f-c-a-e-b-g0-g1_parallel_none_unroll_1,0.0002289,19.1088,0.000209369
RandomSearch,split_g1_order_c-e-f-d-a-b-g0-g1_parallel_none_unroll_1,0.000189159,23.1235,0.000209369
RandomSearch,split_g1_order_a-e-f-c-b-d-g0-g1_parallel_none_unroll_1,0.000166691,26.2402,0.000209369
RandomSearch,split_g1_order_a-c-e-d-f-b-g0-g1_parallel_none_unroll_4,0.000222782,19.6336,0.000219838
RandomSearch,split_g1_order_b-a-e-f-d-c-g0-g1_parallel_none_unroll_1,0.000180479,24.2355,0.000209369
RandomSearch,split_g1_order_a-b-e-d-c-f-g0-g1_parallel_none_unroll_4,0.000183786,23.7994,0.000219838
RandomSearch,split_g1_order_c-f-d-e-a-b-g0-g1_parallel_none_unroll_1,0.000172003,25.4298,0.000209369
RandomSearch,split_g1_order_a-b-f-e-d-c-g0-g1_parallel_none_unroll_16,0.000187362,23.3452,0.000219838
RandomSearch,split_g1_order_d-b-e-a-c-f-g0-g1_parallel_none_unroll_1,0.000219015,19.9712,0.000209369
RandomSearch,split_g1_order_a-d-e-b-f-c-g0-g1_parallel_none_unroll_16,0.000237711,18.4005,0.000219838
RandomSearch,split_g1_order_c-d-a-b-f-e-g0-g1_parallel_none_unroll_1,0.000173405,25.2242,0.000209369
RandomSearch,split_g1_order_d-f-c-e-b-a-g0-g1_parallel_none_unroll_1,0.000183718,23.8082,0.000209369
RandomSearch,split_g1_order_a-c-e-b-d-f-g0-g1_parallel_none_unroll_1,0.000232463,18.8159,0.000209369
RandomSearch,split_g1_order_c-b-a-f-d-e-g0-g1_parallel_none_unroll_1,0.000208989,20.9293,0.000209369
SimulatedAnnealing,split_c2_order_a-b-c0-c1_parallel_none_unroll_1,0.000169483,48.3351,0.000239464
SimulatedAnnealing,split_c4_order_a-b-c0-c1_parallel_none_unroll_1,0.000172671,47.4429,0.000239464
SimulatedAnnealing,split_c4_order_b-a-c0-c1_parallel_none_unroll_1,0.00035035,23.3823,0.000239464
SimulatedAnnealing,split_c2_order_b-a-c0-c1_parallel_none_unroll_1,0.000364532,22.4727,0.000239464
SimulatedAnnealing,split_c2_order_b-a-c0-c1_parallel_none_unroll_2,0.000356121,23.0034,0.000251437
SimulatedAnnealing,split_c2_order_a-b-c0-c1_parallel_none_unroll_2,0.000167524,48.9006,0.000251437
GeneticAlgorithm,split_c2_order_a-b-c0-c1_parallel_none_unroll_1,0.000148365,55.2151,0.000241726
GeneticAlgorithm,split_c2_order_b-a-c0-c1_parallel_none_unroll_1,0.00036605,22.3795,0.000241726
GeneticAlgorithm,split_c4_order_a-b-c0-c1_parallel_none_unroll_1,0.000165432,49.5189,0.000241726
GeneticAlgorithm,split_c4_order_b-a-c0-c1_parallel_none_unroll_1,0.000298309,27.4615,0.000241726
GeneticAlgorithm,split_c2_order_a-b-c0-c1_parallel_none_unroll_16,0.00015729,52.082,0.000253813
GeneticAlgorithm,split_c2_order_a-b-c0-c1_parallel_none_unroll_4,0.00014112,58.05,0.000253813
GeneticAlgorithm,split_c2_order_b-a-c0-c1_parallel_none_unroll_2,0.000355801,23.0241,0.000253813
GeneticAlgorithm,split_c2_order_a-b-c0-c1_parallel_none_unroll_2,0.000169755,48.2579,0.000253813
GeneticAlgorithm,split_c2_order_a-b-c0-c1_parallel_none_unroll_8,0.000162095,50.5383,0.000253813
GeneticAlgorithm,split_c2_order_b-a-c0-c1_parallel_none_unroll_1,0.00036605,22.3795,0.000241726
GeneticAlgorithm,split_c2_order_a-b-c0-c1_parallel_none_unroll_1,0.000148365,55.2151,0.000241726
GeneticAlgorithm,split_c4_order_a-b-c0-c1_parallel_none_unroll_1,0.000165432,49.5189,0.000241726
GeneticAlgorithm,split_c8_order_a-b-c0-c1_parallel_none_unroll_1,0.000169919,48.2112,0.000241726
GeneticAlgorithm,split_c16_order_a-b-c0-c1_parallel_none_unroll_1,0.000168747,48.5459,0.000241726
GeneticAlgorithm,split_c8_order_b-a-c0-c1_parallel_none_unroll_1,0.000291355,28.1169,0.000241726
GeneticAlgorithm,split_c16_order_b-a-c0-c1_parallel_none_unroll_1,0.00029454,27.8129,0.000241726
GeneticAlgorithm,split_c2_order_b-a-c0-c1_parallel_none_unroll_4,0.000349102,23.4659,0.000253813
GeneticAlgorithm,split_c2_order_b-a-c0-c1_parallel_none_unroll_8,0.000314482,26.0492,0.000253813
RandomSearch,split_c16_order_a-b-c0-c1_parallel_none_unroll_1,0.000172975,47.3595,0.000239775
RandomSearch,split_c8_order_a-b-c0-c1_parallel_none_unroll_1,0.000170891,47.9368,0.000239775
RandomSearch,split_c2_order_b-a-c0-c1_parallel_none_unroll_8,0.000315093,25.9987,0.000251764
RandomSearch,split_c2_order_b-a-c0-c1_parallel_none_unroll_4,0.000298498,27.4441,0.000251764
RandomSearch,split_c2_order_a-b-c0-c1_parallel_none_unroll_16,0.000141515,57.8878,0.000251764
RandomSearch,split_c2_order_a-b-c0-c1_parallel_none_unroll_4,0.000141217,58.0102,0.000251764
RandomSearch,split_c2_order_b-a-c0-c1_parallel_none_unroll_2,0.000299676,27.3362,0.000251764
RandomSearch,split_c2_order_a-b-c0-c1_parallel_none_unroll_2,0.00014343,57.1149,0.000251764
RandomSearch,split_c2_order_a-b-c0-c1_parallel_none_unroll_8,0.000144088,56.8542,0.000251764
RandomSearch,split_c2_order_b-a-c0-c1_parallel_none_unroll_1,0.000350631,23.3636,0.000239775
RandomSearch,split_c2_order_a-b-c0-c1_parallel_none_unroll_1,0.000138115,59.3131,0.000239775
RandomSearch,split_c4_order_a-b-c0-c1_parallel_none_unroll_1,0.000138636,59.0898,0.000239775
RandomSearch,split_c16_order_b-a-c0-c1_parallel_none_unroll_1,0.000306819,26.6998,0.000239775
RandomSearch,split_c8_order_b-a-c0-c1_parallel_none_unroll_1,0.000280454,29.2098,0.000239775
RandomSearch,split_c4_order_b-a-c0-c1_parallel_none_unroll_1,0.000295291,27.7421,0.000239775
SimulatedAnnealing,split_d2_order_a-b-c-d0-d1_parallel_a_unroll_1,89.6456,30.3184,157.565
SimulatedAnnealing,split_d2_order_a-b-c-d0-d1_parallel_b_unroll_1,120.491,22.5569,157.565
SimulatedAnnealing,split_d4_order_a-b-c-d0-d1_parallel_b_unroll_1,121.796,22.3153,157.565
SimulatedAnnealing,split_d4_order_a-b-c-d0-d1_parallel_b_unroll_2,124.58,21.8165,165.441
SimulatedAnnealing,split_d4_order_a-b-c-d0-d1_parallel_a_unroll_1,94.135,28.8725,157.565
SimulatedAnnealing,split_d4_order_a-b-c-d0-d1_parallel_a_unroll_2,117.056,23.2189,165.441
SimulatedAnnealing,split_d2_order_a-b-c-d0-d1_parallel_a_unroll_2,102.658,26.4753,165.441
SimulatedAnnealing,split_d2_order_a-c-b-d0-d1_parallel_a_unroll_2,595.617,4.56318,165.441
SimulatedAnnealing,split_d2_order_c-b-a-d0-d1_parallel_a_unroll_2,943.43,2.88088,165.441
SimulatedAnnealing,split_d2_order_a-b-c-d0-d1_parallel_a_unroll_1,633.174,4.20309,198.149
SimulatedAnnealing,split_d2_order_a-b-c-d0-d1_parallel_b_unroll_1,707.966,3.75906,198.149
SimulatedAnnealing,split_d4_order_a-b-c-d0-d1_parallel_b_unroll_1,704.056,3.77994,198.149
SimulatedAnnealing,split_d4_order_c-b-a-d0-d1_parallel_b_unroll_1,246.028,10.817,198.149
SimulatedAnnealing,split_d4_order_b-c-a-d0-d1_parallel_b_unroll_1,240.713,11.0559,198.149
SimulatedAnnealing,split_d4_order_b-c-a-d0-d1_parallel_a_unroll_1,1030.15,2.58341,198.149
SimulatedAnnealing,split_e2_order_a-b-c-d-e0-e1_parallel_a_unroll_1,138.465,25.7628,183.962
SimulatedAnnealing,split_e2_order_a-b-c-d-e0-e1_parallel_a_unroll_1,596.244,5.23502,183.91
SimulatedAnnealing,split_e2_order_a-b-c-d-e0-e1_parallel_a_unroll_1,78.8022,39.6099,263.142
SimulatedAnnealing,split_e2_order_a-b-c-d-e0-e1_parallel_a_unroll_1,187.228,58.3499,1234.81
SimulatedAnnealing,split_e2_order_a-b-c-d-e0-e1_parallel_a_unroll_1,170.289,64.1539,939.806
SimulatedAnnealing,split_e2_order_a-b-c-d-e0-e1_parallel_a_unroll_1,179.524,60.8537,637.095
SimulatedAnnealing,split_d1_order_a-b-d0-d1-c_parallel_a_unroll_2,1654.04,25.2071,2466.37
SimulatedAnnealing,split_d2_order_a-b-c-d0-d1_parallel_a_unroll_1,837.152,49.8039,2256.9
SimulatedAnnealing,split_d2_order_a-b-c-d0-d1_parallel_b_unroll_1,1054.1,39.5535,2256.9
SimulatedAnnealing,split_d4_order_a-b-c-d0-d1_parallel_b_unroll_1,1031.76,40.4101,2256.9
SimulatedAnnealing,split_d4_order_c-b-a-d0-d1_parallel_b_unroll_1,1114.11,37.4231,2256.9
SimulatedAnnealing,split_d2_order_a-b-c-d0-d1_parallel_a_unroll_1,936.925,44.5003,1732.32
SimulatedAnnealing,split_d2_order_a-b-c-d0-d1_parallel_b_unroll_1,1400.31,29.7745,1732.32
SimulatedAnnealing,split_d4_order_a-b-c-d0-d1_parallel_b_unroll_1,1574.26,26.4845,1732.32
SimulatedAnnealing,split_d2_order_a-b-c-d0-d1_parallel_a_unroll_1,977.598,42.6489,2009.32
SimulatedAnnealing,split_d2_order_a-b-c-d0-d1_parallel_b_unroll_1,1118.15,37.2879,2009.32
SimulatedAnnealing,split_d4_order_a-b-c-d0-d1_parallel_b_unroll_1,1094.98,38.0768,2009.32
SimulatedAnnealing,split_d2_order_a-b-c-d0-d1_parallel_a_unroll_1,1104.01,37.7655,3670.27
SimulatedAnnealing,split_d2_order_a-b-c-d0-d1_parallel_b_unroll_1,1125.54,37.043,3670.27
SimulatedAnnealing,split_d4_order_a-b-c-d0-d1_parallel_b_unroll_1,1105.09,37.7285,3670.27
SimulatedAnnealing,split_e1_order_a-b-c-e0-e1-d_parallel_a_unroll_2,535.9,20.3857,806.228
SimulatedAnnealing,split_e1_order_a-b-c-e0-e1-d_parallel_b_unroll_2,553.746,19.7288,806.228
SimulatedAnnealing,split_e2_order_a-b-c-e0-e1-d_parallel_b_unroll_2,531.588,20.5511,806.228
SimulatedAnnealing,split_e2_order_c-b-a-e0-e1-d_parallel_b_unroll_2,1884.52,5.79709,806.228
SimulatedAnnealing,split_g2_order_a-b-c-d-e-f-g0-g1_parallel_a_unroll_1,91.2306,48.489,485.921
SimulatedAnnealing,split_g2_order_a-b-c-d-e-f-g0-g1_parallel_a_unroll_1,81.0616,54.5718,368.779
SimulatedAnnealing,split_g2_order_a-b-c-d-e-f-g0-g1_parallel_a_unroll_1,81.7163,54.1346,369.698
SimulatedAnnealing,split_g2_order_a-b-c-d-e-f-g0-g1_parallel_a_unroll_1,70.3935,62.8421,377.107
SimulatedAnnealing,split_g2_order_a-b-c-d-e-f-g0-g1_parallel_a_unroll_1,69.2379,63.8911,367.979
SimulatedAnnealing,split_g2_order_a-b-c-d-e-f-g0-g1_parallel_a_unroll_1,69.253,63.8771,371.857
SimulatedAnnealing,split_g2_order_a-b-c-d-e-f-g0-g1_parallel_a_unroll_1,132.714,33.3325,337.686
SimulatedAnnealing,split_g2_order_a-b-c-d-e-f-g0-g1_parallel_a_unroll_1,121.128,36.5207,337.906
SimulatedAnnealing,split_g2_order_a-b-c-d-e-f-g0-g1_parallel_a_unroll_1,124.353,35.5735,339.75
SimulatedAnnealing,split_g2_order_a-b-c-d-e-f-g0-g1_parallel_a_unroll_1,122.309,36.1681,338.772
SimulatedAnnealing,split_g2_order_a-b-c-d-e-f-g0-g1_parallel_a_unroll_1,129.52,34.1543,335.913
SimulatedAnnealing,split_g2_order_a-b-c-d-e-f-g0-g1_parallel_a_unroll_1,136.598,32.3846,334.699
SimulatedAnnealing,split_g2_order_a-b-c-d-e-f-g0-g1_parallel_a_unroll_1,64.3389,68.7559,342.172
SimulatedAnnealing,split_g2_order_a-b-c-d-e-f-g0-g1_parallel_a_unroll_1,65.6423,67.3907,338.845
SimulatedAnnealing,split_g2_order_a-b-c-d-e-f-g0-g1_parallel_a_unroll_1,67.2481,65.7815,341.57
SimulatedAnnealing,split_g2_order_a-b-c-d-e-f-g0-g1_parallel_a_unroll_1,78.9114,56.0588,337.6
SimulatedAnnealing,split_g2_order_a-b-c-d-e-f-g0-g1_parallel_a_unroll_1,86.4756,51.1553,373.613
SimulatedAnnealing,split_g2_order_a-b-c-d-e-f-g0-g1_parallel_a_unroll_1,76.6893,57.6831,373.296
GeneticAlgorithm,split_d2_order_a-b-c-d0-d1_parallel_a_unroll_1,93.9517,28.9288,174.891
GeneticAlgorithm,split_d2_order_a-b-c-d0-d1_parallel_b_unroll_1,126.154,21.5443,174.891
GeneticAlgorithm,split_d2_order_a-b-c-d0-d1_parallel_a_unroll_1,662.853,4.01489,220.753
GeneticAlgorithm,split_d2_order_a-b-c-d0-d1_parallel_b_unroll_1,658.065,4.04411,220.753
GeneticAlgorithm,split_d2_order_a-b-c-d0-d1_parallel_c_unroll_1,1493.14,1.78234,220.753
GeneticAlgorithm,split_e2_order_a-b-c-d-e0-e1_parallel_a_unroll_1,183.863,19.4017,197.775
GeneticAlgorithm,split_e2_order_a-b-c-d-e0-e1_parallel_b_unroll_1,173.541,20.5556,197.775
GeneticAlgorithm,split_e2_order_a-b-c-d-e0-e1_parallel_c_unroll_1,607.803,5.8691,197.775
GeneticAlgorithm,split_e2_order_a-b-c-d-e0-e1_parallel_a_unroll_1,653.188,4.77864,198.203
GeneticAlgorithm,split_e2_order_a-b-c-d-e0-e1_parallel_b_unroll_1,609.094,5.12457,198.203
GeneticAlgorithm,split_e2_order_a-b-c-d-e0-e1_parallel_c_unroll_1,893.131,3.49484,198.203
GeneticAlgorithm,split_e2_order_a-b-c-d-e0-e1_parallel_a_unroll_1,87.3055,35.752,289.891
GeneticAlgorithm,split_e2_order_a-b-c-d-e0-e1_parallel_b_unroll_1,115.487,27.0278,289.891
GeneticAlgorithm,split_e2_order_a-b-c-d-e0-e1_parallel_c_unroll_1,751.589,4.153,289.891
GeneticAlgorithm,split_e2_order_a-b-c-d-e0-e1_parallel_a_unroll_1,217.269,50.282,1235.48
GeneticAlgorithm,split_e2_order_a-b-c-d-e0-e1_parallel_b_unroll_1,278.316,39.2529,1235.48
GeneticAlgorithm,split_e2_order_a-b-c-d-e0-e1_parallel_c_unroll_1,600.169,18.2028,1235.48
GeneticAlgorithm,split_e2_order_a-b-c-d-e0-e1_parallel_a_unroll_1,151.969,71.888,907.288
GeneticAlgorithm,split_e2_order_a-b-c-d-e0-e1_parallel_b_unroll_1,193.958,56.3251,907.288
GeneticAlgorithm,split_e2_order_a-b-c-d-e0-e1_parallel_c_unroll_1,499.638,21.8653,907.288
GeneticAlgorithm,split_e2_order_a-b-c-d-e0-e1_parallel_a_unroll_1,176.665,61.8387,634.47
GeneticAlgorithm,split_e2_order_a-b-c-d-e0-e1_parallel_b_unroll_1,187.439,58.2841,634.47
GeneticAlgorithm,split_e2_order_a-b-c-d-e0-e1_parallel_c_unroll_1,491.944,22.2072,634.47
GeneticAlgorithm,split_d1_order_a-b-d0-d1-c_parallel_a_unroll_2,1616.22,25.7969,2334.62
GeneticAlgorithm,split_d1_order_a-b-d0-d1-c_parallel_a_unroll_4,1540.13,27.0715,2334.62
GeneticAlgorithm,split_d2_order_a-b-c-d0-d1_parallel_a_unroll_1,789.264,52.8258,2015.64
GeneticAlgorithm,split_d2_order_a-b-c-d0-d1_parallel_b_unroll_1,1043.63,39.9504,2015.64
GeneticAlgorithm,split_d2_order_a-b-c-d0-d1_parallel_a_unroll_1,882.962,47.22,1731.55
GeneticAlgorithm,split_d2_order_a-b-c-d0-d1_parallel_b_unroll_1,1316.67,31.6658,1731.55
GeneticAlgorithm,split_d2_order_a-b-c-d0-d1_parallel_a_unroll_1,769.793,54.162,1733.97
GeneticAlgorithm,split_d2_order_a-b-c-d0-d1_parallel_b_unroll_1,1066.04,39.1106,1733.97
GeneticAlgorithm,split_d2_order_a-b-c-d0-d1_parallel_a_unroll_1,986.668,42.2568,3091.62
GeneticAlgorithm,split_d2_order_a-b-c-d0-d1_parallel_b_unroll_1,1070.73,38.9392,3091.62
GeneticAlgorithm,split_e1_order_a-b-c-e0-e1-d_parallel_a_unroll_2,435.61,25.0791,718.28
GeneticAlgorithm,split_e1_order_a-b-c-e0-e1-d_parallel_a_unroll_4,441.285,24.7566,718.28
GeneticAlgorithm,split_g2_order_a-b-c-d-e-f-g0-g1_parallel_a_unroll_1,71.2157,62.1166,348.358
GeneticAlgorithm,split_g2_order_a-b-c-d-e-f-g0-g1_parallel_b_unroll_1,85.9395,51.4743,348.358
GeneticAlgorithm,split_g2_order_a-b-c-d-e-f-g0-g1_parallel_c_unroll_1,91.1446,48.5348,348.358
GeneticAlgorithm,split_g2_order_a-b-c-d-e-f-g0-g1_parallel_d_unroll_1,481.62,9.18499,348.358
GeneticAlgorithm,split_g2_order_a-b-c-d-e-f-g0-g1_parallel_a_unroll_1,76.8653,57.5511,338.65
GeneticAlgorithm,split_g2_order_a-b-c-d-e-f-g0-g1_parallel_b_unroll_1,69.2426,63.8866,338.65
GeneticAlgorithm,split_g2_order_a-b-c-d-e-f-g0-g1_parallel_c_unroll_1,93.3307,47.3979,338.65
GeneticAlgorithm,split_g2_order_a-b-c-d-e-f-g0-g1_parallel_d_unroll_1,486.829,9.08672,338.65
GeneticAlgorithm,split_g2_order_a-b-c-d-e-f-g0-g1_parallel_a_unroll_1,78.6424,56.2506,340.538
GeneticAlgorithm,split_g2_order_a-b-c-d-e-f-g0-g1_parallel_b_unroll_1,73.5436,60.1505,340.538
GeneticAlgorithm,split_g2_order_a-b-c-d-e-f-g0-g1_parallel_c_unroll_1,95.479,46.3315,340.538
GeneticAlgorithm,split_g2_order_a-b-c-d-e-f-g0-g1_parallel_d_unroll_1,486.34,9.09586,340.538
GeneticAlgorithm,split_g2_order_a-b-c-d-e-f-g0-g1_parallel_a_unroll_1,66.7641,66.2584,338.596
GeneticAlgorithm,split_g2_order_a-b-c-d-e-f-g0-g1_parallel_b_unroll_1,71.3359,62.012,338.596
GeneticAlgorithm,split_g2_order_a-b-c-d-e-f-g0-g1_parallel_c_unroll_1,95.6306,46.258,338.596
GeneticAlgorithm,split_g2_order_a-b-c-d-e-f-g0-g1_parallel_d_unroll_1,485.262,9.11606,338.596
GeneticAlgorithm,split_g2_order_a-b-c-d-e-f-g0-g1_parallel_a_unroll_1,65.9799,67.0459,338.806
GeneticAlgorithm,split_g2_order_a-b-c-d-e-f-g0-g1_parallel_b_unroll_1,73.8553,59.8966,338.806
GeneticAlgorithm,split_g2_order_a-b-c-d-e-f-g0-g1_parallel_c_unroll_1,96.8626,45.6696,338.806
GeneticAlgorithm,split_g2_order_a-b-c-d-e-f-g0-g1_parallel_d_unroll_1,487.298,9.07798,338.806
GeneticAlgorithm,split_g2_order_a-b-c-d-e-f-g0-g1_parallel_a_unroll_1,66.4196,66.602,338.175
GeneticAlgorithm,split_g2_order_a-b-c-d-e-f-g0-g1_parallel_b_unroll_1,71.0612,62.2517,338.175
GeneticAlgorithm,split_g2_order_a-b-c-d-e-f-g0-g1_parallel_c_unroll_1,97.3429,45.4443,338.175
GeneticAlgorithm,split_g2_order_a-b-c-d-e-f-g0-g1_parallel_d_unroll_1,485.944,9.10328,338.175
GeneticAlgorithm,split_g2_order_a-b-c-d-e-f-g0-g1_parallel_a_unroll_1,137.114,32.2629,339.526
GeneticAlgorithm,split_g2_order_a-b-c-d-e-f-g0-g1_parallel_b_unroll_1,154.778,28.5809,339.526
GeneticAlgorithm,split_g2_order_a-b-c-d-e-f-g0-g1_parallel_c_unroll_1,196.255,22.5404,339.526
GeneticAlgorithm,split_g2_order_a-b-c-d-e-f-g0-g1_parallel_d_unroll_1,881.839,5.01643,339.526
GeneticAlgorithm,split_g2_order_a-b-c-d-e-f-g0-g1_parallel_a_unroll_1,122.967,35.9745,338.965
GeneticAlgorithm,split_g2_order_a-b-c-d-e-f-g0-g1_parallel_b_unroll_1,148.924,29.7044,338.965
GeneticAlgorithm,split_g2_order_a-b-c-d-e-f-g0-g1_parallel_c_unroll_1,167.79,26.3644,338.965
GeneticAlgorithm,split_g2_order_a-b-c-d-e-f-g0-g1_parallel_d_unroll_1,588.359,7.51867,338.965
GeneticAlgorithm,split_g2_order_a-b-c-d-e-f-g0-g1_parallel_a_unroll_1,120.001,36.8636,338.204
GeneticAlgorithm,split_g2_order_a-b-c-d-e-f-g0-g1_parallel_b_unroll_1,130.274,33.9568,338.204
GeneticAlgorithm,split_g2_order_a-b-c-d-e-f-g0-g1_parallel_c_unroll_1,152.691,28.9714,338.204
GeneticAlgorithm,split_g2_order_a-b-c-d-e-f-g0-g1_parallel_d_unroll_1,588.549,7.51624,338.204
GeneticAlgorithm,split_g2_order_a-b-c-d-e-f-g0-g1_parallel_a_unroll_1,120.353,36.7559,338.771
GeneticAlgorithm,split_g2_order_a-b-c-d-e-f-g0-g1_parallel_b_unroll_1,133.07,33.2431,338.771
GeneticAlgorithm,split_g2_order_a-b-c-d-e-f-g0-g1_parallel_c_unroll_1,157.112,28.1562,338.771
GeneticAlgorithm,split_g2_order_a-b-c-d-e-f-g0-g1_parallel_d_unroll_1,522.475,8.46678,338.771
GeneticAlgorithm,split_g2_order_a-b-c-d-e-f-g0-g1_parallel_a_unroll_1,123.285,35.8816,351.665
GeneticAlgorithm,split_g2_order_a-b-c-d-e-f-g0-g1_parallel_b_unroll_1,143.046,30.925,351.665
GeneticAlgorithm,split_g2_order_a-b-c-d-e-f-g0-g1_parallel_c_unroll_1,165.018,26.8072,351.665
GeneticAlgorithm,split_g2_order_a-b-c-d-e-f-g0-g1_parallel_d_unroll_1,616.353,7.17719,351.665
GeneticAlgorithm,split_g2_order_a-b-c-d-e-f-g0-g1_parallel_a_unroll_1,130.152,33.9886,337.942
GeneticAlgorithm,split_g2_order_a-b-c-d-e-f-g0-g1_parallel_b_unroll_1,158.175,27.9671,337.942
GeneticAlgorithm,split_g2_order_a-b-c-d-e-f-g0-g1_parallel_c_unroll_1,172.295,25.675,337.942
GeneticAlgorithm,split_g2_order_a-b-c-d-e-f-g0-g1_parallel_d_unroll_1,588.306,7.51935,337.942
GeneticAlgorithm,split_g2_order_a-b-c-d-e-f-g0-g1_parallel_a_unroll_1,65.5465,67.4892,338.339
GeneticAlgorithm,split_g2_order_a-b-c-d-e-f-g0-g1_parallel_b_unroll_1,68.9404,64.1667,338.339
GeneticAlgorithm,split_g2_order_a-b-c-d-e-f-g0-g1_parallel_c_unroll_1,95.8174,46.1678,338.339
GeneticAlgorithm,split_g2_order_a-b-c-d-e-f-g0-g1_parallel_d_unroll_1,485.67,9.1084,338.339
GeneticAlgorithm,split_g2_order_a-b-c-d-e-f-g0-g1_parallel_a_unroll_1,66.183,66.8401,337.965
GeneticAlgorithm,split_g2_order_a-b-c-d-e-f-g0-g1_parallel_b_unroll_1,73.8393,59.9096,337.965
GeneticAlgorithm,split_g2_order_a-b-c-d-e-f-g0-g1_parallel_c_unroll_1,97.462,45.3888,337.965
GeneticAlgorithm,split_g2_order_a-b-c-d-e-f-g0-g1_parallel_d_unroll_1,485.827,9.10547,337.965
GeneticAlgorithm,split_g2_order_a-b-c-d-e-f-g0-g1_parallel_a_unroll_1,65.869,67.1588,339.026
GeneticAlgorithm,split_g2_order_a-b-c-d-e-f-g0-g1_parallel_b_unroll_1,70.8416,62.4447,339.026
GeneticAlgorithm,split_g2_order_a-b-c-d-e-f-g0-g1_parallel_c_unroll_1,94.7331,46.6962,339.026
GeneticAlgorithm,split_g2_order_a-b-c-d-e-f-g0-g1_parallel_d_unroll_1,485.182,9.11757,339.026
GeneticAlgorithm,split_g2_order_a-b-c-d-e-f-g0-g1_parallel_a_unroll_1,77.6312,56.9832,338.778
GeneticAlgorithm,split_g2_order_a-b-c-d-e-f-g0-g1_parallel_b_unroll_1,71.8557,61.5634,338.778
GeneticAlgorithm,split_g2_order_a-b-c-d-e-f-g0-g1_parallel_c_unroll_1,93.856,47.1326,338.778
GeneticAlgorithm,split_g2_order_a-b-c-d-e-f-g0-g1_parallel_d_unroll_1,483.366,9.15183,338.778
GeneticAlgorithm,split_g2_order_a-b-c-d-e-f-g0-g1_parallel_a_unroll_1,78.539,56.3247,338.655
GeneticAlgorithm,split_g2_order_a-b-c-d-e-f-g0-g1_parallel_b_unroll_1,72.5026,61.0141,338.655
GeneticAlgorithm,split_g2_order_a-b-c-d-e-f-g0-g1_parallel_c_unroll_1,95.6199,46.2632,338.655
GeneticAlgorithm,split_g2_order_a-b-c-d-e-f-g0-g1_parallel_d_unroll_1,487.049,9.08263,338.655
GeneticAlgorithm,split_g2_order_a-b-c-d-e-f-g0-g1_parallel_a_unroll_1,71.8719,61.5495,337.359
GeneticAlgorithm,split_g2_order_a-b-c-d-e-f-g0-g1_parallel_b_unroll_1,89.8146,49.2535,337.359
GeneticAlgorithm,split_g2_order_a-b-c-d-e-f-g0-g1_parallel_c_unroll_1,94.6657,46.7295,337.359
GeneticAlgorithm,split_g2_order_a-b-c-d-e-f-g0-g1_parallel_d_unroll_1,482.239,9.1732,337.359
RandomSearch,split_d32_order_a-c-b-d0-d1_parallel_b_unroll_1,818.059,3.32239,161.079
RandomSearch,split_d32_order_b-c-a-d0-d1_parallel_b_unroll_1,77.2613,35.1782,161.079
RandomSearch,split_e4_order_a-c-b-d-e0-e1_parallel_c_unroll_8,667.176,5.3468,194.898
RandomSearch,split_e2_order_c-a-d-b-e0-e1_parallel_c_unroll_4,622.171,5.73356,194.898
RandomSearch,split_e2_order_d-b-a-c-e0-e1_parallel_a_unroll_1,183.535,17.0069,183.158
RandomSearch,split_e4_order_a-c-b-d-e0-e1_parallel_c_unroll_8,127.094,24.5593,272.874
RandomSearch,split_e2_order_c-a-d-b-e0-e1_parallel_c_unroll_4,290.881,10.7307,272.874
RandomSearch,split_e4_order_a-c-b-d-e0-e1_parallel_c_unroll_8,283.526,38.5317,1246.92
RandomSearch,split_e2_order_c-a-d-b-e0-e1_parallel_c_unroll_4,896.451,12.1866,1246.92
RandomSearch,split_e4_order_a-c-b-d-e0-e1_parallel_c_unroll_8,177.113,61.6822,947.412
RandomSearch,split_e2_order_c-a-d-b-e0-e1_parallel_c_unroll_4,159.55,68.472,947.412
RandomSearch,split_e4_order_a-c-b-d-e0-e1_parallel_c_unroll_8,180.77,60.4343,660.83
RandomSearch,split_e2_order_c-a-d-b-e0-e1_parallel_c_unroll_4,412.032,26.5142,660.83
RandomSearch,split_d32_order_b-a-d0-d1-c_parallel_a_unroll_2,2013.84,20.7034,2179.3
RandomSearch,split_d32_order_a-b-d0-d1-c_parallel_b_unroll_2,2137.86,19.5025,2179.3
RandomSearch,split_e2_order_b-a-c-e0-e1-d_parallel_c_unroll_2,985.578,11.0846,713.673
RandomSearch,split_e16_order_c-b-a-e0-e1-d_parallel_c_unroll_4,2785.25,3.92234,713.673
RandomSearch,split_g2_order_a-c-b-d-e-f-g0-g1_parallel_a_unroll_16,70.8756,62.4147,357.102
RandomSearch,split_g2_order_b-a-c-e-f-d-g0-g1_parallel_b_unroll_1,86.2941,51.2629,340.1
RandomSearch,split_g8_order_b-d-a-f-c-e-g0-g1_parallel_a_unroll_1,95.6745,46.2368,340.1
RandomSearch,split_g4_order_b-d-c-a-f-e-g0-g1_parallel_a_unroll_1,482.67,9.16503,340.1
RandomSearch,split_g2_order_a-c-b-d-e-f-g0-g1_parallel_a_unroll_16,76.6636,57.7025,356.562
RandomSearch,split_g2_order_b-a-c-e-f-d-g0-g1_parallel_b_unroll_1,80.0389,55.2691,339.585
RandomSearch,split_g8_order_b-d-a-f-c-e-g0-g1_parallel_a_unroll_1,96.3722,45.902,339.585
RandomSearch,split_g4_order_b-d-c-a-f-e-g0-g1_parallel_a_unroll_1,483.576,9.14785,339.585
RandomSearch,split_g2_order_a-c-b-d-e-f-g0-g1_parallel_a_unroll_16,79.4269,55.695,354.185
RandomSearch,split_g2_order_b-a-c-e-f-d-g0-g1_parallel_b_unroll_1,91.4946,48.3491,337.321
RandomSearch,split_g8_order_b-d-a-f-c-e-g0-g1_parallel_a_unroll_1,96.914,45.6454,337.321
RandomSearch,split_g4_order_b-d-c-a-f-e-g0-g1_parallel_a_unroll_1,482.457,9.16907,337.321
RandomSearch,split_g2_order_a-c-b-d-e-f-g0-g1_parallel_a_unroll_16,68.2736,64.7934,353.382
RandomSearch,split_g2_order_b-a-c-e-f-d-g0-g1_parallel_b_unroll_1,158.624,27.8878,336.556
RandomSearch,split_g8_order_b-d-a-f-c-e-g0-g1_parallel_a_unroll_1,130.494,33.8996,336.556
RandomSearch,split_g4_order_b-d-c-a-f-e-g0-g1_parallel_a_unroll_1,817.073,5.41406,336.556
RandomSearch,split_g2_order_a-c-b-d-e-f-g0-g1_parallel_a_unroll_16,65.2466,67.7994,356.457
RandomSearch,split_g2_order_b-a-c-e-f-d-g0-g1_parallel_b_unroll_1,147.53,29.985,339.485
RandomSearch,split_g8_order_b-d-a-f-c-e-g0-g1_parallel_a_unroll_1,158.168,27.9682,339.485
RandomSearch,split_g4_order_b-d-c-a-f-e-g0-g1_parallel_a_unroll_1,909.476,4.86399,339.485
RandomSearch,split_g2_order_a-c-b-d-e-f-g0-g1_parallel_a_unroll_16,64.9656,68.0927,355.662
RandomSearch,split_g2_order_b-a-c-e-f-d-g0-g1_parallel_b_unroll_1,163.696,27.0237,338.728
RandomSearch,split_g8_order_b-d-a-f-c-e-g0-g1_parallel_a_unroll_1,138.035,32.0475,338.728
RandomSearch,split_g4_order_b-d-c-a-f-e-g0-g1_parallel_a_unroll_1,913.539,4.84236,338.728
RandomSearch,split_g2_order_a-c-b-d-e-f-g0-g1_parallel_a_unroll_16,138.27,31.9932,356.888
RandomSearch,split_g2_order_b-a-c-e-f-d-g0-g1_parallel_b_unroll_1,92.2095,47.9742,339.896
RandomSearch,split_g8_order_b-d-a-f-c-e-g0-g1_parallel_a_unroll_1,137.553,32.1599,339.896
RandomSearch,split_g4_order_b-d-c-a-f-e-g0-g1_parallel_a_unroll_1,886.647,4.98922,339.896
RandomSearch,split_g2_order_a-c-b-d-e-f-g0-g1_parallel_a_unroll_16,136.971,32.2965,383.831
RandomSearch,split_g2_order_b-a-c-e-f-d-g0-g1_parallel_b_unroll_1,92.0483,48.0582,365.555
RandomSearch,split_g8_order_b-d-a-f-c-e-g0-g1_parallel_a_unroll_1,115.101,38.4332,365.555
RandomSearch,split_g4_order_b-d-c-a-f-e-g0-g1_parallel_a_unroll_1,586.698,7.53997,365.555
RandomSearch,split_g2_order_a-c-b-d-e-f-g0-g1_parallel_a_unroll_16,138.262,31.9949,396.317
RandomSearch,split_g2_order_b-a-c-e-f-d-g0-g1_parallel_b_unroll_1,103.42,42.7738,377.447
RandomSearch,split_g8_order_b-d-a-f-c-e-g0-g1_parallel_a_unroll_1,135.001,32.7678,377.447
RandomSearch,split_g4_order_b-d-c-a-f-e-g0-g1_parallel_a_unroll_1,694.052,6.3737,377.447
RandomSearch,split_g2_order_a-c-b-d-e-f-g0-g1_parallel_a_unroll_16,134.004,33.0115,393.833
RandomSearch,split_g2_order_b-a-c-e-f-d-g0-g1_parallel_b_unroll_1,102.818,43.0245,375.081
RandomSearch,split_g8_order_b-d-a-f-c-e-g0-g1_parallel_a_unroll_1,1406.66,3.14481,375.081
RandomSearch,split_g4_order_b-d-c-a-f-e-g0-g1_parallel_a_unroll_1,539.739,8.19597,375.081
RandomSearch,split_g2_order_a-c-b-d-e-f-g0-g1_parallel_a_unroll_16,138.264,31.9944,393.776
RandomSearch,split_g2_order_b-a-c-e-f-d-g0-g1_parallel_b_unroll_1,102.372,43.2118,375.027
RandomSearch,split_g8_order_b-d-a-f-c-e-g0-g1_parallel_a_unroll_1,120.178,36.8094,375.027
RandomSearch,split_g4_order_b-d-c-a-f-e-g0-g1_parallel_a_unroll_1,642.112,6.88926,375.027
RandomSearch,split_g2_order_a-c-b-d-e-f-g0-g1_parallel_a_unroll_16,147.614,29.9679,391.752
RandomSearch,split_g2_order_b-a-c-e-f-d-g0-g1_parallel_b_unroll_1,104.991,42.1341,373.099
RandomSearch,split_g8_order_b-d-a-f-c-e-g0-g1_parallel_a_unroll_1,122.267,36.1805,373.099
RandomSearch,split_g4_order_b-d-c-a-f-e-g0-g1_parallel_a_unroll_1,683.935,6.46799,373.099
RandomSearch,split_g2_order_a-c-b-d-e-f-g0-g1_parallel_a_unroll_16,69.6685,63.4961,396.783
RandomSearch,split_g2_order_b-a-c-e-f-d-g0-g1_parallel_b_unroll_1,1442.24,3.06723,377.891
RandomSearch,split_g8_order_b-d-a-f-c-e-g0-g1_parallel_a_unroll_1,99.0174,44.6758,377.891
RandomSearch,split_g4_order_b-d-c-a-f-e-g0-g1_parallel_a_unroll_1,519.082,8.52213,377.891
RandomSearch,split_g2_order_a-c-b-d-e-f-g0-g1_parallel_a_unroll_16,70.3153,62.912,387.184
RandomSearch,split_g2_order_b-a-c-e-f-d-g0-g1_parallel_b_unroll_1,164.966,26.8158,368.749
RandomSearch,split_g8_order_b-d-a-f-c-e-g0-g1_parallel_a_unroll_1,162.908,27.1545,368.749
RandomSearch,split_g4_order_b-d-c-a-f-e-g0-g1_parallel_a_unroll_1,850.221,5.20298,368.749
RandomSearch,split_g2_order_a-c-b-d-e-f-g0-g1_parallel_a_unroll_16,71.3166,62.0287,384.065
RandomSearch,split_g2_order_b-a-c-e-f-d-g0-g1_parallel_b_unroll_1,1513.76,2.92232,365.778
RandomSearch,split_g8_order_b-d-a-f-c-e-g0-g1_parallel_a_unroll_1,100.421,44.0514,365.778
RandomSearch,split_g4_order_b-d-c-a-f-e-g0-g1_parallel_a_unroll_1,515.508,8.5812,365.778
RandomSearch,split_g2_order_a-c-b-d-e-f-g0-g1_parallel_a_unroll_16,76.9241,57.5071,355.854
RandomSearch,split_g2_order_b-a-c-e-f-d-g0-g1_parallel_b_unroll_1,1433.88,3.08511,338.911
RandomSearch,split_g8_order_b-d-a-f-c-e-g0-g1_parallel_a_unroll_1,96.2944,45.9391,338.911
RandomSearch,split_g4_order_b-d-c-a-f-e-g0-g1_parallel_a_unroll_1,484.265,9.13483,338.911
RandomSearch,split_g2_order_a-c-b-d-e-f-g0-g1_parallel_a_unroll_16,77.9662,56.7384,354.148
RandomSearch,split_g2_order_b-a-c-e-f-d-g0-g1_parallel_b_unroll_1,80.6081,54.8789,337.286
RandomSearch,split_g8_order_b-d-a-f-c-e-g0-g1_parallel_a_unroll_1,95.8614,46.1466,337.286
RandomSearch,split_g4_order_b-d-c-a-f-e-g0-g1_parallel_a_unroll_1,483.569,9.14799,337.286
RandomSearch,split_g2_order_a-c-b-d-e-f-g0-g1_parallel_a_unroll_16,72.8273,60.7421,353.795
RandomSearch,split_g2_order_b-a-c-e-f-d-g0-g1_parallel_b_unroll_1,1511.75,2.9262,336.95
RandomSearch,split_g8_order_b-d-a-f-c-e-g0-g1_parallel_a_unroll_1,95.2215,46.4567,336.95
RandomSearch,split_g4_order_b-d-c-a-f-e-g0-g1_parallel_a_unroll_1,485.182,9.11758,336.95
SimulatedAnnealing,split_c2_order_a-b-c0-c1_parallel_c0_unroll_1,10.2671,26.1453,13.6956
SimulatedAnnealing,split_c2_order_a-b-c0-c1_parallel_none_unroll_1,10.2671,26.1453,17.055
SimulatedAnnealing,split_c2_order_a-b-c0-c1_parallel_none_unroll_2,12.6695,21.1876,17.9078
SimulatedAnnealing,split_c2_order_a-b-c0-c1_parallel_c0_unroll_2,12.6695,21.1876,14.3778
SimulatedAnnealing,split_c2_order_b-a-c0-c1_parallel_c0_unroll_2,13.1443,20.4222,14.3778
SimulatedAnnealing,split_c2_order_b-a-c0-c1_parallel_c0_unroll_1,11.9911,22.3863,13.6956
SimulatedAnnealing,split_c2_order_b-a-c0-c1_parallel_none_unroll_1,11.9911,22.3863,17.055
SimulatedAnnealing,split_c4_order_b-a-c0-c1_parallel_none_unroll_1,9.50087,28.2538,17.055
SimulatedAnnealing,split_c4_order_b-a-c0-c1_parallel_c0_unroll_1,9.50087,28.2538,13.6956
SimulatedAnnealing,split_c4_order_b-a-c0-c1_parallel_c0_unroll_2,9.95119,26.9752,14.3778
SimulatedAnnealing,split_c4_order_a-b-c0-c1_parallel_c0_unroll_2,11.8031,22.7427,14.3778
SimulatedAnnealing,split_c4_order_a-b-c0-c1_parallel_c0_unroll_1,12.1832,22.0332,13.6956
SimulatedAnnealing,split_c4_order_a-b-c0-c1_parallel_none_unroll_1,12.1832,22.0332,17.055
SimulatedAnnealing,split_c2_order_a-b-c0-c1_parallel_none_unroll_1,0.000123686,66.2325,0.000244425
SimulatedAnnealing,split_c4_order_a-b-c0-c1_parallel_none_unroll_1,0.000122467,66.8915,0.000244425
SimulatedAnnealing,split_c4_order_b-a-c0-c1_parallel_none_unroll_1,9.19436e-05,89.0981,0.000244425
SimulatedAnnealing,split_c2_order_b-a-c0-c1_parallel_none_unroll_1,9.07214e-05,90.2984,0.000244425
SimulatedAnnealing,split_c2_order_b-a-c0-c1_parallel_none_unroll_2,0.000106016,77.2712,0.000256646
SimulatedAnnealing,split_c2_order_a-b-c0-c1_parallel_none_unroll_2,0.000167706,48.8473,0.000256646
SimulatedAnnealing,split_c2_order_a-b-c0-c1_parallel_none_unroll_1,0.00105002,62.4143,0.00227656
SimulatedAnnealing,split_c4_order_a-b-c0-c1_parallel_none_unroll_1,0.000977763,67.0265,0.00227656
SimulatedAnnealing,split_c4_order_b-a-c0-c1_parallel_none_unroll_1,0.000976027,67.1457,0.00227656
SimulatedAnnealing,split_c2_order_b-a-c0-c1_parallel_none_unroll_1,0.000978921,66.9472,0.00227656
SimulatedAnnealing,split_c2_order_b-a-c0-c1_parallel_none_unroll_2,0.000978475,66.9777,0.00239039
SimulatedAnnealing,split_c2_order_a-b-c0-c1_parallel_none_unroll_2,0.00103526,63.3039,0.00239039
SimulatedAnnealing,split_c2_order_a-b-c0-c1_parallel_none_unroll_1,0.0105972,49.4743,0.0208305
SimulatedAnnealing,split_c4_order_a-b-c0-c1_parallel_none_unroll_1,0.0104462,50.1895,0.0208305
SimulatedAnnealing,split_c4_order_a-b-c0-c1_parallel_none_unroll_2,0.0102027,51.3872,0.021872
SimulatedAnnealing,split_c2_order_a-b-c0-c1_parallel_none_unroll_2,0.0114023,45.9807,0.021872
SimulatedAnnealing,split_c2_order_b-a-c0-c1_parallel_none_unroll_2,0.0101194,51.8101,0.021872
SimulatedAnnealing,split_c2_order_b-a-c0-c1_parallel_none_unroll_1,0.0101358,51.7262,0.0208305
SimulatedAnnealing,split_c4_order_b-a-c0-c1_parallel_none_unroll_1,0.0100743,52.0421,0.0208305
SimulatedAnnealing,split_c2_order_a-b-c0-c1_parallel_none_unroll_1,0.0911193,46.0309,0.18903
SimulatedAnnealing,split_c2_order_a-b-c0-c1_parallel_c0_unroll_1,0.0911193,46.0309,0.21399
SimulatedAnnealing,split_c2_order_a-b-c0-c1_parallel_c0_unroll_2,0.0912738,45.953,0.221551
SimulatedAnnealing,split_c2_order_b-a-c0-c1_parallel_c0_unroll_2,0.0938283,44.7019,0.221551
SimulatedAnnealing,split_c2_order_b-a-c0-c1_parallel_none_unroll_2,0.0938283,44.7019,0.198482
SimulatedAnnealing,split_c2_order_b-a-c0-c1_parallel_none_unroll_1,0.0918354,45.6719,0.18903
SimulatedAnnealing,split_c2_order_b-a-c0-c1_parallel_c0_unroll_1,0.0918354,45.6719,0.21399
SimulatedAnnealing,split_c4_order_b-a-c0-c1_parallel_c0_unroll_1,0.0912966,45.9415,0.21399
SimulatedAnnealing,split_c4_order_b-a-c0-c1_parallel_none_unroll_1,0.0912966,45.9415,0.18903
SimulatedAnnealing,split_c4_order_b-a-c0-c1_parallel_none_unroll_2,0.0918242,45.6775,0.198482
SimulatedAnnealing,split_c4_order_a-b-c0-c1_parallel_none_unroll_2,0.0904896,46.3512,0.198482
SimulatedAnnealing,split_c4_order_a-b-c0-c1_parallel_none_unroll_1,0.0905218,46.3347,0.18903
SimulatedAnnealing,split_c4_order_a-b-c0-c1_parallel_c0_unroll_1,0.0905218,46.3347,0.21399
SimulatedAnnealing,split_c4_order_a-b-c0-c1_parallel_c0_unroll_2,0.0904896,46.3512,0.221551
SimulatedAnnealing,split_c2_order_a-b-c0-c1_parallel_c0_unroll_1,8.14254,32.967,11.8806
SimulatedAnnealing,split_c2_order_a-b-c0-c1_parallel_none_unroll_1,8.14254,32.967,14.793
SimulatedAnnealing,split_c2_order_a-b-c0-c1_parallel_none_unroll_2,8.36149,32.1038,15.5326
SimulatedAnnealing,split_c2_order_a-b-c0-c1_parallel_c0_unroll_2,8.36149,32.1038,12.4723
SimulatedAnnealing,split_c2_order_b-a-c0-c1_parallel_c0_unroll_2,8.4712,31.688,12.4723
SimulatedAnnealing,split_c2_order_b-a-c0-c1_parallel_c0_unroll_1,10.8129,24.8255,11.8806
SimulatedAnnealing,split_c1_order_b-a-c0-c1_parallel_c0_unroll_2,10.6008,25.3223,14.6651
SimulatedAnnealing,split_c1_order_b-a-c0-c1_parallel_c0_unroll_1,8.78853,30.5438,13.969
SimulatedAnnealing,split_c1_order_a-b-c0-c1_parallel_c0_unroll_1,8.09693,33.1528,13.969
SimulatedAnnealing,split_c1_order_a-b-c0-c1_parallel_c0_unroll_2,11.0203,24.3583,14.6651
SimulatedAnnealing,split_c2_order_a-b-c0-c1_parallel_none_unroll_1,0.00021369,38.3359,0.000374583
SimulatedAnnealing,split_c4_order_a-b-c0-c1_parallel_none_unroll_1,0.00027094,30.2355,0.000374583
SimulatedAnnealing,split_c4_order_b-a-c0-c1_parallel_none_unroll_1,0.000144156,56.8271,0.000374583
SimulatedAnnealing,split_c2_order_b-a-c0-c1_parallel_none_unroll_1,0.000150972,54.2615,0.000374583
SimulatedAnnealing,split_c2_order_b-a-c0-c1_parallel_none_unroll_2,0.000147414,55.5715,0.000393312
SimulatedAnnealing,split_c2_order_a-b-c0-c1_parallel_none_unroll_2,0.000186748,43.8665,0.000393312
SimulatedAnnealing,split_c2_order_a-b-c0-c1_parallel_none_unroll_1,0.000472592,58.5029,0.00137834
SimulatedAnnealing,split_c4_order_a-b-c0-c1_parallel_none_unroll_1,0.000520039,53.1652,0.00137834
SimulatedAnnealing,split_c4_order_b-a-c0-c1_parallel_none_unroll_1,0.000479199,57.6963,0.00137834
SimulatedAnnealing,split_c2_order_b-a-c0-c1_parallel_none_unroll_1,0.000462593,59.7674,0.00137834
SimulatedAnnealing,split_c2_order_b-a-c0-c1_parallel_none_unroll_2,0.000523048,52.8594,0.00144726
SimulatedAnnealing,split_c2_order_a-b-c0-c1_parallel_none_unroll_2,0.000442853,62.4315,0.00144726
SimulatedAnnealing,split_c2_order_a-b-c0-c1_parallel_none_unroll_1,0.00113073,57.9588,0.00263973
SimulatedAnnealing,split_c4_order_a-b-c0-c1_parallel_none_unroll_1,0.00107808,60.7895,0.00263973
SimulatedAnnealing,split_c4_order_b-a-c0-c1_parallel_none_unroll_1,0.0011849,55.3094,0.00263973
SimulatedAnnealing,split_c2_order_b-a-c0-c1_parallel_none_unroll_1,0.0015323,42.7698,0.00263973
SimulatedAnnealing,split_c2_order_b-a-c0-c1_parallel_none_unroll_2,0.00126806,51.6822,0.00277172
SimulatedAnnealing,split_c2_order_a-b-c0-c1_parallel_none_unroll_2,0.00136676,47.9498,0.00277172
SimulatedAnnealing,split_c2_order_a-b-c0-c1_parallel_none_unroll_1,0.00539417,41.0043,0.0115246
SimulatedAnnealing,split_c4_order_a-b-c0-c1_parallel_none_unroll_1,0.00520158,42.5225,0.0115246
SimulatedAnnealing,split_c4_order_b-a-c0-c1_parallel_none_unroll_1,0.0050984,43.383,0.0115246
SimulatedAnnealing,split_c2_order_b-a-c0-c1_parallel_none_unroll_1,0.00507777,43.5593,0.0115246
SimulatedAnnealing,split_c2_order_b-a-c0-c1_parallel_none_unroll_2,0.00506388,43.6788,0.0121008
SimulatedAnnealing,split_c2_order_a-b-c0-c1_parallel_none_unroll_2,0.00619728,35.6905,0.0121008
SimulatedAnnealing,split_c2_order_a-b-c0-c1_parallel_none_unroll_1,0.0156935,33.408,0.034414
SimulatedAnnealing,split_c4_order_a-b-c0-c1_parallel_none_unroll_1,0.0163006,32.1638,0.034414
SimulatedAnnealing,split_c4_order_a-b-c0-c1_parallel_none_unroll_2,0.0218241,24.0234,0.0361347
SimulatedAnnealing,split_c4_order_b-a-c0-c1_parallel_none_unroll_2,0.0166673,31.4561,0.0361347
SimulatedAnnealing,split_c2_order_b-a-c0-c1_parallel_none_unroll_2,0.0154942,33.8378,0.0361347
SimulatedAnnealing,split_c2_order_a-b-c0-c1_parallel_none_unroll_2,0.0130682,40.1193,0.0361347
SimulatedAnnealing,split_c2_order_a-b-c0-c1_parallel_none_unroll_1,0.0436073,40.5774,0.0868791
SimulatedAnnealing,split_c2_order_a-b-c0-c1_parallel_c0_unroll_1,0.0436073,40.5774,0.116192
SimulatedAnnealing,split_c2_order_a-b-c0-c1_parallel_c0_unroll_2,0.046467,38.0802,0.119667
SimulatedAnnealing,split_c2_order_a-b-c0-c1_parallel_none_unroll_2,0.046467,38.0802,0.0912231
SimulatedAnnealing,split_c2_order_b-a-c0-c1_parallel_none_unroll_2,0.0500991,35.3194,0.0912231
SimulatedAnnealing,split_c2_order_b-a-c0-c1_parallel_none_unroll_1,0.0549132,32.2231,0.0868791
SimulatedAnnealing,split_c2_order_b-a-c0-c1_parallel_c0_unroll_1,0.0549132,32.2231,0.116192
SimulatedAnnealing,split_c4_order_b-a-c0-c1_parallel_c0_unroll_1,0.0500114,35.3813,0.116192
SimulatedAnnealing,split_c4_order_b-a-c0-c1_parallel_none_unroll_1,0.0500114,35.3813,0.0868791
SimulatedAnnealing,split_c4_order_b-a-c0-c1_parallel_none_unroll_2,0.0466013,37.9705,0.0912231
SimulatedAnnealing,split_c4_order_a-b-c0-c1_parallel_none_unroll_2,0.0678184,26.0913,0.0912231
SimulatedAnnealing,split_c4_order_a-b-c0-c1_parallel_none_unroll_1,0.0436857,40.5046,0.0868791
SimulatedAnnealing,split_c4_order_a-b-c0-c1_parallel_c0_unroll_1,0.0436857,40.5046,0.116192
SimulatedAnnealing,split_c2_order_a-b-c0-c1_parallel_none_unroll_1,0.126048,33.2755,0.248868
SimulatedAnnealing,split_c2_order_a-b-c0-c1_parallel_c0_unroll_1,0.126048,33.2755,0.327525
SimulatedAnnealing,split_c2_order_a-b-c0-c1_parallel_c0_unroll_2,0.116755,35.9241,0.33748
SimulatedAnnealing,split_c2_order_a-b-c0-c1_parallel_none_unroll_2,0.116755,35.9241,0.261311
SimulatedAnnealing,split_c2_order_b-a-c0-c1_parallel_none_unroll_2,0.147449,28.4458,0.261311
SimulatedAnnealing,split_c1_order_b-a-c0-c1_parallel_none_unroll_2,0.119287,35.1614,0.307425
SimulatedAnnealing,split_c1_order_a-b-c0-c1_parallel_none_unroll_2,0.106029,39.5582,0.307425
SimulatedAnnealing,split_c1_order_a-b-c0-c1_parallel_none_unroll_1,0.126867,33.0607,0.292786
SimulatedAnnealing,split_c1_order_b-a-c0-c1_parallel_none_unroll_1,0.12046,34.819,0.292786
SimulatedAnnealing,split_c2_order_b-a-c0-c1_parallel_none_unroll_1,0.127382,32.9269,0.248868
SimulatedAnnealing,split_c2_order_b-a-c0-c1_parallel_c0_unroll_1,0.127382,32.9269,0.327525
SimulatedAnnealing,split_c4_order_b-a-c0-c1_parallel_c0_unroll_1,0.202788,20.6832,0.327525
SimulatedAnnealing,split_c4_order_b-a-c0-c1_parallel_none_unroll_1,0.202788,20.6832,0.248868
SimulatedAnnealing,split_c4_order_b-a-c0-c1_parallel_none_unroll_2,0.117842,35.5926,0.261311
SimulatedAnnealing,split_c4_order_a-b-c0-c1_parallel_none_unroll_2,0.146137,28.7011,0.261311
SimulatedAnnealing,split_c2_order_a-b-c0-c1_parallel_none_unroll_1,0.0140563,37.2991,0.030945
SimulatedAnnealing,split_c4_order_a-b-c0-c1_parallel_none_unroll_1,0.0146464,35.7965,0.030945
SimulatedAnnealing,split_c4_order_a-b-c0-c1_parallel_none_unroll_2,0.0147525,35.539,0.0324923
SimulatedAnnealing,split_c2_order_a-b-c0-c1_parallel_none_unroll_2,0.0146959,35.6759,0.0324923
SimulatedAnnealing,split_c2_order_b-a-c0-c1_parallel_none_unroll_2,0.0146449,35.8001,0.0324923
SimulatedAnnealing,split_c2_order_b-a-c0-c1_parallel_none_unroll_1,0.0146536,35.7788,0.030945
SimulatedAnnealing,split_c4_order_b-a-c0-c1_parallel_none_unroll_1,0.0155482,33.7201,0.030945
SimulatedAnnealing,split_c2_order_a-b-c0-c1_parallel_none_unroll_1,0.0928058,45.1944,0.193007
SimulatedAnnealing,split_c2_order_a-b-c0-c1_parallel_c0_unroll_1,0.0928058,45.1944,0.202069
SimulatedAnnealing,split_c2_order_a-b-c0-c1_parallel_c0_unroll_2,0.0927054,45.2434,0.209789
SimulatedAnnealing,split_c2_order_b-a-c0-c1_parallel_c0_unroll_2,0.0936214,44.8007,0.209789
SimulatedAnnealing,split_c2_order_b-a-c0-c1_parallel_none_unroll_2,0.0936214,44.8007,0.202658
SimulatedAnnealing,split_c2_order_b-a-c0-c1_parallel_none_unroll_1,0.0936421,44.7908,0.193007
SimulatedAnnealing,split_c4_order_b-a-c0-c1_parallel_none_unroll_1,0.0936453,44.7892,0.193007
SimulatedAnnealing,split_c4_order_b-a-c0-c1_parallel_c0_unroll_1,0.0936453,44.7892,0.202069
SimulatedAnnealing,split_c4_order_a-b-c0-c1_parallel_c0_unroll_1,0.0930811,45.0608,0.202069
SimulatedAnnealing,split_c4_order_a-b-c0-c1_parallel_none_unroll_1,0.0930811,45.0608,0.193007
SimulatedAnnealing,split_c4_order_a-b-c0-c1_parallel_none_unroll_2,0.0922414,45.471,0.202658
SimulatedAnnealing,split_c2_order_a-b-c0-c1_parallel_none_unroll_2,0.0927054,45.2434,0.202658
SimulatedAnnealing,split_c2_order_a-b-c0-c1_parallel_c0_unroll_1,1.10818,30.2789,1.46407
SimulatedAnnealing,split_c2_order_a-b-c0-c1_parallel_none_unroll_1,1.10818,30.2789,1.74574
SimulatedAnnealing,split_c2_order_a-b-c0-c1_parallel_none_unroll_2,1.16891,28.7058,1.83302
SimulatedAnnealing,split_c2_order_a-b-c0-c1_parallel_c0_unroll_2,1.16891,28.7058,1.5339
SimulatedAnnealing,split_c2_order_b-a-c0-c1_parallel_c0_unroll_2,1.21686,27.5745,1.5339
SimulatedAnnealing,split_c2_order_b-a-c0-c1_parallel_c0_unroll_1,1.20706,27.7986,1.46407
SimulatedAnnealing,split_c2_order_b-a-c0-c1_parallel_none_unroll_1,1.20706,27.7986,1.74574
SimulatedAnnealing,split_c4_order_b-a-c0-c1_parallel_none_unroll_1,1.20016,27.9583,1.74574
SimulatedAnnealing,split_c4_order_b-a-c0-c1_parallel_c0_unroll_1,1.20016,27.9583,1.46407
SimulatedAnnealing,split_c4_order_b-a-c0-c1_parallel_c0_unroll_2,1.21021,27.7261,1.5339
SimulatedAnnealing,split_c4_order_a-b-c0-c1_parallel_c0_unroll_2,1.1693,28.6961,1.5339
SimulatedAnnealing,split_c4_order_a-b-c0-c1_parallel_c0_unroll_1,1.16089,28.904,1.46407
SimulatedAnnealing,split_c4_order_a-b-c0-c1_parallel_none_unroll_1,1.16089,28.904,1.74574
SimulatedAnnealing,split_c2_order_a-b-c0-c1_parallel_none_unroll_1,0.000156419,52.3721,0.000234549
SimulatedAnnealing,split_c4_order_a-b-c0-c1_parallel_none_unroll_1,0.00015489,52.8891,0.000234549
SimulatedAnnealing,split_c4_order_b-a-c0-c1_parallel_none_unroll_1,0.00011163,73.3852,0.000234549
SimulatedAnnealing,split_c2_order_b-a-c0-c1_parallel_none_unroll_1,0.000116315,70.4294,0.000234549
SimulatedAnnealing,split_c2_order_b-a-c0-c1_parallel_none_unroll_2,0.000118305,69.2447,0.000246277
SimulatedAnnealing,split_c2_order_a-b-c0-c1_parallel_none_unroll_2,0.000156334,52.4006,0.000246277
SimulatedAnnealing,split_c2_order_a-b-c0-c1_parallel_none_unroll_1,0.000424894,65.0703,0.000854002
SimulatedAnnealing,split_c4_order_a-b-c0-c1_parallel_none_unroll_1,0.000564705,48.9601,0.000854002
SimulatedAnnealing,split_c4_order_b-a-c0-c1_parallel_none_unroll_1,0.000429661,64.3485,0.000854002
SimulatedAnnealing,split_c2_order_b-a-c0-c1_parallel_none_unroll_1,0.000477567,57.8934,0.000854002
SimulatedAnnealing,split_c2_order_b-a-c0-c1_parallel_none_unroll_2,0.00048154,57.4158,0.000896702
SimulatedAnnealing,split_c2_order_a-b-c0-c1_parallel_none_unroll_2,0.000466222,59.3022,0.000896702
SimulatedAnnealing,split_c2_order_a-b-c0-c1_parallel_none_unroll_1,0.00123314,53.1456,0.00217634
SimulatedAnnealing,split_c4_order_a-b-c0-c1_parallel_none_unroll_1,0.00128273,51.091,0.00217634
SimulatedAnnealing,split_c4_order_b-a-c0-c1_parallel_none_unroll_1,0.000978094,67.0038,0.00217634
SimulatedAnnealing,split_c2_order_b-a-c0-c1_parallel_none_unroll_1,0.00125797,52.0968,0.00217634
SimulatedAnnealing,split_c2_order_b-a-c0-c1_parallel_none_unroll_2,0.00127815,51.2743,0.00228516
SimulatedAnnealing,split_c2_order_a-b-c0-c1_parallel_none_unroll_2,0.00124098,52.8101,0.00228516
SimulatedAnnealing,split_c2_order_a-b-c0-c1_parallel_none_unroll_1,0.00438129,50.4837,0.00786363
SimulatedAnnealing,split_c4_order_a-b-c0-c1_parallel_none_unroll_1,0.00441341,50.1163,0.00786363
SimulatedAnnealing,split_c4_order_b-a-c0-c1_parallel_none_unroll_1,0.00449608,49.1948,0.00786363
SimulatedAnnealing,split_c2_order_b-a-c0-c1_parallel_none_unroll_1,0.00443386,49.8852,0.00786363
SimulatedAnnealing,split_c2_order_b-a-c0-c1_parallel_none_unroll_2,0.00443817,49.8368,0.00825681
SimulatedAnnealing,split_c2_order_a-b-c0-c1_parallel_none_unroll_2,0.00361408,61.2006,0.00825681
SimulatedAnnealing,split_c2_order_a-b-c0-c1_parallel_none_unroll_1,0.0108049,48.5232,0.0200468
SimulatedAnnealing,split_c4_order_a-b-c0-c1_parallel_none_unroll_1,0.0123172,42.5657,0.0200468
SimulatedAnnealing,split_c4_order_a-b-c0-c1_parallel_none_unroll_2,0.012163,43.105,0.0210492
SimulatedAnnealing,split_c2_order_a-b-c0-c1_parallel_none_unroll_2,0.0121767,43.0568,0.0210492
SimulatedAnnealing,split_c2_order_b-a-c0-c1_parallel_none_unroll_2,0.0122356,42.8496,0.0210492
SimulatedAnnealing,split_c2_order_b-a-c0-c1_parallel_none_unroll_1,0.0121578,43.1235,0.0200468
SimulatedAnnealing,split_c4_order_b-a-c0-c1_parallel_none_unroll_1,0.0121149,43.2764,0.0200468
SimulatedAnnealing,split_c2_order_a-b-c0-c1_parallel_none_unroll_1,0.0404544,43.7399,0.0721597
SimulatedAnnealing,split_c2_order_a-b-c0-c1_parallel_c0_unroll_1,0.0404544,43.7399,0.103768
SimulatedAnnealing,split_c2_order_a-b-c0-c1_parallel_c0_unroll_2,0.04045,43.7447,0.106654
SimulatedAnnealing,split_c2_order_a-b-c0-c1_parallel_none_unroll_2,0.04045,43.7447,0.0757677
SimulatedAnnealing,split_c2_order_b-a-c0-c1_parallel_none_unroll_2,0.0403396,43.8644,0.0757677
SimulatedAnnealing,split_c1_order_b-a-c0-c1_parallel_none_unroll_2,0.04063,43.5509,0.0891384
SimulatedAnnealing,split_c1_order_b-a-c0-c1_parallel_none_unroll_1,0.0409579,43.2022,0.0848937
SimulatedAnnealing,split_c2_order_b-a-c0-c1_parallel_none_unroll_1,0.0402679,43.9425,0.0721597
SimulatedAnnealing,split_c2_order_b-a-c0-c1_parallel_c0_unroll_1,0.0402679,43.9425,0.103768
SimulatedAnnealing,split_c4_order_b-a-c0-c1_parallel_c0_unroll_1,0.0403114,43.895,0.103768
SimulatedAnnealing,split_c4_order_b-a-c0-c1_parallel_none_unroll_1,0.0403114,43.895,0.0721597
SimulatedAnnealing,split_c4_order_a-b-c0-c1_parallel_none_unroll_1,0.0404312,43.7651,0.0721597
SimulatedAnnealing,split_c4_order_a-b-c0-c1_parallel_c0_unroll_1,0.0404312,43.7651,0.103768
SimulatedAnnealing,split_c2_order_a-b-c0-c1_parallel_none_unroll_1,0.0904032,46.3955,0.180628
SimulatedAnnealing,split_c2_order_a-b-c0-c1_parallel_c0_unroll_1,0.0904032,46.3955,0.188799
SimulatedAnnealing,split_c2_order_a-b-c0-c1_parallel_c0_unroll_2,0.0885713,47.3551,0.196024
SimulatedAnnealing,split_c2_order_b-a-c0-c1_parallel_c0_unroll_2,0.0932966,44.9567,0.196024
SimulatedAnnealing,split_c2_order_b-a-c0-c1_parallel_none_unroll_2,0.0932966,44.9567,0.189659
SimulatedAnnealing,split_c2_order_b-a-c0-c1_parallel_none_unroll_1,0.0942223,44.515,0.180628
SimulatedAnnealing,split_c4_order_b-a-c0-c1_parallel_none_unroll_1,0.0899463,46.6312,0.180628
SimulatedAnnealing,split_c4_order_a-b-c0-c1_parallel_none_unroll_1,0.0897537,46.7312,0.180628
SimulatedAnnealing,split_c4_order_a-b-c0-c1_parallel_c0_unroll_1,0.0897537,46.7312,0.188799
SimulatedAnnealing,split_c4_order_a-b-c0-c1_parallel_c0_unroll_2,0.0930514,45.0751,0.196024
SimulatedAnnealing,split_c4_order_a-b-c0-c1_parallel_none_unroll_2,0.0930514,45.0751,0.189659
SimulatedAnnealing,split_c4_order_b-a-c0-c1_parallel_none_unroll_2,0.0931069,45.0482,0.189659
SimulatedAnnealing,split_c2_order_a-b-c0-c1_parallel_c0_unroll_1,7.98641,33.6115,11.4578
SimulatedAnnealing,split_c2_order_a-b-c0-c1_parallel_none_unroll_1,7.98641,33.6115,14.2667
SimulatedAnnealing,split_c2_order_a-b-c0-c1_parallel_none_unroll_2,7.87552,34.0848,14.9801
SimulatedAnnealing,split_c2_order_a-b-c0-c1_parallel_c0_unroll_2,7.87552,34.0848,12.0285
SimulatedAnnealing,split_c2_order_b-a-c0-c1_parallel_c0_unroll_2,7.85012,34.1951,12.0285
SimulatedAnnealing,split_c1_order_b-a-c0-c1_parallel_c0_unroll_2,7.8567,34.1664,14.1433
SimulatedAnnealing,split_c1_order_b-a-c0-c1_parallel_c0_unroll_1,7.90796,33.945,13.472
SimulatedAnnealing,split_c2_order_b-a-c0-c1_parallel_c0_unroll_1,7.81193,34.3622,11.4578
SimulatedAnnealing,split_c2_order_b-a-c0-c1_parallel_none_unroll_1,7.81193,34.3622,14.2667
SimulatedAnnealing,split_c4_order_b-a-c0-c1_parallel_none_unroll_1,7.81709,34.3396,14.2667
SimulatedAnnealing,split_c4_order_b-a-c0-c1_parallel_c0_unroll_1,7.81709,34.3396,11.4578
SimulatedAnnealing,split_c4_order_a-b-c0-c1_parallel_c0_unroll_1,7.85609,34.1691,11.4578
SimulatedAnnealing,split_c4_order_a-b-c0-c1_parallel_none_unroll_1,7.85609,34.1691,14.2667
SimulatedAnnealing,split_c2_order_a-b-c0-c1_parallel_none_unroll_1,0.0123324,42.5129,0.0207789
SimulatedAnnealing,split_c4_order_a-b-c0-c1_parallel_none_unroll_1,0.0124476,42.1196,0.0207789
SimulatedAnnealing,split_c4_order_a-b-c0-c1_parallel_none_unroll_2,0.0121602,43.1151,0.0218178
SimulatedAnnealing,split_c2_order_a-b-c0-c1_parallel_none_unroll_2,0.011922,43.9764,0.0218178
SimulatedAnnealing,split_c2_order_b-a-c0-c1_parallel_none_unroll_2,0.0122176,42.9125,0.0218178
SimulatedAnnealing,split_c2_order_b-a-c0-c1_parallel_none_unroll_1,0.0119562,43.8506,0.0207789
SimulatedAnnealing,split_c4_order_b-a-c0-c1_parallel_none_unroll_1,0.0125097,41.9106,0.0207789
SimulatedAnnealing,split_c2_order_a-b-c0-c1_parallel_none_unroll_1,0.0937118,44.7575,0.184048
SimulatedAnnealing,split_c2_order_a-b-c0-c1_parallel_c0_unroll_1,0.0937118,44.7575,0.191072
SimulatedAnnealing,split_c2_order_a-b-c0-c1_parallel_c0_unroll_2,0.0937993,44.7157,0.198433
SimulatedAnnealing,split_c2_order_b-a-c0-c1_parallel_c0_unroll_2,0.0934541,44.8809,0.198433
SimulatedAnnealing,split_c2_order_b-a-c0-c1_parallel_none_unroll_2,0.0934541,44.8809,0.19325
SimulatedAnnealing,split_c2_order_b-a-c0-c1_parallel_none_unroll_1,0.0936217,44.8005,0.184048
SimulatedAnnealing,split_c4_order_b-a-c0-c1_parallel_none_unroll_1,0.093334,44.9387,0.184048
SimulatedAnnealing,split_c4_order_a-b-c0-c1_parallel_none_unroll_1,0.0924518,45.3675,0.184048
SimulatedAnnealing,split_c4_order_a-b-c0-c1_parallel_c0_unroll_1,0.0924518,45.3675,0.191072
SimulatedAnnealing,split_c4_order_a-b-c0-c1_parallel_c0_unroll_2,0.0939909,44.6246,0.198433
SimulatedAnnealing,split_c4_order_a-b-c0-c1_parallel_none_unroll_2,0.0939909,44.6246,0.19325
SimulatedAnnealing,split_c4_order_b-a-c0-c1_parallel_none_unroll_2,0.0935182,44.8501,0.19325
SimulatedAnnealing,split_c2_order_a-b-c0-c1_parallel_none_unroll_1,0.0930825,45.0601,0.189062
SimulatedAnnealing,split_c2_order_a-b-c0-c1_parallel_c0_unroll_1,0.0930825,45.0601,0.19709
SimulatedAnnealing,split_c2_order_a-b-c0-c1_parallel_c0_unroll_2,0.0882637,47.5202,0.204653
SimulatedAnnealing,split_c2_order_b-a-c0-c1_parallel_c0_unroll_2,0.0846118,49.5711,0.204653
SimulatedAnnealing,split_c2_order_b-a-c0-c1_parallel_none_unroll_2,0.0846118,49.5711,0.198515
SimulatedAnnealing,split_c2_order_b-a-c0-c1_parallel_none_unroll_1,0.0908638,46.1604,0.189062
SimulatedAnnealing,split_c4_order_b-a-c0-c1_parallel_none_unroll_1,0.0883208,47.4894,0.189062
SimulatedAnnealing,split_c4_order_a-b-c0-c1_parallel_none_unroll_1,0.0885549,47.3639,0.189062
SimulatedAnnealing,split_c4_order_a-b-c0-c1_parallel_none_unroll_2,0.088557,47.3628,0.198515
SimulatedAnnealing,split_c4_order_a-b-c0-c1_parallel_c0_unroll_2,0.088557,47.3628,0.204653
SimulatedAnnealing,split_c4_order_a-b-c0-c1_parallel_c0_unroll_1,0.0885549,47.3639,0.19709
SimulatedAnnealing,split_c4_order_b-a-c0-c1_parallel_c0_unroll_1,0.0883208,47.4894,0.19709
SimulatedAnnealing,split_c2_order_b-a-c0-c1_parallel_c0_unroll_1,0.0908638,46.1604,0.19709
SimulatedAnnealing,split_c2_order_a-b-c0-c1_parallel_c0_unroll_1,0.947604,35.4098,1.35524
SimulatedAnnealing,split_c2_order_a-b-c0-c1_parallel_none_unroll_1,0.947604,35.4098,1.63963
SimulatedAnnealing,split_c2_order_a-b-c0-c1_parallel_none_unroll_2,0.902796,37.1672,1.72162
SimulatedAnnealing,split_c2_order_a-b-c0-c1_parallel_c0_unroll_2,0.902796,37.1672,1.42082
SimulatedAnnealing,split_c2_order_b-a-c0-c1_parallel_c0_unroll_2,0.927718,36.1688,1.42082
SimulatedAnnealing,split_c1_order_b-a-c0-c1_parallel_c0_unroll_2,0.930904,36.045,1.66387
SimulatedAnnealing,split_c1_order_b-a-c0-c1_parallel_c0_unroll_1,0.937772,35.781,1.58671
SimulatedAnnealing,split_c2_order_b-a-c0-c1_parallel_c0_unroll_1,0.92707,36.1941,1.35524
SimulatedAnnealing,split_c2_order_b-a-c0-c1_parallel_none_unroll_1,0.92707,36.1941,1.63963
SimulatedAnnealing,split_c4_order_b-a-c0-c1_parallel_none_unroll_1,0.919799,36.4802,1.63963
SimulatedAnnealing,split_c4_order_b-a-c0-c1_parallel_c0_unroll_1,0.919799,36.4802,1.35524
SimulatedAnnealing,split_c4_order_b-a-c0-c1_parallel_c0_unroll_2,0.930492,36.061,1.42082
SimulatedAnnealing,split_c4_order_a-b-c0-c1_parallel_c0_unroll_2,0.945889,35.474,1.42082
SimulatedAnnealing,split_c4_order_a-b-c0-c1_parallel_c0_unroll_1,0.896143,37.4432,1.35524
SimulatedAnnealing,split_c4_order_a-b-c0-c1_parallel_none_unroll_1,0.896143,37.4432,1.63963
SimulatedAnnealing,split_c2_order_a-b-c0-c1_parallel_c0_unroll_1,8.09166,33.1743,11.6333
SimulatedAnnealing,split_c2_order_a-b-c0-c1_parallel_none_unroll_1,8.09166,33.1743,14.4864
SimulatedAnnealing,split_c2_order_a-b-c0-c1_parallel_none_unroll_2,8.03698,33.4001,15.2107
SimulatedAnnealing,split_c2_order_a-b-c0-c1_parallel_c0_unroll_2,8.03698,33.4001,12.2127
SimulatedAnnealing,split_c2_order_b-a-c0-c1_parallel_c0_unroll_2,8.02916,33.4326,12.2127
SimulatedAnnealing,split_c1_order_b-a-c0-c1_parallel_c0_unroll_2,8.00587,33.5298,14.3601
SimulatedAnnealing,split_c1_order_a-b-c0-c1_parallel_c0_unroll_2,8.14241,32.9676,14.3601
SimulatedAnnealing,split_c1_order_a-b-c0-c1_parallel_c0_unroll_1,7.98157,33.6319,13.6784
SimulatedAnnealing,split_c1_order_b-a-c0-c1_parallel_c0_unroll_1,8.02856,33.4351,13.6784
SimulatedAnnealing,split_c2_order_b-a-c0-c1_parallel_c0_unroll_1,8.00431,33.5364,11.6333
SimulatedAnnealing,split_c2_order_b-a-c0-c1_parallel_none_unroll_1,8.00431,33.5364,14.4864
SimulatedAnnealing,split_c4_order_b-a-c0-c1_parallel_none_unroll_1,8.01451,33.4937,14.4864
SimulatedAnnealing,split_c4_order_a-b-c0-c1_parallel_none_unroll_1,8.0351,33.4079,14.4864
SimulatedAnnealing,split_c4_order_a-b-c0-c1_parallel_c0_unroll_1,8.0351,33.4079,11.6333
SimulatedAnnealing,split_c4_order_a-b-c0-c1_parallel_c0_unroll_2,8.29464,32.3625,12.2127
SimulatedAnnealing,split_c4_order_b-a-c0-c1_parallel_c0_unroll_2,8.04277,33.376,12.2127
SimulatedAnnealing,split_c4_order_b-a-c0-c1_parallel_c0_unroll_1,8.01451,33.4937,11.6333
