=== GETT-Matrix: 48 Faelle | Stufen: ['tvm'] | Start 2026-07-31 18:25:50 ===
    Budgets: TEIR=30 Trials, TVM=200 Trials
    Timeouts[s]: torch=300 teir=1800 tvm=7200

----- Stufe TVM -> tvm.csv (30 bereits erledigt) @ 2026-07-31 18:25:50 -----
  [tvm] 12/48 contraction_ab_ac_cb                   ... START @ 2026-07-31 18:25:50
        · tvm:contraction_ab_ac_cb laeuft [   30s] … 2026-07-31 18:25:56 [INFO] [task_scheduler.cc:195] Sending 64 sample(s) to runner
        · tvm:contraction_ab_ac_cb laeuft [   60s] … 2026-07-31 18:25:56 [INFO] [task_scheduler.cc:195] Sending 64 sample(s) to runner
        · tvm:contraction_ab_ac_cb laeuft [   90s] … 2026-07-31 18:25:56 [INFO] [task_scheduler.cc:195] Sending 64 sample(s) to runner
        · tvm:contraction_ab_ac_cb laeuft [  120s] … 2026-07-31 18:25:56 [INFO] [task_scheduler.cc:195] Sending 64 sample(s) to runner
        · tvm:contraction_ab_ac_cb laeuft [  150s] … 2026-07-31 18:25:56 [INFO] [task_scheduler.cc:195] Sending 64 sample(s) to runner
        · tvm:contraction_ab_ac_cb laeuft [  180s] … 2026-07-31 18:25:56 [INFO] [task_scheduler.cc:195] Sending 64 sample(s) to runner
        · tvm:contraction_ab_ac_cb laeuft [  210s] … 2026-07-31 18:25:56 [INFO] [task_scheduler.cc:195] Sending 64 sample(s) to runner
        · tvm:contraction_ab_ac_cb laeuft [  240s] … 2026-07-31 18:25:56 [INFO] [task_scheduler.cc:195] Sending 64 sample(s) to runner
        · tvm:contraction_ab_ac_cb laeuft [  270s] … 2026-07-31 18:25:56 [INFO] [task_scheduler.cc:195] Sending 64 sample(s) to runner
        · tvm:contraction_ab_ac_cb laeuft [  300s] … 2026-07-31 18:25:56 [INFO] [task_scheduler.cc:195] Sending 64 sample(s) to runner
        · tvm:contraction_ab_ac_cb laeuft [  330s] … 2026-07-31 18:25:56 [INFO] [task_scheduler.cc:195] Sending 64 sample(s) to runner
        · tvm:contraction_ab_ac_cb laeuft [  361s] … 2026-07-31 18:25:56 [INFO] [task_scheduler.cc:195] Sending 64 sample(s) to runner
        · tvm:contraction_ab_ac_cb laeuft [  391s] … 2026-07-31 18:25:56 [INFO] [task_scheduler.cc:195] Sending 64 sample(s) to runner
        · tvm:contraction_ab_ac_cb laeuft [  421s] … 2026-07-31 18:25:56 [INFO] [task_scheduler.cc:195] Sending 64 sample(s) to runner
        · tvm:contraction_ab_ac_cb laeuft [  451s] … 2026-07-31 18:25:56 [INFO] [task_scheduler.cc:195] Sending 64 sample(s) to runner
        · tvm:contraction_ab_ac_cb laeuft [  481s] … 2026-07-31 18:25:56 [INFO] [task_scheduler.cc:195] Sending 64 sample(s) to runner
        · tvm:contraction_ab_ac_cb laeuft [  511s] … 2026-07-31 18:25:56 [INFO] [task_scheduler.cc:195] Sending 64 sample(s) to runner
        · tvm:contraction_ab_ac_cb laeuft [  541s] … 2026-07-31 18:25:56 [INFO] [task_scheduler.cc:195] Sending 64 sample(s) to runner
        · tvm:contraction_ab_ac_cb laeuft [  571s] … 2026-07-31 18:25:56 [INFO] [task_scheduler.cc:195] Sending 64 sample(s) to runner
        · tvm:contraction_ab_ac_cb laeuft [  601s] … 2026-07-31 18:25:56 [INFO] [task_scheduler.cc:195] Sending 64 sample(s) to runner
        · tvm:contraction_ab_ac_cb laeuft [  631s] … 2026-07-31 18:25:56 [INFO] [task_scheduler.cc:195] Sending 64 sample(s) to runner
        · tvm:contraction_ab_ac_cb laeuft [  661s] … 2026-07-31 18:25:56 [INFO] [task_scheduler.cc:195] Sending 64 sample(s) to runner
        · tvm:contraction_ab_ac_cb laeuft [  692s] … 2026-07-31 18:25:56 [INFO] [task_scheduler.cc:195] Sending 64 sample(s) to runner
        · tvm:contraction_ab_ac_cb laeuft [  722s] … 2026-07-31 18:25:56 [INFO] [task_scheduler.cc:195] Sending 64 sample(s) to runner
        · tvm:contraction_ab_ac_cb laeuft [  752s] … 2026-07-31 18:25:56 [INFO] [task_scheduler.cc:195] Sending 64 sample(s) to runner
        · tvm:contraction_ab_ac_cb laeuft [  782s] … 2026-07-31 18:25:56 [INFO] [task_scheduler.cc:195] Sending 64 sample(s) to runner
        · tvm:contraction_ab_ac_cb laeuft [  812s] … 2026-07-31 18:25:56 [INFO] [task_scheduler.cc:195] Sending 64 sample(s) to runner
        · tvm:contraction_ab_ac_cb laeuft [  842s] … 2026-07-31 18:25:56 [INFO] [task_scheduler.cc:195] Sending 64 sample(s) to runner
        · tvm:contraction_ab_ac_cb laeuft [  870s] … 2026-07-31 18:25:56 [INFO] [task_scheduler.cc:195] Sending 64 sample(s) to runner
        · tvm:contraction_ab_ac_cb laeuft [  900s] … 2026-07-31 18:25:56 [INFO] [task_scheduler.cc:195] Sending 64 sample(s) to runner
        · tvm:contraction_ab_ac_cb laeuft [  930s] … 2026-07-31 18:25:56 [INFO] [task_scheduler.cc:195] Sending 64 sample(s) to runner
        · tvm:contraction_ab_ac_cb laeuft [  960s] … 2026-07-31 18:25:56 [INFO] [task_scheduler.cc:195] Sending 64 sample(s) to runner
        · tvm:contraction_ab_ac_cb laeuft [  991s] … 2026-07-31 18:25:56 [INFO] [task_scheduler.cc:195] Sending 64 sample(s) to runner
        · tvm:contraction_ab_ac_cb laeuft [ 1021s] … 2026-07-31 18:25:56 [INFO] [task_scheduler.cc:195] Sending 64 sample(s) to runner
        · tvm:contraction_ab_ac_cb laeuft [ 1051s] … 2026-07-31 18:25:56 [INFO] [task_scheduler.cc:195] Sending 64 sample(s) to runner
        · tvm:contraction_ab_ac_cb laeuft [ 1081s] … 2026-07-31 18:25:56 [INFO] [task_scheduler.cc:195] Sending 64 sample(s) to runner
        · tvm:contraction_ab_ac_cb laeuft [ 1111s] … 2026-07-31 18:25:56 [INFO] [task_scheduler.cc:195] Sending 64 sample(s) to runner
        · tvm:contraction_ab_ac_cb laeuft [ 1141s] … 2026-07-31 18:25:56 [INFO] [task_scheduler.cc:195] Sending 64 sample(s) to runner
        · tvm:contraction_ab_ac_cb laeuft [ 1171s] … 2026-07-31 18:25:56 [INFO] [task_scheduler.cc:195] Sending 64 sample(s) to runner
        · tvm:contraction_ab_ac_cb laeuft [ 1201s] … 2026-07-31 18:25:56 [INFO] [task_scheduler.cc:195] Sending 64 sample(s) to runner
        · tvm:contraction_ab_ac_cb laeuft [ 1231s] … 2026-07-31 18:25:56 [INFO] [task_scheduler.cc:195] Sending 64 sample(s) to runner
        · tvm:contraction_ab_ac_cb laeuft [ 1261s] … 2026-07-31 18:25:56 [INFO] [task_scheduler.cc:195] Sending 64 sample(s) to runner
        · tvm:contraction_ab_ac_cb laeuft [ 1292s] … 2026-07-31 18:25:56 [INFO] [task_scheduler.cc:195] Sending 64 sample(s) to runner
        · tvm:contraction_ab_ac_cb laeuft [ 1322s] … 2026-07-31 18:25:56 [INFO] [task_scheduler.cc:195] Sending 64 sample(s) to runner
        · tvm:contraction_ab_ac_cb laeuft [ 1352s] … 2026-07-31 18:25:56 [INFO] [task_scheduler.cc:195] Sending 64 sample(s) to runner
        · tvm:contraction_ab_ac_cb laeuft [ 1382s] … 2026-07-31 18:48:48 [INFO] [task_scheduler.cc:195] Sending 64 sample(s) to runner
        · tvm:contraction_ab_ac_cb laeuft [ 1412s] … 2026-07-31 18:48:48 [INFO] [task_scheduler.cc:195] Sending 64 sample(s) to runner
        · tvm:contraction_ab_ac_cb laeuft [ 1440s] … 2026-07-31 18:48:48 [INFO] [task_scheduler.cc:195] Sending 64 sample(s) to runner
        · tvm:contraction_ab_ac_cb laeuft [ 1470s] … 2026-07-31 18:48:48 [INFO] [task_scheduler.cc:195] Sending 64 sample(s) to runner
        · tvm:contraction_ab_ac_cb laeuft [ 1500s] … 2026-07-31 18:48:48 [INFO] [task_scheduler.cc:195] Sending 64 sample(s) to runner
        · tvm:contraction_ab_ac_cb laeuft [ 1530s] … 2026-07-31 18:48:48 [INFO] [task_scheduler.cc:195] Sending 64 sample(s) to runner
        · tvm:contraction_ab_ac_cb laeuft [ 1561s] … 2026-07-31 18:48:48 [INFO] [task_scheduler.cc:195] Sending 64 sample(s) to runner
        · tvm:contraction_ab_ac_cb laeuft [ 1591s] … 2026-07-31 18:48:48 [INFO] [task_scheduler.cc:195] Sending 64 sample(s) to runner
        · tvm:contraction_ab_ac_cb laeuft [ 1621s] … 2026-07-31 18:48:48 [INFO] [task_scheduler.cc:195] Sending 64 sample(s) to runner
        · tvm:contraction_ab_ac_cb laeuft [ 1651s] … 2026-07-31 18:48:48 [INFO] [task_scheduler.cc:195] Sending 64 sample(s) to runner
        · tvm:contraction_ab_ac_cb laeuft [ 1681s] … 2026-07-31 18:48:48 [INFO] [task_scheduler.cc:195] Sending 64 sample(s) to runner
        · tvm:contraction_ab_ac_cb laeuft [ 1711s] … 2026-07-31 18:48:48 [INFO] [task_scheduler.cc:195] Sending 64 sample(s) to runner
        · tvm:contraction_ab_ac_cb laeuft [ 1741s] … 2026-07-31 18:48:48 [INFO] [task_scheduler.cc:195] Sending 64 sample(s) to runner
        · tvm:contraction_ab_ac_cb laeuft [ 1771s] … 2026-07-31 18:48:48 [INFO] [task_scheduler.cc:195] Sending 64 sample(s) to runner
        · tvm:contraction_ab_ac_cb laeuft [ 1801s] … 2026-07-31 18:48:48 [INFO] [task_scheduler.cc:195] Sending 64 sample(s) to runner
        · tvm:contraction_ab_ac_cb laeuft [ 1832s] … 2026-07-31 18:48:48 [INFO] [task_scheduler.cc:195] Sending 64 sample(s) to runner
        · tvm:contraction_ab_ac_cb laeuft [ 1862s] … 2026-07-31 18:48:48 [INFO] [task_scheduler.cc:195] Sending 64 sample(s) to runner
        · tvm:contraction_ab_ac_cb laeuft [ 1892s] … 2026-07-31 18:48:48 [INFO] [task_scheduler.cc:195] Sending 64 sample(s) to runner
        · tvm:contraction_ab_ac_cb laeuft [ 1922s] … 2026-07-31 18:48:48 [INFO] [task_scheduler.cc:195] Sending 64 sample(s) to runner
        · tvm:contraction_ab_ac_cb laeuft [ 1952s] … 2026-07-31 18:48:48 [INFO] [task_scheduler.cc:195] Sending 64 sample(s) to runner
        · tvm:contraction_ab_ac_cb laeuft [ 1980s] … 2026-07-31 18:48:48 [INFO] [task_scheduler.cc:195] Sending 64 sample(s) to runner
        · tvm:contraction_ab_ac_cb laeuft [ 2010s] … 2026-07-31 18:48:48 [INFO] [task_scheduler.cc:195] Sending 64 sample(s) to runner
        · tvm:contraction_ab_ac_cb laeuft [ 2040s] … 2026-07-31 18:48:48 [INFO] [task_scheduler.cc:195] Sending 64 sample(s) to runner
        · tvm:contraction_ab_ac_cb laeuft [ 2070s] … 2026-07-31 18:48:48 [INFO] [task_scheduler.cc:195] Sending 64 sample(s) to runner
        · tvm:contraction_ab_ac_cb laeuft [ 2100s] … 2026-07-31 18:48:48 [INFO] [task_scheduler.cc:195] Sending 64 sample(s) to runner
        · tvm:contraction_ab_ac_cb laeuft [ 2130s] … 2026-07-31 18:48:48 [INFO] [task_scheduler.cc:195] Sending 64 sample(s) to runner
        · tvm:contraction_ab_ac_cb laeuft [ 2160s] … 2026-07-31 18:48:48 [INFO] [task_scheduler.cc:195] Sending 64 sample(s) to runner
        · tvm:contraction_ab_ac_cb laeuft [ 2191s] … 2026-07-31 18:48:48 [INFO] [task_scheduler.cc:195] Sending 64 sample(s) to runner
        · tvm:contraction_ab_ac_cb laeuft [ 2221s] … 2026-07-31 18:48:48 [INFO] [task_scheduler.cc:195] Sending 64 sample(s) to runner
        · tvm:contraction_ab_ac_cb laeuft [ 2251s] … 2026-07-31 18:48:48 [INFO] [task_scheduler.cc:195] Sending 64 sample(s) to runner
        · tvm:contraction_ab_ac_cb laeuft [ 2281s] … 2026-07-31 18:48:48 [INFO] [task_scheduler.cc:195] Sending 64 sample(s) to runner
        · tvm:contraction_ab_ac_cb laeuft [ 2311s] … 2026-07-31 18:48:48 [INFO] [task_scheduler.cc:195] Sending 64 sample(s) to runner
        · tvm:contraction_ab_ac_cb laeuft [ 2341s] … 2026-07-31 18:48:48 [INFO] [task_scheduler.cc:195] Sending 64 sample(s) to runner
        · tvm:contraction_ab_ac_cb laeuft [ 2371s] … 2026-07-31 18:48:48 [INFO] [task_scheduler.cc:195] Sending 64 sample(s) to runner
        · tvm:contraction_ab_ac_cb laeuft [ 2401s] … 2026-07-31 18:48:48 [INFO] [task_scheduler.cc:195] Sending 64 sample(s) to runner
        · tvm:contraction_ab_ac_cb laeuft [ 2431s] … 2026-07-31 18:48:48 [INFO] [task_scheduler.cc:195] Sending 64 sample(s) to runner
        · tvm:contraction_ab_ac_cb laeuft [ 2461s] … 2026-07-31 18:48:48 [INFO] [task_scheduler.cc:195] Sending 64 sample(s) to runner
        · tvm:contraction_ab_ac_cb laeuft [ 2491s] … 2026-07-31 18:48:48 [INFO] [task_scheduler.cc:195] Sending 64 sample(s) to runner
        · tvm:contraction_ab_ac_cb laeuft [ 2522s] … 2026-07-31 18:48:48 [INFO] [task_scheduler.cc:195] Sending 64 sample(s) to runner
        · tvm:contraction_ab_ac_cb laeuft [ 2552s] … 2026-07-31 18:48:48 [INFO] [task_scheduler.cc:195] Sending 64 sample(s) to runner
        · tvm:contraction_ab_ac_cb laeuft [ 2582s] … 2026-07-31 18:48:48 [INFO] [task_scheduler.cc:195] Sending 64 sample(s) to runner
        · tvm:contraction_ab_ac_cb laeuft [ 2612s] … 2026-07-31 18:48:48 [INFO] [task_scheduler.cc:195] Sending 64 sample(s) to runner
        · tvm:contraction_ab_ac_cb laeuft [ 2642s] … 2026-07-31 18:48:48 [INFO] [task_scheduler.cc:195] Sending 64 sample(s) to runner
        · tvm:contraction_ab_ac_cb laeuft [ 2672s] … 2026-07-31 18:48:48 [INFO] [task_scheduler.cc:195] Sending 64 sample(s) to runner
        · tvm:contraction_ab_ac_cb laeuft [ 2702s] … 2026-07-31 18:48:48 [INFO] [task_scheduler.cc:195] Sending 64 sample(s) to runner
        · tvm:contraction_ab_ac_cb laeuft [ 2730s] … 2026-07-31 18:48:48 [INFO] [task_scheduler.cc:195] Sending 64 sample(s) to runner
        · tvm:contraction_ab_ac_cb laeuft [ 2760s] … 2026-07-31 18:48:48 [INFO] [task_scheduler.cc:195] Sending 64 sample(s) to runner
        · tvm:contraction_ab_ac_cb laeuft [ 2790s] … 2026-07-31 19:12:07 [INFO] [task_scheduler.cc:195] Sending 64 sample(s) to runner
        · tvm:contraction_ab_ac_cb laeuft [ 2820s] … 2026-07-31 19:12:07 [INFO] [task_scheduler.cc:195] Sending 64 sample(s) to runner
        · tvm:contraction_ab_ac_cb laeuft [ 2850s] … 2026-07-31 19:12:07 [INFO] [task_scheduler.cc:195] Sending 64 sample(s) to runner
        · tvm:contraction_ab_ac_cb laeuft [ 2880s] … 2026-07-31 19:12:07 [INFO] [task_scheduler.cc:195] Sending 64 sample(s) to runner
        · tvm:contraction_ab_ac_cb laeuft [ 2911s] … 2026-07-31 19:12:07 [INFO] [task_scheduler.cc:195] Sending 64 sample(s) to runner
        · tvm:contraction_ab_ac_cb laeuft [ 2941s] … 2026-07-31 19:12:07 [INFO] [task_scheduler.cc:195] Sending 64 sample(s) to runner
        · tvm:contraction_ab_ac_cb laeuft [ 2971s] … 2026-07-31 19:12:07 [INFO] [task_scheduler.cc:195] Sending 64 sample(s) to runner
        · tvm:contraction_ab_ac_cb laeuft [ 3001s] … 2026-07-31 19:12:07 [INFO] [task_scheduler.cc:195] Sending 64 sample(s) to runner
        · tvm:contraction_ab_ac_cb laeuft [ 3031s] … 2026-07-31 19:12:07 [INFO] [task_scheduler.cc:195] Sending 64 sample(s) to runner
        · tvm:contraction_ab_ac_cb laeuft [ 3061s] … 2026-07-31 19:12:07 [INFO] [task_scheduler.cc:195] Sending 64 sample(s) to runner
        · tvm:contraction_ab_ac_cb laeuft [ 3091s] … 2026-07-31 19:12:07 [INFO] [task_scheduler.cc:195] Sending 64 sample(s) to runner
        · tvm:contraction_ab_ac_cb laeuft [ 3121s] … 2026-07-31 19:12:07 [INFO] [task_scheduler.cc:195] Sending 64 sample(s) to runner
        · tvm:contraction_ab_ac_cb laeuft [ 3151s] … 2026-07-31 19:12:07 [INFO] [task_scheduler.cc:195] Sending 64 sample(s) to runner
        · tvm:contraction_ab_ac_cb laeuft [ 3181s] … 2026-07-31 19:12:07 [INFO] [task_scheduler.cc:195] Sending 64 sample(s) to runner
        · tvm:contraction_ab_ac_cb laeuft [ 3212s] … 2026-07-31 19:12:07 [INFO] [task_scheduler.cc:195] Sending 64 sample(s) to runner
        · tvm:contraction_ab_ac_cb laeuft [ 3242s] … 2026-07-31 19:12:07 [INFO] [task_scheduler.cc:195] Sending 64 sample(s) to runner
        · tvm:contraction_ab_ac_cb laeuft [ 3272s] … 2026-07-31 19:12:07 [INFO] [task_scheduler.cc:195] Sending 64 sample(s) to runner
        · tvm:contraction_ab_ac_cb laeuft [ 3302s] … 2026-07-31 19:12:07 [INFO] [task_scheduler.cc:195] Sending 64 sample(s) to runner
        · tvm:contraction_ab_ac_cb laeuft [ 3330s] … 2026-07-31 19:12:07 [INFO] [task_scheduler.cc:195] Sending 64 sample(s) to runner
        · tvm:contraction_ab_ac_cb laeuft [ 3360s] … 2026-07-31 19:12:07 [INFO] [task_scheduler.cc:195] Sending 64 sample(s) to runner
        · tvm:contraction_ab_ac_cb laeuft [ 3390s] … 2026-07-31 19:12:07 [INFO] [task_scheduler.cc:195] Sending 64 sample(s) to runner
        · tvm:contraction_ab_ac_cb laeuft [ 3420s] … 2026-07-31 19:12:07 [INFO] [task_scheduler.cc:195] Sending 64 sample(s) to runner
        · tvm:contraction_ab_ac_cb laeuft [ 3450s] … 2026-07-31 19:12:07 [INFO] [task_scheduler.cc:195] Sending 64 sample(s) to runner
        · tvm:contraction_ab_ac_cb laeuft [ 3481s] … 2026-07-31 19:12:07 [INFO] [task_scheduler.cc:195] Sending 64 sample(s) to runner
        · tvm:contraction_ab_ac_cb laeuft [ 3511s] … 2026-07-31 19:12:07 [INFO] [task_scheduler.cc:195] Sending 64 sample(s) to runner
        · tvm:contraction_ab_ac_cb laeuft [ 3541s] … 2026-07-31 19:12:07 [INFO] [task_scheduler.cc:195] Sending 64 sample(s) to runner
        · tvm:contraction_ab_ac_cb laeuft [ 3571s] … 2026-07-31 19:12:07 [INFO] [task_scheduler.cc:195] Sending 64 sample(s) to runner
        · tvm:contraction_ab_ac_cb laeuft [ 3601s] … 2026-07-31 19:12:07 [INFO] [task_scheduler.cc:195] Sending 64 sample(s) to runner
        · tvm:contraction_ab_ac_cb laeuft [ 3631s] … 2026-07-31 19:12:07 [INFO] [task_scheduler.cc:195] Sending 64 sample(s) to runner
        · tvm:contraction_ab_ac_cb laeuft [ 3661s] … 2026-07-31 19:12:07 [INFO] [task_scheduler.cc:195] Sending 64 sample(s) to runner
        · tvm:contraction_ab_ac_cb laeuft [ 3691s] … 2026-07-31 19:12:07 [INFO] [task_scheduler.cc:195] Sending 64 sample(s) to runner
        · tvm:contraction_ab_ac_cb laeuft [ 3721s] … 2026-07-31 19:12:07 [INFO] [task_scheduler.cc:195] Sending 64 sample(s) to runner
        · tvm:contraction_ab_ac_cb laeuft [ 3751s] … 2026-07-31 19:12:07 [INFO] [task_scheduler.cc:195] Sending 64 sample(s) to runner
        · tvm:contraction_ab_ac_cb laeuft [ 3782s] … 2026-07-31 19:12:07 [INFO] [task_scheduler.cc:195] Sending 64 sample(s) to runner
        · tvm:contraction_ab_ac_cb laeuft [ 3812s] … 2026-07-31 19:12:07 [INFO] [task_scheduler.cc:195] Sending 64 sample(s) to runner
        · tvm:contraction_ab_ac_cb laeuft [ 3842s] … 2026-07-31 19:12:07 [INFO] [task_scheduler.cc:195] Sending 64 sample(s) to runner
        · tvm:contraction_ab_ac_cb laeuft [ 3872s] … 2026-07-31 19:12:07 [INFO] [task_scheduler.cc:195] Sending 64 sample(s) to runner
        · tvm:contraction_ab_ac_cb laeuft [ 3900s] … 2026-07-31 19:12:07 [INFO] [task_scheduler.cc:195] Sending 64 sample(s) to runner
        · tvm:contraction_ab_ac_cb laeuft [ 3930s] … 2026-07-31 19:12:07 [INFO] [task_scheduler.cc:195] Sending 64 sample(s) to runner
        · tvm:contraction_ab_ac_cb laeuft [ 3960s] … 2026-07-31 19:12:07 [INFO] [task_scheduler.cc:195] Sending 64 sample(s) to runner
        · tvm:contraction_ab_ac_cb laeuft [ 3990s] … 2026-07-31 19:12:07 [INFO] [task_scheduler.cc:195] Sending 64 sample(s) to runner
        · tvm:contraction_ab_ac_cb laeuft [ 4021s] … 2026-07-31 19:12:07 [INFO] [task_scheduler.cc:195] Sending 64 sample(s) to runner
        · tvm:contraction_ab_ac_cb laeuft [ 4051s] … 2026-07-31 19:12:07 [INFO] [task_scheduler.cc:195] Sending 64 sample(s) to runner
        · tvm:contraction_ab_ac_cb laeuft [ 4081s] … 2026-07-31 19:12:07 [INFO] [task_scheduler.cc:195] Sending 64 sample(s) to runner
        · tvm:contraction_ab_ac_cb laeuft [ 4111s] … 2026-07-31 19:12:07 [INFO] [task_scheduler.cc:195] Sending 64 sample(s) to runner
        · tvm:contraction_ab_ac_cb laeuft [ 4141s] … 2026-07-31 19:12:07 [INFO] [task_scheduler.cc:195] Sending 64 sample(s) to runner
        · tvm:contraction_ab_ac_cb laeuft [ 4171s] … 2026-07-31 19:35:20 [INFO] [task_scheduler.cc:195] Sending 8 sample(s) to runner
        · tvm:contraction_ab_ac_cb laeuft [ 4201s] … 2026-07-31 19:35:20 [INFO] [task_scheduler.cc:195] Sending 8 sample(s) to runner
        · tvm:contraction_ab_ac_cb laeuft [ 4231s] … Total latency (us): 889883
        · tvm:contraction_ab_ac_cb laeuft [ 4261s] … Total latency (us): 889883
        · tvm:contraction_ab_ac_cb laeuft [ 4291s] … Total latency (us): 889883
        · tvm:contraction_ab_ac_cb laeuft [ 4322s] … Total latency (us): 889883
  [tvm] 12/48 contraction_ab_ac_cb                   653.2 GFLOPS [ok]              4344s  DONE @ 2026-07-31 19:38:15
  [tvm] 13/48 contraction_ab_acd_dbc                 ... START @ 2026-07-31 19:38:15
        · tvm:contraction_ab_acd_dbc laeuft [   30s] … 2026-07-31 19:38:22 [INFO] [task_scheduler.cc:195] Sending 64 sample(s) to runner
        · tvm:contraction_ab_acd_dbc laeuft [   60s] … 2026-07-31 19:38:22 [INFO] [task_scheduler.cc:195] Sending 64 sample(s) to runner
        · tvm:contraction_ab_acd_dbc laeuft [   90s] … 2026-07-31 19:38:22 [INFO] [task_scheduler.cc:195] Sending 64 sample(s) to runner
        · tvm:contraction_ab_acd_dbc laeuft [  120s] … 2026-07-31 19:38:22 [INFO] [task_scheduler.cc:195] Sending 64 sample(s) to runner
        · tvm:contraction_ab_acd_dbc laeuft [  150s] … 2026-07-31 19:38:22 [INFO] [task_scheduler.cc:195] Sending 64 sample(s) to runner
        · tvm:contraction_ab_acd_dbc laeuft [  181s] … 2026-07-31 19:38:22 [INFO] [task_scheduler.cc:195] Sending 64 sample(s) to runner
        · tvm:contraction_ab_acd_dbc laeuft [  211s] … 2026-07-31 19:41:30 [INFO] [task_scheduler.cc:195] Sending 64 sample(s) to runner
        · tvm:contraction_ab_acd_dbc laeuft [  241s] … 2026-07-31 19:41:30 [INFO] [task_scheduler.cc:195] Sending 64 sample(s) to runner
        · tvm:contraction_ab_acd_dbc laeuft [  271s] … 2026-07-31 19:41:30 [INFO] [task_scheduler.cc:195] Sending 64 sample(s) to runner
        · tvm:contraction_ab_acd_dbc laeuft [  301s] … 2026-07-31 19:41:30 [INFO] [task_scheduler.cc:195] Sending 64 sample(s) to runner
        · tvm:contraction_ab_acd_dbc laeuft [  331s] … 2026-07-31 19:41:30 [INFO] [task_scheduler.cc:195] Sending 64 sample(s) to runner
        · tvm:contraction_ab_acd_dbc laeuft [  361s] … 2026-07-31 19:41:30 [INFO] [task_scheduler.cc:195] Sending 64 sample(s) to runner
        · tvm:contraction_ab_acd_dbc laeuft [  391s] … 2026-07-31 19:41:30 [INFO] [task_scheduler.cc:195] Sending 64 sample(s) to runner
        · tvm:contraction_ab_acd_dbc laeuft [  421s] … 2026-07-31 19:44:54 [INFO] [task_scheduler.cc:195] Sending 64 sample(s) to runner
        · tvm:contraction_ab_acd_dbc laeuft [  452s] … 2026-07-31 19:44:54 [INFO] [task_scheduler.cc:195] Sending 64 sample(s) to runner
        · tvm:contraction_ab_acd_dbc laeuft [  482s] … 2026-07-31 19:44:54 [INFO] [task_scheduler.cc:195] Sending 64 sample(s) to runner
        · tvm:contraction_ab_acd_dbc laeuft [  512s] … Total latency (us): 107487
  [tvm] 13/48 contraction_ab_acd_dbc                 386.1 GFLOPS [ok]               513s  DONE @ 2026-07-31 19:46:47
  [tvm] 14/48 contraction_ab_cad_dcb                 ... START @ 2026-07-31 19:46:47
        · tvm:contraction_ab_cad_dcb laeuft [   30s] … 2026-07-31 19:46:55 [INFO] [task_scheduler.cc:195] Sending 64 sample(s) to runner
        · tvm:contraction_ab_cad_dcb laeuft [   60s] … 2026-07-31 19:46:55 [INFO] [task_scheduler.cc:195] Sending 64 sample(s) to runner
        · tvm:contraction_ab_cad_dcb laeuft [   90s] … 2026-07-31 19:46:55 [INFO] [task_scheduler.cc:195] Sending 64 sample(s) to runner
        · tvm:contraction_ab_cad_dcb laeuft [  120s] … 2026-07-31 19:46:55 [INFO] [task_scheduler.cc:195] Sending 64 sample(s) to runner
        · tvm:contraction_ab_cad_dcb laeuft [  151s] … 2026-07-31 19:46:55 [INFO] [task_scheduler.cc:195] Sending 64 sample(s) to runner
        · tvm:contraction_ab_cad_dcb laeuft [  181s] … 2026-07-31 19:46:55 [INFO] [task_scheduler.cc:195] Sending 64 sample(s) to runner
        · tvm:contraction_ab_cad_dcb laeuft [  211s] … 2026-07-31 19:46:55 [INFO] [task_scheduler.cc:195] Sending 64 sample(s) to runner
        · tvm:contraction_ab_cad_dcb laeuft [  241s] … 2026-07-31 19:50:45 [INFO] [task_scheduler.cc:195] Sending 64 sample(s) to runner
        · tvm:contraction_ab_cad_dcb laeuft [  271s] … 2026-07-31 19:50:45 [INFO] [task_scheduler.cc:195] Sending 64 sample(s) to runner
        · tvm:contraction_ab_cad_dcb laeuft [  301s] … 2026-07-31 19:50:45 [INFO] [task_scheduler.cc:195] Sending 64 sample(s) to runner
        · tvm:contraction_ab_cad_dcb laeuft [  331s] … 2026-07-31 19:50:45 [INFO] [task_scheduler.cc:195] Sending 64 sample(s) to runner
        · tvm:contraction_ab_cad_dcb laeuft [  361s] … 2026-07-31 19:50:45 [INFO] [task_scheduler.cc:195] Sending 64 sample(s) to runner
        · tvm:contraction_ab_cad_dcb laeuft [  391s] … 2026-07-31 19:50:45 [INFO] [task_scheduler.cc:195] Sending 64 sample(s) to runner
        · tvm:contraction_ab_cad_dcb laeuft [  421s] … 2026-07-31 19:50:45 [INFO] [task_scheduler.cc:195] Sending 64 sample(s) to runner
        · tvm:contraction_ab_cad_dcb laeuft [  451s] … 2026-07-31 19:50:45 [INFO] [task_scheduler.cc:195] Sending 64 sample(s) to runner
        · tvm:contraction_ab_cad_dcb laeuft [  481s] … 2026-07-31 19:54:32 [INFO] [task_scheduler.cc:195] Sending 64 sample(s) to runner
        · tvm:contraction_ab_cad_dcb laeuft [  511s] … 2026-07-31 19:54:32 [INFO] [task_scheduler.cc:195] Sending 64 sample(s) to runner
        · tvm:contraction_ab_cad_dcb laeuft [  541s] … RESULT 851.8286
  [tvm] 14/48 contraction_ab_cad_dcb                 851.8 GFLOPS [ok]               542s  DONE @ 2026-07-31 19:55:49
  [tvm] 15/48 contraction_abc_acd_db                 ... START @ 2026-07-31 19:55:49
        · tvm:contraction_abc_acd_db laeuft [   30s] … 2026-07-31 19:55:57 [INFO] [task_scheduler.cc:195] Sending 64 sample(s) to runner
        · tvm:contraction_abc_acd_db laeuft [   60s] … 2026-07-31 19:55:57 [INFO] [task_scheduler.cc:195] Sending 64 sample(s) to runner
        · tvm:contraction_abc_acd_db laeuft [   90s] … 2026-07-31 19:55:57 [INFO] [task_scheduler.cc:195] Sending 64 sample(s) to runner
        · tvm:contraction_abc_acd_db laeuft [  120s] … 2026-07-31 19:55:57 [INFO] [task_scheduler.cc:195] Sending 64 sample(s) to runner
        · tvm:contraction_abc_acd_db laeuft [  151s] … 2026-07-31 19:55:57 [INFO] [task_scheduler.cc:195] Sending 64 sample(s) to runner
        · tvm:contraction_abc_acd_db laeuft [  181s] … 2026-07-31 19:58:41 [INFO] [task_scheduler.cc:195] Sending 64 sample(s) to runner
        · tvm:contraction_abc_acd_db laeuft [  211s] … 2026-07-31 19:58:41 [INFO] [task_scheduler.cc:195] Sending 64 sample(s) to runner
        · tvm:contraction_abc_acd_db laeuft [  241s] … 2026-07-31 19:58:41 [INFO] [task_scheduler.cc:195] Sending 64 sample(s) to runner
        · tvm:contraction_abc_acd_db laeuft [  271s] … 2026-07-31 19:58:41 [INFO] [task_scheduler.cc:195] Sending 64 sample(s) to runner
        · tvm:contraction_abc_acd_db laeuft [  301s] … 2026-07-31 19:58:41 [INFO] [task_scheduler.cc:195] Sending 64 sample(s) to runner
        · tvm:contraction_abc_acd_db laeuft [  331s] … 2026-07-31 19:58:41 [INFO] [task_scheduler.cc:195] Sending 64 sample(s) to runner
        · tvm:contraction_abc_acd_db laeuft [  361s] … 2026-07-31 19:58:41 [INFO] [task_scheduler.cc:195] Sending 64 sample(s) to runner
        · tvm:contraction_abc_acd_db laeuft [  391s] … 2026-07-31 20:02:04 [INFO] [task_scheduler.cc:195] Sending 64 sample(s) to runner
        · tvm:contraction_abc_acd_db laeuft [  421s] … 2026-07-31 20:02:04 [INFO] [task_scheduler.cc:195] Sending 64 sample(s) to runner
        · tvm:contraction_abc_acd_db laeuft [  452s] … 2026-07-31 20:03:18 [INFO] [task_scheduler.cc:195] Sending 8 sample(s) to runner
  [tvm] 15/48 contraction_abc_acd_db                 800.1 GFLOPS [ok]               463s  DONE @ 2026-07-31 20:03:32
  [tvm] 16/48 contraction_abc_ad_bdc                 ... START @ 2026-07-31 20:03:32
        · tvm:contraction_abc_ad_bdc laeuft [   30s] … 2026-07-31 20:03:40 [INFO] [task_scheduler.cc:195] Sending 64 sample(s) to runner
        · tvm:contraction_abc_ad_bdc laeuft [   60s] … 2026-07-31 20:03:40 [INFO] [task_scheduler.cc:195] Sending 64 sample(s) to runner
        · tvm:contraction_abc_ad_bdc laeuft [   90s] … 2026-07-31 20:03:40 [INFO] [task_scheduler.cc:195] Sending 64 sample(s) to runner
        · tvm:contraction_abc_ad_bdc laeuft [  120s] … 2026-07-31 20:03:40 [INFO] [task_scheduler.cc:195] Sending 64 sample(s) to runner
        · tvm:contraction_abc_ad_bdc laeuft [  151s] … 2026-07-31 20:03:40 [INFO] [task_scheduler.cc:195] Sending 64 sample(s) to runner
        · tvm:contraction_abc_ad_bdc laeuft [  181s] … 2026-07-31 20:03:40 [INFO] [task_scheduler.cc:195] Sending 64 sample(s) to runner
        · tvm:contraction_abc_ad_bdc laeuft [  211s] … 2026-07-31 20:06:55 [INFO] [task_scheduler.cc:195] Sending 64 sample(s) to runner
        · tvm:contraction_abc_ad_bdc laeuft [  241s] … 2026-07-31 20:06:55 [INFO] [task_scheduler.cc:195] Sending 64 sample(s) to runner
        · tvm:contraction_abc_ad_bdc laeuft [  271s] … 2026-07-31 20:06:55 [INFO] [task_scheduler.cc:195] Sending 64 sample(s) to runner
        · tvm:contraction_abc_ad_bdc laeuft [  301s] … 2026-07-31 20:06:55 [INFO] [task_scheduler.cc:195] Sending 64 sample(s) to runner
        · tvm:contraction_abc_ad_bdc laeuft [  331s] … 2026-07-31 20:08:57 [INFO] [task_scheduler.cc:195] Sending 64 sample(s) to runner
        · tvm:contraction_abc_ad_bdc laeuft [  361s] … 2026-07-31 20:08:57 [INFO] [task_scheduler.cc:195] Sending 64 sample(s) to runner
        · tvm:contraction_abc_ad_bdc laeuft [  391s] … 2026-07-31 20:10:00 [INFO] [task_scheduler.cc:180] TaskScheduler picks Task #0: "main"
  [tvm] 16/48 contraction_abc_ad_bdc                 951.5 GFLOPS [ok]               404s  DONE @ 2026-07-31 20:10:16
  [tvm] 17/48 contraction_abc_adc_bd                 ... START @ 2026-07-31 20:10:16
        · tvm:contraction_abc_adc_bd laeuft [   30s] … 2026-07-31 20:10:25 [INFO] [task_scheduler.cc:195] Sending 64 sample(s) to runner
        · tvm:contraction_abc_adc_bd laeuft [   60s] … 2026-07-31 20:10:25 [INFO] [task_scheduler.cc:195] Sending 64 sample(s) to runner
        · tvm:contraction_abc_adc_bd laeuft [   90s] … 2026-07-31 20:10:25 [INFO] [task_scheduler.cc:195] Sending 64 sample(s) to runner
        · tvm:contraction_abc_adc_bd laeuft [  120s] … 2026-07-31 20:10:25 [INFO] [task_scheduler.cc:195] Sending 64 sample(s) to runner
        · tvm:contraction_abc_adc_bd laeuft [  151s] … 2026-07-31 20:12:46 [INFO] [task_scheduler.cc:195] Sending 64 sample(s) to runner
        · tvm:contraction_abc_adc_bd laeuft [  181s] … 2026-07-31 20:12:46 [INFO] [task_scheduler.cc:195] Sending 64 sample(s) to runner
        · tvm:contraction_abc_adc_bd laeuft [  211s] … 2026-07-31 20:12:46 [INFO] [task_scheduler.cc:195] Sending 64 sample(s) to runner
        · tvm:contraction_abc_adc_bd laeuft [  241s] … 2026-07-31 20:12:46 [INFO] [task_scheduler.cc:195] Sending 64 sample(s) to runner
        · tvm:contraction_abc_adc_bd laeuft [  271s] … 2026-07-31 20:12:46 [INFO] [task_scheduler.cc:195] Sending 64 sample(s) to runner
        · tvm:contraction_abc_adc_bd laeuft [  301s] … 2026-07-31 20:14:58 [INFO] [task_scheduler.cc:195] Sending 64 sample(s) to runner
        · tvm:contraction_abc_adc_bd laeuft [  331s] … 2026-07-31 20:14:58 [INFO] [task_scheduler.cc:195] Sending 64 sample(s) to runner
        · tvm:contraction_abc_adc_bd laeuft [  361s] … 2026-07-31 20:14:58 [INFO] [task_scheduler.cc:195] Sending 64 sample(s) to runner
  [tvm] 17/48 contraction_abc_adc_bd                 1076.2 GFLOPS [ok]              388s  DONE @ 2026-07-31 20:16:43
  [tvm] 18/48 contraction_abc_adc_db                 ... START @ 2026-07-31 20:16:43
        · tvm:contraction_abc_adc_db laeuft [   30s] … 2026-07-31 20:16:50 [INFO] [task_scheduler.cc:195] Sending 64 sample(s) to runner
        · tvm:contraction_abc_adc_db laeuft [   60s] … 2026-07-31 20:16:50 [INFO] [task_scheduler.cc:195] Sending 64 sample(s) to runner
        · tvm:contraction_abc_adc_db laeuft [   90s] … 2026-07-31 20:16:50 [INFO] [task_scheduler.cc:195] Sending 64 sample(s) to runner
        · tvm:contraction_abc_adc_db laeuft [  120s] … 2026-07-31 20:16:50 [INFO] [task_scheduler.cc:195] Sending 64 sample(s) to runner
        · tvm:contraction_abc_adc_db laeuft [  150s] … 2026-07-31 20:19:03 [INFO] [task_scheduler.cc:195] Sending 63 sample(s) to runner
        · tvm:contraction_abc_adc_db laeuft [  180s] … 2026-07-31 20:19:03 [INFO] [task_scheduler.cc:195] Sending 63 sample(s) to runner
        · tvm:contraction_abc_adc_db laeuft [  210s] … 2026-07-31 20:19:03 [INFO] [task_scheduler.cc:195] Sending 63 sample(s) to runner
        · tvm:contraction_abc_adc_db laeuft [  240s] … 2026-07-31 20:19:03 [INFO] [task_scheduler.cc:195] Sending 63 sample(s) to runner
        · tvm:contraction_abc_adc_db laeuft [  271s] … 2026-07-31 20:19:03 [INFO] [task_scheduler.cc:195] Sending 63 sample(s) to runner
        · tvm:contraction_abc_adc_db laeuft [  301s] … 2026-07-31 20:21:25 [INFO] [task_scheduler.cc:195] Sending 64 sample(s) to runner
        · tvm:contraction_abc_adc_db laeuft [  331s] … 2026-07-31 20:21:25 [INFO] [task_scheduler.cc:195] Sending 64 sample(s) to runner
  [tvm] 18/48 contraction_abc_adc_db                 845.4 GFLOPS [ok]               357s  DONE @ 2026-07-31 20:22:40
  [tvm] 20/48 contraction_abcd_aebf_dfce             ... START @ 2026-07-31 20:22:40
        · tvm:contraction_abcd_aebf_dfce laeuft [   30s] … 2026-07-31 20:22:50 [INFO] [task_scheduler.cc:195] Sending 64 sample(s) to runner
        · tvm:contraction_abcd_aebf_dfce laeuft [   60s] … 2026-07-31 20:22:50 [INFO] [task_scheduler.cc:195] Sending 64 sample(s) to runner
        · tvm:contraction_abcd_aebf_dfce laeuft [   90s] … 2026-07-31 20:22:50 [INFO] [task_scheduler.cc:195] Sending 64 sample(s) to runner
        · tvm:contraction_abcd_aebf_dfce laeuft [  120s] … 2026-07-31 20:22:50 [INFO] [task_scheduler.cc:195] Sending 64 sample(s) to runner
        · tvm:contraction_abcd_aebf_dfce laeuft [  150s] … 2026-07-31 20:22:50 [INFO] [task_scheduler.cc:195] Sending 64 sample(s) to runner
        · tvm:contraction_abcd_aebf_dfce laeuft [  180s] … 2026-07-31 20:22:50 [INFO] [task_scheduler.cc:195] Sending 64 sample(s) to runner
        · tvm:contraction_abcd_aebf_dfce laeuft [  211s] … 2026-07-31 20:22:50 [INFO] [task_scheduler.cc:195] Sending 64 sample(s) to runner
        · tvm:contraction_abcd_aebf_dfce laeuft [  241s] … 2026-07-31 20:22:50 [INFO] [task_scheduler.cc:195] Sending 64 sample(s) to runner
        · tvm:contraction_abcd_aebf_dfce laeuft [  271s] … 2026-07-31 20:22:50 [INFO] [task_scheduler.cc:195] Sending 64 sample(s) to runner
        · tvm:contraction_abcd_aebf_dfce laeuft [  301s] … 2026-07-31 20:22:50 [INFO] [task_scheduler.cc:195] Sending 64 sample(s) to runner
        · tvm:contraction_abcd_aebf_dfce laeuft [  331s] … 2026-07-31 20:22:50 [INFO] [task_scheduler.cc:195] Sending 64 sample(s) to runner
        · tvm:contraction_abcd_aebf_dfce laeuft [  361s] … 2026-07-31 20:22:50 [INFO] [task_scheduler.cc:195] Sending 64 sample(s) to runner
        · tvm:contraction_abcd_aebf_dfce laeuft [  391s] … 2026-07-31 20:22:50 [INFO] [task_scheduler.cc:195] Sending 64 sample(s) to runner
        · tvm:contraction_abcd_aebf_dfce laeuft [  421s] … 2026-07-31 20:22:50 [INFO] [task_scheduler.cc:195] Sending 64 sample(s) to runner
        · tvm:contraction_abcd_aebf_dfce laeuft [  451s] … 2026-07-31 20:22:50 [INFO] [task_scheduler.cc:195] Sending 64 sample(s) to runner
        · tvm:contraction_abcd_aebf_dfce laeuft [  481s] … 2026-07-31 20:22:50 [INFO] [task_scheduler.cc:195] Sending 64 sample(s) to runner
        · tvm:contraction_abcd_aebf_dfce laeuft [  511s] … 2026-07-31 20:22:50 [INFO] [task_scheduler.cc:195] Sending 64 sample(s) to runner
        · tvm:contraction_abcd_aebf_dfce laeuft [  542s] … 2026-07-31 20:22:50 [INFO] [task_scheduler.cc:195] Sending 64 sample(s) to runner
        · tvm:contraction_abcd_aebf_dfce laeuft [  572s] … 2026-07-31 20:22:50 [INFO] [task_scheduler.cc:195] Sending 64 sample(s) to runner
        · tvm:contraction_abcd_aebf_dfce laeuft [  602s] … 2026-07-31 20:22:50 [INFO] [task_scheduler.cc:195] Sending 64 sample(s) to runner
        · tvm:contraction_abcd_aebf_dfce laeuft [  632s] … 2026-07-31 20:22:50 [INFO] [task_scheduler.cc:195] Sending 64 sample(s) to runner
        · tvm:contraction_abcd_aebf_dfce laeuft [  660s] … 2026-07-31 20:22:50 [INFO] [task_scheduler.cc:195] Sending 64 sample(s) to runner
        · tvm:contraction_abcd_aebf_dfce laeuft [  690s] … 2026-07-31 20:22:50 [INFO] [task_scheduler.cc:195] Sending 64 sample(s) to runner
        · tvm:contraction_abcd_aebf_dfce laeuft [  720s] … 2026-07-31 20:22:50 [INFO] [task_scheduler.cc:195] Sending 64 sample(s) to runner
        · tvm:contraction_abcd_aebf_dfce laeuft [  750s] … 2026-07-31 20:22:50 [INFO] [task_scheduler.cc:195] Sending 64 sample(s) to runner
        · tvm:contraction_abcd_aebf_dfce laeuft [  781s] … 2026-07-31 20:22:50 [INFO] [task_scheduler.cc:195] Sending 64 sample(s) to runner
        · tvm:contraction_abcd_aebf_dfce laeuft [  811s] … 2026-07-31 20:22:50 [INFO] [task_scheduler.cc:195] Sending 64 sample(s) to runner
        · tvm:contraction_abcd_aebf_dfce laeuft [  841s] … 2026-07-31 20:22:50 [INFO] [task_scheduler.cc:195] Sending 64 sample(s) to runner
        · tvm:contraction_abcd_aebf_dfce laeuft [  871s] … 2026-07-31 20:22:50 [INFO] [task_scheduler.cc:195] Sending 64 sample(s) to runner
        · tvm:contraction_abcd_aebf_dfce laeuft [  901s] … 2026-07-31 20:22:50 [INFO] [task_scheduler.cc:195] Sending 64 sample(s) to runner
        · tvm:contraction_abcd_aebf_dfce laeuft [  931s] … 2026-07-31 20:22:50 [INFO] [task_scheduler.cc:195] Sending 64 sample(s) to runner
        · tvm:contraction_abcd_aebf_dfce laeuft [  961s] … 2026-07-31 20:22:50 [INFO] [task_scheduler.cc:195] Sending 64 sample(s) to runner
        · tvm:contraction_abcd_aebf_dfce laeuft [  991s] … 2026-07-31 20:22:50 [INFO] [task_scheduler.cc:195] Sending 64 sample(s) to runner
        · tvm:contraction_abcd_aebf_dfce laeuft [ 1021s] … 2026-07-31 20:22:50 [INFO] [task_scheduler.cc:195] Sending 64 sample(s) to runner
        · tvm:contraction_abcd_aebf_dfce laeuft [ 1052s] … 2026-07-31 20:22:50 [INFO] [task_scheduler.cc:195] Sending 64 sample(s) to runner
        · tvm:contraction_abcd_aebf_dfce laeuft [ 1082s] … 2026-07-31 20:22:50 [INFO] [task_scheduler.cc:195] Sending 64 sample(s) to runner
        · tvm:contraction_abcd_aebf_dfce laeuft [ 1112s] … 2026-07-31 20:22:50 [INFO] [task_scheduler.cc:195] Sending 64 sample(s) to runner
        · tvm:contraction_abcd_aebf_dfce laeuft [ 1142s] … 2026-07-31 20:22:50 [INFO] [task_scheduler.cc:195] Sending 64 sample(s) to runner
        · tvm:contraction_abcd_aebf_dfce laeuft [ 1170s] … 2026-07-31 20:22:50 [INFO] [task_scheduler.cc:195] Sending 64 sample(s) to runner
        · tvm:contraction_abcd_aebf_dfce laeuft [ 1200s] … 2026-07-31 20:22:50 [INFO] [task_scheduler.cc:195] Sending 64 sample(s) to runner
        · tvm:contraction_abcd_aebf_dfce laeuft [ 1230s] … 2026-07-31 20:22:50 [INFO] [task_scheduler.cc:195] Sending 64 sample(s) to runner
        · tvm:contraction_abcd_aebf_dfce laeuft [ 1260s] … 2026-07-31 20:22:50 [INFO] [task_scheduler.cc:195] Sending 64 sample(s) to runner
        · tvm:contraction_abcd_aebf_dfce laeuft [ 1290s] … 2026-07-31 20:22:50 [INFO] [task_scheduler.cc:195] Sending 64 sample(s) to runner
        · tvm:contraction_abcd_aebf_dfce laeuft [ 1321s] … 2026-07-31 20:22:50 [INFO] [task_scheduler.cc:195] Sending 64 sample(s) to runner
        · tvm:contraction_abcd_aebf_dfce laeuft [ 1351s] … 2026-07-31 20:22:50 [INFO] [task_scheduler.cc:195] Sending 64 sample(s) to runner
        · tvm:contraction_abcd_aebf_dfce laeuft [ 1381s] … 2026-07-31 20:22:50 [INFO] [task_scheduler.cc:195] Sending 64 sample(s) to runner
        · tvm:contraction_abcd_aebf_dfce laeuft [ 1411s] … 2026-07-31 20:22:50 [INFO] [task_scheduler.cc:195] Sending 64 sample(s) to runner
        · tvm:contraction_abcd_aebf_dfce laeuft [ 1441s] … 2026-07-31 20:22:50 [INFO] [task_scheduler.cc:195] Sending 64 sample(s) to runner
        · tvm:contraction_abcd_aebf_dfce laeuft [ 1471s] … 2026-07-31 20:22:50 [INFO] [task_scheduler.cc:195] Sending 64 sample(s) to runner
        · tvm:contraction_abcd_aebf_dfce laeuft [ 1501s] … 2026-07-31 20:22:50 [INFO] [task_scheduler.cc:195] Sending 64 sample(s) to runner
        · tvm:contraction_abcd_aebf_dfce laeuft [ 1531s] … 2026-07-31 20:22:50 [INFO] [task_scheduler.cc:195] Sending 64 sample(s) to runner
        · tvm:contraction_abcd_aebf_dfce laeuft [ 1561s] … 2026-07-31 20:48:41 [INFO] [task_scheduler.cc:195] Sending 64 sample(s) to runner
        · tvm:contraction_abcd_aebf_dfce laeuft [ 1591s] … 2026-07-31 20:48:41 [INFO] [task_scheduler.cc:195] Sending 64 sample(s) to runner
        · tvm:contraction_abcd_aebf_dfce laeuft [ 1622s] … 2026-07-31 20:48:41 [INFO] [task_scheduler.cc:195] Sending 64 sample(s) to runner
        · tvm:contraction_abcd_aebf_dfce laeuft [ 1652s] … 2026-07-31 20:48:41 [INFO] [task_scheduler.cc:195] Sending 64 sample(s) to runner
        · tvm:contraction_abcd_aebf_dfce laeuft [ 1682s] … 2026-07-31 20:48:41 [INFO] [task_scheduler.cc:195] Sending 64 sample(s) to runner
        · tvm:contraction_abcd_aebf_dfce laeuft [ 1712s] … 2026-07-31 20:48:41 [INFO] [task_scheduler.cc:195] Sending 64 sample(s) to runner
        · tvm:contraction_abcd_aebf_dfce laeuft [ 1740s] … 2026-07-31 20:48:41 [INFO] [task_scheduler.cc:195] Sending 64 sample(s) to runner
        · tvm:contraction_abcd_aebf_dfce laeuft [ 1770s] … 2026-07-31 20:48:41 [INFO] [task_scheduler.cc:195] Sending 64 sample(s) to runner
        · tvm:contraction_abcd_aebf_dfce laeuft [ 1800s] … 2026-07-31 20:48:41 [INFO] [task_scheduler.cc:195] Sending 64 sample(s) to runner
        · tvm:contraction_abcd_aebf_dfce laeuft [ 1830s] … 2026-07-31 20:48:41 [INFO] [task_scheduler.cc:195] Sending 64 sample(s) to runner
        · tvm:contraction_abcd_aebf_dfce laeuft [ 1860s] … 2026-07-31 20:48:41 [INFO] [task_scheduler.cc:195] Sending 64 sample(s) to runner
        · tvm:contraction_abcd_aebf_dfce laeuft [ 1891s] … 2026-07-31 20:48:41 [INFO] [task_scheduler.cc:195] Sending 64 sample(s) to runner
        · tvm:contraction_abcd_aebf_dfce laeuft [ 1921s] … 2026-07-31 20:48:41 [INFO] [task_scheduler.cc:195] Sending 64 sample(s) to runner
        · tvm:contraction_abcd_aebf_dfce laeuft [ 1951s] … 2026-07-31 20:48:41 [INFO] [task_scheduler.cc:195] Sending 64 sample(s) to runner
        · tvm:contraction_abcd_aebf_dfce laeuft [ 1981s] … 2026-07-31 20:48:41 [INFO] [task_scheduler.cc:195] Sending 64 sample(s) to runner
        · tvm:contraction_abcd_aebf_dfce laeuft [ 2011s] … 2026-07-31 20:48:41 [INFO] [task_scheduler.cc:195] Sending 64 sample(s) to runner
        · tvm:contraction_abcd_aebf_dfce laeuft [ 2041s] … 2026-07-31 20:48:41 [INFO] [task_scheduler.cc:195] Sending 64 sample(s) to runner
        · tvm:contraction_abcd_aebf_dfce laeuft [ 2071s] … 2026-07-31 20:48:41 [INFO] [task_scheduler.cc:195] Sending 64 sample(s) to runner
        · tvm:contraction_abcd_aebf_dfce laeuft [ 2101s] … 2026-07-31 20:48:41 [INFO] [task_scheduler.cc:195] Sending 64 sample(s) to runner
        · tvm:contraction_abcd_aebf_dfce laeuft [ 2131s] … 2026-07-31 20:48:41 [INFO] [task_scheduler.cc:195] Sending 64 sample(s) to runner
        · tvm:contraction_abcd_aebf_dfce laeuft [ 2162s] … 2026-07-31 20:48:41 [INFO] [task_scheduler.cc:195] Sending 64 sample(s) to runner
        · tvm:contraction_abcd_aebf_dfce laeuft [ 2192s] … 2026-07-31 20:48:41 [INFO] [task_scheduler.cc:195] Sending 64 sample(s) to runner
        · tvm:contraction_abcd_aebf_dfce laeuft [ 2222s] … 2026-07-31 20:48:41 [INFO] [task_scheduler.cc:195] Sending 64 sample(s) to runner
        · tvm:contraction_abcd_aebf_dfce laeuft [ 2252s] … 2026-07-31 20:48:41 [INFO] [task_scheduler.cc:195] Sending 64 sample(s) to runner
        · tvm:contraction_abcd_aebf_dfce laeuft [ 2282s] … 2026-07-31 20:48:41 [INFO] [task_scheduler.cc:195] Sending 64 sample(s) to runner
        · tvm:contraction_abcd_aebf_dfce laeuft [ 2310s] … 2026-07-31 20:48:41 [INFO] [task_scheduler.cc:195] Sending 64 sample(s) to runner
        · tvm:contraction_abcd_aebf_dfce laeuft [ 2340s] … 2026-07-31 20:48:41 [INFO] [task_scheduler.cc:195] Sending 64 sample(s) to runner
        · tvm:contraction_abcd_aebf_dfce laeuft [ 2370s] … 2026-07-31 20:48:41 [INFO] [task_scheduler.cc:195] Sending 64 sample(s) to runner
        · tvm:contraction_abcd_aebf_dfce laeuft [ 2400s] … 2026-07-31 20:48:41 [INFO] [task_scheduler.cc:195] Sending 64 sample(s) to runner
        · tvm:contraction_abcd_aebf_dfce laeuft [ 2431s] … 2026-07-31 20:48:41 [INFO] [task_scheduler.cc:195] Sending 64 sample(s) to runner
        · tvm:contraction_abcd_aebf_dfce laeuft [ 2461s] … 2026-07-31 20:48:41 [INFO] [task_scheduler.cc:195] Sending 64 sample(s) to runner
        · tvm:contraction_abcd_aebf_dfce laeuft [ 2491s] … 2026-07-31 20:48:41 [INFO] [task_scheduler.cc:195] Sending 64 sample(s) to runner
        · tvm:contraction_abcd_aebf_dfce laeuft [ 2521s] … 2026-07-31 20:48:41 [INFO] [task_scheduler.cc:195] Sending 64 sample(s) to runner
        · tvm:contraction_abcd_aebf_dfce laeuft [ 2551s] … 2026-07-31 20:48:41 [INFO] [task_scheduler.cc:195] Sending 64 sample(s) to runner
        · tvm:contraction_abcd_aebf_dfce laeuft [ 2581s] … 2026-07-31 20:48:41 [INFO] [task_scheduler.cc:195] Sending 64 sample(s) to runner
        · tvm:contraction_abcd_aebf_dfce laeuft [ 2611s] … 2026-07-31 20:48:41 [INFO] [task_scheduler.cc:195] Sending 64 sample(s) to runner
        · tvm:contraction_abcd_aebf_dfce laeuft [ 2641s] … 2026-07-31 20:48:41 [INFO] [task_scheduler.cc:195] Sending 64 sample(s) to runner
        · tvm:contraction_abcd_aebf_dfce laeuft [ 2671s] … 2026-07-31 20:48:41 [INFO] [task_scheduler.cc:195] Sending 64 sample(s) to runner
        · tvm:contraction_abcd_aebf_dfce laeuft [ 2702s] … 2026-07-31 20:48:41 [INFO] [task_scheduler.cc:195] Sending 64 sample(s) to runner
        · tvm:contraction_abcd_aebf_dfce laeuft [ 2732s] … 2026-07-31 20:48:41 [INFO] [task_scheduler.cc:195] Sending 64 sample(s) to runner
        · tvm:contraction_abcd_aebf_dfce laeuft [ 2762s] … 2026-07-31 20:48:41 [INFO] [task_scheduler.cc:195] Sending 64 sample(s) to runner
        · tvm:contraction_abcd_aebf_dfce laeuft [ 2792s] … 2026-07-31 20:48:41 [INFO] [task_scheduler.cc:195] Sending 64 sample(s) to runner
        · tvm:contraction_abcd_aebf_dfce laeuft [ 2822s] … 2026-07-31 20:48:41 [INFO] [task_scheduler.cc:195] Sending 64 sample(s) to runner
        · tvm:contraction_abcd_aebf_dfce laeuft [ 2850s] … 2026-07-31 20:48:41 [INFO] [task_scheduler.cc:195] Sending 64 sample(s) to runner
        · tvm:contraction_abcd_aebf_dfce laeuft [ 2880s] … 2026-07-31 20:48:41 [INFO] [task_scheduler.cc:195] Sending 64 sample(s) to runner
        · tvm:contraction_abcd_aebf_dfce laeuft [ 2910s] … 2026-07-31 20:48:41 [INFO] [task_scheduler.cc:195] Sending 64 sample(s) to runner
        · tvm:contraction_abcd_aebf_dfce laeuft [ 2940s] … 2026-07-31 20:48:41 [INFO] [task_scheduler.cc:195] Sending 64 sample(s) to runner
        · tvm:contraction_abcd_aebf_dfce laeuft [ 2971s] … 2026-07-31 20:48:41 [INFO] [task_scheduler.cc:195] Sending 64 sample(s) to runner
        · tvm:contraction_abcd_aebf_dfce laeuft [ 3001s] … 2026-07-31 20:48:41 [INFO] [task_scheduler.cc:195] Sending 64 sample(s) to runner
        · tvm:contraction_abcd_aebf_dfce laeuft [ 3031s] … 2026-07-31 20:48:41 [INFO] [task_scheduler.cc:195] Sending 64 sample(s) to runner
        · tvm:contraction_abcd_aebf_dfce laeuft [ 3061s] … 2026-07-31 20:48:41 [INFO] [task_scheduler.cc:195] Sending 64 sample(s) to runner
        · tvm:contraction_abcd_aebf_dfce laeuft [ 3091s] … 2026-07-31 20:48:41 [INFO] [task_scheduler.cc:195] Sending 64 sample(s) to runner
        · tvm:contraction_abcd_aebf_dfce laeuft [ 3121s] … 2026-07-31 20:48:41 [INFO] [task_scheduler.cc:195] Sending 64 sample(s) to runner
        · tvm:contraction_abcd_aebf_dfce laeuft [ 3151s] … 2026-07-31 20:48:41 [INFO] [task_scheduler.cc:195] Sending 64 sample(s) to runner
        · tvm:contraction_abcd_aebf_dfce laeuft [ 3181s] … 2026-07-31 20:48:41 [INFO] [task_scheduler.cc:195] Sending 64 sample(s) to runner
        · tvm:contraction_abcd_aebf_dfce laeuft [ 3211s] … 2026-07-31 21:15:51 [INFO] [task_scheduler.cc:195] Sending 64 sample(s) to runner
        · tvm:contraction_abcd_aebf_dfce laeuft [ 3241s] … 2026-07-31 21:15:51 [INFO] [task_scheduler.cc:195] Sending 64 sample(s) to runner
        · tvm:contraction_abcd_aebf_dfce laeuft [ 3271s] … 2026-07-31 21:15:51 [INFO] [task_scheduler.cc:195] Sending 64 sample(s) to runner
        · tvm:contraction_abcd_aebf_dfce laeuft [ 3301s] … 2026-07-31 21:15:51 [INFO] [task_scheduler.cc:195] Sending 64 sample(s) to runner
        · tvm:contraction_abcd_aebf_dfce laeuft [ 3331s] … 2026-07-31 21:15:51 [INFO] [task_scheduler.cc:195] Sending 64 sample(s) to runner
        · tvm:contraction_abcd_aebf_dfce laeuft [ 3362s] … 2026-07-31 21:15:51 [INFO] [task_scheduler.cc:195] Sending 64 sample(s) to runner
        · tvm:contraction_abcd_aebf_dfce laeuft [ 3392s] … 2026-07-31 21:15:51 [INFO] [task_scheduler.cc:195] Sending 64 sample(s) to runner
        · tvm:contraction_abcd_aebf_dfce laeuft [ 3422s] … 2026-07-31 21:15:51 [INFO] [task_scheduler.cc:195] Sending 64 sample(s) to runner
        · tvm:contraction_abcd_aebf_dfce laeuft [ 3452s] … 2026-07-31 21:15:51 [INFO] [task_scheduler.cc:195] Sending 64 sample(s) to runner
        · tvm:contraction_abcd_aebf_dfce laeuft [ 3482s] … 2026-07-31 21:15:51 [INFO] [task_scheduler.cc:195] Sending 64 sample(s) to runner
        · tvm:contraction_abcd_aebf_dfce laeuft [ 3510s] … 2026-07-31 21:15:51 [INFO] [task_scheduler.cc:195] Sending 64 sample(s) to runner
        · tvm:contraction_abcd_aebf_dfce laeuft [ 3540s] … 2026-07-31 21:15:51 [INFO] [task_scheduler.cc:195] Sending 64 sample(s) to runner
        · tvm:contraction_abcd_aebf_dfce laeuft [ 3570s] … 2026-07-31 21:15:51 [INFO] [task_scheduler.cc:195] Sending 64 sample(s) to runner
        · tvm:contraction_abcd_aebf_dfce laeuft [ 3600s] … 2026-07-31 21:15:51 [INFO] [task_scheduler.cc:195] Sending 64 sample(s) to runner
        · tvm:contraction_abcd_aebf_dfce laeuft [ 3630s] … 2026-07-31 21:15:51 [INFO] [task_scheduler.cc:195] Sending 64 sample(s) to runner
        · tvm:contraction_abcd_aebf_dfce laeuft [ 3660s] … 2026-07-31 21:15:51 [INFO] [task_scheduler.cc:195] Sending 64 sample(s) to runner
        · tvm:contraction_abcd_aebf_dfce laeuft [ 3690s] … 2026-07-31 21:15:51 [INFO] [task_scheduler.cc:195] Sending 64 sample(s) to runner
        · tvm:contraction_abcd_aebf_dfce laeuft [ 3721s] … 2026-07-31 21:15:51 [INFO] [task_scheduler.cc:195] Sending 64 sample(s) to runner
        · tvm:contraction_abcd_aebf_dfce laeuft [ 3751s] … 2026-07-31 21:15:51 [INFO] [task_scheduler.cc:195] Sending 64 sample(s) to runner
        · tvm:contraction_abcd_aebf_dfce laeuft [ 3781s] … 2026-07-31 21:15:51 [INFO] [task_scheduler.cc:195] Sending 64 sample(s) to runner
        · tvm:contraction_abcd_aebf_dfce laeuft [ 3811s] … 2026-07-31 21:15:51 [INFO] [task_scheduler.cc:195] Sending 64 sample(s) to runner
        · tvm:contraction_abcd_aebf_dfce laeuft [ 3841s] … 2026-07-31 21:15:51 [INFO] [task_scheduler.cc:195] Sending 64 sample(s) to runner
        · tvm:contraction_abcd_aebf_dfce laeuft [ 3871s] … 2026-07-31 21:15:51 [INFO] [task_scheduler.cc:195] Sending 64 sample(s) to runner
        · tvm:contraction_abcd_aebf_dfce laeuft [ 3901s] … 2026-07-31 21:15:51 [INFO] [task_scheduler.cc:195] Sending 64 sample(s) to runner
        · tvm:contraction_abcd_aebf_dfce laeuft [ 3931s] … 2026-07-31 21:15:51 [INFO] [task_scheduler.cc:195] Sending 64 sample(s) to runner
        · tvm:contraction_abcd_aebf_dfce laeuft [ 3961s] … 2026-07-31 21:15:51 [INFO] [task_scheduler.cc:195] Sending 64 sample(s) to runner
        · tvm:contraction_abcd_aebf_dfce laeuft [ 3991s] … 2026-07-31 21:15:51 [INFO] [task_scheduler.cc:195] Sending 64 sample(s) to runner
        · tvm:contraction_abcd_aebf_dfce laeuft [ 4021s] … 2026-07-31 21:15:51 [INFO] [task_scheduler.cc:195] Sending 64 sample(s) to runner
        · tvm:contraction_abcd_aebf_dfce laeuft [ 4052s] … 2026-07-31 21:15:51 [INFO] [task_scheduler.cc:195] Sending 64 sample(s) to runner
        · tvm:contraction_abcd_aebf_dfce laeuft [ 4082s] … 2026-07-31 21:15:51 [INFO] [task_scheduler.cc:195] Sending 64 sample(s) to runner
        · tvm:contraction_abcd_aebf_dfce laeuft [ 4112s] … 2026-07-31 21:15:51 [INFO] [task_scheduler.cc:195] Sending 64 sample(s) to runner
        · tvm:contraction_abcd_aebf_dfce laeuft [ 4142s] … 2026-07-31 21:15:51 [INFO] [task_scheduler.cc:195] Sending 64 sample(s) to runner
        · tvm:contraction_abcd_aebf_dfce laeuft [ 4172s] … 2026-07-31 21:15:51 [INFO] [task_scheduler.cc:195] Sending 64 sample(s) to runner
        · tvm:contraction_abcd_aebf_dfce laeuft [ 4200s] … 2026-07-31 21:15:51 [INFO] [task_scheduler.cc:195] Sending 64 sample(s) to runner
        · tvm:contraction_abcd_aebf_dfce laeuft [ 4230s] … 2026-07-31 21:32:56 [INFO] [task_scheduler.cc:195] Sending 8 sample(s) to runner
        · tvm:contraction_abcd_aebf_dfce laeuft [ 4260s] … 2026-07-31 21:32:56 [INFO] [task_scheduler.cc:195] Sending 8 sample(s) to runner
        · tvm:contraction_abcd_aebf_dfce laeuft [ 4290s] … 2026-07-31 21:32:56 [INFO] [task_scheduler.cc:195] Sending 8 sample(s) to runner
        · tvm:contraction_abcd_aebf_dfce laeuft [ 4320s] … Total latency (us): 1.43745e+06
        · tvm:contraction_abcd_aebf_dfce laeuft [ 4351s] … Total latency (us): 1.43745e+06
        · tvm:contraction_abcd_aebf_dfce laeuft [ 4381s] … Total latency (us): 1.43745e+06
        · tvm:contraction_abcd_aebf_dfce laeuft [ 4411s] … Total latency (us): 1.43745e+06
        · tvm:contraction_abcd_aebf_dfce laeuft [ 4441s] … Total latency (us): 1.43745e+06
  [tvm] 20/48 contraction_abcd_aebf_dfce             596.8 GFLOPS [ok]              4459s  DONE @ 2026-07-31 21:37:00
  [tvm] 21/48 contraction_abcd_aebf_fdec             ... START @ 2026-07-31 21:37:00
        · tvm:contraction_abcd_aebf_fdec laeuft [   30s] … 2026-07-31 21:37:09 [INFO] [task_scheduler.cc:195] Sending 64 sample(s) to runner
        · tvm:contraction_abcd_aebf_fdec laeuft [   60s] … 2026-07-31 21:37:09 [INFO] [task_scheduler.cc:195] Sending 64 sample(s) to runner
        · tvm:contraction_abcd_aebf_fdec laeuft [   90s] … 2026-07-31 21:37:09 [INFO] [task_scheduler.cc:195] Sending 64 sample(s) to runner
        · tvm:contraction_abcd_aebf_fdec laeuft [  120s] … 2026-07-31 21:37:09 [INFO] [task_scheduler.cc:195] Sending 64 sample(s) to runner
        · tvm:contraction_abcd_aebf_fdec laeuft [  150s] … 2026-07-31 21:37:09 [INFO] [task_scheduler.cc:195] Sending 64 sample(s) to runner
        · tvm:contraction_abcd_aebf_fdec laeuft [  180s] … 2026-07-31 21:37:09 [INFO] [task_scheduler.cc:195] Sending 64 sample(s) to runner
        · tvm:contraction_abcd_aebf_fdec laeuft [  211s] … 2026-07-31 21:37:09 [INFO] [task_scheduler.cc:195] Sending 64 sample(s) to runner
        · tvm:contraction_abcd_aebf_fdec laeuft [  241s] … 2026-07-31 21:37:09 [INFO] [task_scheduler.cc:195] Sending 64 sample(s) to runner
        · tvm:contraction_abcd_aebf_fdec laeuft [  271s] … 2026-07-31 21:37:09 [INFO] [task_scheduler.cc:195] Sending 64 sample(s) to runner
        · tvm:contraction_abcd_aebf_fdec laeuft [  301s] … 2026-07-31 21:37:09 [INFO] [task_scheduler.cc:195] Sending 64 sample(s) to runner
        · tvm:contraction_abcd_aebf_fdec laeuft [  331s] … 2026-07-31 21:37:09 [INFO] [task_scheduler.cc:195] Sending 64 sample(s) to runner
        · tvm:contraction_abcd_aebf_fdec laeuft [  361s] … 2026-07-31 21:37:09 [INFO] [task_scheduler.cc:195] Sending 64 sample(s) to runner
        · tvm:contraction_abcd_aebf_fdec laeuft [  391s] … 2026-07-31 21:37:09 [INFO] [task_scheduler.cc:195] Sending 64 sample(s) to runner
        · tvm:contraction_abcd_aebf_fdec laeuft [  421s] … 2026-07-31 21:37:09 [INFO] [task_scheduler.cc:195] Sending 64 sample(s) to runner
        · tvm:contraction_abcd_aebf_fdec laeuft [  451s] … 2026-07-31 21:37:09 [INFO] [task_scheduler.cc:195] Sending 64 sample(s) to runner
        · tvm:contraction_abcd_aebf_fdec laeuft [  481s] … 2026-07-31 21:37:09 [INFO] [task_scheduler.cc:195] Sending 64 sample(s) to runner
        · tvm:contraction_abcd_aebf_fdec laeuft [  512s] … 2026-07-31 21:37:09 [INFO] [task_scheduler.cc:195] Sending 64 sample(s) to runner
        · tvm:contraction_abcd_aebf_fdec laeuft [  542s] … 2026-07-31 21:37:09 [INFO] [task_scheduler.cc:195] Sending 64 sample(s) to runner
        · tvm:contraction_abcd_aebf_fdec laeuft [  572s] … 2026-07-31 21:37:09 [INFO] [task_scheduler.cc:195] Sending 64 sample(s) to runner
        · tvm:contraction_abcd_aebf_fdec laeuft [  602s] … 2026-07-31 21:37:09 [INFO] [task_scheduler.cc:195] Sending 64 sample(s) to runner
        · tvm:contraction_abcd_aebf_fdec laeuft [  630s] … 2026-07-31 21:37:09 [INFO] [task_scheduler.cc:195] Sending 64 sample(s) to runner
        · tvm:contraction_abcd_aebf_fdec laeuft [  660s] … 2026-07-31 21:37:09 [INFO] [task_scheduler.cc:195] Sending 64 sample(s) to runner
        · tvm:contraction_abcd_aebf_fdec laeuft [  690s] … 2026-07-31 21:37:09 [INFO] [task_scheduler.cc:195] Sending 64 sample(s) to runner
        · tvm:contraction_abcd_aebf_fdec laeuft [  720s] … 2026-07-31 21:37:09 [INFO] [task_scheduler.cc:195] Sending 64 sample(s) to runner
        · tvm:contraction_abcd_aebf_fdec laeuft [  751s] … 2026-07-31 21:37:09 [INFO] [task_scheduler.cc:195] Sending 64 sample(s) to runner
        · tvm:contraction_abcd_aebf_fdec laeuft [  781s] … 2026-07-31 21:37:09 [INFO] [task_scheduler.cc:195] Sending 64 sample(s) to runner
        · tvm:contraction_abcd_aebf_fdec laeuft [  811s] … 2026-07-31 21:37:09 [INFO] [task_scheduler.cc:195] Sending 64 sample(s) to runner
        · tvm:contraction_abcd_aebf_fdec laeuft [  841s] … 2026-07-31 21:37:09 [INFO] [task_scheduler.cc:195] Sending 64 sample(s) to runner
        · tvm:contraction_abcd_aebf_fdec laeuft [  871s] … 2026-07-31 21:37:09 [INFO] [task_scheduler.cc:195] Sending 64 sample(s) to runner
        · tvm:contraction_abcd_aebf_fdec laeuft [  901s] … 2026-07-31 21:37:09 [INFO] [task_scheduler.cc:195] Sending 64 sample(s) to runner
        · tvm:contraction_abcd_aebf_fdec laeuft [  931s] … 2026-07-31 21:37:09 [INFO] [task_scheduler.cc:195] Sending 64 sample(s) to runner
        · tvm:contraction_abcd_aebf_fdec laeuft [  961s] … 2026-07-31 21:37:09 [INFO] [task_scheduler.cc:195] Sending 64 sample(s) to runner
        · tvm:contraction_abcd_aebf_fdec laeuft [  991s] … 2026-07-31 21:37:09 [INFO] [task_scheduler.cc:195] Sending 64 sample(s) to runner
        · tvm:contraction_abcd_aebf_fdec laeuft [ 1021s] … 2026-07-31 21:37:09 [INFO] [task_scheduler.cc:195] Sending 64 sample(s) to runner
        · tvm:contraction_abcd_aebf_fdec laeuft [ 1052s] … 2026-07-31 21:37:09 [INFO] [task_scheduler.cc:195] Sending 64 sample(s) to runner
        · tvm:contraction_abcd_aebf_fdec laeuft [ 1082s] … 2026-07-31 21:37:09 [INFO] [task_scheduler.cc:195] Sending 64 sample(s) to runner
        · tvm:contraction_abcd_aebf_fdec laeuft [ 1112s] … 2026-07-31 21:37:09 [INFO] [task_scheduler.cc:195] Sending 64 sample(s) to runner
        · tvm:contraction_abcd_aebf_fdec laeuft [ 1142s] … 2026-07-31 21:37:09 [INFO] [task_scheduler.cc:195] Sending 64 sample(s) to runner
        · tvm:contraction_abcd_aebf_fdec laeuft [ 1170s] … 2026-07-31 21:37:09 [INFO] [task_scheduler.cc:195] Sending 64 sample(s) to runner
        · tvm:contraction_abcd_aebf_fdec laeuft [ 1200s] … 2026-07-31 21:37:09 [INFO] [task_scheduler.cc:195] Sending 64 sample(s) to runner
        · tvm:contraction_abcd_aebf_fdec laeuft [ 1230s] … 2026-07-31 21:37:09 [INFO] [task_scheduler.cc:195] Sending 64 sample(s) to runner
        · tvm:contraction_abcd_aebf_fdec laeuft [ 1260s] … 2026-07-31 21:37:09 [INFO] [task_scheduler.cc:195] Sending 64 sample(s) to runner
        · tvm:contraction_abcd_aebf_fdec laeuft [ 1291s] … 2026-07-31 21:37:09 [INFO] [task_scheduler.cc:195] Sending 64 sample(s) to runner
        · tvm:contraction_abcd_aebf_fdec laeuft [ 1321s] … 2026-07-31 21:37:09 [INFO] [task_scheduler.cc:195] Sending 64 sample(s) to runner
        · tvm:contraction_abcd_aebf_fdec laeuft [ 1351s] … 2026-07-31 21:37:09 [INFO] [task_scheduler.cc:195] Sending 64 sample(s) to runner
        · tvm:contraction_abcd_aebf_fdec laeuft [ 1381s] … 2026-07-31 21:37:09 [INFO] [task_scheduler.cc:195] Sending 64 sample(s) to runner
        · tvm:contraction_abcd_aebf_fdec laeuft [ 1411s] … 2026-07-31 21:37:09 [INFO] [task_scheduler.cc:195] Sending 64 sample(s) to runner
        · tvm:contraction_abcd_aebf_fdec laeuft [ 1441s] … 2026-07-31 21:37:09 [INFO] [task_scheduler.cc:195] Sending 64 sample(s) to runner
        · tvm:contraction_abcd_aebf_fdec laeuft [ 1471s] … 2026-07-31 21:37:09 [INFO] [task_scheduler.cc:195] Sending 64 sample(s) to runner
        · tvm:contraction_abcd_aebf_fdec laeuft [ 1501s] … 2026-07-31 21:37:09 [INFO] [task_scheduler.cc:195] Sending 64 sample(s) to runner
        · tvm:contraction_abcd_aebf_fdec laeuft [ 1531s] … 2026-07-31 21:37:09 [INFO] [task_scheduler.cc:195] Sending 64 sample(s) to runner
        · tvm:contraction_abcd_aebf_fdec laeuft [ 1561s] … 2026-07-31 21:37:09 [INFO] [task_scheduler.cc:195] Sending 64 sample(s) to runner
        · tvm:contraction_abcd_aebf_fdec laeuft [ 1592s] … 2026-07-31 21:37:09 [INFO] [task_scheduler.cc:195] Sending 64 sample(s) to runner
        · tvm:contraction_abcd_aebf_fdec laeuft [ 1622s] … 2026-07-31 21:37:09 [INFO] [task_scheduler.cc:195] Sending 64 sample(s) to runner
        · tvm:contraction_abcd_aebf_fdec laeuft [ 1652s] … 2026-07-31 21:37:09 [INFO] [task_scheduler.cc:195] Sending 64 sample(s) to runner
        · tvm:contraction_abcd_aebf_fdec laeuft [ 1682s] … 2026-07-31 21:37:09 [INFO] [task_scheduler.cc:195] Sending 64 sample(s) to runner
        · tvm:contraction_abcd_aebf_fdec laeuft [ 1710s] … 2026-07-31 21:37:09 [INFO] [task_scheduler.cc:195] Sending 64 sample(s) to runner
        · tvm:contraction_abcd_aebf_fdec laeuft [ 1740s] … 2026-07-31 21:37:09 [INFO] [task_scheduler.cc:195] Sending 64 sample(s) to runner
        · tvm:contraction_abcd_aebf_fdec laeuft [ 1770s] … 2026-07-31 22:06:29 [INFO] [task_scheduler.cc:180] TaskScheduler picks Task #0: "main"
        · tvm:contraction_abcd_aebf_fdec laeuft [ 1800s] … 2026-07-31 22:06:36 [INFO] [task_scheduler.cc:195] Sending 64 sample(s) to runner
        · tvm:contraction_abcd_aebf_fdec laeuft [ 1831s] … 2026-07-31 22:06:36 [INFO] [task_scheduler.cc:195] Sending 64 sample(s) to runner
        · tvm:contraction_abcd_aebf_fdec laeuft [ 1861s] … 2026-07-31 22:06:36 [INFO] [task_scheduler.cc:195] Sending 64 sample(s) to runner
        · tvm:contraction_abcd_aebf_fdec laeuft [ 1891s] … 2026-07-31 22:06:36 [INFO] [task_scheduler.cc:195] Sending 64 sample(s) to runner
        · tvm:contraction_abcd_aebf_fdec laeuft [ 1921s] … 2026-07-31 22:06:36 [INFO] [task_scheduler.cc:195] Sending 64 sample(s) to runner
        · tvm:contraction_abcd_aebf_fdec laeuft [ 1951s] … 2026-07-31 22:06:36 [INFO] [task_scheduler.cc:195] Sending 64 sample(s) to runner
        · tvm:contraction_abcd_aebf_fdec laeuft [ 1981s] … 2026-07-31 22:06:36 [INFO] [task_scheduler.cc:195] Sending 64 sample(s) to runner
        · tvm:contraction_abcd_aebf_fdec laeuft [ 2011s] … 2026-07-31 22:06:36 [INFO] [task_scheduler.cc:195] Sending 64 sample(s) to runner
        · tvm:contraction_abcd_aebf_fdec laeuft [ 2041s] … 2026-07-31 22:06:36 [INFO] [task_scheduler.cc:195] Sending 64 sample(s) to runner
        · tvm:contraction_abcd_aebf_fdec laeuft [ 2072s] … 2026-07-31 22:06:36 [INFO] [task_scheduler.cc:195] Sending 64 sample(s) to runner
        · tvm:contraction_abcd_aebf_fdec laeuft [ 2102s] … 2026-07-31 22:06:36 [INFO] [task_scheduler.cc:195] Sending 64 sample(s) to runner
        · tvm:contraction_abcd_aebf_fdec laeuft [ 2132s] … 2026-07-31 22:06:36 [INFO] [task_scheduler.cc:195] Sending 64 sample(s) to runner
        · tvm:contraction_abcd_aebf_fdec laeuft [ 2162s] … 2026-07-31 22:06:36 [INFO] [task_scheduler.cc:195] Sending 64 sample(s) to runner
        · tvm:contraction_abcd_aebf_fdec laeuft [ 2192s] … 2026-07-31 22:06:36 [INFO] [task_scheduler.cc:195] Sending 64 sample(s) to runner
        · tvm:contraction_abcd_aebf_fdec laeuft [ 2220s] … 2026-07-31 22:06:36 [INFO] [task_scheduler.cc:195] Sending 64 sample(s) to runner
        · tvm:contraction_abcd_aebf_fdec laeuft [ 2250s] … 2026-07-31 22:06:36 [INFO] [task_scheduler.cc:195] Sending 64 sample(s) to runner
        · tvm:contraction_abcd_aebf_fdec laeuft [ 2280s] … 2026-07-31 22:06:36 [INFO] [task_scheduler.cc:195] Sending 64 sample(s) to runner
        · tvm:contraction_abcd_aebf_fdec laeuft [ 2310s] … 2026-07-31 22:06:36 [INFO] [task_scheduler.cc:195] Sending 64 sample(s) to runner
        · tvm:contraction_abcd_aebf_fdec laeuft [ 2340s] … 2026-07-31 22:06:36 [INFO] [task_scheduler.cc:195] Sending 64 sample(s) to runner
        · tvm:contraction_abcd_aebf_fdec laeuft [ 2371s] … 2026-07-31 22:06:36 [INFO] [task_scheduler.cc:195] Sending 64 sample(s) to runner
        · tvm:contraction_abcd_aebf_fdec laeuft [ 2401s] … 2026-07-31 22:06:36 [INFO] [task_scheduler.cc:195] Sending 64 sample(s) to runner
        · tvm:contraction_abcd_aebf_fdec laeuft [ 2431s] … 2026-07-31 22:06:36 [INFO] [task_scheduler.cc:195] Sending 64 sample(s) to runner
        · tvm:contraction_abcd_aebf_fdec laeuft [ 2461s] … 2026-07-31 22:06:36 [INFO] [task_scheduler.cc:195] Sending 64 sample(s) to runner
        · tvm:contraction_abcd_aebf_fdec laeuft [ 2491s] … 2026-07-31 22:06:36 [INFO] [task_scheduler.cc:195] Sending 64 sample(s) to runner
        · tvm:contraction_abcd_aebf_fdec laeuft [ 2521s] … 2026-07-31 22:06:36 [INFO] [task_scheduler.cc:195] Sending 64 sample(s) to runner
        · tvm:contraction_abcd_aebf_fdec laeuft [ 2551s] … 2026-07-31 22:06:36 [INFO] [task_scheduler.cc:195] Sending 64 sample(s) to runner
        · tvm:contraction_abcd_aebf_fdec laeuft [ 2581s] … 2026-07-31 22:06:36 [INFO] [task_scheduler.cc:195] Sending 64 sample(s) to runner
        · tvm:contraction_abcd_aebf_fdec laeuft [ 2612s] … 2026-07-31 22:06:36 [INFO] [task_scheduler.cc:195] Sending 64 sample(s) to runner
        · tvm:contraction_abcd_aebf_fdec laeuft [ 2642s] … 2026-07-31 22:06:36 [INFO] [task_scheduler.cc:195] Sending 64 sample(s) to runner
        · tvm:contraction_abcd_aebf_fdec laeuft [ 2672s] … 2026-07-31 22:06:36 [INFO] [task_scheduler.cc:195] Sending 64 sample(s) to runner
        · tvm:contraction_abcd_aebf_fdec laeuft [ 2702s] … 2026-07-31 22:06:36 [INFO] [task_scheduler.cc:195] Sending 64 sample(s) to runner
        · tvm:contraction_abcd_aebf_fdec laeuft [ 2732s] … 2026-07-31 22:06:36 [INFO] [task_scheduler.cc:195] Sending 64 sample(s) to runner
        · tvm:contraction_abcd_aebf_fdec laeuft [ 2760s] … 2026-07-31 22:06:36 [INFO] [task_scheduler.cc:195] Sending 64 sample(s) to runner
        · tvm:contraction_abcd_aebf_fdec laeuft [ 2790s] … 2026-07-31 22:06:36 [INFO] [task_scheduler.cc:195] Sending 64 sample(s) to runner
        · tvm:contraction_abcd_aebf_fdec laeuft [ 2820s] … 2026-07-31 22:06:36 [INFO] [task_scheduler.cc:195] Sending 64 sample(s) to runner
        · tvm:contraction_abcd_aebf_fdec laeuft [ 2850s] … 2026-07-31 22:06:36 [INFO] [task_scheduler.cc:195] Sending 64 sample(s) to runner
        · tvm:contraction_abcd_aebf_fdec laeuft [ 2880s] … 2026-07-31 22:06:36 [INFO] [task_scheduler.cc:195] Sending 64 sample(s) to runner
        · tvm:contraction_abcd_aebf_fdec laeuft [ 2911s] … 2026-07-31 22:06:36 [INFO] [task_scheduler.cc:195] Sending 64 sample(s) to runner
        · tvm:contraction_abcd_aebf_fdec laeuft [ 2941s] … 2026-07-31 22:06:36 [INFO] [task_scheduler.cc:195] Sending 64 sample(s) to runner
        · tvm:contraction_abcd_aebf_fdec laeuft [ 2971s] … 2026-07-31 22:06:36 [INFO] [task_scheduler.cc:195] Sending 64 sample(s) to runner
        · tvm:contraction_abcd_aebf_fdec laeuft [ 3001s] … 2026-07-31 22:06:36 [INFO] [task_scheduler.cc:195] Sending 64 sample(s) to runner
        · tvm:contraction_abcd_aebf_fdec laeuft [ 3031s] … 2026-07-31 22:06:36 [INFO] [task_scheduler.cc:195] Sending 64 sample(s) to runner
        · tvm:contraction_abcd_aebf_fdec laeuft [ 3061s] … 2026-07-31 22:06:36 [INFO] [task_scheduler.cc:195] Sending 64 sample(s) to runner
        · tvm:contraction_abcd_aebf_fdec laeuft [ 3091s] … 2026-07-31 22:06:36 [INFO] [task_scheduler.cc:195] Sending 64 sample(s) to runner
        · tvm:contraction_abcd_aebf_fdec laeuft [ 3121s] … 2026-07-31 22:06:36 [INFO] [task_scheduler.cc:195] Sending 64 sample(s) to runner
        · tvm:contraction_abcd_aebf_fdec laeuft [ 3152s] … 2026-07-31 22:06:36 [INFO] [task_scheduler.cc:195] Sending 64 sample(s) to runner
        · tvm:contraction_abcd_aebf_fdec laeuft [ 3182s] … 2026-07-31 22:06:36 [INFO] [task_scheduler.cc:195] Sending 64 sample(s) to runner
        · tvm:contraction_abcd_aebf_fdec laeuft [ 3212s] … 2026-07-31 22:06:36 [INFO] [task_scheduler.cc:195] Sending 64 sample(s) to runner
        · tvm:contraction_abcd_aebf_fdec laeuft [ 3242s] … 2026-07-31 22:06:36 [INFO] [task_scheduler.cc:195] Sending 64 sample(s) to runner
        · tvm:contraction_abcd_aebf_fdec laeuft [ 3270s] … 2026-07-31 22:06:36 [INFO] [task_scheduler.cc:195] Sending 64 sample(s) to runner
        · tvm:contraction_abcd_aebf_fdec laeuft [ 3300s] … 2026-07-31 22:06:36 [INFO] [task_scheduler.cc:195] Sending 64 sample(s) to runner
        · tvm:contraction_abcd_aebf_fdec laeuft [ 3330s] … 2026-07-31 22:06:36 [INFO] [task_scheduler.cc:195] Sending 64 sample(s) to runner
        · tvm:contraction_abcd_aebf_fdec laeuft [ 3360s] … 2026-07-31 22:06:36 [INFO] [task_scheduler.cc:195] Sending 64 sample(s) to runner
        · tvm:contraction_abcd_aebf_fdec laeuft [ 3390s] … 2026-07-31 22:06:36 [INFO] [task_scheduler.cc:195] Sending 64 sample(s) to runner
        · tvm:contraction_abcd_aebf_fdec laeuft [ 3421s] … 2026-07-31 22:06:36 [INFO] [task_scheduler.cc:195] Sending 64 sample(s) to runner
        · tvm:contraction_abcd_aebf_fdec laeuft [ 3451s] … 2026-07-31 22:06:36 [INFO] [task_scheduler.cc:195] Sending 64 sample(s) to runner
        · tvm:contraction_abcd_aebf_fdec laeuft [ 3481s] … 2026-07-31 22:34:45 [INFO] [task_scheduler.cc:195] Sending 64 sample(s) to runner
        · tvm:contraction_abcd_aebf_fdec laeuft [ 3511s] … 2026-07-31 22:34:45 [INFO] [task_scheduler.cc:195] Sending 64 sample(s) to runner
        · tvm:contraction_abcd_aebf_fdec laeuft [ 3541s] … 2026-07-31 22:34:45 [INFO] [task_scheduler.cc:195] Sending 64 sample(s) to runner
        · tvm:contraction_abcd_aebf_fdec laeuft [ 3571s] … 2026-07-31 22:34:45 [INFO] [task_scheduler.cc:195] Sending 64 sample(s) to runner
        · tvm:contraction_abcd_aebf_fdec laeuft [ 3601s] … 2026-07-31 22:34:45 [INFO] [task_scheduler.cc:195] Sending 64 sample(s) to runner
        · tvm:contraction_abcd_aebf_fdec laeuft [ 3631s] … 2026-07-31 22:34:45 [INFO] [task_scheduler.cc:195] Sending 64 sample(s) to runner
        · tvm:contraction_abcd_aebf_fdec laeuft [ 3661s] … 2026-07-31 22:34:45 [INFO] [task_scheduler.cc:195] Sending 64 sample(s) to runner
        · tvm:contraction_abcd_aebf_fdec laeuft [ 3691s] … 2026-07-31 22:34:45 [INFO] [task_scheduler.cc:195] Sending 64 sample(s) to runner
        · tvm:contraction_abcd_aebf_fdec laeuft [ 3722s] … 2026-07-31 22:34:45 [INFO] [task_scheduler.cc:195] Sending 64 sample(s) to runner
        · tvm:contraction_abcd_aebf_fdec laeuft [ 3752s] … 2026-07-31 22:34:45 [INFO] [task_scheduler.cc:195] Sending 64 sample(s) to runner
        · tvm:contraction_abcd_aebf_fdec laeuft [ 3782s] … 2026-07-31 22:34:45 [INFO] [task_scheduler.cc:195] Sending 64 sample(s) to runner
        · tvm:contraction_abcd_aebf_fdec laeuft [ 3812s] … 2026-07-31 22:34:45 [INFO] [task_scheduler.cc:195] Sending 64 sample(s) to runner
        · tvm:contraction_abcd_aebf_fdec laeuft [ 3842s] … 2026-07-31 22:34:45 [INFO] [task_scheduler.cc:195] Sending 64 sample(s) to runner
        · tvm:contraction_abcd_aebf_fdec laeuft [ 3872s] … 2026-07-31 22:34:45 [INFO] [task_scheduler.cc:195] Sending 64 sample(s) to runner
        · tvm:contraction_abcd_aebf_fdec laeuft [ 3900s] … 2026-07-31 22:34:45 [INFO] [task_scheduler.cc:195] Sending 64 sample(s) to runner
        · tvm:contraction_abcd_aebf_fdec laeuft [ 3930s] … 2026-07-31 22:34:45 [INFO] [task_scheduler.cc:195] Sending 64 sample(s) to runner
        · tvm:contraction_abcd_aebf_fdec laeuft [ 3960s] … 2026-07-31 22:34:45 [INFO] [task_scheduler.cc:195] Sending 64 sample(s) to runner
        · tvm:contraction_abcd_aebf_fdec laeuft [ 3990s] … 2026-07-31 22:34:45 [INFO] [task_scheduler.cc:195] Sending 64 sample(s) to runner
        · tvm:contraction_abcd_aebf_fdec laeuft [ 4020s] … 2026-07-31 22:34:45 [INFO] [task_scheduler.cc:195] Sending 64 sample(s) to runner
        · tvm:contraction_abcd_aebf_fdec laeuft [ 4050s] … 2026-07-31 22:34:45 [INFO] [task_scheduler.cc:195] Sending 64 sample(s) to runner
        · tvm:contraction_abcd_aebf_fdec laeuft [ 4080s] … 2026-07-31 22:34:45 [INFO] [task_scheduler.cc:195] Sending 64 sample(s) to runner
        · tvm:contraction_abcd_aebf_fdec laeuft [ 4111s] … 2026-07-31 22:34:45 [INFO] [task_scheduler.cc:195] Sending 64 sample(s) to runner
        · tvm:contraction_abcd_aebf_fdec laeuft [ 4141s] … 2026-07-31 22:34:45 [INFO] [task_scheduler.cc:195] Sending 64 sample(s) to runner
        · tvm:contraction_abcd_aebf_fdec laeuft [ 4171s] … 2026-07-31 22:34:45 [INFO] [task_scheduler.cc:195] Sending 64 sample(s) to runner
        · tvm:contraction_abcd_aebf_fdec laeuft [ 4201s] … 2026-07-31 22:34:45 [INFO] [task_scheduler.cc:195] Sending 64 sample(s) to runner
        · tvm:contraction_abcd_aebf_fdec laeuft [ 4231s] … 2026-07-31 22:34:45 [INFO] [task_scheduler.cc:195] Sending 64 sample(s) to runner
        · tvm:contraction_abcd_aebf_fdec laeuft [ 4261s] … 2026-07-31 22:34:45 [INFO] [task_scheduler.cc:195] Sending 64 sample(s) to runner
        · tvm:contraction_abcd_aebf_fdec laeuft [ 4291s] … 2026-07-31 22:34:45 [INFO] [task_scheduler.cc:195] Sending 64 sample(s) to runner
        · tvm:contraction_abcd_aebf_fdec laeuft [ 4321s] … 2026-07-31 22:34:45 [INFO] [task_scheduler.cc:195] Sending 64 sample(s) to runner
        · tvm:contraction_abcd_aebf_fdec laeuft [ 4351s] … 2026-07-31 22:34:45 [INFO] [task_scheduler.cc:195] Sending 64 sample(s) to runner
        · tvm:contraction_abcd_aebf_fdec laeuft [ 4382s] … 2026-07-31 22:34:45 [INFO] [task_scheduler.cc:195] Sending 64 sample(s) to runner
        · tvm:contraction_abcd_aebf_fdec laeuft [ 4412s] … 2026-07-31 22:34:45 [INFO] [task_scheduler.cc:195] Sending 64 sample(s) to runner
        · tvm:contraction_abcd_aebf_fdec laeuft [ 4442s] … 2026-07-31 22:34:45 [INFO] [task_scheduler.cc:195] Sending 64 sample(s) to runner
        · tvm:contraction_abcd_aebf_fdec laeuft [ 4472s] … 2026-07-31 22:34:45 [INFO] [task_scheduler.cc:195] Sending 64 sample(s) to runner
        · tvm:contraction_abcd_aebf_fdec laeuft [ 4502s] … 2026-07-31 22:34:45 [INFO] [task_scheduler.cc:195] Sending 64 sample(s) to runner
        · tvm:contraction_abcd_aebf_fdec laeuft [ 4532s] … 2026-07-31 22:34:45 [INFO] [task_scheduler.cc:195] Sending 64 sample(s) to runner
        · tvm:contraction_abcd_aebf_fdec laeuft [ 4560s] … 2026-07-31 22:34:45 [INFO] [task_scheduler.cc:195] Sending 64 sample(s) to runner
        · tvm:contraction_abcd_aebf_fdec laeuft [ 4590s] … 2026-07-31 22:34:45 [INFO] [task_scheduler.cc:195] Sending 64 sample(s) to runner
        · tvm:contraction_abcd_aebf_fdec laeuft [ 4620s] … 2026-07-31 22:34:45 [INFO] [task_scheduler.cc:195] Sending 64 sample(s) to runner
        · tvm:contraction_abcd_aebf_fdec laeuft [ 4650s] … 2026-07-31 22:34:45 [INFO] [task_scheduler.cc:195] Sending 64 sample(s) to runner
        · tvm:contraction_abcd_aebf_fdec laeuft [ 4680s] … 2026-07-31 22:34:45 [INFO] [task_scheduler.cc:195] Sending 64 sample(s) to runner
        · tvm:contraction_abcd_aebf_fdec laeuft [ 4711s] … 2026-07-31 22:34:45 [INFO] [task_scheduler.cc:195] Sending 64 sample(s) to runner
        · tvm:contraction_abcd_aebf_fdec laeuft [ 4741s] … 2026-07-31 22:34:45 [INFO] [task_scheduler.cc:195] Sending 64 sample(s) to runner
        · tvm:contraction_abcd_aebf_fdec laeuft [ 4771s] … 2026-07-31 22:34:45 [INFO] [task_scheduler.cc:195] Sending 64 sample(s) to runner
        · tvm:contraction_abcd_aebf_fdec laeuft [ 4801s] … 2026-07-31 22:34:45 [INFO] [task_scheduler.cc:195] Sending 64 sample(s) to runner
        · tvm:contraction_abcd_aebf_fdec laeuft [ 4831s] … 2026-07-31 22:34:45 [INFO] [task_scheduler.cc:195] Sending 64 sample(s) to runner
        · tvm:contraction_abcd_aebf_fdec laeuft [ 4861s] … 2026-07-31 22:34:45 [INFO] [task_scheduler.cc:195] Sending 64 sample(s) to runner
        · tvm:contraction_abcd_aebf_fdec laeuft [ 4891s] … 2026-07-31 22:58:28 [INFO] [task_scheduler.cc:180] TaskScheduler picks Task #0: "main"
        · tvm:contraction_abcd_aebf_fdec laeuft [ 4921s] … 2026-07-31 22:58:34 [INFO] [task_scheduler.cc:195] Sending 8 sample(s) to runner
        · tvm:contraction_abcd_aebf_fdec laeuft [ 4952s] … 2026-07-31 22:58:34 [INFO] [task_scheduler.cc:195] Sending 8 sample(s) to runner
        · tvm:contraction_abcd_aebf_fdec laeuft [ 4982s] … 2026-07-31 22:58:34 [INFO] [task_scheduler.cc:195] Sending 8 sample(s) to runner
        · tvm:contraction_abcd_aebf_fdec laeuft [ 5012s] … 2026-07-31 22:58:34 [INFO] [task_scheduler.cc:195] Sending 8 sample(s) to runner
        · tvm:contraction_abcd_aebf_fdec laeuft [ 5042s] … Total latency (us): 2.43282e+06
        · tvm:contraction_abcd_aebf_fdec laeuft [ 5072s] … Total latency (us): 2.43282e+06
        · tvm:contraction_abcd_aebf_fdec laeuft [ 5100s] … Total latency (us): 2.43282e+06
        · tvm:contraction_abcd_aebf_fdec laeuft [ 5130s] … Total latency (us): 2.43282e+06
        · tvm:contraction_abcd_aebf_fdec laeuft [ 5160s] … Total latency (us): 2.43282e+06
        · tvm:contraction_abcd_aebf_fdec laeuft [ 5190s] … Total latency (us): 2.43282e+06
        · tvm:contraction_abcd_aebf_fdec laeuft [ 5221s] … Total latency (us): 2.43282e+06
        · tvm:contraction_abcd_aebf_fdec laeuft [ 5251s] … Total latency (us): 2.43282e+06
        · tvm:contraction_abcd_aebf_fdec laeuft [ 5281s] … Total latency (us): 2.43282e+06
  [tvm] 21/48 contraction_abcd_aebf_fdec             350.5 GFLOPS [ok]              5287s  DONE @ 2026-07-31 23:05:07
  [tvm] 22/48 contraction_abcd_aecf_bfde             ... START @ 2026-07-31 23:05:07
        · tvm:contraction_abcd_aecf_bfde laeuft [   30s] … 2026-07-31 23:05:17 [INFO] [task_scheduler.cc:195] Sending 64 sample(s) to runner
        · tvm:contraction_abcd_aecf_bfde laeuft [   60s] … 2026-07-31 23:05:17 [INFO] [task_scheduler.cc:195] Sending 64 sample(s) to runner
        · tvm:contraction_abcd_aecf_bfde laeuft [   90s] … 2026-07-31 23:05:17 [INFO] [task_scheduler.cc:195] Sending 64 sample(s) to runner
        · tvm:contraction_abcd_aecf_bfde laeuft [  120s] … 2026-07-31 23:05:17 [INFO] [task_scheduler.cc:195] Sending 64 sample(s) to runner
        · tvm:contraction_abcd_aecf_bfde laeuft [  151s] … 2026-07-31 23:05:17 [INFO] [task_scheduler.cc:195] Sending 64 sample(s) to runner
        · tvm:contraction_abcd_aecf_bfde laeuft [  181s] … 2026-07-31 23:05:17 [INFO] [task_scheduler.cc:195] Sending 64 sample(s) to runner
        · tvm:contraction_abcd_aecf_bfde laeuft [  211s] … 2026-07-31 23:05:17 [INFO] [task_scheduler.cc:195] Sending 64 sample(s) to runner
        · tvm:contraction_abcd_aecf_bfde laeuft [  241s] … 2026-07-31 23:05:17 [INFO] [task_scheduler.cc:195] Sending 64 sample(s) to runner
        · tvm:contraction_abcd_aecf_bfde laeuft [  271s] … 2026-07-31 23:05:17 [INFO] [task_scheduler.cc:195] Sending 64 sample(s) to runner
        · tvm:contraction_abcd_aecf_bfde laeuft [  301s] … 2026-07-31 23:05:17 [INFO] [task_scheduler.cc:195] Sending 64 sample(s) to runner
        · tvm:contraction_abcd_aecf_bfde laeuft [  331s] … 2026-07-31 23:05:17 [INFO] [task_scheduler.cc:195] Sending 64 sample(s) to runner
        · tvm:contraction_abcd_aecf_bfde laeuft [  361s] … 2026-07-31 23:05:17 [INFO] [task_scheduler.cc:195] Sending 64 sample(s) to runner
        · tvm:contraction_abcd_aecf_bfde laeuft [  391s] … 2026-07-31 23:05:17 [INFO] [task_scheduler.cc:195] Sending 64 sample(s) to runner
        · tvm:contraction_abcd_aecf_bfde laeuft [  422s] … 2026-07-31 23:05:17 [INFO] [task_scheduler.cc:195] Sending 64 sample(s) to runner
        · tvm:contraction_abcd_aecf_bfde laeuft [  452s] … 2026-07-31 23:05:17 [INFO] [task_scheduler.cc:195] Sending 64 sample(s) to runner
        · tvm:contraction_abcd_aecf_bfde laeuft [  482s] … 2026-07-31 23:05:17 [INFO] [task_scheduler.cc:195] Sending 64 sample(s) to runner
        · tvm:contraction_abcd_aecf_bfde laeuft [  512s] … 2026-07-31 23:05:17 [INFO] [task_scheduler.cc:195] Sending 64 sample(s) to runner
        · tvm:contraction_abcd_aecf_bfde laeuft [  540s] … 2026-07-31 23:05:17 [INFO] [task_scheduler.cc:195] Sending 64 sample(s) to runner
        · tvm:contraction_abcd_aecf_bfde laeuft [  570s] … 2026-07-31 23:05:17 [INFO] [task_scheduler.cc:195] Sending 64 sample(s) to runner
        · tvm:contraction_abcd_aecf_bfde laeuft [  600s] … 2026-07-31 23:05:17 [INFO] [task_scheduler.cc:195] Sending 64 sample(s) to runner
        · tvm:contraction_abcd_aecf_bfde laeuft [  630s] … 2026-07-31 23:05:17 [INFO] [task_scheduler.cc:195] Sending 64 sample(s) to runner
        · tvm:contraction_abcd_aecf_bfde laeuft [  660s] … 2026-07-31 23:05:17 [INFO] [task_scheduler.cc:195] Sending 64 sample(s) to runner
        · tvm:contraction_abcd_aecf_bfde laeuft [  691s] … 2026-07-31 23:05:17 [INFO] [task_scheduler.cc:195] Sending 64 sample(s) to runner
        · tvm:contraction_abcd_aecf_bfde laeuft [  721s] … 2026-07-31 23:05:17 [INFO] [task_scheduler.cc:195] Sending 64 sample(s) to runner
        · tvm:contraction_abcd_aecf_bfde laeuft [  751s] … 2026-07-31 23:05:17 [INFO] [task_scheduler.cc:195] Sending 64 sample(s) to runner
        · tvm:contraction_abcd_aecf_bfde laeuft [  781s] … 2026-07-31 23:05:17 [INFO] [task_scheduler.cc:195] Sending 64 sample(s) to runner
        · tvm:contraction_abcd_aecf_bfde laeuft [  811s] … 2026-07-31 23:05:17 [INFO] [task_scheduler.cc:195] Sending 64 sample(s) to runner
        · tvm:contraction_abcd_aecf_bfde laeuft [  841s] … 2026-07-31 23:05:17 [INFO] [task_scheduler.cc:195] Sending 64 sample(s) to runner
        · tvm:contraction_abcd_aecf_bfde laeuft [  871s] … 2026-07-31 23:05:17 [INFO] [task_scheduler.cc:195] Sending 64 sample(s) to runner
        · tvm:contraction_abcd_aecf_bfde laeuft [  901s] … 2026-07-31 23:05:17 [INFO] [task_scheduler.cc:195] Sending 64 sample(s) to runner
        · tvm:contraction_abcd_aecf_bfde laeuft [  931s] … 2026-07-31 23:05:17 [INFO] [task_scheduler.cc:195] Sending 64 sample(s) to runner
        · tvm:contraction_abcd_aecf_bfde laeuft [  962s] … 2026-07-31 23:05:17 [INFO] [task_scheduler.cc:195] Sending 64 sample(s) to runner
        · tvm:contraction_abcd_aecf_bfde laeuft [  992s] … 2026-07-31 23:05:17 [INFO] [task_scheduler.cc:195] Sending 64 sample(s) to runner
        · tvm:contraction_abcd_aecf_bfde laeuft [ 1022s] … 2026-07-31 23:05:17 [INFO] [task_scheduler.cc:195] Sending 64 sample(s) to runner
        · tvm:contraction_abcd_aecf_bfde laeuft [ 1052s] … 2026-07-31 23:05:17 [INFO] [task_scheduler.cc:195] Sending 64 sample(s) to runner
        · tvm:contraction_abcd_aecf_bfde laeuft [ 1082s] … 2026-07-31 23:05:17 [INFO] [task_scheduler.cc:195] Sending 64 sample(s) to runner
        · tvm:contraction_abcd_aecf_bfde laeuft [ 1110s] … 2026-07-31 23:05:17 [INFO] [task_scheduler.cc:195] Sending 64 sample(s) to runner
        · tvm:contraction_abcd_aecf_bfde laeuft [ 1140s] … 2026-07-31 23:05:17 [INFO] [task_scheduler.cc:195] Sending 64 sample(s) to runner
        · tvm:contraction_abcd_aecf_bfde laeuft [ 1170s] … 2026-07-31 23:05:17 [INFO] [task_scheduler.cc:195] Sending 64 sample(s) to runner
        · tvm:contraction_abcd_aecf_bfde laeuft [ 1200s] … 2026-07-31 23:05:17 [INFO] [task_scheduler.cc:195] Sending 64 sample(s) to runner
        · tvm:contraction_abcd_aecf_bfde laeuft [ 1230s] … 2026-07-31 23:05:17 [INFO] [task_scheduler.cc:195] Sending 64 sample(s) to runner
        · tvm:contraction_abcd_aecf_bfde laeuft [ 1261s] … 2026-07-31 23:05:17 [INFO] [task_scheduler.cc:195] Sending 64 sample(s) to runner
        · tvm:contraction_abcd_aecf_bfde laeuft [ 1291s] … 2026-07-31 23:05:17 [INFO] [task_scheduler.cc:195] Sending 64 sample(s) to runner
        · tvm:contraction_abcd_aecf_bfde laeuft [ 1321s] … 2026-07-31 23:05:17 [INFO] [task_scheduler.cc:195] Sending 64 sample(s) to runner
        · tvm:contraction_abcd_aecf_bfde laeuft [ 1351s] … 2026-07-31 23:05:17 [INFO] [task_scheduler.cc:195] Sending 64 sample(s) to runner
        · tvm:contraction_abcd_aecf_bfde laeuft [ 1381s] … 2026-07-31 23:05:17 [INFO] [task_scheduler.cc:195] Sending 64 sample(s) to runner
        · tvm:contraction_abcd_aecf_bfde laeuft [ 1411s] … 2026-07-31 23:05:17 [INFO] [task_scheduler.cc:195] Sending 64 sample(s) to runner
        · tvm:contraction_abcd_aecf_bfde laeuft [ 1441s] … 2026-07-31 23:05:17 [INFO] [task_scheduler.cc:195] Sending 64 sample(s) to runner
        · tvm:contraction_abcd_aecf_bfde laeuft [ 1471s] … 2026-07-31 23:05:17 [INFO] [task_scheduler.cc:195] Sending 64 sample(s) to runner
        · tvm:contraction_abcd_aecf_bfde laeuft [ 1502s] … 2026-07-31 23:05:17 [INFO] [task_scheduler.cc:195] Sending 64 sample(s) to runner
        · tvm:contraction_abcd_aecf_bfde laeuft [ 1532s] … 2026-07-31 23:05:17 [INFO] [task_scheduler.cc:195] Sending 64 sample(s) to runner
        · tvm:contraction_abcd_aecf_bfde laeuft [ 1562s] … 2026-07-31 23:05:17 [INFO] [task_scheduler.cc:195] Sending 64 sample(s) to runner
        · tvm:contraction_abcd_aecf_bfde laeuft [ 1592s] … 2026-07-31 23:05:17 [INFO] [task_scheduler.cc:195] Sending 64 sample(s) to runner
        · tvm:contraction_abcd_aecf_bfde laeuft [ 1622s] … 2026-07-31 23:32:08 [INFO] [task_scheduler.cc:195] Sending 64 sample(s) to runner
        · tvm:contraction_abcd_aecf_bfde laeuft [ 1650s] … 2026-07-31 23:32:08 [INFO] [task_scheduler.cc:195] Sending 64 sample(s) to runner
        · tvm:contraction_abcd_aecf_bfde laeuft [ 1680s] … 2026-07-31 23:32:08 [INFO] [task_scheduler.cc:195] Sending 64 sample(s) to runner
        · tvm:contraction_abcd_aecf_bfde laeuft [ 1710s] … 2026-07-31 23:32:08 [INFO] [task_scheduler.cc:195] Sending 64 sample(s) to runner
        · tvm:contraction_abcd_aecf_bfde laeuft [ 1740s] … 2026-07-31 23:32:08 [INFO] [task_scheduler.cc:195] Sending 64 sample(s) to runner
        · tvm:contraction_abcd_aecf_bfde laeuft [ 1771s] … 2026-07-31 23:32:08 [INFO] [task_scheduler.cc:195] Sending 64 sample(s) to runner
        · tvm:contraction_abcd_aecf_bfde laeuft [ 1801s] … 2026-07-31 23:32:08 [INFO] [task_scheduler.cc:195] Sending 64 sample(s) to runner
        · tvm:contraction_abcd_aecf_bfde laeuft [ 1831s] … 2026-07-31 23:32:08 [INFO] [task_scheduler.cc:195] Sending 64 sample(s) to runner
        · tvm:contraction_abcd_aecf_bfde laeuft [ 1861s] … 2026-07-31 23:32:08 [INFO] [task_scheduler.cc:195] Sending 64 sample(s) to runner
        · tvm:contraction_abcd_aecf_bfde laeuft [ 1891s] … 2026-07-31 23:32:08 [INFO] [task_scheduler.cc:195] Sending 64 sample(s) to runner
        · tvm:contraction_abcd_aecf_bfde laeuft [ 1921s] … 2026-07-31 23:32:08 [INFO] [task_scheduler.cc:195] Sending 64 sample(s) to runner
        · tvm:contraction_abcd_aecf_bfde laeuft [ 1951s] … 2026-07-31 23:32:08 [INFO] [task_scheduler.cc:195] Sending 64 sample(s) to runner
        · tvm:contraction_abcd_aecf_bfde laeuft [ 1981s] … 2026-07-31 23:32:08 [INFO] [task_scheduler.cc:195] Sending 64 sample(s) to runner
        · tvm:contraction_abcd_aecf_bfde laeuft [ 2011s] … 2026-07-31 23:32:08 [INFO] [task_scheduler.cc:195] Sending 64 sample(s) to runner
        · tvm:contraction_abcd_aecf_bfde laeuft [ 2042s] … 2026-07-31 23:32:08 [INFO] [task_scheduler.cc:195] Sending 64 sample(s) to runner
        · tvm:contraction_abcd_aecf_bfde laeuft [ 2072s] … 2026-07-31 23:32:08 [INFO] [task_scheduler.cc:195] Sending 64 sample(s) to runner
        · tvm:contraction_abcd_aecf_bfde laeuft [ 2102s] … 2026-07-31 23:32:08 [INFO] [task_scheduler.cc:195] Sending 64 sample(s) to runner
        · tvm:contraction_abcd_aecf_bfde laeuft [ 2132s] … 2026-07-31 23:32:08 [INFO] [task_scheduler.cc:195] Sending 64 sample(s) to runner
        · tvm:contraction_abcd_aecf_bfde laeuft [ 2162s] … 2026-07-31 23:32:08 [INFO] [task_scheduler.cc:195] Sending 64 sample(s) to runner
        · tvm:contraction_abcd_aecf_bfde laeuft [ 2190s] … 2026-07-31 23:32:08 [INFO] [task_scheduler.cc:195] Sending 64 sample(s) to runner
        · tvm:contraction_abcd_aecf_bfde laeuft [ 2220s] … 2026-07-31 23:32:08 [INFO] [task_scheduler.cc:195] Sending 64 sample(s) to runner
        · tvm:contraction_abcd_aecf_bfde laeuft [ 2250s] … 2026-07-31 23:32:08 [INFO] [task_scheduler.cc:195] Sending 64 sample(s) to runner
        · tvm:contraction_abcd_aecf_bfde laeuft [ 2280s] … 2026-07-31 23:32:08 [INFO] [task_scheduler.cc:195] Sending 64 sample(s) to runner
        · tvm:contraction_abcd_aecf_bfde laeuft [ 2310s] … 2026-07-31 23:32:08 [INFO] [task_scheduler.cc:195] Sending 64 sample(s) to runner
        · tvm:contraction_abcd_aecf_bfde laeuft [ 2341s] … 2026-07-31 23:32:08 [INFO] [task_scheduler.cc:195] Sending 64 sample(s) to runner
        · tvm:contraction_abcd_aecf_bfde laeuft [ 2371s] … 2026-07-31 23:32:08 [INFO] [task_scheduler.cc:195] Sending 64 sample(s) to runner
        · tvm:contraction_abcd_aecf_bfde laeuft [ 2401s] … 2026-07-31 23:32:08 [INFO] [task_scheduler.cc:195] Sending 64 sample(s) to runner
        · tvm:contraction_abcd_aecf_bfde laeuft [ 2431s] … 2026-07-31 23:32:08 [INFO] [task_scheduler.cc:195] Sending 64 sample(s) to runner
        · tvm:contraction_abcd_aecf_bfde laeuft [ 2461s] … 2026-07-31 23:32:08 [INFO] [task_scheduler.cc:195] Sending 64 sample(s) to runner
        · tvm:contraction_abcd_aecf_bfde laeuft [ 2491s] … 2026-07-31 23:32:08 [INFO] [task_scheduler.cc:195] Sending 64 sample(s) to runner
        · tvm:contraction_abcd_aecf_bfde laeuft [ 2521s] … 2026-07-31 23:32:08 [INFO] [task_scheduler.cc:195] Sending 64 sample(s) to runner
        · tvm:contraction_abcd_aecf_bfde laeuft [ 2551s] … 2026-07-31 23:32:08 [INFO] [task_scheduler.cc:195] Sending 64 sample(s) to runner
        · tvm:contraction_abcd_aecf_bfde laeuft [ 2581s] … 2026-07-31 23:32:08 [INFO] [task_scheduler.cc:195] Sending 64 sample(s) to runner
        · tvm:contraction_abcd_aecf_bfde laeuft [ 2611s] … 2026-07-31 23:32:08 [INFO] [task_scheduler.cc:195] Sending 64 sample(s) to runner
        · tvm:contraction_abcd_aecf_bfde laeuft [ 2642s] … 2026-07-31 23:32:08 [INFO] [task_scheduler.cc:195] Sending 64 sample(s) to runner
        · tvm:contraction_abcd_aecf_bfde laeuft [ 2672s] … 2026-07-31 23:32:08 [INFO] [task_scheduler.cc:195] Sending 64 sample(s) to runner
        · tvm:contraction_abcd_aecf_bfde laeuft [ 2702s] … 2026-07-31 23:32:08 [INFO] [task_scheduler.cc:195] Sending 64 sample(s) to runner
        · tvm:contraction_abcd_aecf_bfde laeuft [ 2732s] … 2026-07-31 23:32:08 [INFO] [task_scheduler.cc:195] Sending 64 sample(s) to runner
        · tvm:contraction_abcd_aecf_bfde laeuft [ 2762s] … 2026-07-31 23:32:08 [INFO] [task_scheduler.cc:195] Sending 64 sample(s) to runner
        · tvm:contraction_abcd_aecf_bfde laeuft [ 2790s] … 2026-07-31 23:32:08 [INFO] [task_scheduler.cc:195] Sending 64 sample(s) to runner
        · tvm:contraction_abcd_aecf_bfde laeuft [ 2820s] … 2026-07-31 23:32:08 [INFO] [task_scheduler.cc:195] Sending 64 sample(s) to runner
        · tvm:contraction_abcd_aecf_bfde laeuft [ 2850s] … 2026-07-31 23:32:08 [INFO] [task_scheduler.cc:195] Sending 64 sample(s) to runner
        · tvm:contraction_abcd_aecf_bfde laeuft [ 2880s] … 2026-07-31 23:32:08 [INFO] [task_scheduler.cc:195] Sending 64 sample(s) to runner
        · tvm:contraction_abcd_aecf_bfde laeuft [ 2910s] … 2026-07-31 23:32:08 [INFO] [task_scheduler.cc:195] Sending 64 sample(s) to runner
        · tvm:contraction_abcd_aecf_bfde laeuft [ 2941s] … 2026-07-31 23:32:08 [INFO] [task_scheduler.cc:195] Sending 64 sample(s) to runner
        · tvm:contraction_abcd_aecf_bfde laeuft [ 2971s] … 2026-07-31 23:32:08 [INFO] [task_scheduler.cc:195] Sending 64 sample(s) to runner
        · tvm:contraction_abcd_aecf_bfde laeuft [ 3001s] … 2026-07-31 23:32:08 [INFO] [task_scheduler.cc:195] Sending 64 sample(s) to runner
        · tvm:contraction_abcd_aecf_bfde laeuft [ 3031s] … 2026-07-31 23:32:08 [INFO] [task_scheduler.cc:195] Sending 64 sample(s) to runner
        · tvm:contraction_abcd_aecf_bfde laeuft [ 3061s] … 2026-07-31 23:32:08 [INFO] [task_scheduler.cc:195] Sending 64 sample(s) to runner
        · tvm:contraction_abcd_aecf_bfde laeuft [ 3091s] … 2026-07-31 23:32:08 [INFO] [task_scheduler.cc:195] Sending 64 sample(s) to runner
        · tvm:contraction_abcd_aecf_bfde laeuft [ 3121s] … 2026-07-31 23:32:08 [INFO] [task_scheduler.cc:195] Sending 64 sample(s) to runner
        · tvm:contraction_abcd_aecf_bfde laeuft [ 3151s] … 2026-07-31 23:32:08 [INFO] [task_scheduler.cc:195] Sending 64 sample(s) to runner
        · tvm:contraction_abcd_aecf_bfde laeuft [ 3181s] … 2026-07-31 23:32:08 [INFO] [task_scheduler.cc:195] Sending 64 sample(s) to runner
        · tvm:contraction_abcd_aecf_bfde laeuft [ 3211s] … 2026-07-31 23:32:08 [INFO] [task_scheduler.cc:195] Sending 64 sample(s) to runner
        · tvm:contraction_abcd_aecf_bfde laeuft [ 3242s] … 2026-07-31 23:32:08 [INFO] [task_scheduler.cc:195] Sending 64 sample(s) to runner
        · tvm:contraction_abcd_aecf_bfde laeuft [ 3272s] … 2026-07-31 23:59:39 [INFO] [task_scheduler.cc:193] Sending 64 sample(s) to builder
        · tvm:contraction_abcd_aecf_bfde laeuft [ 3302s] … 2026-07-31 23:59:41 [INFO] [task_scheduler.cc:195] Sending 64 sample(s) to runner
        · tvm:contraction_abcd_aecf_bfde laeuft [ 3332s] … 2026-07-31 23:59:41 [INFO] [task_scheduler.cc:195] Sending 64 sample(s) to runner
        · tvm:contraction_abcd_aecf_bfde laeuft [ 3360s] … 2026-07-31 23:59:41 [INFO] [task_scheduler.cc:195] Sending 64 sample(s) to runner
        · tvm:contraction_abcd_aecf_bfde laeuft [ 3390s] … 2026-07-31 23:59:41 [INFO] [task_scheduler.cc:195] Sending 64 sample(s) to runner
        · tvm:contraction_abcd_aecf_bfde laeuft [ 3420s] … 2026-07-31 23:59:41 [INFO] [task_scheduler.cc:195] Sending 64 sample(s) to runner
        · tvm:contraction_abcd_aecf_bfde laeuft [ 3450s] … 2026-07-31 23:59:41 [INFO] [task_scheduler.cc:195] Sending 64 sample(s) to runner
        · tvm:contraction_abcd_aecf_bfde laeuft [ 3480s] … 2026-07-31 23:59:41 [INFO] [task_scheduler.cc:195] Sending 64 sample(s) to runner
        · tvm:contraction_abcd_aecf_bfde laeuft [ 3511s] … 2026-07-31 23:59:41 [INFO] [task_scheduler.cc:195] Sending 64 sample(s) to runner
        · tvm:contraction_abcd_aecf_bfde laeuft [ 3541s] … 2026-07-31 23:59:41 [INFO] [task_scheduler.cc:195] Sending 64 sample(s) to runner
        · tvm:contraction_abcd_aecf_bfde laeuft [ 3571s] … 2026-07-31 23:59:41 [INFO] [task_scheduler.cc:195] Sending 64 sample(s) to runner
        · tvm:contraction_abcd_aecf_bfde laeuft [ 3601s] … 2026-07-31 23:59:41 [INFO] [task_scheduler.cc:195] Sending 64 sample(s) to runner
        · tvm:contraction_abcd_aecf_bfde laeuft [ 3631s] … 2026-07-31 23:59:41 [INFO] [task_scheduler.cc:195] Sending 64 sample(s) to runner
        · tvm:contraction_abcd_aecf_bfde laeuft [ 3661s] … 2026-07-31 23:59:41 [INFO] [task_scheduler.cc:195] Sending 64 sample(s) to runner
        · tvm:contraction_abcd_aecf_bfde laeuft [ 3691s] … 2026-07-31 23:59:41 [INFO] [task_scheduler.cc:195] Sending 64 sample(s) to runner
        · tvm:contraction_abcd_aecf_bfde laeuft [ 3721s] … 2026-07-31 23:59:41 [INFO] [task_scheduler.cc:195] Sending 64 sample(s) to runner
        · tvm:contraction_abcd_aecf_bfde laeuft [ 3751s] … 2026-07-31 23:59:41 [INFO] [task_scheduler.cc:195] Sending 64 sample(s) to runner
        · tvm:contraction_abcd_aecf_bfde laeuft [ 3782s] … 2026-07-31 23:59:41 [INFO] [task_scheduler.cc:195] Sending 64 sample(s) to runner
        · tvm:contraction_abcd_aecf_bfde laeuft [ 3812s] … 2026-07-31 23:59:41 [INFO] [task_scheduler.cc:195] Sending 64 sample(s) to runner
        · tvm:contraction_abcd_aecf_bfde laeuft [ 3842s] … 2026-07-31 23:59:41 [INFO] [task_scheduler.cc:195] Sending 64 sample(s) to runner
        · tvm:contraction_abcd_aecf_bfde laeuft [ 3872s] … 2026-07-31 23:59:41 [INFO] [task_scheduler.cc:195] Sending 64 sample(s) to runner
        · tvm:contraction_abcd_aecf_bfde laeuft [ 3900s] … 2026-07-31 23:59:41 [INFO] [task_scheduler.cc:195] Sending 64 sample(s) to runner
        · tvm:contraction_abcd_aecf_bfde laeuft [ 3930s] … 2026-07-31 23:59:41 [INFO] [task_scheduler.cc:195] Sending 64 sample(s) to runner
        · tvm:contraction_abcd_aecf_bfde laeuft [ 3960s] … 2026-07-31 23:59:41 [INFO] [task_scheduler.cc:195] Sending 64 sample(s) to runner
        · tvm:contraction_abcd_aecf_bfde laeuft [ 3990s] … 2026-07-31 23:59:41 [INFO] [task_scheduler.cc:195] Sending 64 sample(s) to runner
        · tvm:contraction_abcd_aecf_bfde laeuft [ 4021s] … 2026-07-31 23:59:41 [INFO] [task_scheduler.cc:195] Sending 64 sample(s) to runner
        · tvm:contraction_abcd_aecf_bfde laeuft [ 4051s] … 2026-07-31 23:59:41 [INFO] [task_scheduler.cc:195] Sending 64 sample(s) to runner
        · tvm:contraction_abcd_aecf_bfde laeuft [ 4081s] … 2026-07-31 23:59:41 [INFO] [task_scheduler.cc:195] Sending 64 sample(s) to runner
        · tvm:contraction_abcd_aecf_bfde laeuft [ 4111s] … 2026-07-31 23:59:41 [INFO] [task_scheduler.cc:195] Sending 64 sample(s) to runner
        · tvm:contraction_abcd_aecf_bfde laeuft [ 4141s] … 2026-07-31 23:59:41 [INFO] [task_scheduler.cc:195] Sending 64 sample(s) to runner
        · tvm:contraction_abcd_aecf_bfde laeuft [ 4171s] … 2026-07-31 23:59:41 [INFO] [task_scheduler.cc:195] Sending 64 sample(s) to runner
        · tvm:contraction_abcd_aecf_bfde laeuft [ 4201s] … 2026-07-31 23:59:41 [INFO] [task_scheduler.cc:195] Sending 64 sample(s) to runner
        · tvm:contraction_abcd_aecf_bfde laeuft [ 4231s] … 2026-07-31 23:59:41 [INFO] [task_scheduler.cc:195] Sending 64 sample(s) to runner
        · tvm:contraction_abcd_aecf_bfde laeuft [ 4261s] … 2026-07-31 23:59:41 [INFO] [task_scheduler.cc:195] Sending 64 sample(s) to runner
        · tvm:contraction_abcd_aecf_bfde laeuft [ 4291s] … 2026-07-31 23:59:41 [INFO] [task_scheduler.cc:195] Sending 64 sample(s) to runner
        · tvm:contraction_abcd_aecf_bfde laeuft [ 4321s] … 2026-07-31 23:59:41 [INFO] [task_scheduler.cc:195] Sending 64 sample(s) to runner
        · tvm:contraction_abcd_aecf_bfde laeuft [ 4352s] … 2026-07-31 23:59:41 [INFO] [task_scheduler.cc:195] Sending 64 sample(s) to runner
        · tvm:contraction_abcd_aecf_bfde laeuft [ 4382s] … 2026-07-31 23:59:41 [INFO] [task_scheduler.cc:195] Sending 64 sample(s) to runner
        · tvm:contraction_abcd_aecf_bfde laeuft [ 4412s] … 2026-07-31 23:59:41 [INFO] [task_scheduler.cc:195] Sending 64 sample(s) to runner
        · tvm:contraction_abcd_aecf_bfde laeuft [ 4442s] … 2026-07-31 23:59:41 [INFO] [task_scheduler.cc:195] Sending 64 sample(s) to runner
        · tvm:contraction_abcd_aecf_bfde laeuft [ 4472s] … 2026-07-31 23:59:41 [INFO] [task_scheduler.cc:195] Sending 64 sample(s) to runner
        · tvm:contraction_abcd_aecf_bfde laeuft [ 4500s] … 2026-07-31 23:59:41 [INFO] [task_scheduler.cc:195] Sending 64 sample(s) to runner
        · tvm:contraction_abcd_aecf_bfde laeuft [ 4530s] … 2026-07-31 23:59:41 [INFO] [task_scheduler.cc:195] Sending 64 sample(s) to runner
        · tvm:contraction_abcd_aecf_bfde laeuft [ 4560s] … 2026-07-31 23:59:41 [INFO] [task_scheduler.cc:195] Sending 64 sample(s) to runner
        · tvm:contraction_abcd_aecf_bfde laeuft [ 4590s] … 2026-07-31 23:59:41 [INFO] [task_scheduler.cc:195] Sending 64 sample(s) to runner
        · tvm:contraction_abcd_aecf_bfde laeuft [ 4621s] … 2026-07-31 23:59:41 [INFO] [task_scheduler.cc:195] Sending 64 sample(s) to runner
        · tvm:contraction_abcd_aecf_bfde laeuft [ 4651s] … 2026-07-31 23:59:41 [INFO] [task_scheduler.cc:195] Sending 64 sample(s) to runner
        · tvm:contraction_abcd_aecf_bfde laeuft [ 4681s] … 2026-07-31 23:59:41 [INFO] [task_scheduler.cc:195] Sending 64 sample(s) to runner
        · tvm:contraction_abcd_aecf_bfde laeuft [ 4711s] … 2026-07-31 23:59:41 [INFO] [task_scheduler.cc:195] Sending 64 sample(s) to runner
        · tvm:contraction_abcd_aecf_bfde laeuft [ 4741s] … 2026-08-01 00:24:05 [INFO] [task_scheduler.cc:195] Sending 8 sample(s) to runner
        · tvm:contraction_abcd_aecf_bfde laeuft [ 4771s] … 2026-08-01 00:24:05 [INFO] [task_scheduler.cc:195] Sending 8 sample(s) to runner
        · tvm:contraction_abcd_aecf_bfde laeuft [ 4801s] … 2026-08-01 00:24:05 [INFO] [task_scheduler.cc:195] Sending 8 sample(s) to runner
        · tvm:contraction_abcd_aecf_bfde laeuft [ 4831s] … 2026-08-01 00:24:05 [INFO] [task_scheduler.cc:195] Sending 8 sample(s) to runner
        · tvm:contraction_abcd_aecf_bfde laeuft [ 4861s] … 2026-08-01 00:24:05 [INFO] [task_scheduler.cc:195] Sending 8 sample(s) to runner
        · tvm:contraction_abcd_aecf_bfde laeuft [ 4892s] … 2026-08-01 00:24:05 [INFO] [task_scheduler.cc:195] Sending 8 sample(s) to runner
        · tvm:contraction_abcd_aecf_bfde laeuft [ 4922s] … 2026-08-01 00:24:05 [INFO] [task_scheduler.cc:195] Sending 8 sample(s) to runner
        · tvm:contraction_abcd_aecf_bfde laeuft [ 4952s] … Total latency (us): 1.30432e+06
        · tvm:contraction_abcd_aecf_bfde laeuft [ 4982s] … Total latency (us): 1.30432e+06
        · tvm:contraction_abcd_aecf_bfde laeuft [ 5010s] … Total latency (us): 1.30432e+06
        · tvm:contraction_abcd_aecf_bfde laeuft [ 5040s] … Total latency (us): 1.30432e+06
        · tvm:contraction_abcd_aecf_bfde laeuft [ 5070s] … Total latency (us): 1.30432e+06
  [tvm] 22/48 contraction_abcd_aecf_bfde             628.0 GFLOPS [ok]              5086s  DONE @ 2026-08-01 00:29:53
  [tvm] 23/48 contraction_abcd_aecf_fbed             ... START @ 2026-08-01 00:29:53
        · tvm:contraction_abcd_aecf_fbed laeuft [   30s] … 2026-08-01 00:30:03 [INFO] [task_scheduler.cc:195] Sending 64 sample(s) to runner
        · tvm:contraction_abcd_aecf_fbed laeuft [   60s] … 2026-08-01 00:30:03 [INFO] [task_scheduler.cc:195] Sending 64 sample(s) to runner
        · tvm:contraction_abcd_aecf_fbed laeuft [   90s] … 2026-08-01 00:30:03 [INFO] [task_scheduler.cc:195] Sending 64 sample(s) to runner
        · tvm:contraction_abcd_aecf_fbed laeuft [  120s] … 2026-08-01 00:30:03 [INFO] [task_scheduler.cc:195] Sending 64 sample(s) to runner
        · tvm:contraction_abcd_aecf_fbed laeuft [  151s] … 2026-08-01 00:30:03 [INFO] [task_scheduler.cc:195] Sending 64 sample(s) to runner
        · tvm:contraction_abcd_aecf_fbed laeuft [  181s] … 2026-08-01 00:30:03 [INFO] [task_scheduler.cc:195] Sending 64 sample(s) to runner
        · tvm:contraction_abcd_aecf_fbed laeuft [  211s] … 2026-08-01 00:30:03 [INFO] [task_scheduler.cc:195] Sending 64 sample(s) to runner
        · tvm:contraction_abcd_aecf_fbed laeuft [  241s] … 2026-08-01 00:30:03 [INFO] [task_scheduler.cc:195] Sending 64 sample(s) to runner
        · tvm:contraction_abcd_aecf_fbed laeuft [  271s] … 2026-08-01 00:30:03 [INFO] [task_scheduler.cc:195] Sending 64 sample(s) to runner
        · tvm:contraction_abcd_aecf_fbed laeuft [  301s] … 2026-08-01 00:30:03 [INFO] [task_scheduler.cc:195] Sending 64 sample(s) to runner
        · tvm:contraction_abcd_aecf_fbed laeuft [  331s] … 2026-08-01 00:30:03 [INFO] [task_scheduler.cc:195] Sending 64 sample(s) to runner
        · tvm:contraction_abcd_aecf_fbed laeuft [  361s] … 2026-08-01 00:30:03 [INFO] [task_scheduler.cc:195] Sending 64 sample(s) to runner
        · tvm:contraction_abcd_aecf_fbed laeuft [  391s] … 2026-08-01 00:30:03 [INFO] [task_scheduler.cc:195] Sending 64 sample(s) to runner
        · tvm:contraction_abcd_aecf_fbed laeuft [  421s] … 2026-08-01 00:30:03 [INFO] [task_scheduler.cc:195] Sending 64 sample(s) to runner
        · tvm:contraction_abcd_aecf_fbed laeuft [  452s] … 2026-08-01 00:30:03 [INFO] [task_scheduler.cc:195] Sending 64 sample(s) to runner
        · tvm:contraction_abcd_aecf_fbed laeuft [  482s] … 2026-08-01 00:30:03 [INFO] [task_scheduler.cc:195] Sending 64 sample(s) to runner
        · tvm:contraction_abcd_aecf_fbed laeuft [  512s] … 2026-08-01 00:30:03 [INFO] [task_scheduler.cc:195] Sending 64 sample(s) to runner
        · tvm:contraction_abcd_aecf_fbed laeuft [  542s] … 2026-08-01 00:30:03 [INFO] [task_scheduler.cc:195] Sending 64 sample(s) to runner
        · tvm:contraction_abcd_aecf_fbed laeuft [  570s] … 2026-08-01 00:30:03 [INFO] [task_scheduler.cc:195] Sending 64 sample(s) to runner
        · tvm:contraction_abcd_aecf_fbed laeuft [  600s] … 2026-08-01 00:30:03 [INFO] [task_scheduler.cc:195] Sending 64 sample(s) to runner
        · tvm:contraction_abcd_aecf_fbed laeuft [  630s] … 2026-08-01 00:30:03 [INFO] [task_scheduler.cc:195] Sending 64 sample(s) to runner
        · tvm:contraction_abcd_aecf_fbed laeuft [  660s] … 2026-08-01 00:30:03 [INFO] [task_scheduler.cc:195] Sending 64 sample(s) to runner
        · tvm:contraction_abcd_aecf_fbed laeuft [  690s] … 2026-08-01 00:30:03 [INFO] [task_scheduler.cc:195] Sending 64 sample(s) to runner
        · tvm:contraction_abcd_aecf_fbed laeuft [  720s] … 2026-08-01 00:30:03 [INFO] [task_scheduler.cc:195] Sending 64 sample(s) to runner
        · tvm:contraction_abcd_aecf_fbed laeuft [  751s] … 2026-08-01 00:30:03 [INFO] [task_scheduler.cc:195] Sending 64 sample(s) to runner
        · tvm:contraction_abcd_aecf_fbed laeuft [  781s] … 2026-08-01 00:30:03 [INFO] [task_scheduler.cc:195] Sending 64 sample(s) to runner
        · tvm:contraction_abcd_aecf_fbed laeuft [  811s] … 2026-08-01 00:30:03 [INFO] [task_scheduler.cc:195] Sending 64 sample(s) to runner
        · tvm:contraction_abcd_aecf_fbed laeuft [  841s] … 2026-08-01 00:30:03 [INFO] [task_scheduler.cc:195] Sending 64 sample(s) to runner
        · tvm:contraction_abcd_aecf_fbed laeuft [  871s] … 2026-08-01 00:30:03 [INFO] [task_scheduler.cc:195] Sending 64 sample(s) to runner
        · tvm:contraction_abcd_aecf_fbed laeuft [  901s] … 2026-08-01 00:30:03 [INFO] [task_scheduler.cc:195] Sending 64 sample(s) to runner
        · tvm:contraction_abcd_aecf_fbed laeuft [  931s] … 2026-08-01 00:30:03 [INFO] [task_scheduler.cc:195] Sending 64 sample(s) to runner
        · tvm:contraction_abcd_aecf_fbed laeuft [  961s] … 2026-08-01 00:30:03 [INFO] [task_scheduler.cc:195] Sending 64 sample(s) to runner
        · tvm:contraction_abcd_aecf_fbed laeuft [  991s] … 2026-08-01 00:30:03 [INFO] [task_scheduler.cc:195] Sending 64 sample(s) to runner
        · tvm:contraction_abcd_aecf_fbed laeuft [ 1022s] … 2026-08-01 00:30:03 [INFO] [task_scheduler.cc:195] Sending 64 sample(s) to runner
        · tvm:contraction_abcd_aecf_fbed laeuft [ 1052s] … 2026-08-01 00:30:03 [INFO] [task_scheduler.cc:195] Sending 64 sample(s) to runner
        · tvm:contraction_abcd_aecf_fbed laeuft [ 1082s] … 2026-08-01 00:30:03 [INFO] [task_scheduler.cc:195] Sending 64 sample(s) to runner
        · tvm:contraction_abcd_aecf_fbed laeuft [ 1112s] … 2026-08-01 00:30:03 [INFO] [task_scheduler.cc:195] Sending 64 sample(s) to runner
        · tvm:contraction_abcd_aecf_fbed laeuft [ 1142s] … 2026-08-01 00:30:03 [INFO] [task_scheduler.cc:195] Sending 64 sample(s) to runner
        · tvm:contraction_abcd_aecf_fbed laeuft [ 1170s] … 2026-08-01 00:30:03 [INFO] [task_scheduler.cc:195] Sending 64 sample(s) to runner
        · tvm:contraction_abcd_aecf_fbed laeuft [ 1200s] … 2026-08-01 00:30:03 [INFO] [task_scheduler.cc:195] Sending 64 sample(s) to runner
        · tvm:contraction_abcd_aecf_fbed laeuft [ 1230s] … 2026-08-01 00:30:03 [INFO] [task_scheduler.cc:195] Sending 64 sample(s) to runner
        · tvm:contraction_abcd_aecf_fbed laeuft [ 1260s] … 2026-08-01 00:30:03 [INFO] [task_scheduler.cc:195] Sending 64 sample(s) to runner
        · tvm:contraction_abcd_aecf_fbed laeuft [ 1290s] … 2026-08-01 00:30:03 [INFO] [task_scheduler.cc:195] Sending 64 sample(s) to runner
        · tvm:contraction_abcd_aecf_fbed laeuft [ 1321s] … 2026-08-01 00:30:03 [INFO] [task_scheduler.cc:195] Sending 64 sample(s) to runner
        · tvm:contraction_abcd_aecf_fbed laeuft [ 1351s] … 2026-08-01 00:30:03 [INFO] [task_scheduler.cc:195] Sending 64 sample(s) to runner
        · tvm:contraction_abcd_aecf_fbed laeuft [ 1381s] … 2026-08-01 00:30:03 [INFO] [task_scheduler.cc:195] Sending 64 sample(s) to runner
        · tvm:contraction_abcd_aecf_fbed laeuft [ 1411s] … 2026-08-01 00:30:03 [INFO] [task_scheduler.cc:195] Sending 64 sample(s) to runner
        · tvm:contraction_abcd_aecf_fbed laeuft [ 1441s] … 2026-08-01 00:30:03 [INFO] [task_scheduler.cc:195] Sending 64 sample(s) to runner
        · tvm:contraction_abcd_aecf_fbed laeuft [ 1471s] … 2026-08-01 00:54:07 [INFO] [task_scheduler.cc:195] Sending 64 sample(s) to runner
        · tvm:contraction_abcd_aecf_fbed laeuft [ 1501s] … 2026-08-01 00:54:07 [INFO] [task_scheduler.cc:195] Sending 64 sample(s) to runner
        · tvm:contraction_abcd_aecf_fbed laeuft [ 1531s] … 2026-08-01 00:54:07 [INFO] [task_scheduler.cc:195] Sending 64 sample(s) to runner
        · tvm:contraction_abcd_aecf_fbed laeuft [ 1561s] … 2026-08-01 00:54:07 [INFO] [task_scheduler.cc:195] Sending 64 sample(s) to runner
        · tvm:contraction_abcd_aecf_fbed laeuft [ 1592s] … 2026-08-01 00:54:07 [INFO] [task_scheduler.cc:195] Sending 64 sample(s) to runner
        · tvm:contraction_abcd_aecf_fbed laeuft [ 1622s] … 2026-08-01 00:54:07 [INFO] [task_scheduler.cc:195] Sending 64 sample(s) to runner
        · tvm:contraction_abcd_aecf_fbed laeuft [ 1652s] … 2026-08-01 00:54:07 [INFO] [task_scheduler.cc:195] Sending 64 sample(s) to runner
        · tvm:contraction_abcd_aecf_fbed laeuft [ 1682s] … 2026-08-01 00:54:07 [INFO] [task_scheduler.cc:195] Sending 64 sample(s) to runner
        · tvm:contraction_abcd_aecf_fbed laeuft [ 1712s] … 2026-08-01 00:54:07 [INFO] [task_scheduler.cc:195] Sending 64 sample(s) to runner
        · tvm:contraction_abcd_aecf_fbed laeuft [ 1740s] … 2026-08-01 00:54:07 [INFO] [task_scheduler.cc:195] Sending 64 sample(s) to runner
        · tvm:contraction_abcd_aecf_fbed laeuft [ 1770s] … 2026-08-01 00:54:07 [INFO] [task_scheduler.cc:195] Sending 64 sample(s) to runner
        · tvm:contraction_abcd_aecf_fbed laeuft [ 1800s] … 2026-08-01 00:54:07 [INFO] [task_scheduler.cc:195] Sending 64 sample(s) to runner
        · tvm:contraction_abcd_aecf_fbed laeuft [ 1830s] … 2026-08-01 00:54:07 [INFO] [task_scheduler.cc:195] Sending 64 sample(s) to runner
        · tvm:contraction_abcd_aecf_fbed laeuft [ 1860s] … 2026-08-01 00:54:07 [INFO] [task_scheduler.cc:195] Sending 64 sample(s) to runner
        · tvm:contraction_abcd_aecf_fbed laeuft [ 1891s] … 2026-08-01 00:54:07 [INFO] [task_scheduler.cc:195] Sending 64 sample(s) to runner
        · tvm:contraction_abcd_aecf_fbed laeuft [ 1921s] … 2026-08-01 00:54:07 [INFO] [task_scheduler.cc:195] Sending 64 sample(s) to runner
        · tvm:contraction_abcd_aecf_fbed laeuft [ 1951s] … 2026-08-01 00:54:07 [INFO] [task_scheduler.cc:195] Sending 64 sample(s) to runner
        · tvm:contraction_abcd_aecf_fbed laeuft [ 1981s] … 2026-08-01 00:54:07 [INFO] [task_scheduler.cc:195] Sending 64 sample(s) to runner
        · tvm:contraction_abcd_aecf_fbed laeuft [ 2011s] … 2026-08-01 00:54:07 [INFO] [task_scheduler.cc:195] Sending 64 sample(s) to runner
        · tvm:contraction_abcd_aecf_fbed laeuft [ 2041s] … 2026-08-01 00:54:07 [INFO] [task_scheduler.cc:195] Sending 64 sample(s) to runner
        · tvm:contraction_abcd_aecf_fbed laeuft [ 2071s] … 2026-08-01 00:54:07 [INFO] [task_scheduler.cc:195] Sending 64 sample(s) to runner
        · tvm:contraction_abcd_aecf_fbed laeuft [ 2101s] … 2026-08-01 00:54:07 [INFO] [task_scheduler.cc:195] Sending 64 sample(s) to runner
        · tvm:contraction_abcd_aecf_fbed laeuft [ 2131s] … 2026-08-01 00:54:07 [INFO] [task_scheduler.cc:195] Sending 64 sample(s) to runner
        · tvm:contraction_abcd_aecf_fbed laeuft [ 2162s] … 2026-08-01 00:54:07 [INFO] [task_scheduler.cc:195] Sending 64 sample(s) to runner
        · tvm:contraction_abcd_aecf_fbed laeuft [ 2192s] … 2026-08-01 00:54:07 [INFO] [task_scheduler.cc:195] Sending 64 sample(s) to runner
        · tvm:contraction_abcd_aecf_fbed laeuft [ 2222s] … 2026-08-01 00:54:07 [INFO] [task_scheduler.cc:195] Sending 64 sample(s) to runner
        · tvm:contraction_abcd_aecf_fbed laeuft [ 2252s] … 2026-08-01 00:54:07 [INFO] [task_scheduler.cc:195] Sending 64 sample(s) to runner
        · tvm:contraction_abcd_aecf_fbed laeuft [ 2282s] … 2026-08-01 00:54:07 [INFO] [task_scheduler.cc:195] Sending 64 sample(s) to runner
        · tvm:contraction_abcd_aecf_fbed laeuft [ 2310s] … 2026-08-01 00:54:07 [INFO] [task_scheduler.cc:195] Sending 64 sample(s) to runner
        · tvm:contraction_abcd_aecf_fbed laeuft [ 2340s] … 2026-08-01 00:54:07 [INFO] [task_scheduler.cc:195] Sending 64 sample(s) to runner
        · tvm:contraction_abcd_aecf_fbed laeuft [ 2370s] … 2026-08-01 00:54:07 [INFO] [task_scheduler.cc:195] Sending 64 sample(s) to runner
        · tvm:contraction_abcd_aecf_fbed laeuft [ 2400s] … 2026-08-01 00:54:07 [INFO] [task_scheduler.cc:195] Sending 64 sample(s) to runner
        · tvm:contraction_abcd_aecf_fbed laeuft [ 2431s] … 2026-08-01 00:54:07 [INFO] [task_scheduler.cc:195] Sending 64 sample(s) to runner
        · tvm:contraction_abcd_aecf_fbed laeuft [ 2461s] … 2026-08-01 00:54:07 [INFO] [task_scheduler.cc:195] Sending 64 sample(s) to runner
        · tvm:contraction_abcd_aecf_fbed laeuft [ 2491s] … 2026-08-01 00:54:07 [INFO] [task_scheduler.cc:195] Sending 64 sample(s) to runner
        · tvm:contraction_abcd_aecf_fbed laeuft [ 2521s] … 2026-08-01 00:54:07 [INFO] [task_scheduler.cc:195] Sending 64 sample(s) to runner
        · tvm:contraction_abcd_aecf_fbed laeuft [ 2551s] … 2026-08-01 00:54:07 [INFO] [task_scheduler.cc:195] Sending 64 sample(s) to runner
        · tvm:contraction_abcd_aecf_fbed laeuft [ 2581s] … 2026-08-01 00:54:07 [INFO] [task_scheduler.cc:195] Sending 64 sample(s) to runner
        · tvm:contraction_abcd_aecf_fbed laeuft [ 2611s] … 2026-08-01 00:54:07 [INFO] [task_scheduler.cc:195] Sending 64 sample(s) to runner
        · tvm:contraction_abcd_aecf_fbed laeuft [ 2641s] … 2026-08-01 00:54:07 [INFO] [task_scheduler.cc:195] Sending 64 sample(s) to runner
        · tvm:contraction_abcd_aecf_fbed laeuft [ 2671s] … 2026-08-01 00:54:07 [INFO] [task_scheduler.cc:195] Sending 64 sample(s) to runner
        · tvm:contraction_abcd_aecf_fbed laeuft [ 2701s] … 2026-08-01 00:54:07 [INFO] [task_scheduler.cc:195] Sending 64 sample(s) to runner
        · tvm:contraction_abcd_aecf_fbed laeuft [ 2732s] … 2026-08-01 00:54:07 [INFO] [task_scheduler.cc:195] Sending 64 sample(s) to runner
        · tvm:contraction_abcd_aecf_fbed laeuft [ 2762s] … 2026-08-01 00:54:07 [INFO] [task_scheduler.cc:195] Sending 64 sample(s) to runner
        · tvm:contraction_abcd_aecf_fbed laeuft [ 2792s] … 2026-08-01 00:54:07 [INFO] [task_scheduler.cc:195] Sending 64 sample(s) to runner
        · tvm:contraction_abcd_aecf_fbed laeuft [ 2822s] … 2026-08-01 00:54:07 [INFO] [task_scheduler.cc:195] Sending 64 sample(s) to runner
        · tvm:contraction_abcd_aecf_fbed laeuft [ 2850s] … 2026-08-01 00:54:07 [INFO] [task_scheduler.cc:195] Sending 64 sample(s) to runner
        · tvm:contraction_abcd_aecf_fbed laeuft [ 2880s] … 2026-08-01 00:54:07 [INFO] [task_scheduler.cc:195] Sending 64 sample(s) to runner
        · tvm:contraction_abcd_aecf_fbed laeuft [ 2910s] … 2026-08-01 00:54:07 [INFO] [task_scheduler.cc:195] Sending 64 sample(s) to runner
        · tvm:contraction_abcd_aecf_fbed laeuft [ 2940s] … 2026-08-01 00:54:07 [INFO] [task_scheduler.cc:195] Sending 64 sample(s) to runner
        · tvm:contraction_abcd_aecf_fbed laeuft [ 2970s] … 2026-08-01 01:19:13 [INFO] [task_scheduler.cc:195] Sending 64 sample(s) to runner
        · tvm:contraction_abcd_aecf_fbed laeuft [ 3001s] … 2026-08-01 01:19:13 [INFO] [task_scheduler.cc:195] Sending 64 sample(s) to runner
        · tvm:contraction_abcd_aecf_fbed laeuft [ 3031s] … 2026-08-01 01:19:13 [INFO] [task_scheduler.cc:195] Sending 64 sample(s) to runner
        · tvm:contraction_abcd_aecf_fbed laeuft [ 3061s] … 2026-08-01 01:19:13 [INFO] [task_scheduler.cc:195] Sending 64 sample(s) to runner
        · tvm:contraction_abcd_aecf_fbed laeuft [ 3091s] … 2026-08-01 01:19:13 [INFO] [task_scheduler.cc:195] Sending 64 sample(s) to runner
        · tvm:contraction_abcd_aecf_fbed laeuft [ 3121s] … 2026-08-01 01:19:13 [INFO] [task_scheduler.cc:195] Sending 64 sample(s) to runner
        · tvm:contraction_abcd_aecf_fbed laeuft [ 3151s] … 2026-08-01 01:19:13 [INFO] [task_scheduler.cc:195] Sending 64 sample(s) to runner
        · tvm:contraction_abcd_aecf_fbed laeuft [ 3181s] … 2026-08-01 01:19:13 [INFO] [task_scheduler.cc:195] Sending 64 sample(s) to runner
        · tvm:contraction_abcd_aecf_fbed laeuft [ 3211s] … 2026-08-01 01:19:13 [INFO] [task_scheduler.cc:195] Sending 64 sample(s) to runner
        · tvm:contraction_abcd_aecf_fbed laeuft [ 3241s] … 2026-08-01 01:19:13 [INFO] [task_scheduler.cc:195] Sending 64 sample(s) to runner
        · tvm:contraction_abcd_aecf_fbed laeuft [ 3271s] … 2026-08-01 01:19:13 [INFO] [task_scheduler.cc:195] Sending 64 sample(s) to runner
        · tvm:contraction_abcd_aecf_fbed laeuft [ 3301s] … 2026-08-01 01:19:13 [INFO] [task_scheduler.cc:195] Sending 64 sample(s) to runner
        · tvm:contraction_abcd_aecf_fbed laeuft [ 3331s] … 2026-08-01 01:19:13 [INFO] [task_scheduler.cc:195] Sending 64 sample(s) to runner
        · tvm:contraction_abcd_aecf_fbed laeuft [ 3361s] … 2026-08-01 01:19:13 [INFO] [task_scheduler.cc:195] Sending 64 sample(s) to runner
        · tvm:contraction_abcd_aecf_fbed laeuft [ 3391s] … 2026-08-01 01:19:13 [INFO] [task_scheduler.cc:195] Sending 64 sample(s) to runner
        · tvm:contraction_abcd_aecf_fbed laeuft [ 3421s] … 2026-08-01 01:19:13 [INFO] [task_scheduler.cc:195] Sending 64 sample(s) to runner
        · tvm:contraction_abcd_aecf_fbed laeuft [ 3451s] … 2026-08-01 01:19:13 [INFO] [task_scheduler.cc:195] Sending 64 sample(s) to runner
        · tvm:contraction_abcd_aecf_fbed laeuft [ 3481s] … 2026-08-01 01:19:13 [INFO] [task_scheduler.cc:195] Sending 64 sample(s) to runner
        · tvm:contraction_abcd_aecf_fbed laeuft [ 3512s] … 2026-08-01 01:19:13 [INFO] [task_scheduler.cc:195] Sending 64 sample(s) to runner
        · tvm:contraction_abcd_aecf_fbed laeuft [ 3542s] … 2026-08-01 01:19:13 [INFO] [task_scheduler.cc:195] Sending 64 sample(s) to runner
        · tvm:contraction_abcd_aecf_fbed laeuft [ 3572s] … 2026-08-01 01:19:13 [INFO] [task_scheduler.cc:195] Sending 64 sample(s) to runner
        · tvm:contraction_abcd_aecf_fbed laeuft [ 3602s] … 2026-08-01 01:19:13 [INFO] [task_scheduler.cc:195] Sending 64 sample(s) to runner
        · tvm:contraction_abcd_aecf_fbed laeuft [ 3632s] … 2026-08-01 01:19:13 [INFO] [task_scheduler.cc:195] Sending 64 sample(s) to runner
        · tvm:contraction_abcd_aecf_fbed laeuft [ 3660s] … 2026-08-01 01:19:13 [INFO] [task_scheduler.cc:195] Sending 64 sample(s) to runner
        · tvm:contraction_abcd_aecf_fbed laeuft [ 3690s] … 2026-08-01 01:19:13 [INFO] [task_scheduler.cc:195] Sending 64 sample(s) to runner
        · tvm:contraction_abcd_aecf_fbed laeuft [ 3720s] … 2026-08-01 01:19:13 [INFO] [task_scheduler.cc:195] Sending 64 sample(s) to runner
        · tvm:contraction_abcd_aecf_fbed laeuft [ 3750s] … 2026-08-01 01:19:13 [INFO] [task_scheduler.cc:195] Sending 64 sample(s) to runner
        · tvm:contraction_abcd_aecf_fbed laeuft [ 3781s] … 2026-08-01 01:19:13 [INFO] [task_scheduler.cc:195] Sending 64 sample(s) to runner
        · tvm:contraction_abcd_aecf_fbed laeuft [ 3811s] … 2026-08-01 01:19:13 [INFO] [task_scheduler.cc:195] Sending 64 sample(s) to runner
        · tvm:contraction_abcd_aecf_fbed laeuft [ 3841s] … 2026-08-01 01:19:13 [INFO] [task_scheduler.cc:195] Sending 64 sample(s) to runner
        · tvm:contraction_abcd_aecf_fbed laeuft [ 3871s] … 2026-08-01 01:19:13 [INFO] [task_scheduler.cc:195] Sending 64 sample(s) to runner
        · tvm:contraction_abcd_aecf_fbed laeuft [ 3901s] … 2026-08-01 01:19:13 [INFO] [task_scheduler.cc:195] Sending 64 sample(s) to runner
        · tvm:contraction_abcd_aecf_fbed laeuft [ 3931s] … 2026-08-01 01:19:13 [INFO] [task_scheduler.cc:195] Sending 64 sample(s) to runner
        · tvm:contraction_abcd_aecf_fbed laeuft [ 3961s] … 2026-08-01 01:19:13 [INFO] [task_scheduler.cc:195] Sending 64 sample(s) to runner
        · tvm:contraction_abcd_aecf_fbed laeuft [ 3991s] … 2026-08-01 01:19:13 [INFO] [task_scheduler.cc:195] Sending 64 sample(s) to runner
        · tvm:contraction_abcd_aecf_fbed laeuft [ 4021s] … 2026-08-01 01:19:13 [INFO] [task_scheduler.cc:195] Sending 64 sample(s) to runner
        · tvm:contraction_abcd_aecf_fbed laeuft [ 4051s] … 2026-08-01 01:19:13 [INFO] [task_scheduler.cc:195] Sending 64 sample(s) to runner
        · tvm:contraction_abcd_aecf_fbed laeuft [ 4082s] … 2026-08-01 01:19:13 [INFO] [task_scheduler.cc:195] Sending 64 sample(s) to runner
        · tvm:contraction_abcd_aecf_fbed laeuft [ 4112s] … 2026-08-01 01:19:13 [INFO] [task_scheduler.cc:195] Sending 64 sample(s) to runner
        · tvm:contraction_abcd_aecf_fbed laeuft [ 4142s] … 2026-08-01 01:19:13 [INFO] [task_scheduler.cc:195] Sending 64 sample(s) to runner
        · tvm:contraction_abcd_aecf_fbed laeuft [ 4172s] … 2026-08-01 01:19:13 [INFO] [task_scheduler.cc:195] Sending 64 sample(s) to runner
        · tvm:contraction_abcd_aecf_fbed laeuft [ 4202s] … 2026-08-01 01:19:13 [INFO] [task_scheduler.cc:195] Sending 64 sample(s) to runner
        · tvm:contraction_abcd_aecf_fbed laeuft [ 4232s] … 2026-08-01 01:19:13 [INFO] [task_scheduler.cc:195] Sending 64 sample(s) to runner
        · tvm:contraction_abcd_aecf_fbed laeuft [ 4260s] … 2026-08-01 01:19:13 [INFO] [task_scheduler.cc:195] Sending 64 sample(s) to runner
        · tvm:contraction_abcd_aecf_fbed laeuft [ 4290s] … 2026-08-01 01:19:13 [INFO] [task_scheduler.cc:195] Sending 64 sample(s) to runner
        · tvm:contraction_abcd_aecf_fbed laeuft [ 4320s] … 2026-08-01 01:19:13 [INFO] [task_scheduler.cc:195] Sending 64 sample(s) to runner
        · tvm:contraction_abcd_aecf_fbed laeuft [ 4350s] … 2026-08-01 01:19:13 [INFO] [task_scheduler.cc:195] Sending 64 sample(s) to runner
        · tvm:contraction_abcd_aecf_fbed laeuft [ 4380s] … 2026-08-01 01:19:13 [INFO] [task_scheduler.cc:195] Sending 64 sample(s) to runner
        · tvm:contraction_abcd_aecf_fbed laeuft [ 4411s] … 2026-08-01 01:19:13 [INFO] [task_scheduler.cc:195] Sending 64 sample(s) to runner
        · tvm:contraction_abcd_aecf_fbed laeuft [ 4441s] … 2026-08-01 01:19:13 [INFO] [task_scheduler.cc:195] Sending 64 sample(s) to runner
        · tvm:contraction_abcd_aecf_fbed laeuft [ 4471s] … 2026-08-01 01:44:23 [INFO] [task_scheduler.cc:195] Sending 8 sample(s) to runner
        · tvm:contraction_abcd_aecf_fbed laeuft [ 4501s] … 2026-08-01 01:44:23 [INFO] [task_scheduler.cc:195] Sending 8 sample(s) to runner
        · tvm:contraction_abcd_aecf_fbed laeuft [ 4531s] … 2026-08-01 01:44:23 [INFO] [task_scheduler.cc:195] Sending 8 sample(s) to runner
        · tvm:contraction_abcd_aecf_fbed laeuft [ 4561s] … 2026-08-01 01:44:23 [INFO] [task_scheduler.cc:195] Sending 8 sample(s) to runner
        · tvm:contraction_abcd_aecf_fbed laeuft [ 4591s] … 2026-08-01 01:44:23 [INFO] [task_scheduler.cc:195] Sending 8 sample(s) to runner
        · tvm:contraction_abcd_aecf_fbed laeuft [ 4621s] … Total latency (us): 1.60941e+06
        · tvm:contraction_abcd_aecf_fbed laeuft [ 4651s] … Total latency (us): 1.60941e+06
        · tvm:contraction_abcd_aecf_fbed laeuft [ 4682s] … Total latency (us): 1.60941e+06
        · tvm:contraction_abcd_aecf_fbed laeuft [ 4712s] … Total latency (us): 1.60941e+06
        · tvm:contraction_abcd_aecf_fbed laeuft [ 4742s] … Total latency (us): 1.60941e+06
        · tvm:contraction_abcd_aecf_fbed laeuft [ 4772s] … Total latency (us): 1.60941e+06
        · tvm:contraction_abcd_aecf_fbed laeuft [ 4802s] … Total latency (us): 1.60941e+06
  [tvm] 23/48 contraction_abcd_aecf_fbed             440.3 GFLOPS [ok]              4816s  DONE @ 2026-08-01 01:50:10
  [tvm] 24/48 contraction_abcd_aedf_bfce             ... START @ 2026-08-01 01:50:10
        · tvm:contraction_abcd_aedf_bfce laeuft [   30s] … 2026-08-01 01:50:24 [INFO] [task_scheduler.cc:195] Sending 64 sample(s) to runner
        · tvm:contraction_abcd_aedf_bfce laeuft [   60s] … 2026-08-01 01:50:24 [INFO] [task_scheduler.cc:195] Sending 64 sample(s) to runner
        · tvm:contraction_abcd_aedf_bfce laeuft [   90s] … 2026-08-01 01:50:24 [INFO] [task_scheduler.cc:195] Sending 64 sample(s) to runner
        · tvm:contraction_abcd_aedf_bfce laeuft [  120s] … 2026-08-01 01:50:24 [INFO] [task_scheduler.cc:195] Sending 64 sample(s) to runner
        · tvm:contraction_abcd_aedf_bfce laeuft [  151s] … 2026-08-01 01:50:24 [INFO] [task_scheduler.cc:195] Sending 64 sample(s) to runner
        · tvm:contraction_abcd_aedf_bfce laeuft [  181s] … 2026-08-01 01:50:24 [INFO] [task_scheduler.cc:195] Sending 64 sample(s) to runner
        · tvm:contraction_abcd_aedf_bfce laeuft [  211s] … 2026-08-01 01:50:24 [INFO] [task_scheduler.cc:195] Sending 64 sample(s) to runner
        · tvm:contraction_abcd_aedf_bfce laeuft [  241s] … 2026-08-01 01:50:24 [INFO] [task_scheduler.cc:195] Sending 64 sample(s) to runner
        · tvm:contraction_abcd_aedf_bfce laeuft [  271s] … 2026-08-01 01:50:24 [INFO] [task_scheduler.cc:195] Sending 64 sample(s) to runner
        · tvm:contraction_abcd_aedf_bfce laeuft [  301s] … 2026-08-01 01:50:24 [INFO] [task_scheduler.cc:195] Sending 64 sample(s) to runner
        · tvm:contraction_abcd_aedf_bfce laeuft [  331s] … 2026-08-01 01:50:24 [INFO] [task_scheduler.cc:195] Sending 64 sample(s) to runner
        · tvm:contraction_abcd_aedf_bfce laeuft [  361s] … 2026-08-01 01:50:24 [INFO] [task_scheduler.cc:195] Sending 64 sample(s) to runner
        · tvm:contraction_abcd_aedf_bfce laeuft [  391s] … 2026-08-01 01:50:24 [INFO] [task_scheduler.cc:195] Sending 64 sample(s) to runner
        · tvm:contraction_abcd_aedf_bfce laeuft [  422s] … 2026-08-01 01:50:24 [INFO] [task_scheduler.cc:195] Sending 64 sample(s) to runner
        · tvm:contraction_abcd_aedf_bfce laeuft [  452s] … 2026-08-01 01:50:24 [INFO] [task_scheduler.cc:195] Sending 64 sample(s) to runner
        · tvm:contraction_abcd_aedf_bfce laeuft [  482s] … 2026-08-01 01:50:24 [INFO] [task_scheduler.cc:195] Sending 64 sample(s) to runner
        · tvm:contraction_abcd_aedf_bfce laeuft [  512s] … 2026-08-01 01:50:24 [INFO] [task_scheduler.cc:195] Sending 64 sample(s) to runner
        · tvm:contraction_abcd_aedf_bfce laeuft [  542s] … 2026-08-01 01:50:24 [INFO] [task_scheduler.cc:195] Sending 64 sample(s) to runner
        · tvm:contraction_abcd_aedf_bfce laeuft [  570s] … 2026-08-01 01:50:24 [INFO] [task_scheduler.cc:195] Sending 64 sample(s) to runner
        · tvm:contraction_abcd_aedf_bfce laeuft [  600s] … 2026-08-01 01:50:24 [INFO] [task_scheduler.cc:195] Sending 64 sample(s) to runner
        · tvm:contraction_abcd_aedf_bfce laeuft [  630s] … 2026-08-01 01:50:24 [INFO] [task_scheduler.cc:195] Sending 64 sample(s) to runner
        · tvm:contraction_abcd_aedf_bfce laeuft [  660s] … 2026-08-01 01:50:24 [INFO] [task_scheduler.cc:195] Sending 64 sample(s) to runner
        · tvm:contraction_abcd_aedf_bfce laeuft [  691s] … 2026-08-01 01:50:24 [INFO] [task_scheduler.cc:195] Sending 64 sample(s) to runner
        · tvm:contraction_abcd_aedf_bfce laeuft [  721s] … 2026-08-01 01:50:24 [INFO] [task_scheduler.cc:195] Sending 64 sample(s) to runner
        · tvm:contraction_abcd_aedf_bfce laeuft [  751s] … 2026-08-01 01:50:24 [INFO] [task_scheduler.cc:195] Sending 64 sample(s) to runner
        · tvm:contraction_abcd_aedf_bfce laeuft [  781s] … 2026-08-01 01:50:24 [INFO] [task_scheduler.cc:195] Sending 64 sample(s) to runner
        · tvm:contraction_abcd_aedf_bfce laeuft [  811s] … 2026-08-01 01:50:24 [INFO] [task_scheduler.cc:195] Sending 64 sample(s) to runner
        · tvm:contraction_abcd_aedf_bfce laeuft [  841s] … 2026-08-01 01:50:24 [INFO] [task_scheduler.cc:195] Sending 64 sample(s) to runner
        · tvm:contraction_abcd_aedf_bfce laeuft [  871s] … 2026-08-01 01:50:24 [INFO] [task_scheduler.cc:195] Sending 64 sample(s) to runner
        · tvm:contraction_abcd_aedf_bfce laeuft [  901s] … 2026-08-01 01:50:24 [INFO] [task_scheduler.cc:195] Sending 64 sample(s) to runner
        · tvm:contraction_abcd_aedf_bfce laeuft [  932s] … 2026-08-01 01:50:24 [INFO] [task_scheduler.cc:195] Sending 64 sample(s) to runner
        · tvm:contraction_abcd_aedf_bfce laeuft [  962s] … 2026-08-01 01:50:24 [INFO] [task_scheduler.cc:195] Sending 64 sample(s) to runner
        · tvm:contraction_abcd_aedf_bfce laeuft [  992s] … 2026-08-01 01:50:24 [INFO] [task_scheduler.cc:195] Sending 64 sample(s) to runner
        · tvm:contraction_abcd_aedf_bfce laeuft [ 1022s] … 2026-08-01 01:50:24 [INFO] [task_scheduler.cc:195] Sending 64 sample(s) to runner
        · tvm:contraction_abcd_aedf_bfce laeuft [ 1052s] … 2026-08-01 01:50:24 [INFO] [task_scheduler.cc:195] Sending 64 sample(s) to runner
        · tvm:contraction_abcd_aedf_bfce laeuft [ 1080s] … 2026-08-01 01:50:24 [INFO] [task_scheduler.cc:195] Sending 64 sample(s) to runner
        · tvm:contraction_abcd_aedf_bfce laeuft [ 1110s] … 2026-08-01 01:50:24 [INFO] [task_scheduler.cc:195] Sending 64 sample(s) to runner
        · tvm:contraction_abcd_aedf_bfce laeuft [ 1140s] … 2026-08-01 01:50:24 [INFO] [task_scheduler.cc:195] Sending 64 sample(s) to runner
        · tvm:contraction_abcd_aedf_bfce laeuft [ 1170s] … 2026-08-01 01:50:24 [INFO] [task_scheduler.cc:195] Sending 64 sample(s) to runner
        · tvm:contraction_abcd_aedf_bfce laeuft [ 1201s] … 2026-08-01 01:50:24 [INFO] [task_scheduler.cc:195] Sending 64 sample(s) to runner
        · tvm:contraction_abcd_aedf_bfce laeuft [ 1231s] … 2026-08-01 01:50:24 [INFO] [task_scheduler.cc:195] Sending 64 sample(s) to runner
        · tvm:contraction_abcd_aedf_bfce laeuft [ 1261s] … 2026-08-01 01:50:24 [INFO] [task_scheduler.cc:195] Sending 64 sample(s) to runner
        · tvm:contraction_abcd_aedf_bfce laeuft [ 1291s] … 2026-08-01 01:50:24 [INFO] [task_scheduler.cc:195] Sending 64 sample(s) to runner
        · tvm:contraction_abcd_aedf_bfce laeuft [ 1321s] … 2026-08-01 01:50:24 [INFO] [task_scheduler.cc:195] Sending 64 sample(s) to runner
        · tvm:contraction_abcd_aedf_bfce laeuft [ 1351s] … 2026-08-01 01:50:24 [INFO] [task_scheduler.cc:195] Sending 64 sample(s) to runner
        · tvm:contraction_abcd_aedf_bfce laeuft [ 1381s] … 2026-08-01 01:50:24 [INFO] [task_scheduler.cc:195] Sending 64 sample(s) to runner
        · tvm:contraction_abcd_aedf_bfce laeuft [ 1411s] … 2026-08-01 01:50:24 [INFO] [task_scheduler.cc:195] Sending 64 sample(s) to runner
        · tvm:contraction_abcd_aedf_bfce laeuft [ 1441s] … 2026-08-01 01:50:24 [INFO] [task_scheduler.cc:195] Sending 64 sample(s) to runner
        · tvm:contraction_abcd_aedf_bfce laeuft [ 1472s] … 2026-08-01 01:50:24 [INFO] [task_scheduler.cc:195] Sending 64 sample(s) to runner
        · tvm:contraction_abcd_aedf_bfce laeuft [ 1502s] … 2026-08-01 01:50:24 [INFO] [task_scheduler.cc:195] Sending 64 sample(s) to runner
        · tvm:contraction_abcd_aedf_bfce laeuft [ 1532s] … 2026-08-01 01:50:24 [INFO] [task_scheduler.cc:195] Sending 64 sample(s) to runner
        · tvm:contraction_abcd_aedf_bfce laeuft [ 1562s] … 2026-08-01 01:50:24 [INFO] [task_scheduler.cc:195] Sending 64 sample(s) to runner
        · tvm:contraction_abcd_aedf_bfce laeuft [ 1590s] … 2026-08-01 01:50:24 [INFO] [task_scheduler.cc:195] Sending 64 sample(s) to runner
        · tvm:contraction_abcd_aedf_bfce laeuft [ 1620s] … 2026-08-01 01:50:24 [INFO] [task_scheduler.cc:195] Sending 64 sample(s) to runner
        · tvm:contraction_abcd_aedf_bfce laeuft [ 1650s] … 2026-08-01 01:50:24 [INFO] [task_scheduler.cc:195] Sending 64 sample(s) to runner
        · tvm:contraction_abcd_aedf_bfce laeuft [ 1680s] … 2026-08-01 02:18:01 [INFO] [task_scheduler.cc:195] Sending 64 sample(s) to runner
        · tvm:contraction_abcd_aedf_bfce laeuft [ 1711s] … 2026-08-01 02:18:01 [INFO] [task_scheduler.cc:195] Sending 64 sample(s) to runner
        · tvm:contraction_abcd_aedf_bfce laeuft [ 1741s] … 2026-08-01 02:18:01 [INFO] [task_scheduler.cc:195] Sending 64 sample(s) to runner
        · tvm:contraction_abcd_aedf_bfce laeuft [ 1771s] … 2026-08-01 02:18:01 [INFO] [task_scheduler.cc:195] Sending 64 sample(s) to runner
        · tvm:contraction_abcd_aedf_bfce laeuft [ 1801s] … 2026-08-01 02:18:01 [INFO] [task_scheduler.cc:195] Sending 64 sample(s) to runner
        · tvm:contraction_abcd_aedf_bfce laeuft [ 1831s] … 2026-08-01 02:18:01 [INFO] [task_scheduler.cc:195] Sending 64 sample(s) to runner
        · tvm:contraction_abcd_aedf_bfce laeuft [ 1861s] … 2026-08-01 02:18:01 [INFO] [task_scheduler.cc:195] Sending 64 sample(s) to runner
        · tvm:contraction_abcd_aedf_bfce laeuft [ 1891s] … 2026-08-01 02:18:01 [INFO] [task_scheduler.cc:195] Sending 64 sample(s) to runner
        · tvm:contraction_abcd_aedf_bfce laeuft [ 1921s] … 2026-08-01 02:18:01 [INFO] [task_scheduler.cc:195] Sending 64 sample(s) to runner
        · tvm:contraction_abcd_aedf_bfce laeuft [ 1951s] … 2026-08-01 02:18:01 [INFO] [task_scheduler.cc:195] Sending 64 sample(s) to runner
        · tvm:contraction_abcd_aedf_bfce laeuft [ 1982s] … 2026-08-01 02:18:01 [INFO] [task_scheduler.cc:195] Sending 64 sample(s) to runner
        · tvm:contraction_abcd_aedf_bfce laeuft [ 2012s] … 2026-08-01 02:18:01 [INFO] [task_scheduler.cc:195] Sending 64 sample(s) to runner
        · tvm:contraction_abcd_aedf_bfce laeuft [ 2042s] … 2026-08-01 02:18:01 [INFO] [task_scheduler.cc:195] Sending 64 sample(s) to runner
        · tvm:contraction_abcd_aedf_bfce laeuft [ 2072s] … 2026-08-01 02:18:01 [INFO] [task_scheduler.cc:195] Sending 64 sample(s) to runner
        · tvm:contraction_abcd_aedf_bfce laeuft [ 2102s] … 2026-08-01 02:18:01 [INFO] [task_scheduler.cc:195] Sending 64 sample(s) to runner
        · tvm:contraction_abcd_aedf_bfce laeuft [ 2130s] … 2026-08-01 02:18:01 [INFO] [task_scheduler.cc:195] Sending 64 sample(s) to runner
        · tvm:contraction_abcd_aedf_bfce laeuft [ 2160s] … 2026-08-01 02:18:01 [INFO] [task_scheduler.cc:195] Sending 64 sample(s) to runner
        · tvm:contraction_abcd_aedf_bfce laeuft [ 2190s] … 2026-08-01 02:18:01 [INFO] [task_scheduler.cc:195] Sending 64 sample(s) to runner
        · tvm:contraction_abcd_aedf_bfce laeuft [ 2220s] … 2026-08-01 02:18:01 [INFO] [task_scheduler.cc:195] Sending 64 sample(s) to runner
        · tvm:contraction_abcd_aedf_bfce laeuft [ 2250s] … 2026-08-01 02:18:01 [INFO] [task_scheduler.cc:195] Sending 64 sample(s) to runner
        · tvm:contraction_abcd_aedf_bfce laeuft [ 2281s] … 2026-08-01 02:18:01 [INFO] [task_scheduler.cc:195] Sending 64 sample(s) to runner
        · tvm:contraction_abcd_aedf_bfce laeuft [ 2311s] … 2026-08-01 02:18:01 [INFO] [task_scheduler.cc:195] Sending 64 sample(s) to runner
        · tvm:contraction_abcd_aedf_bfce laeuft [ 2341s] … 2026-08-01 02:18:01 [INFO] [task_scheduler.cc:195] Sending 64 sample(s) to runner
        · tvm:contraction_abcd_aedf_bfce laeuft [ 2371s] … 2026-08-01 02:18:01 [INFO] [task_scheduler.cc:195] Sending 64 sample(s) to runner
        · tvm:contraction_abcd_aedf_bfce laeuft [ 2401s] … 2026-08-01 02:18:01 [INFO] [task_scheduler.cc:195] Sending 64 sample(s) to runner
        · tvm:contraction_abcd_aedf_bfce laeuft [ 2431s] … 2026-08-01 02:18:01 [INFO] [task_scheduler.cc:195] Sending 64 sample(s) to runner
        · tvm:contraction_abcd_aedf_bfce laeuft [ 2461s] … 2026-08-01 02:18:01 [INFO] [task_scheduler.cc:195] Sending 64 sample(s) to runner
        · tvm:contraction_abcd_aedf_bfce laeuft [ 2491s] … 2026-08-01 02:18:01 [INFO] [task_scheduler.cc:195] Sending 64 sample(s) to runner
        · tvm:contraction_abcd_aedf_bfce laeuft [ 2521s] … 2026-08-01 02:18:01 [INFO] [task_scheduler.cc:195] Sending 64 sample(s) to runner
        · tvm:contraction_abcd_aedf_bfce laeuft [ 2551s] … 2026-08-01 02:18:01 [INFO] [task_scheduler.cc:195] Sending 64 sample(s) to runner
        · tvm:contraction_abcd_aedf_bfce laeuft [ 2581s] … 2026-08-01 02:18:01 [INFO] [task_scheduler.cc:195] Sending 64 sample(s) to runner
        · tvm:contraction_abcd_aedf_bfce laeuft [ 2612s] … 2026-08-01 02:18:01 [INFO] [task_scheduler.cc:195] Sending 64 sample(s) to runner
        · tvm:contraction_abcd_aedf_bfce laeuft [ 2642s] … 2026-08-01 02:18:01 [INFO] [task_scheduler.cc:195] Sending 64 sample(s) to runner
        · tvm:contraction_abcd_aedf_bfce laeuft [ 2672s] … 2026-08-01 02:18:01 [INFO] [task_scheduler.cc:195] Sending 64 sample(s) to runner
        · tvm:contraction_abcd_aedf_bfce laeuft [ 2702s] … 2026-08-01 02:18:01 [INFO] [task_scheduler.cc:195] Sending 64 sample(s) to runner
        · tvm:contraction_abcd_aedf_bfce laeuft [ 2732s] … 2026-08-01 02:18:01 [INFO] [task_scheduler.cc:195] Sending 64 sample(s) to runner
        · tvm:contraction_abcd_aedf_bfce laeuft [ 2762s] … 2026-08-01 02:18:01 [INFO] [task_scheduler.cc:195] Sending 64 sample(s) to runner
        · tvm:contraction_abcd_aedf_bfce laeuft [ 2792s] … 2026-08-01 02:18:01 [INFO] [task_scheduler.cc:195] Sending 64 sample(s) to runner
        · tvm:contraction_abcd_aedf_bfce laeuft [ 2822s] … 2026-08-01 02:18:01 [INFO] [task_scheduler.cc:195] Sending 64 sample(s) to runner
        · tvm:contraction_abcd_aedf_bfce laeuft [ 2850s] … 2026-08-01 02:18:01 [INFO] [task_scheduler.cc:195] Sending 64 sample(s) to runner
        · tvm:contraction_abcd_aedf_bfce laeuft [ 2880s] … 2026-08-01 02:18:01 [INFO] [task_scheduler.cc:195] Sending 64 sample(s) to runner
        · tvm:contraction_abcd_aedf_bfce laeuft [ 2910s] … 2026-08-01 02:18:01 [INFO] [task_scheduler.cc:195] Sending 64 sample(s) to runner
        · tvm:contraction_abcd_aedf_bfce laeuft [ 2940s] … 2026-08-01 02:18:01 [INFO] [task_scheduler.cc:195] Sending 64 sample(s) to runner
        · tvm:contraction_abcd_aedf_bfce laeuft [ 2970s] … 2026-08-01 02:18:01 [INFO] [task_scheduler.cc:195] Sending 64 sample(s) to runner
        · tvm:contraction_abcd_aedf_bfce laeuft [ 3000s] … 2026-08-01 02:18:01 [INFO] [task_scheduler.cc:195] Sending 64 sample(s) to runner
        · tvm:contraction_abcd_aedf_bfce laeuft [ 3030s] … 2026-08-01 02:18:01 [INFO] [task_scheduler.cc:195] Sending 64 sample(s) to runner
        · tvm:contraction_abcd_aedf_bfce laeuft [ 3060s] … 2026-08-01 02:18:01 [INFO] [task_scheduler.cc:195] Sending 64 sample(s) to runner
        · tvm:contraction_abcd_aedf_bfce laeuft [ 3091s] … 2026-08-01 02:18:01 [INFO] [task_scheduler.cc:195] Sending 64 sample(s) to runner
        · tvm:contraction_abcd_aedf_bfce laeuft [ 3121s] … 2026-08-01 02:18:01 [INFO] [task_scheduler.cc:195] Sending 64 sample(s) to runner
        · tvm:contraction_abcd_aedf_bfce laeuft [ 3151s] … 2026-08-01 02:18:01 [INFO] [task_scheduler.cc:195] Sending 64 sample(s) to runner
        · tvm:contraction_abcd_aedf_bfce laeuft [ 3181s] … 2026-08-01 02:18:01 [INFO] [task_scheduler.cc:195] Sending 64 sample(s) to runner
        · tvm:contraction_abcd_aedf_bfce laeuft [ 3211s] … 2026-08-01 02:18:01 [INFO] [task_scheduler.cc:195] Sending 64 sample(s) to runner
        · tvm:contraction_abcd_aedf_bfce laeuft [ 3241s] … 2026-08-01 02:18:01 [INFO] [task_scheduler.cc:195] Sending 64 sample(s) to runner
        · tvm:contraction_abcd_aedf_bfce laeuft [ 3271s] … 2026-08-01 02:44:39 [INFO] [task_scheduler.cc:195] Sending 64 sample(s) to runner
        · tvm:contraction_abcd_aedf_bfce laeuft [ 3301s] … 2026-08-01 02:44:39 [INFO] [task_scheduler.cc:195] Sending 64 sample(s) to runner
        · tvm:contraction_abcd_aedf_bfce laeuft [ 3331s] … 2026-08-01 02:44:39 [INFO] [task_scheduler.cc:195] Sending 64 sample(s) to runner
        · tvm:contraction_abcd_aedf_bfce laeuft [ 3361s] … 2026-08-01 02:44:39 [INFO] [task_scheduler.cc:195] Sending 64 sample(s) to runner
        · tvm:contraction_abcd_aedf_bfce laeuft [ 3391s] … 2026-08-01 02:44:39 [INFO] [task_scheduler.cc:195] Sending 64 sample(s) to runner
        · tvm:contraction_abcd_aedf_bfce laeuft [ 3422s] … 2026-08-01 02:44:39 [INFO] [task_scheduler.cc:195] Sending 64 sample(s) to runner
        · tvm:contraction_abcd_aedf_bfce laeuft [ 3452s] … 2026-08-01 02:44:39 [INFO] [task_scheduler.cc:195] Sending 64 sample(s) to runner
        · tvm:contraction_abcd_aedf_bfce laeuft [ 3482s] … 2026-08-01 02:44:39 [INFO] [task_scheduler.cc:195] Sending 64 sample(s) to runner
        · tvm:contraction_abcd_aedf_bfce laeuft [ 3512s] … 2026-08-01 02:44:39 [INFO] [task_scheduler.cc:195] Sending 64 sample(s) to runner
        · tvm:contraction_abcd_aedf_bfce laeuft [ 3542s] … 2026-08-01 02:44:39 [INFO] [task_scheduler.cc:195] Sending 64 sample(s) to runner
        · tvm:contraction_abcd_aedf_bfce laeuft [ 3570s] … 2026-08-01 02:44:39 [INFO] [task_scheduler.cc:195] Sending 64 sample(s) to runner
        · tvm:contraction_abcd_aedf_bfce laeuft [ 3600s] … 2026-08-01 02:44:39 [INFO] [task_scheduler.cc:195] Sending 64 sample(s) to runner
        · tvm:contraction_abcd_aedf_bfce laeuft [ 3630s] … 2026-08-01 02:44:39 [INFO] [task_scheduler.cc:195] Sending 64 sample(s) to runner
        · tvm:contraction_abcd_aedf_bfce laeuft [ 3660s] … 2026-08-01 02:44:39 [INFO] [task_scheduler.cc:195] Sending 64 sample(s) to runner
        · tvm:contraction_abcd_aedf_bfce laeuft [ 3690s] … 2026-08-01 02:44:39 [INFO] [task_scheduler.cc:195] Sending 64 sample(s) to runner
        · tvm:contraction_abcd_aedf_bfce laeuft [ 3721s] … 2026-08-01 02:44:39 [INFO] [task_scheduler.cc:195] Sending 64 sample(s) to runner
        · tvm:contraction_abcd_aedf_bfce laeuft [ 3751s] … 2026-08-01 02:44:39 [INFO] [task_scheduler.cc:195] Sending 64 sample(s) to runner
        · tvm:contraction_abcd_aedf_bfce laeuft [ 3781s] … 2026-08-01 02:44:39 [INFO] [task_scheduler.cc:195] Sending 64 sample(s) to runner
        · tvm:contraction_abcd_aedf_bfce laeuft [ 3811s] … 2026-08-01 02:44:39 [INFO] [task_scheduler.cc:195] Sending 64 sample(s) to runner
        · tvm:contraction_abcd_aedf_bfce laeuft [ 3841s] … 2026-08-01 02:44:39 [INFO] [task_scheduler.cc:195] Sending 64 sample(s) to runner
        · tvm:contraction_abcd_aedf_bfce laeuft [ 3871s] … 2026-08-01 02:44:39 [INFO] [task_scheduler.cc:195] Sending 64 sample(s) to runner
        · tvm:contraction_abcd_aedf_bfce laeuft [ 3901s] … 2026-08-01 02:44:39 [INFO] [task_scheduler.cc:195] Sending 64 sample(s) to runner
        · tvm:contraction_abcd_aedf_bfce laeuft [ 3931s] … 2026-08-01 02:44:39 [INFO] [task_scheduler.cc:195] Sending 64 sample(s) to runner
        · tvm:contraction_abcd_aedf_bfce laeuft [ 3961s] … 2026-08-01 02:44:39 [INFO] [task_scheduler.cc:195] Sending 64 sample(s) to runner
        · tvm:contraction_abcd_aedf_bfce laeuft [ 3992s] … 2026-08-01 02:44:39 [INFO] [task_scheduler.cc:195] Sending 64 sample(s) to runner
        · tvm:contraction_abcd_aedf_bfce laeuft [ 4022s] … 2026-08-01 02:44:39 [INFO] [task_scheduler.cc:195] Sending 64 sample(s) to runner
        · tvm:contraction_abcd_aedf_bfce laeuft [ 4052s] … 2026-08-01 02:44:39 [INFO] [task_scheduler.cc:195] Sending 64 sample(s) to runner
        · tvm:contraction_abcd_aedf_bfce laeuft [ 4082s] … 2026-08-01 02:44:39 [INFO] [task_scheduler.cc:195] Sending 64 sample(s) to runner
        · tvm:contraction_abcd_aedf_bfce laeuft [ 4112s] … 2026-08-01 02:44:39 [INFO] [task_scheduler.cc:195] Sending 64 sample(s) to runner
        · tvm:contraction_abcd_aedf_bfce laeuft [ 4140s] … 2026-08-01 02:44:39 [INFO] [task_scheduler.cc:195] Sending 64 sample(s) to runner
        · tvm:contraction_abcd_aedf_bfce laeuft [ 4170s] … 2026-08-01 02:44:39 [INFO] [task_scheduler.cc:195] Sending 64 sample(s) to runner
        · tvm:contraction_abcd_aedf_bfce laeuft [ 4200s] … 2026-08-01 02:44:39 [INFO] [task_scheduler.cc:195] Sending 64 sample(s) to runner
        · tvm:contraction_abcd_aedf_bfce laeuft [ 4230s] … 2026-08-01 02:44:39 [INFO] [task_scheduler.cc:195] Sending 64 sample(s) to runner
        · tvm:contraction_abcd_aedf_bfce laeuft [ 4260s] … 2026-08-01 02:44:39 [INFO] [task_scheduler.cc:195] Sending 64 sample(s) to runner
        · tvm:contraction_abcd_aedf_bfce laeuft [ 4291s] … 2026-08-01 02:44:39 [INFO] [task_scheduler.cc:195] Sending 64 sample(s) to runner
        · tvm:contraction_abcd_aedf_bfce laeuft [ 4321s] … 2026-08-01 02:44:39 [INFO] [task_scheduler.cc:195] Sending 64 sample(s) to runner
        · tvm:contraction_abcd_aedf_bfce laeuft [ 4351s] … 2026-08-01 02:44:39 [INFO] [task_scheduler.cc:195] Sending 64 sample(s) to runner
        · tvm:contraction_abcd_aedf_bfce laeuft [ 4381s] … 2026-08-01 02:44:39 [INFO] [task_scheduler.cc:195] Sending 64 sample(s) to runner
        · tvm:contraction_abcd_aedf_bfce laeuft [ 4411s] … 2026-08-01 02:44:39 [INFO] [task_scheduler.cc:195] Sending 64 sample(s) to runner
        · tvm:contraction_abcd_aedf_bfce laeuft [ 4441s] … 2026-08-01 02:44:39 [INFO] [task_scheduler.cc:195] Sending 64 sample(s) to runner
        · tvm:contraction_abcd_aedf_bfce laeuft [ 4471s] … 2026-08-01 02:44:39 [INFO] [task_scheduler.cc:195] Sending 64 sample(s) to runner
        · tvm:contraction_abcd_aedf_bfce laeuft [ 4502s] … 2026-08-01 02:44:39 [INFO] [task_scheduler.cc:195] Sending 64 sample(s) to runner
        · tvm:contraction_abcd_aedf_bfce laeuft [ 4532s] … 2026-08-01 02:44:39 [INFO] [task_scheduler.cc:195] Sending 64 sample(s) to runner
        · tvm:contraction_abcd_aedf_bfce laeuft [ 4562s] … 2026-08-01 02:44:39 [INFO] [task_scheduler.cc:195] Sending 64 sample(s) to runner
        · tvm:contraction_abcd_aedf_bfce laeuft [ 4592s] … 2026-08-01 02:44:39 [INFO] [task_scheduler.cc:195] Sending 64 sample(s) to runner
        · tvm:contraction_abcd_aedf_bfce laeuft [ 4622s] … 2026-08-01 02:44:39 [INFO] [task_scheduler.cc:195] Sending 64 sample(s) to runner
        · tvm:contraction_abcd_aedf_bfce laeuft [ 4650s] … 2026-08-01 02:44:39 [INFO] [task_scheduler.cc:195] Sending 64 sample(s) to runner
        · tvm:contraction_abcd_aedf_bfce laeuft [ 4680s] … 2026-08-01 02:44:39 [INFO] [task_scheduler.cc:195] Sending 64 sample(s) to runner
        · tvm:contraction_abcd_aedf_bfce laeuft [ 4710s] … 2026-08-01 02:44:39 [INFO] [task_scheduler.cc:195] Sending 64 sample(s) to runner
        · tvm:contraction_abcd_aedf_bfce laeuft [ 4740s] … 2026-08-01 02:44:39 [INFO] [task_scheduler.cc:195] Sending 64 sample(s) to runner
        · tvm:contraction_abcd_aedf_bfce laeuft [ 4770s] … 2026-08-01 02:44:39 [INFO] [task_scheduler.cc:195] Sending 64 sample(s) to runner
        · tvm:contraction_abcd_aedf_bfce laeuft [ 4801s] … 2026-08-01 03:09:59 [INFO] [task_scheduler.cc:195] Sending 8 sample(s) to runner
        · tvm:contraction_abcd_aedf_bfce laeuft [ 4831s] … 2026-08-01 03:09:59 [INFO] [task_scheduler.cc:195] Sending 8 sample(s) to runner
        · tvm:contraction_abcd_aedf_bfce laeuft [ 4861s] … 2026-08-01 03:09:59 [INFO] [task_scheduler.cc:195] Sending 8 sample(s) to runner
        · tvm:contraction_abcd_aedf_bfce laeuft [ 4891s] … 2026-08-01 03:09:59 [INFO] [task_scheduler.cc:195] Sending 8 sample(s) to runner
        · tvm:contraction_abcd_aedf_bfce laeuft [ 4921s] … Total latency (us): 1.97853e+06
        · tvm:contraction_abcd_aedf_bfce laeuft [ 4951s] … Total latency (us): 1.97853e+06
        · tvm:contraction_abcd_aedf_bfce laeuft [ 4981s] … Total latency (us): 1.97853e+06
        · tvm:contraction_abcd_aedf_bfce laeuft [ 5011s] … Total latency (us): 1.97853e+06
        · tvm:contraction_abcd_aedf_bfce laeuft [ 5041s] … Total latency (us): 1.97853e+06
        · tvm:contraction_abcd_aedf_bfce laeuft [ 5071s] … Total latency (us): 1.97853e+06
        · tvm:contraction_abcd_aedf_bfce laeuft [ 5102s] … Total latency (us): 1.97853e+06
  [tvm] 24/48 contraction_abcd_aedf_bfce             442.4 GFLOPS [ok]              5120s  DONE @ 2026-08-01 03:15:30
  [tvm] 25/48 contraction_abcd_aedf_fbec             ... START @ 2026-08-01 03:15:30
        · tvm:contraction_abcd_aedf_fbec laeuft [   30s] … 2026-08-01 03:15:40 [INFO] [task_scheduler.cc:195] Sending 64 sample(s) to runner
        · tvm:contraction_abcd_aedf_fbec laeuft [   60s] … 2026-08-01 03:15:40 [INFO] [task_scheduler.cc:195] Sending 64 sample(s) to runner
        · tvm:contraction_abcd_aedf_fbec laeuft [   90s] … 2026-08-01 03:15:40 [INFO] [task_scheduler.cc:195] Sending 64 sample(s) to runner
        · tvm:contraction_abcd_aedf_fbec laeuft [  121s] … 2026-08-01 03:15:40 [INFO] [task_scheduler.cc:195] Sending 64 sample(s) to runner
        · tvm:contraction_abcd_aedf_fbec laeuft [  151s] … 2026-08-01 03:15:40 [INFO] [task_scheduler.cc:195] Sending 64 sample(s) to runner
        · tvm:contraction_abcd_aedf_fbec laeuft [  181s] … 2026-08-01 03:15:40 [INFO] [task_scheduler.cc:195] Sending 64 sample(s) to runner
        · tvm:contraction_abcd_aedf_fbec laeuft [  211s] … 2026-08-01 03:15:40 [INFO] [task_scheduler.cc:195] Sending 64 sample(s) to runner
        · tvm:contraction_abcd_aedf_fbec laeuft [  241s] … 2026-08-01 03:15:40 [INFO] [task_scheduler.cc:195] Sending 64 sample(s) to runner
        · tvm:contraction_abcd_aedf_fbec laeuft [  271s] … 2026-08-01 03:15:40 [INFO] [task_scheduler.cc:195] Sending 64 sample(s) to runner
        · tvm:contraction_abcd_aedf_fbec laeuft [  301s] … 2026-08-01 03:15:40 [INFO] [task_scheduler.cc:195] Sending 64 sample(s) to runner
        · tvm:contraction_abcd_aedf_fbec laeuft [  331s] … 2026-08-01 03:15:40 [INFO] [task_scheduler.cc:195] Sending 64 sample(s) to runner
        · tvm:contraction_abcd_aedf_fbec laeuft [  361s] … 2026-08-01 03:15:40 [INFO] [task_scheduler.cc:195] Sending 64 sample(s) to runner
        · tvm:contraction_abcd_aedf_fbec laeuft [  391s] … 2026-08-01 03:15:40 [INFO] [task_scheduler.cc:195] Sending 64 sample(s) to runner
        · tvm:contraction_abcd_aedf_fbec laeuft [  422s] … 2026-08-01 03:15:40 [INFO] [task_scheduler.cc:195] Sending 64 sample(s) to runner
        · tvm:contraction_abcd_aedf_fbec laeuft [  452s] … 2026-08-01 03:15:40 [INFO] [task_scheduler.cc:195] Sending 64 sample(s) to runner
        · tvm:contraction_abcd_aedf_fbec laeuft [  482s] … 2026-08-01 03:15:40 [INFO] [task_scheduler.cc:195] Sending 64 sample(s) to runner
        · tvm:contraction_abcd_aedf_fbec laeuft [  512s] … 2026-08-01 03:15:40 [INFO] [task_scheduler.cc:195] Sending 64 sample(s) to runner
        · tvm:contraction_abcd_aedf_fbec laeuft [  542s] … 2026-08-01 03:15:40 [INFO] [task_scheduler.cc:195] Sending 64 sample(s) to runner
        · tvm:contraction_abcd_aedf_fbec laeuft [  570s] … 2026-08-01 03:15:40 [INFO] [task_scheduler.cc:195] Sending 64 sample(s) to runner
        · tvm:contraction_abcd_aedf_fbec laeuft [  600s] … 2026-08-01 03:15:40 [INFO] [task_scheduler.cc:195] Sending 64 sample(s) to runner
        · tvm:contraction_abcd_aedf_fbec laeuft [  630s] … 2026-08-01 03:15:40 [INFO] [task_scheduler.cc:195] Sending 64 sample(s) to runner
        · tvm:contraction_abcd_aedf_fbec laeuft [  660s] … 2026-08-01 03:15:40 [INFO] [task_scheduler.cc:195] Sending 64 sample(s) to runner
        · tvm:contraction_abcd_aedf_fbec laeuft [  691s] … 2026-08-01 03:15:40 [INFO] [task_scheduler.cc:195] Sending 64 sample(s) to runner
        · tvm:contraction_abcd_aedf_fbec laeuft [  721s] … 2026-08-01 03:15:40 [INFO] [task_scheduler.cc:195] Sending 64 sample(s) to runner
        · tvm:contraction_abcd_aedf_fbec laeuft [  751s] … 2026-08-01 03:15:40 [INFO] [task_scheduler.cc:195] Sending 64 sample(s) to runner
        · tvm:contraction_abcd_aedf_fbec laeuft [  781s] … 2026-08-01 03:15:40 [INFO] [task_scheduler.cc:195] Sending 64 sample(s) to runner
        · tvm:contraction_abcd_aedf_fbec laeuft [  811s] … 2026-08-01 03:15:40 [INFO] [task_scheduler.cc:195] Sending 64 sample(s) to runner
        · tvm:contraction_abcd_aedf_fbec laeuft [  841s] … 2026-08-01 03:15:40 [INFO] [task_scheduler.cc:195] Sending 64 sample(s) to runner
        · tvm:contraction_abcd_aedf_fbec laeuft [  871s] … 2026-08-01 03:15:40 [INFO] [task_scheduler.cc:195] Sending 64 sample(s) to runner
        · tvm:contraction_abcd_aedf_fbec laeuft [  901s] … 2026-08-01 03:15:40 [INFO] [task_scheduler.cc:195] Sending 64 sample(s) to runner
        · tvm:contraction_abcd_aedf_fbec laeuft [  931s] … 2026-08-01 03:15:40 [INFO] [task_scheduler.cc:195] Sending 64 sample(s) to runner
        · tvm:contraction_abcd_aedf_fbec laeuft [  962s] … 2026-08-01 03:15:40 [INFO] [task_scheduler.cc:195] Sending 64 sample(s) to runner
        · tvm:contraction_abcd_aedf_fbec laeuft [  992s] … 2026-08-01 03:15:40 [INFO] [task_scheduler.cc:195] Sending 64 sample(s) to runner
        · tvm:contraction_abcd_aedf_fbec laeuft [ 1022s] … 2026-08-01 03:15:40 [INFO] [task_scheduler.cc:195] Sending 64 sample(s) to runner
        · tvm:contraction_abcd_aedf_fbec laeuft [ 1052s] … 2026-08-01 03:15:40 [INFO] [task_scheduler.cc:195] Sending 64 sample(s) to runner
        · tvm:contraction_abcd_aedf_fbec laeuft [ 1082s] … 2026-08-01 03:15:40 [INFO] [task_scheduler.cc:195] Sending 64 sample(s) to runner
        · tvm:contraction_abcd_aedf_fbec laeuft [ 1112s] … 2026-08-01 03:15:40 [INFO] [task_scheduler.cc:195] Sending 64 sample(s) to runner
        · tvm:contraction_abcd_aedf_fbec laeuft [ 1142s] … 2026-08-01 03:15:40 [INFO] [task_scheduler.cc:195] Sending 64 sample(s) to runner
        · tvm:contraction_abcd_aedf_fbec laeuft [ 1170s] … 2026-08-01 03:15:40 [INFO] [task_scheduler.cc:195] Sending 64 sample(s) to runner
        · tvm:contraction_abcd_aedf_fbec laeuft [ 1200s] … 2026-08-01 03:15:40 [INFO] [task_scheduler.cc:195] Sending 64 sample(s) to runner
        · tvm:contraction_abcd_aedf_fbec laeuft [ 1230s] … 2026-08-01 03:15:40 [INFO] [task_scheduler.cc:195] Sending 64 sample(s) to runner
        · tvm:contraction_abcd_aedf_fbec laeuft [ 1260s] … 2026-08-01 03:15:40 [INFO] [task_scheduler.cc:195] Sending 64 sample(s) to runner
        · tvm:contraction_abcd_aedf_fbec laeuft [ 1290s] … 2026-08-01 03:15:40 [INFO] [task_scheduler.cc:195] Sending 64 sample(s) to runner
        · tvm:contraction_abcd_aedf_fbec laeuft [ 1321s] … 2026-08-01 03:15:40 [INFO] [task_scheduler.cc:195] Sending 64 sample(s) to runner
        · tvm:contraction_abcd_aedf_fbec laeuft [ 1351s] … 2026-08-01 03:15:40 [INFO] [task_scheduler.cc:195] Sending 64 sample(s) to runner
        · tvm:contraction_abcd_aedf_fbec laeuft [ 1381s] … 2026-08-01 03:15:40 [INFO] [task_scheduler.cc:195] Sending 64 sample(s) to runner
        · tvm:contraction_abcd_aedf_fbec laeuft [ 1411s] … 2026-08-01 03:15:40 [INFO] [task_scheduler.cc:195] Sending 64 sample(s) to runner
        · tvm:contraction_abcd_aedf_fbec laeuft [ 1441s] … 2026-08-01 03:15:40 [INFO] [task_scheduler.cc:195] Sending 64 sample(s) to runner
        · tvm:contraction_abcd_aedf_fbec laeuft [ 1471s] … 2026-08-01 03:15:40 [INFO] [task_scheduler.cc:195] Sending 64 sample(s) to runner
        · tvm:contraction_abcd_aedf_fbec laeuft [ 1501s] … 2026-08-01 03:15:40 [INFO] [task_scheduler.cc:195] Sending 64 sample(s) to runner
        · tvm:contraction_abcd_aedf_fbec laeuft [ 1531s] … 2026-08-01 03:15:40 [INFO] [task_scheduler.cc:195] Sending 64 sample(s) to runner
        · tvm:contraction_abcd_aedf_fbec laeuft [ 1561s] … 2026-08-01 03:15:40 [INFO] [task_scheduler.cc:195] Sending 64 sample(s) to runner
        · tvm:contraction_abcd_aedf_fbec laeuft [ 1591s] … 2026-08-01 03:15:40 [INFO] [task_scheduler.cc:195] Sending 64 sample(s) to runner
        · tvm:contraction_abcd_aedf_fbec laeuft [ 1622s] … 2026-08-01 03:15:40 [INFO] [task_scheduler.cc:195] Sending 64 sample(s) to runner
        · tvm:contraction_abcd_aedf_fbec laeuft [ 1652s] … 2026-08-01 03:42:41 [INFO] [task_scheduler.cc:195] Sending 63 sample(s) to runner
        · tvm:contraction_abcd_aedf_fbec laeuft [ 1682s] … 2026-08-01 03:42:41 [INFO] [task_scheduler.cc:195] Sending 63 sample(s) to runner
        · tvm:contraction_abcd_aedf_fbec laeuft [ 1712s] … 2026-08-01 03:42:41 [INFO] [task_scheduler.cc:195] Sending 63 sample(s) to runner
        · tvm:contraction_abcd_aedf_fbec laeuft [ 1740s] … 2026-08-01 03:42:41 [INFO] [task_scheduler.cc:195] Sending 63 sample(s) to runner
        · tvm:contraction_abcd_aedf_fbec laeuft [ 1770s] … 2026-08-01 03:42:41 [INFO] [task_scheduler.cc:195] Sending 63 sample(s) to runner
        · tvm:contraction_abcd_aedf_fbec laeuft [ 1800s] … 2026-08-01 03:42:41 [INFO] [task_scheduler.cc:195] Sending 63 sample(s) to runner
        · tvm:contraction_abcd_aedf_fbec laeuft [ 1830s] … 2026-08-01 03:42:41 [INFO] [task_scheduler.cc:195] Sending 63 sample(s) to runner
        · tvm:contraction_abcd_aedf_fbec laeuft [ 1860s] … 2026-08-01 03:42:41 [INFO] [task_scheduler.cc:195] Sending 63 sample(s) to runner
        · tvm:contraction_abcd_aedf_fbec laeuft [ 1890s] … 2026-08-01 03:42:41 [INFO] [task_scheduler.cc:195] Sending 63 sample(s) to runner
        · tvm:contraction_abcd_aedf_fbec laeuft [ 1921s] … 2026-08-01 03:42:41 [INFO] [task_scheduler.cc:195] Sending 63 sample(s) to runner
        · tvm:contraction_abcd_aedf_fbec laeuft [ 1951s] … 2026-08-01 03:42:41 [INFO] [task_scheduler.cc:195] Sending 63 sample(s) to runner
        · tvm:contraction_abcd_aedf_fbec laeuft [ 1981s] … 2026-08-01 03:42:41 [INFO] [task_scheduler.cc:195] Sending 63 sample(s) to runner
        · tvm:contraction_abcd_aedf_fbec laeuft [ 2011s] … 2026-08-01 03:42:41 [INFO] [task_scheduler.cc:195] Sending 63 sample(s) to runner
        · tvm:contraction_abcd_aedf_fbec laeuft [ 2041s] … 2026-08-01 03:42:41 [INFO] [task_scheduler.cc:195] Sending 63 sample(s) to runner
        · tvm:contraction_abcd_aedf_fbec laeuft [ 2071s] … 2026-08-01 03:42:41 [INFO] [task_scheduler.cc:195] Sending 63 sample(s) to runner
        · tvm:contraction_abcd_aedf_fbec laeuft [ 2101s] … 2026-08-01 03:42:41 [INFO] [task_scheduler.cc:195] Sending 63 sample(s) to runner
        · tvm:contraction_abcd_aedf_fbec laeuft [ 2131s] … 2026-08-01 03:42:41 [INFO] [task_scheduler.cc:195] Sending 63 sample(s) to runner
        · tvm:contraction_abcd_aedf_fbec laeuft [ 2161s] … 2026-08-01 03:42:41 [INFO] [task_scheduler.cc:195] Sending 63 sample(s) to runner
        · tvm:contraction_abcd_aedf_fbec laeuft [ 2191s] … 2026-08-01 03:42:41 [INFO] [task_scheduler.cc:195] Sending 63 sample(s) to runner
        · tvm:contraction_abcd_aedf_fbec laeuft [ 2222s] … 2026-08-01 03:42:41 [INFO] [task_scheduler.cc:195] Sending 63 sample(s) to runner
        · tvm:contraction_abcd_aedf_fbec laeuft [ 2252s] … 2026-08-01 03:42:41 [INFO] [task_scheduler.cc:195] Sending 63 sample(s) to runner
        · tvm:contraction_abcd_aedf_fbec laeuft [ 2282s] … 2026-08-01 03:42:41 [INFO] [task_scheduler.cc:195] Sending 63 sample(s) to runner
        · tvm:contraction_abcd_aedf_fbec laeuft [ 2312s] … 2026-08-01 03:42:41 [INFO] [task_scheduler.cc:195] Sending 63 sample(s) to runner
        · tvm:contraction_abcd_aedf_fbec laeuft [ 2342s] … 2026-08-01 03:42:41 [INFO] [task_scheduler.cc:195] Sending 63 sample(s) to runner
        · tvm:contraction_abcd_aedf_fbec laeuft [ 2372s] … 2026-08-01 03:42:41 [INFO] [task_scheduler.cc:195] Sending 63 sample(s) to runner
        · tvm:contraction_abcd_aedf_fbec laeuft [ 2400s] … 2026-08-01 03:42:41 [INFO] [task_scheduler.cc:195] Sending 63 sample(s) to runner
        · tvm:contraction_abcd_aedf_fbec laeuft [ 2430s] … 2026-08-01 03:42:41 [INFO] [task_scheduler.cc:195] Sending 63 sample(s) to runner
        · tvm:contraction_abcd_aedf_fbec laeuft [ 2460s] … 2026-08-01 03:42:41 [INFO] [task_scheduler.cc:195] Sending 63 sample(s) to runner
        · tvm:contraction_abcd_aedf_fbec laeuft [ 2490s] … 2026-08-01 03:42:41 [INFO] [task_scheduler.cc:195] Sending 63 sample(s) to runner
        · tvm:contraction_abcd_aedf_fbec laeuft [ 2521s] … 2026-08-01 03:42:41 [INFO] [task_scheduler.cc:195] Sending 63 sample(s) to runner
        · tvm:contraction_abcd_aedf_fbec laeuft [ 2551s] … 2026-08-01 03:42:41 [INFO] [task_scheduler.cc:195] Sending 63 sample(s) to runner
        · tvm:contraction_abcd_aedf_fbec laeuft [ 2581s] … 2026-08-01 03:42:41 [INFO] [task_scheduler.cc:195] Sending 63 sample(s) to runner
        · tvm:contraction_abcd_aedf_fbec laeuft [ 2611s] … 2026-08-01 03:42:41 [INFO] [task_scheduler.cc:195] Sending 63 sample(s) to runner
        · tvm:contraction_abcd_aedf_fbec laeuft [ 2641s] … 2026-08-01 03:42:41 [INFO] [task_scheduler.cc:195] Sending 63 sample(s) to runner
        · tvm:contraction_abcd_aedf_fbec laeuft [ 2671s] … 2026-08-01 03:42:41 [INFO] [task_scheduler.cc:195] Sending 63 sample(s) to runner
        · tvm:contraction_abcd_aedf_fbec laeuft [ 2701s] … 2026-08-01 03:42:41 [INFO] [task_scheduler.cc:195] Sending 63 sample(s) to runner
        · tvm:contraction_abcd_aedf_fbec laeuft [ 2731s] … 2026-08-01 03:42:41 [INFO] [task_scheduler.cc:195] Sending 63 sample(s) to runner
        · tvm:contraction_abcd_aedf_fbec laeuft [ 2762s] … 2026-08-01 03:42:41 [INFO] [task_scheduler.cc:195] Sending 63 sample(s) to runner
        · tvm:contraction_abcd_aedf_fbec laeuft [ 2792s] … 2026-08-01 03:42:41 [INFO] [task_scheduler.cc:195] Sending 63 sample(s) to runner
        · tvm:contraction_abcd_aedf_fbec laeuft [ 2822s] … 2026-08-01 03:42:41 [INFO] [task_scheduler.cc:195] Sending 63 sample(s) to runner
        · tvm:contraction_abcd_aedf_fbec laeuft [ 2852s] … 2026-08-01 03:42:41 [INFO] [task_scheduler.cc:195] Sending 63 sample(s) to runner
        · tvm:contraction_abcd_aedf_fbec laeuft [ 2882s] … 2026-08-01 03:42:41 [INFO] [task_scheduler.cc:195] Sending 63 sample(s) to runner
        · tvm:contraction_abcd_aedf_fbec laeuft [ 2910s] … 2026-08-01 03:42:41 [INFO] [task_scheduler.cc:195] Sending 63 sample(s) to runner
        · tvm:contraction_abcd_aedf_fbec laeuft [ 2940s] … 2026-08-01 03:42:41 [INFO] [task_scheduler.cc:195] Sending 63 sample(s) to runner
        · tvm:contraction_abcd_aedf_fbec laeuft [ 2970s] … 2026-08-01 03:42:41 [INFO] [task_scheduler.cc:195] Sending 63 sample(s) to runner
        · tvm:contraction_abcd_aedf_fbec laeuft [ 3000s] … 2026-08-01 03:42:41 [INFO] [task_scheduler.cc:195] Sending 63 sample(s) to runner
        · tvm:contraction_abcd_aedf_fbec laeuft [ 3030s] … 2026-08-01 03:42:41 [INFO] [task_scheduler.cc:195] Sending 63 sample(s) to runner
        · tvm:contraction_abcd_aedf_fbec laeuft [ 3061s] … 2026-08-01 03:42:41 [INFO] [task_scheduler.cc:195] Sending 63 sample(s) to runner
        · tvm:contraction_abcd_aedf_fbec laeuft [ 3091s] … 2026-08-01 03:42:41 [INFO] [task_scheduler.cc:195] Sending 63 sample(s) to runner
        · tvm:contraction_abcd_aedf_fbec laeuft [ 3121s] … 2026-08-01 03:42:41 [INFO] [task_scheduler.cc:195] Sending 63 sample(s) to runner
        · tvm:contraction_abcd_aedf_fbec laeuft [ 3151s] … 2026-08-01 03:42:41 [INFO] [task_scheduler.cc:195] Sending 63 sample(s) to runner
        · tvm:contraction_abcd_aedf_fbec laeuft [ 3181s] … 2026-08-01 03:42:41 [INFO] [task_scheduler.cc:195] Sending 63 sample(s) to runner
        · tvm:contraction_abcd_aedf_fbec laeuft [ 3211s] … 2026-08-01 03:42:41 [INFO] [task_scheduler.cc:195] Sending 63 sample(s) to runner
        · tvm:contraction_abcd_aedf_fbec laeuft [ 3241s] … 2026-08-01 04:09:21 [INFO] [task_scheduler.cc:195] Sending 64 sample(s) to runner
        · tvm:contraction_abcd_aedf_fbec laeuft [ 3271s] … 2026-08-01 04:09:21 [INFO] [task_scheduler.cc:195] Sending 64 sample(s) to runner
        · tvm:contraction_abcd_aedf_fbec laeuft [ 3301s] … 2026-08-01 04:09:21 [INFO] [task_scheduler.cc:195] Sending 64 sample(s) to runner
        · tvm:contraction_abcd_aedf_fbec laeuft [ 3331s] … 2026-08-01 04:09:21 [INFO] [task_scheduler.cc:195] Sending 64 sample(s) to runner
        · tvm:contraction_abcd_aedf_fbec laeuft [ 3362s] … 2026-08-01 04:09:21 [INFO] [task_scheduler.cc:195] Sending 64 sample(s) to runner
        · tvm:contraction_abcd_aedf_fbec laeuft [ 3392s] … 2026-08-01 04:09:21 [INFO] [task_scheduler.cc:195] Sending 64 sample(s) to runner
        · tvm:contraction_abcd_aedf_fbec laeuft [ 3422s] … 2026-08-01 04:09:21 [INFO] [task_scheduler.cc:195] Sending 64 sample(s) to runner
        · tvm:contraction_abcd_aedf_fbec laeuft [ 3452s] … 2026-08-01 04:09:21 [INFO] [task_scheduler.cc:195] Sending 64 sample(s) to runner
        · tvm:contraction_abcd_aedf_fbec laeuft [ 3480s] … 2026-08-01 04:09:21 [INFO] [task_scheduler.cc:195] Sending 64 sample(s) to runner
        · tvm:contraction_abcd_aedf_fbec laeuft [ 3510s] … 2026-08-01 04:09:21 [INFO] [task_scheduler.cc:195] Sending 64 sample(s) to runner
        · tvm:contraction_abcd_aedf_fbec laeuft [ 3540s] … 2026-08-01 04:09:21 [INFO] [task_scheduler.cc:195] Sending 64 sample(s) to runner
        · tvm:contraction_abcd_aedf_fbec laeuft [ 3571s] … 2026-08-01 04:09:21 [INFO] [task_scheduler.cc:195] Sending 64 sample(s) to runner
        · tvm:contraction_abcd_aedf_fbec laeuft [ 3601s] … 2026-08-01 04:09:21 [INFO] [task_scheduler.cc:195] Sending 64 sample(s) to runner
        · tvm:contraction_abcd_aedf_fbec laeuft [ 3631s] … 2026-08-01 04:09:21 [INFO] [task_scheduler.cc:195] Sending 64 sample(s) to runner
        · tvm:contraction_abcd_aedf_fbec laeuft [ 3661s] … 2026-08-01 04:09:21 [INFO] [task_scheduler.cc:195] Sending 64 sample(s) to runner
        · tvm:contraction_abcd_aedf_fbec laeuft [ 3691s] … 2026-08-01 04:09:21 [INFO] [task_scheduler.cc:195] Sending 64 sample(s) to runner
        · tvm:contraction_abcd_aedf_fbec laeuft [ 3721s] … 2026-08-01 04:09:21 [INFO] [task_scheduler.cc:195] Sending 64 sample(s) to runner
        · tvm:contraction_abcd_aedf_fbec laeuft [ 3751s] … 2026-08-01 04:09:21 [INFO] [task_scheduler.cc:195] Sending 64 sample(s) to runner
        · tvm:contraction_abcd_aedf_fbec laeuft [ 3781s] … 2026-08-01 04:09:21 [INFO] [task_scheduler.cc:195] Sending 64 sample(s) to runner
        · tvm:contraction_abcd_aedf_fbec laeuft [ 3811s] … 2026-08-01 04:09:21 [INFO] [task_scheduler.cc:195] Sending 64 sample(s) to runner
        · tvm:contraction_abcd_aedf_fbec laeuft [ 3842s] … 2026-08-01 04:09:21 [INFO] [task_scheduler.cc:195] Sending 64 sample(s) to runner
        · tvm:contraction_abcd_aedf_fbec laeuft [ 3872s] … 2026-08-01 04:09:21 [INFO] [task_scheduler.cc:195] Sending 64 sample(s) to runner
        · tvm:contraction_abcd_aedf_fbec laeuft [ 3902s] … 2026-08-01 04:09:21 [INFO] [task_scheduler.cc:195] Sending 64 sample(s) to runner
        · tvm:contraction_abcd_aedf_fbec laeuft [ 3932s] … 2026-08-01 04:09:21 [INFO] [task_scheduler.cc:195] Sending 64 sample(s) to runner
        · tvm:contraction_abcd_aedf_fbec laeuft [ 3962s] … 2026-08-01 04:09:21 [INFO] [task_scheduler.cc:195] Sending 64 sample(s) to runner
        · tvm:contraction_abcd_aedf_fbec laeuft [ 3990s] … 2026-08-01 04:09:21 [INFO] [task_scheduler.cc:195] Sending 64 sample(s) to runner
        · tvm:contraction_abcd_aedf_fbec laeuft [ 4020s] … 2026-08-01 04:09:21 [INFO] [task_scheduler.cc:195] Sending 64 sample(s) to runner
        · tvm:contraction_abcd_aedf_fbec laeuft [ 4050s] … 2026-08-01 04:09:21 [INFO] [task_scheduler.cc:195] Sending 64 sample(s) to runner
        · tvm:contraction_abcd_aedf_fbec laeuft [ 4080s] … 2026-08-01 04:09:21 [INFO] [task_scheduler.cc:195] Sending 64 sample(s) to runner
        · tvm:contraction_abcd_aedf_fbec laeuft [ 4110s] … 2026-08-01 04:09:21 [INFO] [task_scheduler.cc:195] Sending 64 sample(s) to runner
        · tvm:contraction_abcd_aedf_fbec laeuft [ 4141s] … 2026-08-01 04:09:21 [INFO] [task_scheduler.cc:195] Sending 64 sample(s) to runner
        · tvm:contraction_abcd_aedf_fbec laeuft [ 4171s] … 2026-08-01 04:09:21 [INFO] [task_scheduler.cc:195] Sending 64 sample(s) to runner
        · tvm:contraction_abcd_aedf_fbec laeuft [ 4201s] … 2026-08-01 04:09:21 [INFO] [task_scheduler.cc:195] Sending 64 sample(s) to runner
        · tvm:contraction_abcd_aedf_fbec laeuft [ 4231s] … 2026-08-01 04:09:21 [INFO] [task_scheduler.cc:195] Sending 64 sample(s) to runner
        · tvm:contraction_abcd_aedf_fbec laeuft [ 4261s] … 2026-08-01 04:09:21 [INFO] [task_scheduler.cc:195] Sending 64 sample(s) to runner
        · tvm:contraction_abcd_aedf_fbec laeuft [ 4291s] … 2026-08-01 04:09:21 [INFO] [task_scheduler.cc:195] Sending 64 sample(s) to runner
        · tvm:contraction_abcd_aedf_fbec laeuft [ 4321s] … 2026-08-01 04:09:21 [INFO] [task_scheduler.cc:195] Sending 64 sample(s) to runner
        · tvm:contraction_abcd_aedf_fbec laeuft [ 4351s] … 2026-08-01 04:09:21 [INFO] [task_scheduler.cc:195] Sending 64 sample(s) to runner
        · tvm:contraction_abcd_aedf_fbec laeuft [ 4381s] … 2026-08-01 04:09:21 [INFO] [task_scheduler.cc:195] Sending 64 sample(s) to runner
        · tvm:contraction_abcd_aedf_fbec laeuft [ 4412s] … 2026-08-01 04:09:21 [INFO] [task_scheduler.cc:195] Sending 64 sample(s) to runner
        · tvm:contraction_abcd_aedf_fbec laeuft [ 4442s] … 2026-08-01 04:09:21 [INFO] [task_scheduler.cc:195] Sending 64 sample(s) to runner
        · tvm:contraction_abcd_aedf_fbec laeuft [ 4472s] … 2026-08-01 04:09:21 [INFO] [task_scheduler.cc:195] Sending 64 sample(s) to runner
        · tvm:contraction_abcd_aedf_fbec laeuft [ 4502s] … 2026-08-01 04:09:21 [INFO] [task_scheduler.cc:195] Sending 64 sample(s) to runner
        · tvm:contraction_abcd_aedf_fbec laeuft [ 4530s] … 2026-08-01 04:09:21 [INFO] [task_scheduler.cc:195] Sending 64 sample(s) to runner
        · tvm:contraction_abcd_aedf_fbec laeuft [ 4560s] … 2026-08-01 04:09:21 [INFO] [task_scheduler.cc:195] Sending 64 sample(s) to runner
        · tvm:contraction_abcd_aedf_fbec laeuft [ 4590s] … 2026-08-01 04:09:21 [INFO] [task_scheduler.cc:195] Sending 64 sample(s) to runner
        · tvm:contraction_abcd_aedf_fbec laeuft [ 4620s] … 2026-08-01 04:09:21 [INFO] [task_scheduler.cc:195] Sending 64 sample(s) to runner
        · tvm:contraction_abcd_aedf_fbec laeuft [ 4650s] … 2026-08-01 04:09:21 [INFO] [task_scheduler.cc:195] Sending 64 sample(s) to runner
        · tvm:contraction_abcd_aedf_fbec laeuft [ 4681s] … 2026-08-01 04:09:21 [INFO] [task_scheduler.cc:195] Sending 64 sample(s) to runner
        · tvm:contraction_abcd_aedf_fbec laeuft [ 4711s] … 2026-08-01 04:09:21 [INFO] [task_scheduler.cc:195] Sending 64 sample(s) to runner
        · tvm:contraction_abcd_aedf_fbec laeuft [ 4741s] … 2026-08-01 04:09:21 [INFO] [task_scheduler.cc:195] Sending 64 sample(s) to runner
        · tvm:contraction_abcd_aedf_fbec laeuft [ 4771s] … 2026-08-01 04:34:51 [INFO] [task_scheduler.cc:195] Sending 9 sample(s) to runner
        · tvm:contraction_abcd_aedf_fbec laeuft [ 4801s] … 2026-08-01 04:34:51 [INFO] [task_scheduler.cc:195] Sending 9 sample(s) to runner
        · tvm:contraction_abcd_aedf_fbec laeuft [ 4831s] … Total latency (us): 969890
        · tvm:contraction_abcd_aedf_fbec laeuft [ 4861s] … Total latency (us): 969890
        · tvm:contraction_abcd_aedf_fbec laeuft [ 4891s] … Total latency (us): 969890
  [tvm] 25/48 contraction_abcd_aedf_fbec             903.1 GFLOPS [ok]              4915s  DONE @ 2026-08-01 04:37:25
  [tvm] 26/48 contraction_abcd_aefb_fdce             ... START @ 2026-08-01 04:37:25
        · tvm:contraction_abcd_aefb_fdce laeuft [   30s] … 2026-08-01 04:37:33 [INFO] [task_scheduler.cc:195] Sending 63 sample(s) to runner
        · tvm:contraction_abcd_aefb_fdce laeuft [   60s] … 2026-08-01 04:37:33 [INFO] [task_scheduler.cc:195] Sending 63 sample(s) to runner
        · tvm:contraction_abcd_aefb_fdce laeuft [   90s] … 2026-08-01 04:37:33 [INFO] [task_scheduler.cc:195] Sending 63 sample(s) to runner
        · tvm:contraction_abcd_aefb_fdce laeuft [  120s] … 2026-08-01 04:37:33 [INFO] [task_scheduler.cc:195] Sending 63 sample(s) to runner
        · tvm:contraction_abcd_aefb_fdce laeuft [  151s] … 2026-08-01 04:37:33 [INFO] [task_scheduler.cc:195] Sending 63 sample(s) to runner
        · tvm:contraction_abcd_aefb_fdce laeuft [  181s] … 2026-08-01 04:37:33 [INFO] [task_scheduler.cc:195] Sending 63 sample(s) to runner
        · tvm:contraction_abcd_aefb_fdce laeuft [  211s] … 2026-08-01 04:37:33 [INFO] [task_scheduler.cc:195] Sending 63 sample(s) to runner
        · tvm:contraction_abcd_aefb_fdce laeuft [  241s] … 2026-08-01 04:37:33 [INFO] [task_scheduler.cc:195] Sending 63 sample(s) to runner
        · tvm:contraction_abcd_aefb_fdce laeuft [  271s] … 2026-08-01 04:37:33 [INFO] [task_scheduler.cc:195] Sending 63 sample(s) to runner
        · tvm:contraction_abcd_aefb_fdce laeuft [  301s] … 2026-08-01 04:37:33 [INFO] [task_scheduler.cc:195] Sending 63 sample(s) to runner
        · tvm:contraction_abcd_aefb_fdce laeuft [  331s] … 2026-08-01 04:37:33 [INFO] [task_scheduler.cc:195] Sending 63 sample(s) to runner
        · tvm:contraction_abcd_aefb_fdce laeuft [  361s] … 2026-08-01 04:37:33 [INFO] [task_scheduler.cc:195] Sending 63 sample(s) to runner
        · tvm:contraction_abcd_aefb_fdce laeuft [  391s] … 2026-08-01 04:37:33 [INFO] [task_scheduler.cc:195] Sending 63 sample(s) to runner
        · tvm:contraction_abcd_aefb_fdce laeuft [  421s] … 2026-08-01 04:37:33 [INFO] [task_scheduler.cc:195] Sending 63 sample(s) to runner
        · tvm:contraction_abcd_aefb_fdce laeuft [  452s] … 2026-08-01 04:37:33 [INFO] [task_scheduler.cc:195] Sending 63 sample(s) to runner
        · tvm:contraction_abcd_aefb_fdce laeuft [  482s] … 2026-08-01 04:37:33 [INFO] [task_scheduler.cc:195] Sending 63 sample(s) to runner
        · tvm:contraction_abcd_aefb_fdce laeuft [  512s] … 2026-08-01 04:37:33 [INFO] [task_scheduler.cc:195] Sending 63 sample(s) to runner
        · tvm:contraction_abcd_aefb_fdce laeuft [  542s] … 2026-08-01 04:37:33 [INFO] [task_scheduler.cc:195] Sending 63 sample(s) to runner
        · tvm:contraction_abcd_aefb_fdce laeuft [  572s] … 2026-08-01 04:37:33 [INFO] [task_scheduler.cc:195] Sending 63 sample(s) to runner
        · tvm:contraction_abcd_aefb_fdce laeuft [  600s] … 2026-08-01 04:37:33 [INFO] [task_scheduler.cc:195] Sending 63 sample(s) to runner
        · tvm:contraction_abcd_aefb_fdce laeuft [  630s] … 2026-08-01 04:37:33 [INFO] [task_scheduler.cc:195] Sending 63 sample(s) to runner
        · tvm:contraction_abcd_aefb_fdce laeuft [  660s] … 2026-08-01 04:37:33 [INFO] [task_scheduler.cc:195] Sending 63 sample(s) to runner
        · tvm:contraction_abcd_aefb_fdce laeuft [  690s] … 2026-08-01 04:37:33 [INFO] [task_scheduler.cc:195] Sending 63 sample(s) to runner
        · tvm:contraction_abcd_aefb_fdce laeuft [  720s] … 2026-08-01 04:37:33 [INFO] [task_scheduler.cc:195] Sending 63 sample(s) to runner
        · tvm:contraction_abcd_aefb_fdce laeuft [  751s] … 2026-08-01 04:37:33 [INFO] [task_scheduler.cc:195] Sending 63 sample(s) to runner
        · tvm:contraction_abcd_aefb_fdce laeuft [  781s] … 2026-08-01 04:37:33 [INFO] [task_scheduler.cc:195] Sending 63 sample(s) to runner
        · tvm:contraction_abcd_aefb_fdce laeuft [  811s] … 2026-08-01 04:37:33 [INFO] [task_scheduler.cc:195] Sending 63 sample(s) to runner
        · tvm:contraction_abcd_aefb_fdce laeuft [  841s] … 2026-08-01 04:37:33 [INFO] [task_scheduler.cc:195] Sending 63 sample(s) to runner
        · tvm:contraction_abcd_aefb_fdce laeuft [  871s] … 2026-08-01 04:37:33 [INFO] [task_scheduler.cc:195] Sending 63 sample(s) to runner
        · tvm:contraction_abcd_aefb_fdce laeuft [  901s] … 2026-08-01 04:37:33 [INFO] [task_scheduler.cc:195] Sending 63 sample(s) to runner
        · tvm:contraction_abcd_aefb_fdce laeuft [  931s] … 2026-08-01 04:37:33 [INFO] [task_scheduler.cc:195] Sending 63 sample(s) to runner
        · tvm:contraction_abcd_aefb_fdce laeuft [  961s] … 2026-08-01 04:37:33 [INFO] [task_scheduler.cc:195] Sending 63 sample(s) to runner
        · tvm:contraction_abcd_aefb_fdce laeuft [  991s] … 2026-08-01 04:37:33 [INFO] [task_scheduler.cc:195] Sending 63 sample(s) to runner
        · tvm:contraction_abcd_aefb_fdce laeuft [ 1022s] … 2026-08-01 04:37:33 [INFO] [task_scheduler.cc:195] Sending 63 sample(s) to runner
        · tvm:contraction_abcd_aefb_fdce laeuft [ 1052s] … 2026-08-01 04:37:33 [INFO] [task_scheduler.cc:195] Sending 63 sample(s) to runner
        · tvm:contraction_abcd_aefb_fdce laeuft [ 1082s] … 2026-08-01 04:37:33 [INFO] [task_scheduler.cc:195] Sending 63 sample(s) to runner
        · tvm:contraction_abcd_aefb_fdce laeuft [ 1112s] … 2026-08-01 04:37:33 [INFO] [task_scheduler.cc:195] Sending 63 sample(s) to runner
        · tvm:contraction_abcd_aefb_fdce laeuft [ 1142s] … 2026-08-01 04:37:33 [INFO] [task_scheduler.cc:195] Sending 63 sample(s) to runner
        · tvm:contraction_abcd_aefb_fdce laeuft [ 1170s] … 2026-08-01 04:37:33 [INFO] [task_scheduler.cc:195] Sending 63 sample(s) to runner
        · tvm:contraction_abcd_aefb_fdce laeuft [ 1200s] … 2026-08-01 04:37:33 [INFO] [task_scheduler.cc:195] Sending 63 sample(s) to runner
        · tvm:contraction_abcd_aefb_fdce laeuft [ 1230s] … 2026-08-01 04:37:33 [INFO] [task_scheduler.cc:195] Sending 63 sample(s) to runner
        · tvm:contraction_abcd_aefb_fdce laeuft [ 1260s] … 2026-08-01 04:37:33 [INFO] [task_scheduler.cc:195] Sending 63 sample(s) to runner
        · tvm:contraction_abcd_aefb_fdce laeuft [ 1290s] … 2026-08-01 04:37:33 [INFO] [task_scheduler.cc:195] Sending 63 sample(s) to runner
        · tvm:contraction_abcd_aefb_fdce laeuft [ 1320s] … 2026-08-01 04:37:33 [INFO] [task_scheduler.cc:195] Sending 63 sample(s) to runner
        · tvm:contraction_abcd_aefb_fdce laeuft [ 1351s] … 2026-08-01 04:37:33 [INFO] [task_scheduler.cc:195] Sending 63 sample(s) to runner
        · tvm:contraction_abcd_aefb_fdce laeuft [ 1381s] … 2026-08-01 04:37:33 [INFO] [task_scheduler.cc:195] Sending 63 sample(s) to runner
        · tvm:contraction_abcd_aefb_fdce laeuft [ 1411s] … 2026-08-01 04:37:33 [INFO] [task_scheduler.cc:195] Sending 63 sample(s) to runner
        · tvm:contraction_abcd_aefb_fdce laeuft [ 1441s] … 2026-08-01 04:37:33 [INFO] [task_scheduler.cc:195] Sending 63 sample(s) to runner
        · tvm:contraction_abcd_aefb_fdce laeuft [ 1471s] … 2026-08-01 04:37:33 [INFO] [task_scheduler.cc:195] Sending 63 sample(s) to runner
        · tvm:contraction_abcd_aefb_fdce laeuft [ 1501s] … 2026-08-01 04:37:33 [INFO] [task_scheduler.cc:195] Sending 63 sample(s) to runner
        · tvm:contraction_abcd_aefb_fdce laeuft [ 1531s] … 2026-08-01 04:37:33 [INFO] [task_scheduler.cc:195] Sending 63 sample(s) to runner
        · tvm:contraction_abcd_aefb_fdce laeuft [ 1561s] … 2026-08-01 04:37:33 [INFO] [task_scheduler.cc:195] Sending 63 sample(s) to runner
        · tvm:contraction_abcd_aefb_fdce laeuft [ 1591s] … 2026-08-01 04:37:33 [INFO] [task_scheduler.cc:195] Sending 63 sample(s) to runner
        · tvm:contraction_abcd_aefb_fdce laeuft [ 1622s] … 2026-08-01 04:37:33 [INFO] [task_scheduler.cc:195] Sending 63 sample(s) to runner
        · tvm:contraction_abcd_aefb_fdce laeuft [ 1652s] … 2026-08-01 04:37:33 [INFO] [task_scheduler.cc:195] Sending 63 sample(s) to runner
        · tvm:contraction_abcd_aefb_fdce laeuft [ 1682s] … 2026-08-01 05:05:18 [INFO] [task_scheduler.cc:193] Sending 64 sample(s) to builder
        · tvm:contraction_abcd_aefb_fdce laeuft [ 1712s] … 2026-08-01 05:05:33 [INFO] [task_scheduler.cc:195] Sending 64 sample(s) to runner
        · tvm:contraction_abcd_aefb_fdce laeuft [ 1742s] … 2026-08-01 05:05:33 [INFO] [task_scheduler.cc:195] Sending 64 sample(s) to runner
        · tvm:contraction_abcd_aefb_fdce laeuft [ 1770s] … 2026-08-01 05:05:33 [INFO] [task_scheduler.cc:195] Sending 64 sample(s) to runner
        · tvm:contraction_abcd_aefb_fdce laeuft [ 1800s] … 2026-08-01 05:05:33 [INFO] [task_scheduler.cc:195] Sending 64 sample(s) to runner
        · tvm:contraction_abcd_aefb_fdce laeuft [ 1830s] … 2026-08-01 05:05:33 [INFO] [task_scheduler.cc:195] Sending 64 sample(s) to runner
        · tvm:contraction_abcd_aefb_fdce laeuft [ 1860s] … 2026-08-01 05:05:33 [INFO] [task_scheduler.cc:195] Sending 64 sample(s) to runner
        · tvm:contraction_abcd_aefb_fdce laeuft [ 1890s] … 2026-08-01 05:05:33 [INFO] [task_scheduler.cc:195] Sending 64 sample(s) to runner
        · tvm:contraction_abcd_aefb_fdce laeuft [ 1921s] … 2026-08-01 05:05:33 [INFO] [task_scheduler.cc:195] Sending 64 sample(s) to runner
        · tvm:contraction_abcd_aefb_fdce laeuft [ 1951s] … 2026-08-01 05:05:33 [INFO] [task_scheduler.cc:195] Sending 64 sample(s) to runner
        · tvm:contraction_abcd_aefb_fdce laeuft [ 1981s] … 2026-08-01 05:05:33 [INFO] [task_scheduler.cc:195] Sending 64 sample(s) to runner
        · tvm:contraction_abcd_aefb_fdce laeuft [ 2011s] … 2026-08-01 05:05:33 [INFO] [task_scheduler.cc:195] Sending 64 sample(s) to runner
        · tvm:contraction_abcd_aefb_fdce laeuft [ 2041s] … 2026-08-01 05:05:33 [INFO] [task_scheduler.cc:195] Sending 64 sample(s) to runner
        · tvm:contraction_abcd_aefb_fdce laeuft [ 2071s] … 2026-08-01 05:05:33 [INFO] [task_scheduler.cc:195] Sending 64 sample(s) to runner
        · tvm:contraction_abcd_aefb_fdce laeuft [ 2101s] … 2026-08-01 05:05:33 [INFO] [task_scheduler.cc:195] Sending 64 sample(s) to runner
        · tvm:contraction_abcd_aefb_fdce laeuft [ 2131s] … 2026-08-01 05:05:33 [INFO] [task_scheduler.cc:195] Sending 64 sample(s) to runner
        · tvm:contraction_abcd_aefb_fdce laeuft [ 2161s] … 2026-08-01 05:05:33 [INFO] [task_scheduler.cc:195] Sending 64 sample(s) to runner
        · tvm:contraction_abcd_aefb_fdce laeuft [ 2191s] … 2026-08-01 05:05:33 [INFO] [task_scheduler.cc:195] Sending 64 sample(s) to runner
        · tvm:contraction_abcd_aefb_fdce laeuft [ 2222s] … 2026-08-01 05:05:33 [INFO] [task_scheduler.cc:195] Sending 64 sample(s) to runner
        · tvm:contraction_abcd_aefb_fdce laeuft [ 2252s] … 2026-08-01 05:05:33 [INFO] [task_scheduler.cc:195] Sending 64 sample(s) to runner
        · tvm:contraction_abcd_aefb_fdce laeuft [ 2282s] … 2026-08-01 05:05:33 [INFO] [task_scheduler.cc:195] Sending 64 sample(s) to runner
        · tvm:contraction_abcd_aefb_fdce laeuft [ 2312s] … 2026-08-01 05:05:33 [INFO] [task_scheduler.cc:195] Sending 64 sample(s) to runner
        · tvm:contraction_abcd_aefb_fdce laeuft [ 2340s] … 2026-08-01 05:05:33 [INFO] [task_scheduler.cc:195] Sending 64 sample(s) to runner
        · tvm:contraction_abcd_aefb_fdce laeuft [ 2370s] … 2026-08-01 05:05:33 [INFO] [task_scheduler.cc:195] Sending 64 sample(s) to runner
        · tvm:contraction_abcd_aefb_fdce laeuft [ 2400s] … 2026-08-01 05:05:33 [INFO] [task_scheduler.cc:195] Sending 64 sample(s) to runner
        · tvm:contraction_abcd_aefb_fdce laeuft [ 2430s] … 2026-08-01 05:05:33 [INFO] [task_scheduler.cc:195] Sending 64 sample(s) to runner
        · tvm:contraction_abcd_aefb_fdce laeuft [ 2460s] … 2026-08-01 05:05:33 [INFO] [task_scheduler.cc:195] Sending 64 sample(s) to runner
        · tvm:contraction_abcd_aefb_fdce laeuft [ 2491s] … 2026-08-01 05:05:33 [INFO] [task_scheduler.cc:195] Sending 64 sample(s) to runner
        · tvm:contraction_abcd_aefb_fdce laeuft [ 2521s] … 2026-08-01 05:05:33 [INFO] [task_scheduler.cc:195] Sending 64 sample(s) to runner
        · tvm:contraction_abcd_aefb_fdce laeuft [ 2551s] … 2026-08-01 05:05:33 [INFO] [task_scheduler.cc:195] Sending 64 sample(s) to runner
        · tvm:contraction_abcd_aefb_fdce laeuft [ 2581s] … 2026-08-01 05:05:33 [INFO] [task_scheduler.cc:195] Sending 64 sample(s) to runner
        · tvm:contraction_abcd_aefb_fdce laeuft [ 2611s] … 2026-08-01 05:05:33 [INFO] [task_scheduler.cc:195] Sending 64 sample(s) to runner
        · tvm:contraction_abcd_aefb_fdce laeuft [ 2641s] … 2026-08-01 05:05:33 [INFO] [task_scheduler.cc:195] Sending 64 sample(s) to runner
        · tvm:contraction_abcd_aefb_fdce laeuft [ 2671s] … 2026-08-01 05:05:33 [INFO] [task_scheduler.cc:195] Sending 64 sample(s) to runner
        · tvm:contraction_abcd_aefb_fdce laeuft [ 2701s] … 2026-08-01 05:05:33 [INFO] [task_scheduler.cc:195] Sending 64 sample(s) to runner
        · tvm:contraction_abcd_aefb_fdce laeuft [ 2731s] … 2026-08-01 05:05:33 [INFO] [task_scheduler.cc:195] Sending 64 sample(s) to runner
        · tvm:contraction_abcd_aefb_fdce laeuft [ 2762s] … 2026-08-01 05:05:33 [INFO] [task_scheduler.cc:195] Sending 64 sample(s) to runner
        · tvm:contraction_abcd_aefb_fdce laeuft [ 2792s] … 2026-08-01 05:05:33 [INFO] [task_scheduler.cc:195] Sending 64 sample(s) to runner
        · tvm:contraction_abcd_aefb_fdce laeuft [ 2822s] … 2026-08-01 05:05:33 [INFO] [task_scheduler.cc:195] Sending 64 sample(s) to runner
        · tvm:contraction_abcd_aefb_fdce laeuft [ 2852s] … 2026-08-01 05:05:33 [INFO] [task_scheduler.cc:195] Sending 64 sample(s) to runner
        · tvm:contraction_abcd_aefb_fdce laeuft [ 2880s] … 2026-08-01 05:05:33 [INFO] [task_scheduler.cc:195] Sending 64 sample(s) to runner
        · tvm:contraction_abcd_aefb_fdce laeuft [ 2910s] … 2026-08-01 05:05:33 [INFO] [task_scheduler.cc:195] Sending 64 sample(s) to runner
        · tvm:contraction_abcd_aefb_fdce laeuft [ 2940s] … 2026-08-01 05:05:33 [INFO] [task_scheduler.cc:195] Sending 64 sample(s) to runner
        · tvm:contraction_abcd_aefb_fdce laeuft [ 2970s] … 2026-08-01 05:05:33 [INFO] [task_scheduler.cc:195] Sending 64 sample(s) to runner
        · tvm:contraction_abcd_aefb_fdce laeuft [ 3000s] … 2026-08-01 05:05:33 [INFO] [task_scheduler.cc:195] Sending 64 sample(s) to runner
        · tvm:contraction_abcd_aefb_fdce laeuft [ 3031s] … 2026-08-01 05:05:33 [INFO] [task_scheduler.cc:195] Sending 64 sample(s) to runner
        · tvm:contraction_abcd_aefb_fdce laeuft [ 3061s] … 2026-08-01 05:05:33 [INFO] [task_scheduler.cc:195] Sending 64 sample(s) to runner
        · tvm:contraction_abcd_aefb_fdce laeuft [ 3091s] … 2026-08-01 05:05:33 [INFO] [task_scheduler.cc:195] Sending 64 sample(s) to runner
        · tvm:contraction_abcd_aefb_fdce laeuft [ 3121s] … 2026-08-01 05:05:33 [INFO] [task_scheduler.cc:195] Sending 64 sample(s) to runner
        · tvm:contraction_abcd_aefb_fdce laeuft [ 3151s] … 2026-08-01 05:05:33 [INFO] [task_scheduler.cc:195] Sending 64 sample(s) to runner
        · tvm:contraction_abcd_aefb_fdce laeuft [ 3181s] … 2026-08-01 05:05:33 [INFO] [task_scheduler.cc:195] Sending 64 sample(s) to runner
        · tvm:contraction_abcd_aefb_fdce laeuft [ 3211s] … 2026-08-01 05:05:33 [INFO] [task_scheduler.cc:195] Sending 64 sample(s) to runner
        · tvm:contraction_abcd_aefb_fdce laeuft [ 3241s] … 2026-08-01 05:05:33 [INFO] [task_scheduler.cc:195] Sending 64 sample(s) to runner
        · tvm:contraction_abcd_aefb_fdce laeuft [ 3271s] … 2026-08-01 05:05:33 [INFO] [task_scheduler.cc:195] Sending 64 sample(s) to runner
        · tvm:contraction_abcd_aefb_fdce laeuft [ 3301s] … 2026-08-01 05:05:33 [INFO] [task_scheduler.cc:195] Sending 64 sample(s) to runner
        · tvm:contraction_abcd_aefb_fdce laeuft [ 3332s] … 2026-08-01 05:05:33 [INFO] [task_scheduler.cc:195] Sending 64 sample(s) to runner
        · tvm:contraction_abcd_aefb_fdce laeuft [ 3362s] … 2026-08-01 05:05:33 [INFO] [task_scheduler.cc:195] Sending 64 sample(s) to runner
        · tvm:contraction_abcd_aefb_fdce laeuft [ 3392s] … 2026-08-01 05:05:33 [INFO] [task_scheduler.cc:195] Sending 64 sample(s) to runner
        · tvm:contraction_abcd_aefb_fdce laeuft [ 3422s] … 2026-08-01 05:05:33 [INFO] [task_scheduler.cc:195] Sending 64 sample(s) to runner
        · tvm:contraction_abcd_aefb_fdce laeuft [ 3452s] … 2026-08-01 05:34:39 [INFO] [task_scheduler.cc:195] Sending 64 sample(s) to runner
        · tvm:contraction_abcd_aefb_fdce laeuft [ 3480s] … 2026-08-01 05:34:39 [INFO] [task_scheduler.cc:195] Sending 64 sample(s) to runner
        · tvm:contraction_abcd_aefb_fdce laeuft [ 3510s] … 2026-08-01 05:34:39 [INFO] [task_scheduler.cc:195] Sending 64 sample(s) to runner
        · tvm:contraction_abcd_aefb_fdce laeuft [ 3540s] … 2026-08-01 05:34:39 [INFO] [task_scheduler.cc:195] Sending 64 sample(s) to runner
        · tvm:contraction_abcd_aefb_fdce laeuft [ 3570s] … 2026-08-01 05:34:39 [INFO] [task_scheduler.cc:195] Sending 64 sample(s) to runner
        · tvm:contraction_abcd_aefb_fdce laeuft [ 3600s] … 2026-08-01 05:34:39 [INFO] [task_scheduler.cc:195] Sending 64 sample(s) to runner
        · tvm:contraction_abcd_aefb_fdce laeuft [ 3631s] … 2026-08-01 05:34:39 [INFO] [task_scheduler.cc:195] Sending 64 sample(s) to runner
        · tvm:contraction_abcd_aefb_fdce laeuft [ 3661s] … 2026-08-01 05:34:39 [INFO] [task_scheduler.cc:195] Sending 64 sample(s) to runner
        · tvm:contraction_abcd_aefb_fdce laeuft [ 3691s] … 2026-08-01 05:34:39 [INFO] [task_scheduler.cc:195] Sending 64 sample(s) to runner
        · tvm:contraction_abcd_aefb_fdce laeuft [ 3721s] … 2026-08-01 05:34:39 [INFO] [task_scheduler.cc:195] Sending 64 sample(s) to runner
        · tvm:contraction_abcd_aefb_fdce laeuft [ 3751s] … 2026-08-01 05:34:39 [INFO] [task_scheduler.cc:195] Sending 64 sample(s) to runner
        · tvm:contraction_abcd_aefb_fdce laeuft [ 3781s] … 2026-08-01 05:34:39 [INFO] [task_scheduler.cc:195] Sending 64 sample(s) to runner
        · tvm:contraction_abcd_aefb_fdce laeuft [ 3811s] … 2026-08-01 05:34:39 [INFO] [task_scheduler.cc:195] Sending 64 sample(s) to runner
        · tvm:contraction_abcd_aefb_fdce laeuft [ 3841s] … 2026-08-01 05:34:39 [INFO] [task_scheduler.cc:195] Sending 64 sample(s) to runner
        · tvm:contraction_abcd_aefb_fdce laeuft [ 3871s] … 2026-08-01 05:34:39 [INFO] [task_scheduler.cc:195] Sending 64 sample(s) to runner
        · tvm:contraction_abcd_aefb_fdce laeuft [ 3902s] … 2026-08-01 05:34:39 [INFO] [task_scheduler.cc:195] Sending 64 sample(s) to runner
        · tvm:contraction_abcd_aefb_fdce laeuft [ 3932s] … 2026-08-01 05:34:39 [INFO] [task_scheduler.cc:195] Sending 64 sample(s) to runner
        · tvm:contraction_abcd_aefb_fdce laeuft [ 3962s] … 2026-08-01 05:34:39 [INFO] [task_scheduler.cc:195] Sending 64 sample(s) to runner
        · tvm:contraction_abcd_aefb_fdce laeuft [ 3992s] … 2026-08-01 05:34:39 [INFO] [task_scheduler.cc:195] Sending 64 sample(s) to runner
        · tvm:contraction_abcd_aefb_fdce laeuft [ 4020s] … 2026-08-01 05:34:39 [INFO] [task_scheduler.cc:195] Sending 64 sample(s) to runner
        · tvm:contraction_abcd_aefb_fdce laeuft [ 4050s] … 2026-08-01 05:34:39 [INFO] [task_scheduler.cc:195] Sending 64 sample(s) to runner
        · tvm:contraction_abcd_aefb_fdce laeuft [ 4080s] … 2026-08-01 05:34:39 [INFO] [task_scheduler.cc:195] Sending 64 sample(s) to runner
        · tvm:contraction_abcd_aefb_fdce laeuft [ 4110s] … 2026-08-01 05:34:39 [INFO] [task_scheduler.cc:195] Sending 64 sample(s) to runner
        · tvm:contraction_abcd_aefb_fdce laeuft [ 4140s] … 2026-08-01 05:34:39 [INFO] [task_scheduler.cc:195] Sending 64 sample(s) to runner
        · tvm:contraction_abcd_aefb_fdce laeuft [ 4171s] … 2026-08-01 05:34:39 [INFO] [task_scheduler.cc:195] Sending 64 sample(s) to runner
        · tvm:contraction_abcd_aefb_fdce laeuft [ 4201s] … 2026-08-01 05:34:39 [INFO] [task_scheduler.cc:195] Sending 64 sample(s) to runner
        · tvm:contraction_abcd_aefb_fdce laeuft [ 4231s] … 2026-08-01 05:34:39 [INFO] [task_scheduler.cc:195] Sending 64 sample(s) to runner
        · tvm:contraction_abcd_aefb_fdce laeuft [ 4261s] … 2026-08-01 05:34:39 [INFO] [task_scheduler.cc:195] Sending 64 sample(s) to runner
        · tvm:contraction_abcd_aefb_fdce laeuft [ 4291s] … 2026-08-01 05:34:39 [INFO] [task_scheduler.cc:195] Sending 64 sample(s) to runner
        · tvm:contraction_abcd_aefb_fdce laeuft [ 4321s] … 2026-08-01 05:34:39 [INFO] [task_scheduler.cc:195] Sending 64 sample(s) to runner
        · tvm:contraction_abcd_aefb_fdce laeuft [ 4351s] … 2026-08-01 05:34:39 [INFO] [task_scheduler.cc:195] Sending 64 sample(s) to runner
        · tvm:contraction_abcd_aefb_fdce laeuft [ 4381s] … 2026-08-01 05:34:39 [INFO] [task_scheduler.cc:195] Sending 64 sample(s) to runner
        · tvm:contraction_abcd_aefb_fdce laeuft [ 4411s] … 2026-08-01 05:34:39 [INFO] [task_scheduler.cc:195] Sending 64 sample(s) to runner
        · tvm:contraction_abcd_aefb_fdce laeuft [ 4442s] … 2026-08-01 05:34:39 [INFO] [task_scheduler.cc:195] Sending 64 sample(s) to runner
        · tvm:contraction_abcd_aefb_fdce laeuft [ 4472s] … 2026-08-01 05:34:39 [INFO] [task_scheduler.cc:195] Sending 64 sample(s) to runner
        · tvm:contraction_abcd_aefb_fdce laeuft [ 4502s] … 2026-08-01 05:34:39 [INFO] [task_scheduler.cc:195] Sending 64 sample(s) to runner
        · tvm:contraction_abcd_aefb_fdce laeuft [ 4532s] … 2026-08-01 05:34:39 [INFO] [task_scheduler.cc:195] Sending 64 sample(s) to runner
        · tvm:contraction_abcd_aefb_fdce laeuft [ 4562s] … 2026-08-01 05:34:39 [INFO] [task_scheduler.cc:195] Sending 64 sample(s) to runner
        · tvm:contraction_abcd_aefb_fdce laeuft [ 4590s] … 2026-08-01 05:34:39 [INFO] [task_scheduler.cc:195] Sending 64 sample(s) to runner
        · tvm:contraction_abcd_aefb_fdce laeuft [ 4620s] … 2026-08-01 05:34:39 [INFO] [task_scheduler.cc:195] Sending 64 sample(s) to runner
        · tvm:contraction_abcd_aefb_fdce laeuft [ 4650s] … 2026-08-01 05:34:39 [INFO] [task_scheduler.cc:195] Sending 64 sample(s) to runner
        · tvm:contraction_abcd_aefb_fdce laeuft [ 4680s] … 2026-08-01 05:34:39 [INFO] [task_scheduler.cc:195] Sending 64 sample(s) to runner
        · tvm:contraction_abcd_aefb_fdce laeuft [ 4711s] … 2026-08-01 05:34:39 [INFO] [task_scheduler.cc:195] Sending 64 sample(s) to runner
        · tvm:contraction_abcd_aefb_fdce laeuft [ 4741s] … 2026-08-01 05:34:39 [INFO] [task_scheduler.cc:195] Sending 64 sample(s) to runner
        · tvm:contraction_abcd_aefb_fdce laeuft [ 4771s] … 2026-08-01 05:34:39 [INFO] [task_scheduler.cc:195] Sending 64 sample(s) to runner
        · tvm:contraction_abcd_aefb_fdce laeuft [ 4801s] … 2026-08-01 05:34:39 [INFO] [task_scheduler.cc:195] Sending 64 sample(s) to runner
        · tvm:contraction_abcd_aefb_fdce laeuft [ 4831s] … 2026-08-01 05:34:39 [INFO] [task_scheduler.cc:195] Sending 64 sample(s) to runner
        · tvm:contraction_abcd_aefb_fdce laeuft [ 4861s] … 2026-08-01 05:34:39 [INFO] [task_scheduler.cc:195] Sending 64 sample(s) to runner
        · tvm:contraction_abcd_aefb_fdce laeuft [ 4891s] … 2026-08-01 05:34:39 [INFO] [task_scheduler.cc:195] Sending 64 sample(s) to runner
        · tvm:contraction_abcd_aefb_fdce laeuft [ 4921s] … 2026-08-01 05:34:39 [INFO] [task_scheduler.cc:195] Sending 64 sample(s) to runner
        · tvm:contraction_abcd_aefb_fdce laeuft [ 4951s] … 2026-08-01 05:34:39 [INFO] [task_scheduler.cc:195] Sending 64 sample(s) to runner
        · tvm:contraction_abcd_aefb_fdce laeuft [ 4982s] … 2026-08-01 05:34:39 [INFO] [task_scheduler.cc:195] Sending 64 sample(s) to runner
        · tvm:contraction_abcd_aefb_fdce laeuft [ 5012s] … 2026-08-01 05:34:39 [INFO] [task_scheduler.cc:195] Sending 64 sample(s) to runner
        · tvm:contraction_abcd_aefb_fdce laeuft [ 5042s] … 2026-08-01 05:34:39 [INFO] [task_scheduler.cc:195] Sending 64 sample(s) to runner
        · tvm:contraction_abcd_aefb_fdce laeuft [ 5072s] … 2026-08-01 05:34:39 [INFO] [task_scheduler.cc:195] Sending 64 sample(s) to runner
        · tvm:contraction_abcd_aefb_fdce laeuft [ 5102s] … 2026-08-01 06:02:10 [INFO] [task_scheduler.cc:195] Sending 9 sample(s) to runner
        · tvm:contraction_abcd_aefb_fdce laeuft [ 5130s] … 2026-08-01 06:02:10 [INFO] [task_scheduler.cc:195] Sending 9 sample(s) to runner
        · tvm:contraction_abcd_aefb_fdce laeuft [ 5160s] … 2026-08-01 06:02:10 [INFO] [task_scheduler.cc:195] Sending 9 sample(s) to runner
        · tvm:contraction_abcd_aefb_fdce laeuft [ 5190s] … 2026-08-01 06:02:10 [INFO] [task_scheduler.cc:195] Sending 9 sample(s) to runner
        · tvm:contraction_abcd_aefb_fdce laeuft [ 5220s] … 2026-08-01 06:02:10 [INFO] [task_scheduler.cc:195] Sending 9 sample(s) to runner
        · tvm:contraction_abcd_aefb_fdce laeuft [ 5250s] … 2026-08-01 06:02:10 [INFO] [task_scheduler.cc:195] Sending 9 sample(s) to runner
        · tvm:contraction_abcd_aefb_fdce laeuft [ 5281s] … Total latency (us): 1.90445e+06
        · tvm:contraction_abcd_aefb_fdce laeuft [ 5311s] … Total latency (us): 1.90445e+06
        · tvm:contraction_abcd_aefb_fdce laeuft [ 5341s] … Total latency (us): 1.90445e+06
        · tvm:contraction_abcd_aefb_fdce laeuft [ 5371s] … Total latency (us): 1.90445e+06
        · tvm:contraction_abcd_aefb_fdce laeuft [ 5401s] … Total latency (us): 1.90445e+06
        · tvm:contraction_abcd_aefb_fdce laeuft [ 5431s] … Total latency (us): 1.90445e+06
        · tvm:contraction_abcd_aefb_fdce laeuft [ 5461s] … Total latency (us): 1.90445e+06
  [tvm] 26/48 contraction_abcd_aefb_fdce             476.8 GFLOPS [ok]              5466s  DONE @ 2026-08-01 06:08:31
  [tvm] 27/48 contraction_abcd_aefc_fbed             ... START @ 2026-08-01 06:08:31
        · tvm:contraction_abcd_aefc_fbed laeuft [   30s] … 2026-08-01 06:08:40 [INFO] [task_scheduler.cc:195] Sending 64 sample(s) to runner
        · tvm:contraction_abcd_aefc_fbed laeuft [   60s] … 2026-08-01 06:08:40 [INFO] [task_scheduler.cc:195] Sending 64 sample(s) to runner
        · tvm:contraction_abcd_aefc_fbed laeuft [   90s] … 2026-08-01 06:08:40 [INFO] [task_scheduler.cc:195] Sending 64 sample(s) to runner
        · tvm:contraction_abcd_aefc_fbed laeuft [  120s] … 2026-08-01 06:08:40 [INFO] [task_scheduler.cc:195] Sending 64 sample(s) to runner
        · tvm:contraction_abcd_aefc_fbed laeuft [  150s] … 2026-08-01 06:08:40 [INFO] [task_scheduler.cc:195] Sending 64 sample(s) to runner
        · tvm:contraction_abcd_aefc_fbed laeuft [  181s] … 2026-08-01 06:08:40 [INFO] [task_scheduler.cc:195] Sending 64 sample(s) to runner
        · tvm:contraction_abcd_aefc_fbed laeuft [  211s] … 2026-08-01 06:08:40 [INFO] [task_scheduler.cc:195] Sending 64 sample(s) to runner
        · tvm:contraction_abcd_aefc_fbed laeuft [  241s] … 2026-08-01 06:08:40 [INFO] [task_scheduler.cc:195] Sending 64 sample(s) to runner
        · tvm:contraction_abcd_aefc_fbed laeuft [  271s] … 2026-08-01 06:08:40 [INFO] [task_scheduler.cc:195] Sending 64 sample(s) to runner
        · tvm:contraction_abcd_aefc_fbed laeuft [  301s] … 2026-08-01 06:08:40 [INFO] [task_scheduler.cc:195] Sending 64 sample(s) to runner
        · tvm:contraction_abcd_aefc_fbed laeuft [  331s] … 2026-08-01 06:08:40 [INFO] [task_scheduler.cc:195] Sending 64 sample(s) to runner
        · tvm:contraction_abcd_aefc_fbed laeuft [  361s] … 2026-08-01 06:08:40 [INFO] [task_scheduler.cc:195] Sending 64 sample(s) to runner
        · tvm:contraction_abcd_aefc_fbed laeuft [  391s] … 2026-08-01 06:08:40 [INFO] [task_scheduler.cc:195] Sending 64 sample(s) to runner
        · tvm:contraction_abcd_aefc_fbed laeuft [  421s] … 2026-08-01 06:08:40 [INFO] [task_scheduler.cc:195] Sending 64 sample(s) to runner
        · tvm:contraction_abcd_aefc_fbed laeuft [  452s] … 2026-08-01 06:08:40 [INFO] [task_scheduler.cc:195] Sending 64 sample(s) to runner
        · tvm:contraction_abcd_aefc_fbed laeuft [  482s] … 2026-08-01 06:08:40 [INFO] [task_scheduler.cc:195] Sending 64 sample(s) to runner
        · tvm:contraction_abcd_aefc_fbed laeuft [  512s] … 2026-08-01 06:08:40 [INFO] [task_scheduler.cc:195] Sending 64 sample(s) to runner
        · tvm:contraction_abcd_aefc_fbed laeuft [  542s] … 2026-08-01 06:08:40 [INFO] [task_scheduler.cc:195] Sending 64 sample(s) to runner
        · tvm:contraction_abcd_aefc_fbed laeuft [  572s] … 2026-08-01 06:08:40 [INFO] [task_scheduler.cc:195] Sending 64 sample(s) to runner
        · tvm:contraction_abcd_aefc_fbed laeuft [  600s] … 2026-08-01 06:08:40 [INFO] [task_scheduler.cc:195] Sending 64 sample(s) to runner
        · tvm:contraction_abcd_aefc_fbed laeuft [  630s] … 2026-08-01 06:08:40 [INFO] [task_scheduler.cc:195] Sending 64 sample(s) to runner
        · tvm:contraction_abcd_aefc_fbed laeuft [  660s] … 2026-08-01 06:08:40 [INFO] [task_scheduler.cc:195] Sending 64 sample(s) to runner
        · tvm:contraction_abcd_aefc_fbed laeuft [  690s] … 2026-08-01 06:08:40 [INFO] [task_scheduler.cc:195] Sending 64 sample(s) to runner
        · tvm:contraction_abcd_aefc_fbed laeuft [  720s] … 2026-08-01 06:08:40 [INFO] [task_scheduler.cc:195] Sending 64 sample(s) to runner
        · tvm:contraction_abcd_aefc_fbed laeuft [  751s] … 2026-08-01 06:08:40 [INFO] [task_scheduler.cc:195] Sending 64 sample(s) to runner
        · tvm:contraction_abcd_aefc_fbed laeuft [  781s] … 2026-08-01 06:08:40 [INFO] [task_scheduler.cc:195] Sending 64 sample(s) to runner
        · tvm:contraction_abcd_aefc_fbed laeuft [  811s] … 2026-08-01 06:08:40 [INFO] [task_scheduler.cc:195] Sending 64 sample(s) to runner
        · tvm:contraction_abcd_aefc_fbed laeuft [  841s] … 2026-08-01 06:08:40 [INFO] [task_scheduler.cc:195] Sending 64 sample(s) to runner
        · tvm:contraction_abcd_aefc_fbed laeuft [  871s] … 2026-08-01 06:08:40 [INFO] [task_scheduler.cc:195] Sending 64 sample(s) to runner
        · tvm:contraction_abcd_aefc_fbed laeuft [  901s] … 2026-08-01 06:08:40 [INFO] [task_scheduler.cc:195] Sending 64 sample(s) to runner
        · tvm:contraction_abcd_aefc_fbed laeuft [  931s] … 2026-08-01 06:08:40 [INFO] [task_scheduler.cc:195] Sending 64 sample(s) to runner
        · tvm:contraction_abcd_aefc_fbed laeuft [  961s] … 2026-08-01 06:08:40 [INFO] [task_scheduler.cc:195] Sending 64 sample(s) to runner
        · tvm:contraction_abcd_aefc_fbed laeuft [  991s] … 2026-08-01 06:08:40 [INFO] [task_scheduler.cc:195] Sending 64 sample(s) to runner
        · tvm:contraction_abcd_aefc_fbed laeuft [ 1021s] … 2026-08-01 06:08:40 [INFO] [task_scheduler.cc:195] Sending 64 sample(s) to runner
        · tvm:contraction_abcd_aefc_fbed laeuft [ 1051s] … 2026-08-01 06:08:40 [INFO] [task_scheduler.cc:195] Sending 64 sample(s) to runner
        · tvm:contraction_abcd_aefc_fbed laeuft [ 1082s] … 2026-08-01 06:08:40 [INFO] [task_scheduler.cc:195] Sending 64 sample(s) to runner
        · tvm:contraction_abcd_aefc_fbed laeuft [ 1112s] … 2026-08-01 06:08:40 [INFO] [task_scheduler.cc:195] Sending 64 sample(s) to runner
        · tvm:contraction_abcd_aefc_fbed laeuft [ 1142s] … 2026-08-01 06:08:40 [INFO] [task_scheduler.cc:195] Sending 64 sample(s) to runner
        · tvm:contraction_abcd_aefc_fbed laeuft [ 1172s] … 2026-08-01 06:08:40 [INFO] [task_scheduler.cc:195] Sending 64 sample(s) to runner
        · tvm:contraction_abcd_aefc_fbed laeuft [ 1202s] … 2026-08-01 06:08:40 [INFO] [task_scheduler.cc:195] Sending 64 sample(s) to runner
        · tvm:contraction_abcd_aefc_fbed laeuft [ 1230s] … 2026-08-01 06:08:40 [INFO] [task_scheduler.cc:195] Sending 64 sample(s) to runner
        · tvm:contraction_abcd_aefc_fbed laeuft [ 1260s] … 2026-08-01 06:08:40 [INFO] [task_scheduler.cc:195] Sending 64 sample(s) to runner
        · tvm:contraction_abcd_aefc_fbed laeuft [ 1290s] … 2026-08-01 06:08:40 [INFO] [task_scheduler.cc:195] Sending 64 sample(s) to runner
        · tvm:contraction_abcd_aefc_fbed laeuft [ 1320s] … 2026-08-01 06:08:40 [INFO] [task_scheduler.cc:195] Sending 64 sample(s) to runner
        · tvm:contraction_abcd_aefc_fbed laeuft [ 1350s] … 2026-08-01 06:08:40 [INFO] [task_scheduler.cc:195] Sending 64 sample(s) to runner
        · tvm:contraction_abcd_aefc_fbed laeuft [ 1381s] … 2026-08-01 06:08:40 [INFO] [task_scheduler.cc:195] Sending 64 sample(s) to runner
        · tvm:contraction_abcd_aefc_fbed laeuft [ 1411s] … 2026-08-01 06:08:40 [INFO] [task_scheduler.cc:195] Sending 64 sample(s) to runner
        · tvm:contraction_abcd_aefc_fbed laeuft [ 1441s] … 2026-08-01 06:08:40 [INFO] [task_scheduler.cc:195] Sending 64 sample(s) to runner
        · tvm:contraction_abcd_aefc_fbed laeuft [ 1471s] … 2026-08-01 06:08:40 [INFO] [task_scheduler.cc:195] Sending 64 sample(s) to runner
        · tvm:contraction_abcd_aefc_fbed laeuft [ 1501s] … 2026-08-01 06:08:40 [INFO] [task_scheduler.cc:195] Sending 64 sample(s) to runner
        · tvm:contraction_abcd_aefc_fbed laeuft [ 1531s] … 2026-08-01 06:33:58 [INFO] [task_scheduler.cc:195] Sending 64 sample(s) to runner
        · tvm:contraction_abcd_aefc_fbed laeuft [ 1561s] … 2026-08-01 06:33:58 [INFO] [task_scheduler.cc:195] Sending 64 sample(s) to runner
        · tvm:contraction_abcd_aefc_fbed laeuft [ 1591s] … 2026-08-01 06:33:58 [INFO] [task_scheduler.cc:195] Sending 64 sample(s) to runner
        · tvm:contraction_abcd_aefc_fbed laeuft [ 1621s] … 2026-08-01 06:33:58 [INFO] [task_scheduler.cc:195] Sending 64 sample(s) to runner
        · tvm:contraction_abcd_aefc_fbed laeuft [ 1651s] … 2026-08-01 06:33:58 [INFO] [task_scheduler.cc:195] Sending 64 sample(s) to runner
        · tvm:contraction_abcd_aefc_fbed laeuft [ 1682s] … 2026-08-01 06:33:58 [INFO] [task_scheduler.cc:195] Sending 64 sample(s) to runner
        · tvm:contraction_abcd_aefc_fbed laeuft [ 1712s] … 2026-08-01 06:33:58 [INFO] [task_scheduler.cc:195] Sending 64 sample(s) to runner
        · tvm:contraction_abcd_aefc_fbed laeuft [ 1742s] … 2026-08-01 06:33:58 [INFO] [task_scheduler.cc:195] Sending 64 sample(s) to runner
        · tvm:contraction_abcd_aefc_fbed laeuft [ 1772s] … 2026-08-01 06:33:58 [INFO] [task_scheduler.cc:195] Sending 64 sample(s) to runner
        · tvm:contraction_abcd_aefc_fbed laeuft [ 1800s] … 2026-08-01 06:33:58 [INFO] [task_scheduler.cc:195] Sending 64 sample(s) to runner
        · tvm:contraction_abcd_aefc_fbed laeuft [ 1830s] … 2026-08-01 06:33:58 [INFO] [task_scheduler.cc:195] Sending 64 sample(s) to runner
        · tvm:contraction_abcd_aefc_fbed laeuft [ 1860s] … 2026-08-01 06:33:58 [INFO] [task_scheduler.cc:195] Sending 64 sample(s) to runner
        · tvm:contraction_abcd_aefc_fbed laeuft [ 1890s] … 2026-08-01 06:33:58 [INFO] [task_scheduler.cc:195] Sending 64 sample(s) to runner
        · tvm:contraction_abcd_aefc_fbed laeuft [ 1920s] … 2026-08-01 06:33:58 [INFO] [task_scheduler.cc:195] Sending 64 sample(s) to runner
        · tvm:contraction_abcd_aefc_fbed laeuft [ 1951s] … 2026-08-01 06:33:58 [INFO] [task_scheduler.cc:195] Sending 64 sample(s) to runner
        · tvm:contraction_abcd_aefc_fbed laeuft [ 1981s] … 2026-08-01 06:33:58 [INFO] [task_scheduler.cc:195] Sending 64 sample(s) to runner
        · tvm:contraction_abcd_aefc_fbed laeuft [ 2011s] … 2026-08-01 06:33:58 [INFO] [task_scheduler.cc:195] Sending 64 sample(s) to runner
        · tvm:contraction_abcd_aefc_fbed laeuft [ 2041s] … 2026-08-01 06:33:58 [INFO] [task_scheduler.cc:195] Sending 64 sample(s) to runner
        · tvm:contraction_abcd_aefc_fbed laeuft [ 2071s] … 2026-08-01 06:33:58 [INFO] [task_scheduler.cc:195] Sending 64 sample(s) to runner
        · tvm:contraction_abcd_aefc_fbed laeuft [ 2101s] … 2026-08-01 06:33:58 [INFO] [task_scheduler.cc:195] Sending 64 sample(s) to runner
        · tvm:contraction_abcd_aefc_fbed laeuft [ 2131s] … 2026-08-01 06:33:58 [INFO] [task_scheduler.cc:195] Sending 64 sample(s) to runner
        · tvm:contraction_abcd_aefc_fbed laeuft [ 2161s] … 2026-08-01 06:33:58 [INFO] [task_scheduler.cc:195] Sending 64 sample(s) to runner
        · tvm:contraction_abcd_aefc_fbed laeuft [ 2191s] … 2026-08-01 06:33:58 [INFO] [task_scheduler.cc:195] Sending 64 sample(s) to runner
        · tvm:contraction_abcd_aefc_fbed laeuft [ 2221s] … 2026-08-01 06:33:58 [INFO] [task_scheduler.cc:195] Sending 64 sample(s) to runner
        · tvm:contraction_abcd_aefc_fbed laeuft [ 2252s] … 2026-08-01 06:33:58 [INFO] [task_scheduler.cc:195] Sending 64 sample(s) to runner
        · tvm:contraction_abcd_aefc_fbed laeuft [ 2282s] … 2026-08-01 06:33:58 [INFO] [task_scheduler.cc:195] Sending 64 sample(s) to runner
        · tvm:contraction_abcd_aefc_fbed laeuft [ 2312s] … 2026-08-01 06:33:58 [INFO] [task_scheduler.cc:195] Sending 64 sample(s) to runner
        · tvm:contraction_abcd_aefc_fbed laeuft [ 2342s] … 2026-08-01 06:33:58 [INFO] [task_scheduler.cc:195] Sending 64 sample(s) to runner
        · tvm:contraction_abcd_aefc_fbed laeuft [ 2372s] … 2026-08-01 06:33:58 [INFO] [task_scheduler.cc:195] Sending 64 sample(s) to runner
        · tvm:contraction_abcd_aefc_fbed laeuft [ 2400s] … 2026-08-01 06:33:58 [INFO] [task_scheduler.cc:195] Sending 64 sample(s) to runner
        · tvm:contraction_abcd_aefc_fbed laeuft [ 2430s] … 2026-08-01 06:33:58 [INFO] [task_scheduler.cc:195] Sending 64 sample(s) to runner
        · tvm:contraction_abcd_aefc_fbed laeuft [ 2460s] … 2026-08-01 06:33:58 [INFO] [task_scheduler.cc:195] Sending 64 sample(s) to runner
        · tvm:contraction_abcd_aefc_fbed laeuft [ 2490s] … 2026-08-01 06:33:58 [INFO] [task_scheduler.cc:195] Sending 64 sample(s) to runner
        · tvm:contraction_abcd_aefc_fbed laeuft [ 2521s] … 2026-08-01 06:33:58 [INFO] [task_scheduler.cc:195] Sending 64 sample(s) to runner
        · tvm:contraction_abcd_aefc_fbed laeuft [ 2551s] … 2026-08-01 06:33:58 [INFO] [task_scheduler.cc:195] Sending 64 sample(s) to runner
        · tvm:contraction_abcd_aefc_fbed laeuft [ 2581s] … 2026-08-01 06:33:58 [INFO] [task_scheduler.cc:195] Sending 64 sample(s) to runner
        · tvm:contraction_abcd_aefc_fbed laeuft [ 2611s] … 2026-08-01 06:33:58 [INFO] [task_scheduler.cc:195] Sending 64 sample(s) to runner
        · tvm:contraction_abcd_aefc_fbed laeuft [ 2641s] … 2026-08-01 06:33:58 [INFO] [task_scheduler.cc:195] Sending 64 sample(s) to runner
        · tvm:contraction_abcd_aefc_fbed laeuft [ 2671s] … 2026-08-01 06:33:58 [INFO] [task_scheduler.cc:195] Sending 64 sample(s) to runner
        · tvm:contraction_abcd_aefc_fbed laeuft [ 2701s] … 2026-08-01 06:33:58 [INFO] [task_scheduler.cc:195] Sending 64 sample(s) to runner
        · tvm:contraction_abcd_aefc_fbed laeuft [ 2731s] … 2026-08-01 06:33:58 [INFO] [task_scheduler.cc:195] Sending 64 sample(s) to runner
        · tvm:contraction_abcd_aefc_fbed laeuft [ 2761s] … 2026-08-01 06:33:58 [INFO] [task_scheduler.cc:195] Sending 64 sample(s) to runner
        · tvm:contraction_abcd_aefc_fbed laeuft [ 2791s] … 2026-08-01 06:33:58 [INFO] [task_scheduler.cc:195] Sending 64 sample(s) to runner
        · tvm:contraction_abcd_aefc_fbed laeuft [ 2821s] … 2026-08-01 06:33:58 [INFO] [task_scheduler.cc:195] Sending 64 sample(s) to runner
        · tvm:contraction_abcd_aefc_fbed laeuft [ 2852s] … 2026-08-01 06:33:58 [INFO] [task_scheduler.cc:195] Sending 64 sample(s) to runner
        · tvm:contraction_abcd_aefc_fbed laeuft [ 2882s] … 2026-08-01 06:33:58 [INFO] [task_scheduler.cc:195] Sending 64 sample(s) to runner
        · tvm:contraction_abcd_aefc_fbed laeuft [ 2912s] … 2026-08-01 06:33:58 [INFO] [task_scheduler.cc:195] Sending 64 sample(s) to runner
        · tvm:contraction_abcd_aefc_fbed laeuft [ 2942s] … 2026-08-01 06:33:58 [INFO] [task_scheduler.cc:195] Sending 64 sample(s) to runner
        · tvm:contraction_abcd_aefc_fbed laeuft [ 2972s] … 2026-08-01 06:33:58 [INFO] [task_scheduler.cc:195] Sending 64 sample(s) to runner
        · tvm:contraction_abcd_aefc_fbed laeuft [ 3000s] … 2026-08-01 06:33:58 [INFO] [task_scheduler.cc:195] Sending 64 sample(s) to runner
        · tvm:contraction_abcd_aefc_fbed laeuft [ 3030s] … 2026-08-01 06:33:58 [INFO] [task_scheduler.cc:195] Sending 64 sample(s) to runner
        · tvm:contraction_abcd_aefc_fbed laeuft [ 3060s] … 2026-08-01 06:33:58 [INFO] [task_scheduler.cc:195] Sending 64 sample(s) to runner
        · tvm:contraction_abcd_aefc_fbed laeuft [ 3090s] … 2026-08-01 06:33:58 [INFO] [task_scheduler.cc:195] Sending 64 sample(s) to runner
        · tvm:contraction_abcd_aefc_fbed laeuft [ 3120s] … 2026-08-01 06:33:58 [INFO] [task_scheduler.cc:195] Sending 64 sample(s) to runner
        · tvm:contraction_abcd_aefc_fbed laeuft [ 3151s] … 2026-08-01 07:00:53 [INFO] [task_scheduler.cc:195] Sending 64 sample(s) to runner
        · tvm:contraction_abcd_aefc_fbed laeuft [ 3181s] … 2026-08-01 07:00:53 [INFO] [task_scheduler.cc:195] Sending 64 sample(s) to runner
        · tvm:contraction_abcd_aefc_fbed laeuft [ 3211s] … 2026-08-01 07:00:53 [INFO] [task_scheduler.cc:195] Sending 64 sample(s) to runner
        · tvm:contraction_abcd_aefc_fbed laeuft [ 3241s] … 2026-08-01 07:00:53 [INFO] [task_scheduler.cc:195] Sending 64 sample(s) to runner
        · tvm:contraction_abcd_aefc_fbed laeuft [ 3271s] … 2026-08-01 07:00:53 [INFO] [task_scheduler.cc:195] Sending 64 sample(s) to runner
        · tvm:contraction_abcd_aefc_fbed laeuft [ 3301s] … 2026-08-01 07:00:53 [INFO] [task_scheduler.cc:195] Sending 64 sample(s) to runner
        · tvm:contraction_abcd_aefc_fbed laeuft [ 3331s] … 2026-08-01 07:00:53 [INFO] [task_scheduler.cc:195] Sending 64 sample(s) to runner
        · tvm:contraction_abcd_aefc_fbed laeuft [ 3361s] … 2026-08-01 07:00:53 [INFO] [task_scheduler.cc:195] Sending 64 sample(s) to runner
        · tvm:contraction_abcd_aefc_fbed laeuft [ 3391s] … 2026-08-01 07:00:53 [INFO] [task_scheduler.cc:195] Sending 64 sample(s) to runner
        · tvm:contraction_abcd_aefc_fbed laeuft [ 3422s] … 2026-08-01 07:00:53 [INFO] [task_scheduler.cc:195] Sending 64 sample(s) to runner
        · tvm:contraction_abcd_aefc_fbed laeuft [ 3452s] … 2026-08-01 07:00:53 [INFO] [task_scheduler.cc:195] Sending 64 sample(s) to runner
        · tvm:contraction_abcd_aefc_fbed laeuft [ 3482s] … 2026-08-01 07:00:53 [INFO] [task_scheduler.cc:195] Sending 64 sample(s) to runner
        · tvm:contraction_abcd_aefc_fbed laeuft [ 3512s] … 2026-08-01 07:00:53 [INFO] [task_scheduler.cc:195] Sending 64 sample(s) to runner
        · tvm:contraction_abcd_aefc_fbed laeuft [ 3540s] … 2026-08-01 07:00:53 [INFO] [task_scheduler.cc:195] Sending 64 sample(s) to runner
        · tvm:contraction_abcd_aefc_fbed laeuft [ 3570s] … 2026-08-01 07:00:53 [INFO] [task_scheduler.cc:195] Sending 64 sample(s) to runner
        · tvm:contraction_abcd_aefc_fbed laeuft [ 3600s] … 2026-08-01 07:00:53 [INFO] [task_scheduler.cc:195] Sending 64 sample(s) to runner
        · tvm:contraction_abcd_aefc_fbed laeuft [ 3630s] … 2026-08-01 07:00:53 [INFO] [task_scheduler.cc:195] Sending 64 sample(s) to runner
        · tvm:contraction_abcd_aefc_fbed laeuft [ 3660s] … 2026-08-01 07:00:53 [INFO] [task_scheduler.cc:195] Sending 64 sample(s) to runner
        · tvm:contraction_abcd_aefc_fbed laeuft [ 3690s] … 2026-08-01 07:00:53 [INFO] [task_scheduler.cc:195] Sending 64 sample(s) to runner
        · tvm:contraction_abcd_aefc_fbed laeuft [ 3721s] … 2026-08-01 07:00:53 [INFO] [task_scheduler.cc:195] Sending 64 sample(s) to runner
        · tvm:contraction_abcd_aefc_fbed laeuft [ 3751s] … 2026-08-01 07:00:53 [INFO] [task_scheduler.cc:195] Sending 64 sample(s) to runner
        · tvm:contraction_abcd_aefc_fbed laeuft [ 3781s] … 2026-08-01 07:00:53 [INFO] [task_scheduler.cc:195] Sending 64 sample(s) to runner
        · tvm:contraction_abcd_aefc_fbed laeuft [ 3811s] … 2026-08-01 07:00:53 [INFO] [task_scheduler.cc:195] Sending 64 sample(s) to runner
        · tvm:contraction_abcd_aefc_fbed laeuft [ 3841s] … 2026-08-01 07:00:53 [INFO] [task_scheduler.cc:195] Sending 64 sample(s) to runner
        · tvm:contraction_abcd_aefc_fbed laeuft [ 3871s] … 2026-08-01 07:00:53 [INFO] [task_scheduler.cc:195] Sending 64 sample(s) to runner
        · tvm:contraction_abcd_aefc_fbed laeuft [ 3901s] … 2026-08-01 07:00:53 [INFO] [task_scheduler.cc:195] Sending 64 sample(s) to runner
        · tvm:contraction_abcd_aefc_fbed laeuft [ 3931s] … 2026-08-01 07:00:53 [INFO] [task_scheduler.cc:195] Sending 64 sample(s) to runner
        · tvm:contraction_abcd_aefc_fbed laeuft [ 3961s] … 2026-08-01 07:00:53 [INFO] [task_scheduler.cc:195] Sending 64 sample(s) to runner
        · tvm:contraction_abcd_aefc_fbed laeuft [ 3992s] … 2026-08-01 07:00:53 [INFO] [task_scheduler.cc:195] Sending 64 sample(s) to runner
        · tvm:contraction_abcd_aefc_fbed laeuft [ 4022s] … 2026-08-01 07:00:53 [INFO] [task_scheduler.cc:195] Sending 64 sample(s) to runner
        · tvm:contraction_abcd_aefc_fbed laeuft [ 4052s] … 2026-08-01 07:00:53 [INFO] [task_scheduler.cc:195] Sending 64 sample(s) to runner
        · tvm:contraction_abcd_aefc_fbed laeuft [ 4082s] … 2026-08-01 07:00:53 [INFO] [task_scheduler.cc:195] Sending 64 sample(s) to runner
        · tvm:contraction_abcd_aefc_fbed laeuft [ 4112s] … 2026-08-01 07:00:53 [INFO] [task_scheduler.cc:195] Sending 64 sample(s) to runner
        · tvm:contraction_abcd_aefc_fbed laeuft [ 4140s] … 2026-08-01 07:00:53 [INFO] [task_scheduler.cc:195] Sending 64 sample(s) to runner
        · tvm:contraction_abcd_aefc_fbed laeuft [ 4170s] … 2026-08-01 07:00:53 [INFO] [task_scheduler.cc:195] Sending 64 sample(s) to runner
        · tvm:contraction_abcd_aefc_fbed laeuft [ 4200s] … 2026-08-01 07:00:53 [INFO] [task_scheduler.cc:195] Sending 64 sample(s) to runner
        · tvm:contraction_abcd_aefc_fbed laeuft [ 4230s] … 2026-08-01 07:18:59 [INFO] [task_scheduler.cc:180] TaskScheduler picks Task #0: "main"
        · tvm:contraction_abcd_aefc_fbed laeuft [ 4260s] … 2026-08-01 07:19:05 [INFO] [task_scheduler.cc:195] Sending 8 sample(s) to runner
        · tvm:contraction_abcd_aefc_fbed laeuft [ 4291s] … 2026-08-01 07:19:05 [INFO] [task_scheduler.cc:195] Sending 8 sample(s) to runner
        · tvm:contraction_abcd_aefc_fbed laeuft [ 4321s] … 2026-08-01 07:19:05 [INFO] [task_scheduler.cc:195] Sending 8 sample(s) to runner
        · tvm:contraction_abcd_aefc_fbed laeuft [ 4351s] … 2026-08-01 07:19:05 [INFO] [task_scheduler.cc:195] Sending 8 sample(s) to runner
        · tvm:contraction_abcd_aefc_fbed laeuft [ 4381s] … 2026-08-01 07:19:05 [INFO] [task_scheduler.cc:195] Sending 8 sample(s) to runner
        · tvm:contraction_abcd_aefc_fbed laeuft [ 4411s] … Total latency (us): 1.24463e+06
        · tvm:contraction_abcd_aefc_fbed laeuft [ 4441s] … Total latency (us): 1.24463e+06
        · tvm:contraction_abcd_aefc_fbed laeuft [ 4471s] … Total latency (us): 1.24463e+06
        · tvm:contraction_abcd_aefc_fbed laeuft [ 4501s] … Total latency (us): 1.24463e+06
        · tvm:contraction_abcd_aefc_fbed laeuft [ 4531s] … Total latency (us): 1.24463e+06
  [tvm] 27/48 contraction_abcd_aefc_fbed             622.7 GFLOPS [ok]              4541s  DONE @ 2026-08-01 07:24:11
  [tvm] 28/48 contraction_abcd_eafb_fdec             ... START @ 2026-08-01 07:24:11
        · tvm:contraction_abcd_eafb_fdec laeuft [   30s] … 2026-08-01 07:24:22 [INFO] [task_scheduler.cc:195] Sending 64 sample(s) to runner
        · tvm:contraction_abcd_eafb_fdec laeuft [   60s] … 2026-08-01 07:24:22 [INFO] [task_scheduler.cc:195] Sending 64 sample(s) to runner
        · tvm:contraction_abcd_eafb_fdec laeuft [   90s] … 2026-08-01 07:24:22 [INFO] [task_scheduler.cc:195] Sending 64 sample(s) to runner
        · tvm:contraction_abcd_eafb_fdec laeuft [  120s] … 2026-08-01 07:24:22 [INFO] [task_scheduler.cc:195] Sending 64 sample(s) to runner
        · tvm:contraction_abcd_eafb_fdec laeuft [  151s] … 2026-08-01 07:24:22 [INFO] [task_scheduler.cc:195] Sending 64 sample(s) to runner
        · tvm:contraction_abcd_eafb_fdec laeuft [  181s] … 2026-08-01 07:24:22 [INFO] [task_scheduler.cc:195] Sending 64 sample(s) to runner
        · tvm:contraction_abcd_eafb_fdec laeuft [  211s] … 2026-08-01 07:24:22 [INFO] [task_scheduler.cc:195] Sending 64 sample(s) to runner
        · tvm:contraction_abcd_eafb_fdec laeuft [  241s] … 2026-08-01 07:24:22 [INFO] [task_scheduler.cc:195] Sending 64 sample(s) to runner
        · tvm:contraction_abcd_eafb_fdec laeuft [  271s] … 2026-08-01 07:24:22 [INFO] [task_scheduler.cc:195] Sending 64 sample(s) to runner
        · tvm:contraction_abcd_eafb_fdec laeuft [  301s] … 2026-08-01 07:24:22 [INFO] [task_scheduler.cc:195] Sending 64 sample(s) to runner
        · tvm:contraction_abcd_eafb_fdec laeuft [  331s] … 2026-08-01 07:24:22 [INFO] [task_scheduler.cc:195] Sending 64 sample(s) to runner
        · tvm:contraction_abcd_eafb_fdec laeuft [  361s] … 2026-08-01 07:24:22 [INFO] [task_scheduler.cc:195] Sending 64 sample(s) to runner
        · tvm:contraction_abcd_eafb_fdec laeuft [  391s] … 2026-08-01 07:24:22 [INFO] [task_scheduler.cc:195] Sending 64 sample(s) to runner
        · tvm:contraction_abcd_eafb_fdec laeuft [  421s] … 2026-08-01 07:24:22 [INFO] [task_scheduler.cc:195] Sending 64 sample(s) to runner
        · tvm:contraction_abcd_eafb_fdec laeuft [  451s] … 2026-08-01 07:24:22 [INFO] [task_scheduler.cc:195] Sending 64 sample(s) to runner
        · tvm:contraction_abcd_eafb_fdec laeuft [  482s] … 2026-08-01 07:24:22 [INFO] [task_scheduler.cc:195] Sending 64 sample(s) to runner
        · tvm:contraction_abcd_eafb_fdec laeuft [  512s] … 2026-08-01 07:24:22 [INFO] [task_scheduler.cc:195] Sending 64 sample(s) to runner
        · tvm:contraction_abcd_eafb_fdec laeuft [  542s] … 2026-08-01 07:24:22 [INFO] [task_scheduler.cc:195] Sending 64 sample(s) to runner
        · tvm:contraction_abcd_eafb_fdec laeuft [  572s] … 2026-08-01 07:24:22 [INFO] [task_scheduler.cc:195] Sending 64 sample(s) to runner
        · tvm:contraction_abcd_eafb_fdec laeuft [  602s] … 2026-08-01 07:24:22 [INFO] [task_scheduler.cc:195] Sending 64 sample(s) to runner
        · tvm:contraction_abcd_eafb_fdec laeuft [  632s] … 2026-08-01 07:24:22 [INFO] [task_scheduler.cc:195] Sending 64 sample(s) to runner
        · tvm:contraction_abcd_eafb_fdec laeuft [  660s] … 2026-08-01 07:24:22 [INFO] [task_scheduler.cc:195] Sending 64 sample(s) to runner
        · tvm:contraction_abcd_eafb_fdec laeuft [  690s] … 2026-08-01 07:24:22 [INFO] [task_scheduler.cc:195] Sending 64 sample(s) to runner
        · tvm:contraction_abcd_eafb_fdec laeuft [  720s] … 2026-08-01 07:24:22 [INFO] [task_scheduler.cc:195] Sending 64 sample(s) to runner
        · tvm:contraction_abcd_eafb_fdec laeuft [  750s] … 2026-08-01 07:24:22 [INFO] [task_scheduler.cc:195] Sending 64 sample(s) to runner
        · tvm:contraction_abcd_eafb_fdec laeuft [  780s] … 2026-08-01 07:24:22 [INFO] [task_scheduler.cc:195] Sending 64 sample(s) to runner
        · tvm:contraction_abcd_eafb_fdec laeuft [  811s] … 2026-08-01 07:24:22 [INFO] [task_scheduler.cc:195] Sending 64 sample(s) to runner
        · tvm:contraction_abcd_eafb_fdec laeuft [  841s] … 2026-08-01 07:24:22 [INFO] [task_scheduler.cc:195] Sending 64 sample(s) to runner
        · tvm:contraction_abcd_eafb_fdec laeuft [  871s] … 2026-08-01 07:24:22 [INFO] [task_scheduler.cc:195] Sending 64 sample(s) to runner
        · tvm:contraction_abcd_eafb_fdec laeuft [  901s] … 2026-08-01 07:24:22 [INFO] [task_scheduler.cc:195] Sending 64 sample(s) to runner
        · tvm:contraction_abcd_eafb_fdec laeuft [  931s] … 2026-08-01 07:24:22 [INFO] [task_scheduler.cc:195] Sending 64 sample(s) to runner
        · tvm:contraction_abcd_eafb_fdec laeuft [  961s] … 2026-08-01 07:24:22 [INFO] [task_scheduler.cc:195] Sending 64 sample(s) to runner
        · tvm:contraction_abcd_eafb_fdec laeuft [  991s] … 2026-08-01 07:24:22 [INFO] [task_scheduler.cc:195] Sending 64 sample(s) to runner
        · tvm:contraction_abcd_eafb_fdec laeuft [ 1021s] … 2026-08-01 07:24:22 [INFO] [task_scheduler.cc:195] Sending 64 sample(s) to runner
        · tvm:contraction_abcd_eafb_fdec laeuft [ 1051s] … 2026-08-01 07:24:22 [INFO] [task_scheduler.cc:195] Sending 64 sample(s) to runner
        · tvm:contraction_abcd_eafb_fdec laeuft [ 1082s] … 2026-08-01 07:24:22 [INFO] [task_scheduler.cc:195] Sending 64 sample(s) to runner
        · tvm:contraction_abcd_eafb_fdec laeuft [ 1112s] … 2026-08-01 07:24:22 [INFO] [task_scheduler.cc:195] Sending 64 sample(s) to runner
        · tvm:contraction_abcd_eafb_fdec laeuft [ 1142s] … 2026-08-01 07:24:22 [INFO] [task_scheduler.cc:195] Sending 64 sample(s) to runner
        · tvm:contraction_abcd_eafb_fdec laeuft [ 1172s] … 2026-08-01 07:24:22 [INFO] [task_scheduler.cc:195] Sending 64 sample(s) to runner
        · tvm:contraction_abcd_eafb_fdec laeuft [ 1202s] … 2026-08-01 07:24:22 [INFO] [task_scheduler.cc:195] Sending 64 sample(s) to runner
        · tvm:contraction_abcd_eafb_fdec laeuft [ 1230s] … 2026-08-01 07:24:22 [INFO] [task_scheduler.cc:195] Sending 64 sample(s) to runner
        · tvm:contraction_abcd_eafb_fdec laeuft [ 1260s] … 2026-08-01 07:24:22 [INFO] [task_scheduler.cc:195] Sending 64 sample(s) to runner
        · tvm:contraction_abcd_eafb_fdec laeuft [ 1290s] … 2026-08-01 07:24:22 [INFO] [task_scheduler.cc:195] Sending 64 sample(s) to runner
        · tvm:contraction_abcd_eafb_fdec laeuft [ 1320s] … 2026-08-01 07:24:22 [INFO] [task_scheduler.cc:195] Sending 64 sample(s) to runner
        · tvm:contraction_abcd_eafb_fdec laeuft [ 1350s] … 2026-08-01 07:24:22 [INFO] [task_scheduler.cc:195] Sending 64 sample(s) to runner
        · tvm:contraction_abcd_eafb_fdec laeuft [ 1381s] … 2026-08-01 07:24:22 [INFO] [task_scheduler.cc:195] Sending 64 sample(s) to runner
        · tvm:contraction_abcd_eafb_fdec laeuft [ 1411s] … 2026-08-01 07:24:22 [INFO] [task_scheduler.cc:195] Sending 64 sample(s) to runner
        · tvm:contraction_abcd_eafb_fdec laeuft [ 1441s] … 2026-08-01 07:24:22 [INFO] [task_scheduler.cc:195] Sending 64 sample(s) to runner
        · tvm:contraction_abcd_eafb_fdec laeuft [ 1471s] … 2026-08-01 07:24:22 [INFO] [task_scheduler.cc:195] Sending 64 sample(s) to runner
        · tvm:contraction_abcd_eafb_fdec laeuft [ 1501s] … 2026-08-01 07:24:22 [INFO] [task_scheduler.cc:195] Sending 64 sample(s) to runner
        · tvm:contraction_abcd_eafb_fdec laeuft [ 1531s] … 2026-08-01 07:24:22 [INFO] [task_scheduler.cc:195] Sending 64 sample(s) to runner
        · tvm:contraction_abcd_eafb_fdec laeuft [ 1561s] … 2026-08-01 07:24:22 [INFO] [task_scheduler.cc:195] Sending 64 sample(s) to runner
        · tvm:contraction_abcd_eafb_fdec laeuft [ 1591s] … 2026-08-01 07:24:22 [INFO] [task_scheduler.cc:195] Sending 64 sample(s) to runner
        · tvm:contraction_abcd_eafb_fdec laeuft [ 1621s] … 2026-08-01 07:24:22 [INFO] [task_scheduler.cc:195] Sending 64 sample(s) to runner
        · tvm:contraction_abcd_eafb_fdec laeuft [ 1652s] … 2026-08-01 07:24:22 [INFO] [task_scheduler.cc:195] Sending 64 sample(s) to runner
        · tvm:contraction_abcd_eafb_fdec laeuft [ 1682s] … 2026-08-01 07:24:22 [INFO] [task_scheduler.cc:195] Sending 64 sample(s) to runner
        · tvm:contraction_abcd_eafb_fdec laeuft [ 1712s] … 2026-08-01 07:24:22 [INFO] [task_scheduler.cc:195] Sending 64 sample(s) to runner
        · tvm:contraction_abcd_eafb_fdec laeuft [ 1742s] … 2026-08-01 07:24:22 [INFO] [task_scheduler.cc:195] Sending 64 sample(s) to runner
        · tvm:contraction_abcd_eafb_fdec laeuft [ 1772s] … 2026-08-01 07:24:22 [INFO] [task_scheduler.cc:195] Sending 64 sample(s) to runner
        · tvm:contraction_abcd_eafb_fdec laeuft [ 1800s] … 2026-08-01 07:24:22 [INFO] [task_scheduler.cc:195] Sending 64 sample(s) to runner
        · tvm:contraction_abcd_eafb_fdec laeuft [ 1830s] … 2026-08-01 07:24:22 [INFO] [task_scheduler.cc:195] Sending 64 sample(s) to runner
        · tvm:contraction_abcd_eafb_fdec laeuft [ 1860s] … 2026-08-01 07:55:00 [INFO] [task_scheduler.cc:195] Sending 64 sample(s) to runner
        · tvm:contraction_abcd_eafb_fdec laeuft [ 1890s] … 2026-08-01 07:55:00 [INFO] [task_scheduler.cc:195] Sending 64 sample(s) to runner
        · tvm:contraction_abcd_eafb_fdec laeuft [ 1920s] … 2026-08-01 07:55:00 [INFO] [task_scheduler.cc:195] Sending 64 sample(s) to runner
        · tvm:contraction_abcd_eafb_fdec laeuft [ 1951s] … 2026-08-01 07:55:00 [INFO] [task_scheduler.cc:195] Sending 64 sample(s) to runner
        · tvm:contraction_abcd_eafb_fdec laeuft [ 1981s] … 2026-08-01 07:55:00 [INFO] [task_scheduler.cc:195] Sending 64 sample(s) to runner
        · tvm:contraction_abcd_eafb_fdec laeuft [ 2011s] … 2026-08-01 07:55:00 [INFO] [task_scheduler.cc:195] Sending 64 sample(s) to runner
        · tvm:contraction_abcd_eafb_fdec laeuft [ 2041s] … 2026-08-01 07:55:00 [INFO] [task_scheduler.cc:195] Sending 64 sample(s) to runner
        · tvm:contraction_abcd_eafb_fdec laeuft [ 2071s] … 2026-08-01 07:55:00 [INFO] [task_scheduler.cc:195] Sending 64 sample(s) to runner
        · tvm:contraction_abcd_eafb_fdec laeuft [ 2101s] … 2026-08-01 07:55:00 [INFO] [task_scheduler.cc:195] Sending 64 sample(s) to runner
        · tvm:contraction_abcd_eafb_fdec laeuft [ 2131s] … 2026-08-01 07:55:00 [INFO] [task_scheduler.cc:195] Sending 64 sample(s) to runner
        · tvm:contraction_abcd_eafb_fdec laeuft [ 2161s] … 2026-08-01 07:55:00 [INFO] [task_scheduler.cc:195] Sending 64 sample(s) to runner
        · tvm:contraction_abcd_eafb_fdec laeuft [ 2191s] … 2026-08-01 07:55:00 [INFO] [task_scheduler.cc:195] Sending 64 sample(s) to runner
        · tvm:contraction_abcd_eafb_fdec laeuft [ 2221s] … 2026-08-01 07:55:00 [INFO] [task_scheduler.cc:195] Sending 64 sample(s) to runner
        · tvm:contraction_abcd_eafb_fdec laeuft [ 2251s] … 2026-08-01 07:55:00 [INFO] [task_scheduler.cc:195] Sending 64 sample(s) to runner
        · tvm:contraction_abcd_eafb_fdec laeuft [ 2282s] … 2026-08-01 07:55:00 [INFO] [task_scheduler.cc:195] Sending 64 sample(s) to runner
        · tvm:contraction_abcd_eafb_fdec laeuft [ 2312s] … 2026-08-01 07:55:00 [INFO] [task_scheduler.cc:195] Sending 64 sample(s) to runner
        · tvm:contraction_abcd_eafb_fdec laeuft [ 2342s] … 2026-08-01 07:55:00 [INFO] [task_scheduler.cc:195] Sending 64 sample(s) to runner
        · tvm:contraction_abcd_eafb_fdec laeuft [ 2372s] … 2026-08-01 07:55:00 [INFO] [task_scheduler.cc:195] Sending 64 sample(s) to runner
        · tvm:contraction_abcd_eafb_fdec laeuft [ 2402s] … 2026-08-01 07:55:00 [INFO] [task_scheduler.cc:195] Sending 64 sample(s) to runner
        · tvm:contraction_abcd_eafb_fdec laeuft [ 2430s] … 2026-08-01 07:55:00 [INFO] [task_scheduler.cc:195] Sending 64 sample(s) to runner
        · tvm:contraction_abcd_eafb_fdec laeuft [ 2460s] … 2026-08-01 07:55:00 [INFO] [task_scheduler.cc:195] Sending 64 sample(s) to runner
        · tvm:contraction_abcd_eafb_fdec laeuft [ 2490s] … 2026-08-01 07:55:00 [INFO] [task_scheduler.cc:195] Sending 64 sample(s) to runner
        · tvm:contraction_abcd_eafb_fdec laeuft [ 2520s] … 2026-08-01 07:55:00 [INFO] [task_scheduler.cc:195] Sending 64 sample(s) to runner
        · tvm:contraction_abcd_eafb_fdec laeuft [ 2550s] … 2026-08-01 07:55:00 [INFO] [task_scheduler.cc:195] Sending 64 sample(s) to runner
        · tvm:contraction_abcd_eafb_fdec laeuft [ 2581s] … 2026-08-01 07:55:00 [INFO] [task_scheduler.cc:195] Sending 64 sample(s) to runner
        · tvm:contraction_abcd_eafb_fdec laeuft [ 2611s] … 2026-08-01 07:55:00 [INFO] [task_scheduler.cc:195] Sending 64 sample(s) to runner
        · tvm:contraction_abcd_eafb_fdec laeuft [ 2641s] … 2026-08-01 07:55:00 [INFO] [task_scheduler.cc:195] Sending 64 sample(s) to runner
        · tvm:contraction_abcd_eafb_fdec laeuft [ 2671s] … 2026-08-01 07:55:00 [INFO] [task_scheduler.cc:195] Sending 64 sample(s) to runner
        · tvm:contraction_abcd_eafb_fdec laeuft [ 2701s] … 2026-08-01 07:55:00 [INFO] [task_scheduler.cc:195] Sending 64 sample(s) to runner
        · tvm:contraction_abcd_eafb_fdec laeuft [ 2731s] … 2026-08-01 07:55:00 [INFO] [task_scheduler.cc:195] Sending 64 sample(s) to runner
        · tvm:contraction_abcd_eafb_fdec laeuft [ 2761s] … 2026-08-01 07:55:00 [INFO] [task_scheduler.cc:195] Sending 64 sample(s) to runner
        · tvm:contraction_abcd_eafb_fdec laeuft [ 2791s] … 2026-08-01 07:55:00 [INFO] [task_scheduler.cc:195] Sending 64 sample(s) to runner
        · tvm:contraction_abcd_eafb_fdec laeuft [ 2821s] … 2026-08-01 07:55:00 [INFO] [task_scheduler.cc:195] Sending 64 sample(s) to runner
        · tvm:contraction_abcd_eafb_fdec laeuft [ 2852s] … 2026-08-01 07:55:00 [INFO] [task_scheduler.cc:195] Sending 64 sample(s) to runner
        · tvm:contraction_abcd_eafb_fdec laeuft [ 2882s] … 2026-08-01 07:55:00 [INFO] [task_scheduler.cc:195] Sending 64 sample(s) to runner
        · tvm:contraction_abcd_eafb_fdec laeuft [ 2912s] … 2026-08-01 07:55:00 [INFO] [task_scheduler.cc:195] Sending 64 sample(s) to runner
        · tvm:contraction_abcd_eafb_fdec laeuft [ 2942s] … 2026-08-01 07:55:00 [INFO] [task_scheduler.cc:195] Sending 64 sample(s) to runner
        · tvm:contraction_abcd_eafb_fdec laeuft [ 2972s] … 2026-08-01 07:55:00 [INFO] [task_scheduler.cc:195] Sending 64 sample(s) to runner
        · tvm:contraction_abcd_eafb_fdec laeuft [ 3000s] … 2026-08-01 07:55:00 [INFO] [task_scheduler.cc:195] Sending 64 sample(s) to runner
        · tvm:contraction_abcd_eafb_fdec laeuft [ 3030s] … 2026-08-01 07:55:00 [INFO] [task_scheduler.cc:195] Sending 64 sample(s) to runner
        · tvm:contraction_abcd_eafb_fdec laeuft [ 3060s] … 2026-08-01 07:55:00 [INFO] [task_scheduler.cc:195] Sending 64 sample(s) to runner
        · tvm:contraction_abcd_eafb_fdec laeuft [ 3090s] … 2026-08-01 07:55:00 [INFO] [task_scheduler.cc:195] Sending 64 sample(s) to runner
        · tvm:contraction_abcd_eafb_fdec laeuft [ 3120s] … 2026-08-01 07:55:00 [INFO] [task_scheduler.cc:195] Sending 64 sample(s) to runner
        · tvm:contraction_abcd_eafb_fdec laeuft [ 3151s] … 2026-08-01 07:55:00 [INFO] [task_scheduler.cc:195] Sending 64 sample(s) to runner
        · tvm:contraction_abcd_eafb_fdec laeuft [ 3181s] … 2026-08-01 07:55:00 [INFO] [task_scheduler.cc:195] Sending 64 sample(s) to runner
        · tvm:contraction_abcd_eafb_fdec laeuft [ 3211s] … 2026-08-01 07:55:00 [INFO] [task_scheduler.cc:195] Sending 64 sample(s) to runner
        · tvm:contraction_abcd_eafb_fdec laeuft [ 3241s] … 2026-08-01 07:55:00 [INFO] [task_scheduler.cc:195] Sending 64 sample(s) to runner
        · tvm:contraction_abcd_eafb_fdec laeuft [ 3271s] … 2026-08-01 07:55:00 [INFO] [task_scheduler.cc:195] Sending 64 sample(s) to runner
        · tvm:contraction_abcd_eafb_fdec laeuft [ 3301s] … 2026-08-01 07:55:00 [INFO] [task_scheduler.cc:195] Sending 64 sample(s) to runner
        · tvm:contraction_abcd_eafb_fdec laeuft [ 3331s] … 2026-08-01 07:55:00 [INFO] [task_scheduler.cc:195] Sending 64 sample(s) to runner
        · tvm:contraction_abcd_eafb_fdec laeuft [ 3361s] … 2026-08-01 07:55:00 [INFO] [task_scheduler.cc:195] Sending 64 sample(s) to runner
        · tvm:contraction_abcd_eafb_fdec laeuft [ 3392s] … 2026-08-01 07:55:00 [INFO] [task_scheduler.cc:195] Sending 64 sample(s) to runner
        · tvm:contraction_abcd_eafb_fdec laeuft [ 3422s] … 2026-08-01 07:55:00 [INFO] [task_scheduler.cc:195] Sending 64 sample(s) to runner
        · tvm:contraction_abcd_eafb_fdec laeuft [ 3452s] … 2026-08-01 07:55:00 [INFO] [task_scheduler.cc:195] Sending 64 sample(s) to runner
        · tvm:contraction_abcd_eafb_fdec laeuft [ 3482s] … 2026-08-01 07:55:00 [INFO] [task_scheduler.cc:195] Sending 64 sample(s) to runner
        · tvm:contraction_abcd_eafb_fdec laeuft [ 3512s] … 2026-08-01 08:22:34 [INFO] [task_scheduler.cc:195] Sending 64 sample(s) to runner
        · tvm:contraction_abcd_eafb_fdec laeuft [ 3540s] … 2026-08-01 08:22:34 [INFO] [task_scheduler.cc:195] Sending 64 sample(s) to runner
        · tvm:contraction_abcd_eafb_fdec laeuft [ 3570s] … 2026-08-01 08:22:34 [INFO] [task_scheduler.cc:195] Sending 64 sample(s) to runner
        · tvm:contraction_abcd_eafb_fdec laeuft [ 3600s] … 2026-08-01 08:22:34 [INFO] [task_scheduler.cc:195] Sending 64 sample(s) to runner
        · tvm:contraction_abcd_eafb_fdec laeuft [ 3630s] … 2026-08-01 08:22:34 [INFO] [task_scheduler.cc:195] Sending 64 sample(s) to runner
        · tvm:contraction_abcd_eafb_fdec laeuft [ 3660s] … 2026-08-01 08:22:34 [INFO] [task_scheduler.cc:195] Sending 64 sample(s) to runner
        · tvm:contraction_abcd_eafb_fdec laeuft [ 3691s] … 2026-08-01 08:22:34 [INFO] [task_scheduler.cc:195] Sending 64 sample(s) to runner
        · tvm:contraction_abcd_eafb_fdec laeuft [ 3721s] … 2026-08-01 08:22:34 [INFO] [task_scheduler.cc:195] Sending 64 sample(s) to runner
        · tvm:contraction_abcd_eafb_fdec laeuft [ 3751s] … 2026-08-01 08:22:34 [INFO] [task_scheduler.cc:195] Sending 64 sample(s) to runner
        · tvm:contraction_abcd_eafb_fdec laeuft [ 3781s] … 2026-08-01 08:22:34 [INFO] [task_scheduler.cc:195] Sending 64 sample(s) to runner
        · tvm:contraction_abcd_eafb_fdec laeuft [ 3811s] … 2026-08-01 08:22:34 [INFO] [task_scheduler.cc:195] Sending 64 sample(s) to runner
        · tvm:contraction_abcd_eafb_fdec laeuft [ 3841s] … 2026-08-01 08:22:34 [INFO] [task_scheduler.cc:195] Sending 64 sample(s) to runner
        · tvm:contraction_abcd_eafb_fdec laeuft [ 3871s] … 2026-08-01 08:22:34 [INFO] [task_scheduler.cc:195] Sending 64 sample(s) to runner
        · tvm:contraction_abcd_eafb_fdec laeuft [ 3901s] … 2026-08-01 08:22:34 [INFO] [task_scheduler.cc:195] Sending 64 sample(s) to runner
        · tvm:contraction_abcd_eafb_fdec laeuft [ 3931s] … 2026-08-01 08:22:34 [INFO] [task_scheduler.cc:195] Sending 64 sample(s) to runner
        · tvm:contraction_abcd_eafb_fdec laeuft [ 3961s] … 2026-08-01 08:22:34 [INFO] [task_scheduler.cc:195] Sending 64 sample(s) to runner
        · tvm:contraction_abcd_eafb_fdec laeuft [ 3992s] … 2026-08-01 08:22:34 [INFO] [task_scheduler.cc:195] Sending 64 sample(s) to runner
        · tvm:contraction_abcd_eafb_fdec laeuft [ 4022s] … 2026-08-01 08:22:34 [INFO] [task_scheduler.cc:195] Sending 64 sample(s) to runner
        · tvm:contraction_abcd_eafb_fdec laeuft [ 4052s] … 2026-08-01 08:22:34 [INFO] [task_scheduler.cc:195] Sending 64 sample(s) to runner
        · tvm:contraction_abcd_eafb_fdec laeuft [ 4082s] … 2026-08-01 08:22:34 [INFO] [task_scheduler.cc:195] Sending 64 sample(s) to runner
        · tvm:contraction_abcd_eafb_fdec laeuft [ 4112s] … 2026-08-01 08:22:34 [INFO] [task_scheduler.cc:195] Sending 64 sample(s) to runner
        · tvm:contraction_abcd_eafb_fdec laeuft [ 4142s] … 2026-08-01 08:22:34 [INFO] [task_scheduler.cc:195] Sending 64 sample(s) to runner
        · tvm:contraction_abcd_eafb_fdec laeuft [ 4170s] … 2026-08-01 08:22:34 [INFO] [task_scheduler.cc:195] Sending 64 sample(s) to runner
        · tvm:contraction_abcd_eafb_fdec laeuft [ 4200s] … 2026-08-01 08:22:34 [INFO] [task_scheduler.cc:195] Sending 64 sample(s) to runner
        · tvm:contraction_abcd_eafb_fdec laeuft [ 4230s] … 2026-08-01 08:22:34 [INFO] [task_scheduler.cc:195] Sending 64 sample(s) to runner
        · tvm:contraction_abcd_eafb_fdec laeuft [ 4260s] … 2026-08-01 08:22:34 [INFO] [task_scheduler.cc:195] Sending 64 sample(s) to runner
        · tvm:contraction_abcd_eafb_fdec laeuft [ 4290s] … 2026-08-01 08:22:34 [INFO] [task_scheduler.cc:195] Sending 64 sample(s) to runner
        · tvm:contraction_abcd_eafb_fdec laeuft [ 4321s] … 2026-08-01 08:22:34 [INFO] [task_scheduler.cc:195] Sending 64 sample(s) to runner
        · tvm:contraction_abcd_eafb_fdec laeuft [ 4351s] … 2026-08-01 08:22:34 [INFO] [task_scheduler.cc:195] Sending 64 sample(s) to runner
        · tvm:contraction_abcd_eafb_fdec laeuft [ 4381s] … 2026-08-01 08:22:34 [INFO] [task_scheduler.cc:195] Sending 64 sample(s) to runner
        · tvm:contraction_abcd_eafb_fdec laeuft [ 4411s] … 2026-08-01 08:22:34 [INFO] [task_scheduler.cc:195] Sending 64 sample(s) to runner
        · tvm:contraction_abcd_eafb_fdec laeuft [ 4441s] … 2026-08-01 08:22:34 [INFO] [task_scheduler.cc:195] Sending 64 sample(s) to runner
        · tvm:contraction_abcd_eafb_fdec laeuft [ 4471s] … 2026-08-01 08:22:34 [INFO] [task_scheduler.cc:195] Sending 64 sample(s) to runner
        · tvm:contraction_abcd_eafb_fdec laeuft [ 4501s] … 2026-08-01 08:22:34 [INFO] [task_scheduler.cc:195] Sending 64 sample(s) to runner
        · tvm:contraction_abcd_eafb_fdec laeuft [ 4531s] … 2026-08-01 08:22:34 [INFO] [task_scheduler.cc:195] Sending 64 sample(s) to runner
        · tvm:contraction_abcd_eafb_fdec laeuft [ 4561s] … 2026-08-01 08:22:34 [INFO] [task_scheduler.cc:195] Sending 64 sample(s) to runner
        · tvm:contraction_abcd_eafb_fdec laeuft [ 4591s] … 2026-08-01 08:22:34 [INFO] [task_scheduler.cc:195] Sending 64 sample(s) to runner
        · tvm:contraction_abcd_eafb_fdec laeuft [ 4622s] … 2026-08-01 08:22:34 [INFO] [task_scheduler.cc:195] Sending 64 sample(s) to runner
        · tvm:contraction_abcd_eafb_fdec laeuft [ 4652s] … 2026-08-01 08:22:34 [INFO] [task_scheduler.cc:195] Sending 64 sample(s) to runner
        · tvm:contraction_abcd_eafb_fdec laeuft [ 4682s] … 2026-08-01 08:22:34 [INFO] [task_scheduler.cc:195] Sending 64 sample(s) to runner
        · tvm:contraction_abcd_eafb_fdec laeuft [ 4712s] … 2026-08-01 08:22:34 [INFO] [task_scheduler.cc:195] Sending 64 sample(s) to runner
        · tvm:contraction_abcd_eafb_fdec laeuft [ 4742s] … 2026-08-01 08:22:34 [INFO] [task_scheduler.cc:195] Sending 64 sample(s) to runner
        · tvm:contraction_abcd_eafb_fdec laeuft [ 4772s] … 2026-08-01 08:22:34 [INFO] [task_scheduler.cc:195] Sending 64 sample(s) to runner
        · tvm:contraction_abcd_eafb_fdec laeuft [ 4800s] … 2026-08-01 08:22:34 [INFO] [task_scheduler.cc:195] Sending 64 sample(s) to runner
        · tvm:contraction_abcd_eafb_fdec laeuft [ 4830s] … 2026-08-01 08:22:34 [INFO] [task_scheduler.cc:195] Sending 64 sample(s) to runner
        · tvm:contraction_abcd_eafb_fdec laeuft [ 4860s] … 2026-08-01 08:22:34 [INFO] [task_scheduler.cc:195] Sending 64 sample(s) to runner
        · tvm:contraction_abcd_eafb_fdec laeuft [ 4890s] … 2026-08-01 08:22:34 [INFO] [task_scheduler.cc:195] Sending 64 sample(s) to runner
        · tvm:contraction_abcd_eafb_fdec laeuft [ 4921s] … 2026-08-01 08:22:34 [INFO] [task_scheduler.cc:195] Sending 64 sample(s) to runner
        · tvm:contraction_abcd_eafb_fdec laeuft [ 4951s] … 2026-08-01 08:22:34 [INFO] [task_scheduler.cc:195] Sending 64 sample(s) to runner
        · tvm:contraction_abcd_eafb_fdec laeuft [ 4981s] … 2026-08-01 08:22:34 [INFO] [task_scheduler.cc:195] Sending 64 sample(s) to runner
        · tvm:contraction_abcd_eafb_fdec laeuft [ 5011s] … 2026-08-01 08:22:34 [INFO] [task_scheduler.cc:195] Sending 64 sample(s) to runner
        · tvm:contraction_abcd_eafb_fdec laeuft [ 5041s] … 2026-08-01 08:22:34 [INFO] [task_scheduler.cc:195] Sending 64 sample(s) to runner
        · tvm:contraction_abcd_eafb_fdec laeuft [ 5071s] … 2026-08-01 08:22:34 [INFO] [task_scheduler.cc:195] Sending 64 sample(s) to runner
        · tvm:contraction_abcd_eafb_fdec laeuft [ 5101s] … 2026-08-01 08:22:34 [INFO] [task_scheduler.cc:195] Sending 64 sample(s) to runner
        · tvm:contraction_abcd_eafb_fdec laeuft [ 5131s] … 2026-08-01 08:22:34 [INFO] [task_scheduler.cc:195] Sending 64 sample(s) to runner
        · tvm:contraction_abcd_eafb_fdec laeuft [ 5161s] … 2026-08-01 08:22:34 [INFO] [task_scheduler.cc:195] Sending 64 sample(s) to runner
        · tvm:contraction_abcd_eafb_fdec laeuft [ 5192s] … 2026-08-01 08:22:34 [INFO] [task_scheduler.cc:195] Sending 64 sample(s) to runner
        · tvm:contraction_abcd_eafb_fdec laeuft [ 5222s] … 2026-08-01 08:22:34 [INFO] [task_scheduler.cc:195] Sending 64 sample(s) to runner
        · tvm:contraction_abcd_eafb_fdec laeuft [ 5252s] … 2026-08-01 08:22:34 [INFO] [task_scheduler.cc:195] Sending 64 sample(s) to runner
        · tvm:contraction_abcd_eafb_fdec laeuft [ 5282s] … 2026-08-01 08:22:34 [INFO] [task_scheduler.cc:195] Sending 64 sample(s) to runner
        · tvm:contraction_abcd_eafb_fdec laeuft [ 5312s] … 2026-08-01 08:22:34 [INFO] [task_scheduler.cc:195] Sending 64 sample(s) to runner
        · tvm:contraction_abcd_eafb_fdec laeuft [ 5342s] … 2026-08-01 08:53:09 [INFO] [task_scheduler.cc:180] TaskScheduler picks Task #0: "main"
        · tvm:contraction_abcd_eafb_fdec laeuft [ 5370s] … 2026-08-01 08:53:15 [INFO] [task_scheduler.cc:195] Sending 8 sample(s) to runner
        · tvm:contraction_abcd_eafb_fdec laeuft [ 5400s] … 2026-08-01 08:53:15 [INFO] [task_scheduler.cc:195] Sending 8 sample(s) to runner
        · tvm:contraction_abcd_eafb_fdec laeuft [ 5430s] … 2026-08-01 08:53:15 [INFO] [task_scheduler.cc:195] Sending 8 sample(s) to runner
        · tvm:contraction_abcd_eafb_fdec laeuft [ 5460s] … 2026-08-01 08:53:15 [INFO] [task_scheduler.cc:195] Sending 8 sample(s) to runner
        · tvm:contraction_abcd_eafb_fdec laeuft [ 5490s] … 2026-08-01 08:53:15 [INFO] [task_scheduler.cc:195] Sending 8 sample(s) to runner
        · tvm:contraction_abcd_eafb_fdec laeuft [ 5521s] … Total latency (us): 2.47939e+06
        · tvm:contraction_abcd_eafb_fdec laeuft [ 5551s] … Total latency (us): 2.47939e+06
        · tvm:contraction_abcd_eafb_fdec laeuft [ 5581s] … Total latency (us): 2.47939e+06
        · tvm:contraction_abcd_eafb_fdec laeuft [ 5611s] … Total latency (us): 2.47939e+06
        · tvm:contraction_abcd_eafb_fdec laeuft [ 5641s] … Total latency (us): 2.47939e+06
        · tvm:contraction_abcd_eafb_fdec laeuft [ 5671s] … Total latency (us): 2.47939e+06
        · tvm:contraction_abcd_eafb_fdec laeuft [ 5701s] … Total latency (us): 2.47939e+06
        · tvm:contraction_abcd_eafb_fdec laeuft [ 5731s] … Total latency (us): 2.47939e+06
        · tvm:contraction_abcd_eafb_fdec laeuft [ 5761s] … Total latency (us): 2.47939e+06
        · tvm:contraction_abcd_eafb_fdec laeuft [ 5791s] … Total latency (us): 2.47939e+06
        · tvm:contraction_abcd_eafb_fdec laeuft [ 5822s] … Total latency (us): 2.47939e+06
  [tvm] 28/48 contraction_abcd_eafb_fdec             323.2 GFLOPS [ok]              5832s  DONE @ 2026-08-01 09:01:23
  [tvm] 29/48 contraction_abcd_eafc_bfde             ... START @ 2026-08-01 09:01:23
        · tvm:contraction_abcd_eafc_bfde laeuft [   30s] … 2026-08-01 09:01:32 [INFO] [task_scheduler.cc:195] Sending 64 sample(s) to runner
        · tvm:contraction_abcd_eafc_bfde laeuft [   60s] … 2026-08-01 09:01:32 [INFO] [task_scheduler.cc:195] Sending 64 sample(s) to runner
        · tvm:contraction_abcd_eafc_bfde laeuft [   90s] … 2026-08-01 09:01:32 [INFO] [task_scheduler.cc:195] Sending 64 sample(s) to runner
        · tvm:contraction_abcd_eafc_bfde laeuft [  120s] … 2026-08-01 09:01:32 [INFO] [task_scheduler.cc:195] Sending 64 sample(s) to runner
        · tvm:contraction_abcd_eafc_bfde laeuft [  151s] … 2026-08-01 09:01:32 [INFO] [task_scheduler.cc:195] Sending 64 sample(s) to runner
        · tvm:contraction_abcd_eafc_bfde laeuft [  181s] … 2026-08-01 09:01:32 [INFO] [task_scheduler.cc:195] Sending 64 sample(s) to runner
        · tvm:contraction_abcd_eafc_bfde laeuft [  211s] … 2026-08-01 09:01:32 [INFO] [task_scheduler.cc:195] Sending 64 sample(s) to runner
        · tvm:contraction_abcd_eafc_bfde laeuft [  241s] … 2026-08-01 09:01:32 [INFO] [task_scheduler.cc:195] Sending 64 sample(s) to runner
        · tvm:contraction_abcd_eafc_bfde laeuft [  271s] … 2026-08-01 09:01:32 [INFO] [task_scheduler.cc:195] Sending 64 sample(s) to runner
        · tvm:contraction_abcd_eafc_bfde laeuft [  301s] … 2026-08-01 09:01:32 [INFO] [task_scheduler.cc:195] Sending 64 sample(s) to runner
        · tvm:contraction_abcd_eafc_bfde laeuft [  331s] … 2026-08-01 09:01:32 [INFO] [task_scheduler.cc:195] Sending 64 sample(s) to runner
        · tvm:contraction_abcd_eafc_bfde laeuft [  361s] … 2026-08-01 09:01:32 [INFO] [task_scheduler.cc:195] Sending 64 sample(s) to runner
        · tvm:contraction_abcd_eafc_bfde laeuft [  391s] … 2026-08-01 09:01:32 [INFO] [task_scheduler.cc:195] Sending 64 sample(s) to runner
        · tvm:contraction_abcd_eafc_bfde laeuft [  422s] … 2026-08-01 09:01:32 [INFO] [task_scheduler.cc:195] Sending 64 sample(s) to runner
        · tvm:contraction_abcd_eafc_bfde laeuft [  452s] … 2026-08-01 09:01:32 [INFO] [task_scheduler.cc:195] Sending 64 sample(s) to runner
        · tvm:contraction_abcd_eafc_bfde laeuft [  482s] … 2026-08-01 09:01:32 [INFO] [task_scheduler.cc:195] Sending 64 sample(s) to runner
        · tvm:contraction_abcd_eafc_bfde laeuft [  512s] … 2026-08-01 09:01:32 [INFO] [task_scheduler.cc:195] Sending 64 sample(s) to runner
        · tvm:contraction_abcd_eafc_bfde laeuft [  542s] … 2026-08-01 09:01:32 [INFO] [task_scheduler.cc:195] Sending 64 sample(s) to runner
        · tvm:contraction_abcd_eafc_bfde laeuft [  570s] … 2026-08-01 09:01:32 [INFO] [task_scheduler.cc:195] Sending 64 sample(s) to runner
        · tvm:contraction_abcd_eafc_bfde laeuft [  600s] … 2026-08-01 09:01:32 [INFO] [task_scheduler.cc:195] Sending 64 sample(s) to runner
        · tvm:contraction_abcd_eafc_bfde laeuft [  630s] … 2026-08-01 09:01:32 [INFO] [task_scheduler.cc:195] Sending 64 sample(s) to runner
        · tvm:contraction_abcd_eafc_bfde laeuft [  660s] … 2026-08-01 09:01:32 [INFO] [task_scheduler.cc:195] Sending 64 sample(s) to runner
        · tvm:contraction_abcd_eafc_bfde laeuft [  690s] … 2026-08-01 09:01:32 [INFO] [task_scheduler.cc:195] Sending 64 sample(s) to runner
        · tvm:contraction_abcd_eafc_bfde laeuft [  721s] … 2026-08-01 09:01:32 [INFO] [task_scheduler.cc:195] Sending 64 sample(s) to runner
        · tvm:contraction_abcd_eafc_bfde laeuft [  751s] … 2026-08-01 09:01:32 [INFO] [task_scheduler.cc:195] Sending 64 sample(s) to runner
        · tvm:contraction_abcd_eafc_bfde laeuft [  781s] … 2026-08-01 09:01:32 [INFO] [task_scheduler.cc:195] Sending 64 sample(s) to runner
        · tvm:contraction_abcd_eafc_bfde laeuft [  811s] … 2026-08-01 09:01:32 [INFO] [task_scheduler.cc:195] Sending 64 sample(s) to runner
        · tvm:contraction_abcd_eafc_bfde laeuft [  841s] … 2026-08-01 09:01:32 [INFO] [task_scheduler.cc:195] Sending 64 sample(s) to runner
        · tvm:contraction_abcd_eafc_bfde laeuft [  871s] … 2026-08-01 09:01:32 [INFO] [task_scheduler.cc:195] Sending 64 sample(s) to runner
        · tvm:contraction_abcd_eafc_bfde laeuft [  901s] … 2026-08-01 09:01:32 [INFO] [task_scheduler.cc:195] Sending 64 sample(s) to runner
        · tvm:contraction_abcd_eafc_bfde laeuft [  931s] … 2026-08-01 09:01:32 [INFO] [task_scheduler.cc:195] Sending 64 sample(s) to runner
        · tvm:contraction_abcd_eafc_bfde laeuft [  961s] … 2026-08-01 09:01:32 [INFO] [task_scheduler.cc:195] Sending 64 sample(s) to runner
        · tvm:contraction_abcd_eafc_bfde laeuft [  991s] … 2026-08-01 09:01:32 [INFO] [task_scheduler.cc:195] Sending 64 sample(s) to runner
        · tvm:contraction_abcd_eafc_bfde laeuft [ 1022s] … 2026-08-01 09:01:32 [INFO] [task_scheduler.cc:195] Sending 64 sample(s) to runner
        · tvm:contraction_abcd_eafc_bfde laeuft [ 1052s] … 2026-08-01 09:01:32 [INFO] [task_scheduler.cc:195] Sending 64 sample(s) to runner
        · tvm:contraction_abcd_eafc_bfde laeuft [ 1082s] … 2026-08-01 09:01:32 [INFO] [task_scheduler.cc:195] Sending 64 sample(s) to runner
        · tvm:contraction_abcd_eafc_bfde laeuft [ 1112s] … 2026-08-01 09:01:32 [INFO] [task_scheduler.cc:195] Sending 64 sample(s) to runner
        · tvm:contraction_abcd_eafc_bfde laeuft [ 1140s] … 2026-08-01 09:01:32 [INFO] [task_scheduler.cc:195] Sending 64 sample(s) to runner
        · tvm:contraction_abcd_eafc_bfde laeuft [ 1170s] … 2026-08-01 09:01:32 [INFO] [task_scheduler.cc:195] Sending 64 sample(s) to runner
        · tvm:contraction_abcd_eafc_bfde laeuft [ 1200s] … 2026-08-01 09:01:32 [INFO] [task_scheduler.cc:195] Sending 64 sample(s) to runner
        · tvm:contraction_abcd_eafc_bfde laeuft [ 1230s] … 2026-08-01 09:01:32 [INFO] [task_scheduler.cc:195] Sending 64 sample(s) to runner
        · tvm:contraction_abcd_eafc_bfde laeuft [ 1260s] … 2026-08-01 09:01:32 [INFO] [task_scheduler.cc:195] Sending 64 sample(s) to runner
        · tvm:contraction_abcd_eafc_bfde laeuft [ 1291s] … 2026-08-01 09:01:32 [INFO] [task_scheduler.cc:195] Sending 64 sample(s) to runner
        · tvm:contraction_abcd_eafc_bfde laeuft [ 1321s] … 2026-08-01 09:01:32 [INFO] [task_scheduler.cc:195] Sending 64 sample(s) to runner
        · tvm:contraction_abcd_eafc_bfde laeuft [ 1351s] … 2026-08-01 09:01:32 [INFO] [task_scheduler.cc:195] Sending 64 sample(s) to runner
        · tvm:contraction_abcd_eafc_bfde laeuft [ 1381s] … 2026-08-01 09:01:32 [INFO] [task_scheduler.cc:195] Sending 64 sample(s) to runner
        · tvm:contraction_abcd_eafc_bfde laeuft [ 1411s] … 2026-08-01 09:01:32 [INFO] [task_scheduler.cc:195] Sending 64 sample(s) to runner
        · tvm:contraction_abcd_eafc_bfde laeuft [ 1441s] … 2026-08-01 09:01:32 [INFO] [task_scheduler.cc:195] Sending 64 sample(s) to runner
        · tvm:contraction_abcd_eafc_bfde laeuft [ 1471s] … 2026-08-01 09:01:32 [INFO] [task_scheduler.cc:195] Sending 64 sample(s) to runner
        · tvm:contraction_abcd_eafc_bfde laeuft [ 1501s] … 2026-08-01 09:01:32 [INFO] [task_scheduler.cc:195] Sending 64 sample(s) to runner
        · tvm:contraction_abcd_eafc_bfde laeuft [ 1531s] … 2026-08-01 09:01:32 [INFO] [task_scheduler.cc:195] Sending 64 sample(s) to runner
        · tvm:contraction_abcd_eafc_bfde laeuft [ 1562s] … 2026-08-01 09:01:32 [INFO] [task_scheduler.cc:195] Sending 64 sample(s) to runner
        · tvm:contraction_abcd_eafc_bfde laeuft [ 1592s] … 2026-08-01 09:01:32 [INFO] [task_scheduler.cc:195] Sending 64 sample(s) to runner
        · tvm:contraction_abcd_eafc_bfde laeuft [ 1622s] … 2026-08-01 09:01:32 [INFO] [task_scheduler.cc:195] Sending 64 sample(s) to runner
        · tvm:contraction_abcd_eafc_bfde laeuft [ 1652s] … 2026-08-01 09:01:32 [INFO] [task_scheduler.cc:195] Sending 64 sample(s) to runner
        · tvm:contraction_abcd_eafc_bfde laeuft [ 1682s] … 2026-08-01 09:01:32 [INFO] [task_scheduler.cc:195] Sending 64 sample(s) to runner
        · tvm:contraction_abcd_eafc_bfde laeuft [ 1710s] … 2026-08-01 09:01:32 [INFO] [task_scheduler.cc:195] Sending 64 sample(s) to runner
        · tvm:contraction_abcd_eafc_bfde laeuft [ 1740s] … 2026-08-01 09:01:32 [INFO] [task_scheduler.cc:195] Sending 64 sample(s) to runner
        · tvm:contraction_abcd_eafc_bfde laeuft [ 1770s] … 2026-08-01 09:01:32 [INFO] [task_scheduler.cc:195] Sending 64 sample(s) to runner
        · tvm:contraction_abcd_eafc_bfde laeuft [ 1800s] … 2026-08-01 09:31:21 [INFO] [task_scheduler.cc:195] Sending 64 sample(s) to runner
        · tvm:contraction_abcd_eafc_bfde laeuft [ 1831s] … 2026-08-01 09:31:21 [INFO] [task_scheduler.cc:195] Sending 64 sample(s) to runner
        · tvm:contraction_abcd_eafc_bfde laeuft [ 1861s] … 2026-08-01 09:31:21 [INFO] [task_scheduler.cc:195] Sending 64 sample(s) to runner
        · tvm:contraction_abcd_eafc_bfde laeuft [ 1891s] … 2026-08-01 09:31:21 [INFO] [task_scheduler.cc:195] Sending 64 sample(s) to runner
        · tvm:contraction_abcd_eafc_bfde laeuft [ 1921s] … 2026-08-01 09:31:21 [INFO] [task_scheduler.cc:195] Sending 64 sample(s) to runner
        · tvm:contraction_abcd_eafc_bfde laeuft [ 1951s] … 2026-08-01 09:31:21 [INFO] [task_scheduler.cc:195] Sending 64 sample(s) to runner
        · tvm:contraction_abcd_eafc_bfde laeuft [ 1981s] … 2026-08-01 09:31:21 [INFO] [task_scheduler.cc:195] Sending 64 sample(s) to runner
        · tvm:contraction_abcd_eafc_bfde laeuft [ 2011s] … 2026-08-01 09:31:21 [INFO] [task_scheduler.cc:195] Sending 64 sample(s) to runner
        · tvm:contraction_abcd_eafc_bfde laeuft [ 2041s] … 2026-08-01 09:31:21 [INFO] [task_scheduler.cc:195] Sending 64 sample(s) to runner
        · tvm:contraction_abcd_eafc_bfde laeuft [ 2071s] … 2026-08-01 09:31:21 [INFO] [task_scheduler.cc:195] Sending 64 sample(s) to runner
        · tvm:contraction_abcd_eafc_bfde laeuft [ 2101s] … 2026-08-01 09:31:21 [INFO] [task_scheduler.cc:195] Sending 64 sample(s) to runner
        · tvm:contraction_abcd_eafc_bfde laeuft [ 2132s] … 2026-08-01 09:31:21 [INFO] [task_scheduler.cc:195] Sending 64 sample(s) to runner
        · tvm:contraction_abcd_eafc_bfde laeuft [ 2162s] … 2026-08-01 09:31:21 [INFO] [task_scheduler.cc:195] Sending 64 sample(s) to runner
        · tvm:contraction_abcd_eafc_bfde laeuft [ 2192s] … 2026-08-01 09:31:21 [INFO] [task_scheduler.cc:195] Sending 64 sample(s) to runner
        · tvm:contraction_abcd_eafc_bfde laeuft [ 2222s] … 2026-08-01 09:31:21 [INFO] [task_scheduler.cc:195] Sending 64 sample(s) to runner
        · tvm:contraction_abcd_eafc_bfde laeuft [ 2252s] … 2026-08-01 09:31:21 [INFO] [task_scheduler.cc:195] Sending 64 sample(s) to runner
        · tvm:contraction_abcd_eafc_bfde laeuft [ 2280s] … 2026-08-01 09:31:21 [INFO] [task_scheduler.cc:195] Sending 64 sample(s) to runner
        · tvm:contraction_abcd_eafc_bfde laeuft [ 2310s] … 2026-08-01 09:31:21 [INFO] [task_scheduler.cc:195] Sending 64 sample(s) to runner
        · tvm:contraction_abcd_eafc_bfde laeuft [ 2340s] … 2026-08-01 09:31:21 [INFO] [task_scheduler.cc:195] Sending 64 sample(s) to runner
        · tvm:contraction_abcd_eafc_bfde laeuft [ 2370s] … 2026-08-01 09:31:21 [INFO] [task_scheduler.cc:195] Sending 64 sample(s) to runner
        · tvm:contraction_abcd_eafc_bfde laeuft [ 2400s] … 2026-08-01 09:31:21 [INFO] [task_scheduler.cc:195] Sending 64 sample(s) to runner
        · tvm:contraction_abcd_eafc_bfde laeuft [ 2431s] … 2026-08-01 09:31:21 [INFO] [task_scheduler.cc:195] Sending 64 sample(s) to runner
        · tvm:contraction_abcd_eafc_bfde laeuft [ 2461s] … 2026-08-01 09:31:21 [INFO] [task_scheduler.cc:195] Sending 64 sample(s) to runner
        · tvm:contraction_abcd_eafc_bfde laeuft [ 2491s] … 2026-08-01 09:31:21 [INFO] [task_scheduler.cc:195] Sending 64 sample(s) to runner
        · tvm:contraction_abcd_eafc_bfde laeuft [ 2521s] … 2026-08-01 09:31:21 [INFO] [task_scheduler.cc:195] Sending 64 sample(s) to runner
        · tvm:contraction_abcd_eafc_bfde laeuft [ 2551s] … 2026-08-01 09:31:21 [INFO] [task_scheduler.cc:195] Sending 64 sample(s) to runner
        · tvm:contraction_abcd_eafc_bfde laeuft [ 2581s] … 2026-08-01 09:31:21 [INFO] [task_scheduler.cc:195] Sending 64 sample(s) to runner
        · tvm:contraction_abcd_eafc_bfde laeuft [ 2611s] … 2026-08-01 09:31:21 [INFO] [task_scheduler.cc:195] Sending 64 sample(s) to runner
        · tvm:contraction_abcd_eafc_bfde laeuft [ 2641s] … 2026-08-01 09:31:21 [INFO] [task_scheduler.cc:195] Sending 64 sample(s) to runner
        · tvm:contraction_abcd_eafc_bfde laeuft [ 2671s] … 2026-08-01 09:31:21 [INFO] [task_scheduler.cc:195] Sending 64 sample(s) to runner
        · tvm:contraction_abcd_eafc_bfde laeuft [ 2702s] … 2026-08-01 09:31:21 [INFO] [task_scheduler.cc:195] Sending 64 sample(s) to runner
        · tvm:contraction_abcd_eafc_bfde laeuft [ 2732s] … 2026-08-01 09:31:21 [INFO] [task_scheduler.cc:195] Sending 64 sample(s) to runner
        · tvm:contraction_abcd_eafc_bfde laeuft [ 2762s] … 2026-08-01 09:31:21 [INFO] [task_scheduler.cc:195] Sending 64 sample(s) to runner
        · tvm:contraction_abcd_eafc_bfde laeuft [ 2792s] … 2026-08-01 09:31:21 [INFO] [task_scheduler.cc:195] Sending 64 sample(s) to runner
        · tvm:contraction_abcd_eafc_bfde laeuft [ 2822s] … 2026-08-01 09:31:21 [INFO] [task_scheduler.cc:195] Sending 64 sample(s) to runner
        · tvm:contraction_abcd_eafc_bfde laeuft [ 2850s] … 2026-08-01 09:31:21 [INFO] [task_scheduler.cc:195] Sending 64 sample(s) to runner
        · tvm:contraction_abcd_eafc_bfde laeuft [ 2880s] … 2026-08-01 09:31:21 [INFO] [task_scheduler.cc:195] Sending 64 sample(s) to runner
        · tvm:contraction_abcd_eafc_bfde laeuft [ 2910s] … 2026-08-01 09:31:21 [INFO] [task_scheduler.cc:195] Sending 64 sample(s) to runner
        · tvm:contraction_abcd_eafc_bfde laeuft [ 2940s] … 2026-08-01 09:31:21 [INFO] [task_scheduler.cc:195] Sending 64 sample(s) to runner
        · tvm:contraction_abcd_eafc_bfde laeuft [ 2970s] … 2026-08-01 09:31:21 [INFO] [task_scheduler.cc:195] Sending 64 sample(s) to runner
        · tvm:contraction_abcd_eafc_bfde laeuft [ 3001s] … 2026-08-01 09:31:21 [INFO] [task_scheduler.cc:195] Sending 64 sample(s) to runner
        · tvm:contraction_abcd_eafc_bfde laeuft [ 3031s] … 2026-08-01 09:31:21 [INFO] [task_scheduler.cc:195] Sending 64 sample(s) to runner
        · tvm:contraction_abcd_eafc_bfde laeuft [ 3061s] … 2026-08-01 09:31:21 [INFO] [task_scheduler.cc:195] Sending 64 sample(s) to runner
        · tvm:contraction_abcd_eafc_bfde laeuft [ 3091s] … 2026-08-01 09:31:21 [INFO] [task_scheduler.cc:195] Sending 64 sample(s) to runner
        · tvm:contraction_abcd_eafc_bfde laeuft [ 3121s] … 2026-08-01 09:31:21 [INFO] [task_scheduler.cc:195] Sending 64 sample(s) to runner
        · tvm:contraction_abcd_eafc_bfde laeuft [ 3151s] … 2026-08-01 09:31:21 [INFO] [task_scheduler.cc:195] Sending 64 sample(s) to runner
        · tvm:contraction_abcd_eafc_bfde laeuft [ 3181s] … 2026-08-01 09:31:21 [INFO] [task_scheduler.cc:195] Sending 64 sample(s) to runner
        · tvm:contraction_abcd_eafc_bfde laeuft [ 3211s] … 2026-08-01 09:31:21 [INFO] [task_scheduler.cc:195] Sending 64 sample(s) to runner
        · tvm:contraction_abcd_eafc_bfde laeuft [ 3241s] … 2026-08-01 09:31:21 [INFO] [task_scheduler.cc:195] Sending 64 sample(s) to runner
        · tvm:contraction_abcd_eafc_bfde laeuft [ 3272s] … 2026-08-01 09:31:21 [INFO] [task_scheduler.cc:195] Sending 64 sample(s) to runner
        · tvm:contraction_abcd_eafc_bfde laeuft [ 3302s] … 2026-08-01 09:31:21 [INFO] [task_scheduler.cc:195] Sending 64 sample(s) to runner
        · tvm:contraction_abcd_eafc_bfde laeuft [ 3332s] … 2026-08-01 09:31:21 [INFO] [task_scheduler.cc:195] Sending 64 sample(s) to runner
        · tvm:contraction_abcd_eafc_bfde laeuft [ 3362s] … 2026-08-01 09:31:21 [INFO] [task_scheduler.cc:195] Sending 64 sample(s) to runner
        · tvm:contraction_abcd_eafc_bfde laeuft [ 3392s] … 2026-08-01 09:31:21 [INFO] [task_scheduler.cc:195] Sending 64 sample(s) to runner
        · tvm:contraction_abcd_eafc_bfde laeuft [ 3420s] … 2026-08-01 09:31:21 [INFO] [task_scheduler.cc:195] Sending 64 sample(s) to runner
        · tvm:contraction_abcd_eafc_bfde laeuft [ 3450s] … 2026-08-01 09:31:21 [INFO] [task_scheduler.cc:195] Sending 64 sample(s) to runner
        · tvm:contraction_abcd_eafc_bfde laeuft [ 3480s] … 2026-08-01 09:31:21 [INFO] [task_scheduler.cc:195] Sending 64 sample(s) to runner
        · tvm:contraction_abcd_eafc_bfde laeuft [ 3510s] … 2026-08-01 09:31:21 [INFO] [task_scheduler.cc:195] Sending 64 sample(s) to runner
        · tvm:contraction_abcd_eafc_bfde laeuft [ 3540s] … 2026-08-01 09:31:21 [INFO] [task_scheduler.cc:195] Sending 64 sample(s) to runner
        · tvm:contraction_abcd_eafc_bfde laeuft [ 3571s] … 2026-08-01 09:31:21 [INFO] [task_scheduler.cc:195] Sending 64 sample(s) to runner
        · tvm:contraction_abcd_eafc_bfde laeuft [ 3601s] … 2026-08-01 10:01:24 [INFO] [task_scheduler.cc:195] Sending 64 sample(s) to runner
        · tvm:contraction_abcd_eafc_bfde laeuft [ 3631s] … 2026-08-01 10:01:24 [INFO] [task_scheduler.cc:195] Sending 64 sample(s) to runner
        · tvm:contraction_abcd_eafc_bfde laeuft [ 3661s] … 2026-08-01 10:01:24 [INFO] [task_scheduler.cc:195] Sending 64 sample(s) to runner
        · tvm:contraction_abcd_eafc_bfde laeuft [ 3691s] … 2026-08-01 10:01:24 [INFO] [task_scheduler.cc:195] Sending 64 sample(s) to runner
        · tvm:contraction_abcd_eafc_bfde laeuft [ 3721s] … 2026-08-01 10:01:24 [INFO] [task_scheduler.cc:195] Sending 64 sample(s) to runner
        · tvm:contraction_abcd_eafc_bfde laeuft [ 3751s] … 2026-08-01 10:01:24 [INFO] [task_scheduler.cc:195] Sending 64 sample(s) to runner
        · tvm:contraction_abcd_eafc_bfde laeuft [ 3781s] … 2026-08-01 10:01:24 [INFO] [task_scheduler.cc:195] Sending 64 sample(s) to runner
        · tvm:contraction_abcd_eafc_bfde laeuft [ 3811s] … 2026-08-01 10:01:24 [INFO] [task_scheduler.cc:195] Sending 64 sample(s) to runner
        · tvm:contraction_abcd_eafc_bfde laeuft [ 3841s] … 2026-08-01 10:01:24 [INFO] [task_scheduler.cc:195] Sending 64 sample(s) to runner
        · tvm:contraction_abcd_eafc_bfde laeuft [ 3871s] … 2026-08-01 10:01:24 [INFO] [task_scheduler.cc:195] Sending 64 sample(s) to runner
        · tvm:contraction_abcd_eafc_bfde laeuft [ 3902s] … 2026-08-01 10:01:24 [INFO] [task_scheduler.cc:195] Sending 64 sample(s) to runner
        · tvm:contraction_abcd_eafc_bfde laeuft [ 3932s] … 2026-08-01 10:01:24 [INFO] [task_scheduler.cc:195] Sending 64 sample(s) to runner
        · tvm:contraction_abcd_eafc_bfde laeuft [ 3962s] … 2026-08-01 10:01:24 [INFO] [task_scheduler.cc:195] Sending 64 sample(s) to runner
        · tvm:contraction_abcd_eafc_bfde laeuft [ 3992s] … 2026-08-01 10:01:24 [INFO] [task_scheduler.cc:195] Sending 64 sample(s) to runner
        · tvm:contraction_abcd_eafc_bfde laeuft [ 4022s] … 2026-08-01 10:01:24 [INFO] [task_scheduler.cc:195] Sending 64 sample(s) to runner
        · tvm:contraction_abcd_eafc_bfde laeuft [ 4050s] … 2026-08-01 10:01:24 [INFO] [task_scheduler.cc:195] Sending 64 sample(s) to runner
        · tvm:contraction_abcd_eafc_bfde laeuft [ 4080s] … 2026-08-01 10:01:24 [INFO] [task_scheduler.cc:195] Sending 64 sample(s) to runner
        · tvm:contraction_abcd_eafc_bfde laeuft [ 4110s] … 2026-08-01 10:01:24 [INFO] [task_scheduler.cc:195] Sending 64 sample(s) to runner
        · tvm:contraction_abcd_eafc_bfde laeuft [ 4140s] … 2026-08-01 10:01:24 [INFO] [task_scheduler.cc:195] Sending 64 sample(s) to runner
        · tvm:contraction_abcd_eafc_bfde laeuft [ 4170s] … 2026-08-01 10:01:24 [INFO] [task_scheduler.cc:195] Sending 64 sample(s) to runner
        · tvm:contraction_abcd_eafc_bfde laeuft [ 4201s] … 2026-08-01 10:01:24 [INFO] [task_scheduler.cc:195] Sending 64 sample(s) to runner
        · tvm:contraction_abcd_eafc_bfde laeuft [ 4231s] … 2026-08-01 10:01:24 [INFO] [task_scheduler.cc:195] Sending 64 sample(s) to runner
        · tvm:contraction_abcd_eafc_bfde laeuft [ 4261s] … 2026-08-01 10:01:24 [INFO] [task_scheduler.cc:195] Sending 64 sample(s) to runner
        · tvm:contraction_abcd_eafc_bfde laeuft [ 4291s] … 2026-08-01 10:01:24 [INFO] [task_scheduler.cc:195] Sending 64 sample(s) to runner
        · tvm:contraction_abcd_eafc_bfde laeuft [ 4321s] … 2026-08-01 10:01:24 [INFO] [task_scheduler.cc:195] Sending 64 sample(s) to runner
        · tvm:contraction_abcd_eafc_bfde laeuft [ 4351s] … 2026-08-01 10:01:24 [INFO] [task_scheduler.cc:195] Sending 64 sample(s) to runner
        · tvm:contraction_abcd_eafc_bfde laeuft [ 4381s] … 2026-08-01 10:01:24 [INFO] [task_scheduler.cc:195] Sending 64 sample(s) to runner
        · tvm:contraction_abcd_eafc_bfde laeuft [ 4411s] … 2026-08-01 10:01:24 [INFO] [task_scheduler.cc:195] Sending 64 sample(s) to runner
        · tvm:contraction_abcd_eafc_bfde laeuft [ 4442s] … 2026-08-01 10:01:24 [INFO] [task_scheduler.cc:195] Sending 64 sample(s) to runner
        · tvm:contraction_abcd_eafc_bfde laeuft [ 4472s] … 2026-08-01 10:01:24 [INFO] [task_scheduler.cc:195] Sending 64 sample(s) to runner
        · tvm:contraction_abcd_eafc_bfde laeuft [ 4502s] … 2026-08-01 10:01:24 [INFO] [task_scheduler.cc:195] Sending 64 sample(s) to runner
        · tvm:contraction_abcd_eafc_bfde laeuft [ 4532s] … 2026-08-01 10:01:24 [INFO] [task_scheduler.cc:195] Sending 64 sample(s) to runner
        · tvm:contraction_abcd_eafc_bfde laeuft [ 4562s] … 2026-08-01 10:01:24 [INFO] [task_scheduler.cc:195] Sending 64 sample(s) to runner
        · tvm:contraction_abcd_eafc_bfde laeuft [ 4590s] … 2026-08-01 10:01:24 [INFO] [task_scheduler.cc:195] Sending 64 sample(s) to runner
        · tvm:contraction_abcd_eafc_bfde laeuft [ 4620s] … 2026-08-01 10:01:24 [INFO] [task_scheduler.cc:195] Sending 64 sample(s) to runner
        · tvm:contraction_abcd_eafc_bfde laeuft [ 4650s] … 2026-08-01 10:01:24 [INFO] [task_scheduler.cc:195] Sending 64 sample(s) to runner
        · tvm:contraction_abcd_eafc_bfde laeuft [ 4680s] … 2026-08-01 10:01:24 [INFO] [task_scheduler.cc:195] Sending 64 sample(s) to runner
        · tvm:contraction_abcd_eafc_bfde laeuft [ 4711s] … 2026-08-01 10:01:24 [INFO] [task_scheduler.cc:195] Sending 64 sample(s) to runner
        · tvm:contraction_abcd_eafc_bfde laeuft [ 4741s] … 2026-08-01 10:01:24 [INFO] [task_scheduler.cc:195] Sending 64 sample(s) to runner
        · tvm:contraction_abcd_eafc_bfde laeuft [ 4771s] … 2026-08-01 10:01:24 [INFO] [task_scheduler.cc:195] Sending 64 sample(s) to runner
        · tvm:contraction_abcd_eafc_bfde laeuft [ 4801s] … 2026-08-01 10:01:24 [INFO] [task_scheduler.cc:195] Sending 64 sample(s) to runner
        · tvm:contraction_abcd_eafc_bfde laeuft [ 4831s] … 2026-08-01 10:01:24 [INFO] [task_scheduler.cc:195] Sending 64 sample(s) to runner
        · tvm:contraction_abcd_eafc_bfde laeuft [ 4861s] … 2026-08-01 10:01:24 [INFO] [task_scheduler.cc:195] Sending 64 sample(s) to runner
        · tvm:contraction_abcd_eafc_bfde laeuft [ 4891s] … 2026-08-01 10:01:24 [INFO] [task_scheduler.cc:195] Sending 64 sample(s) to runner
        · tvm:contraction_abcd_eafc_bfde laeuft [ 4921s] … 2026-08-01 10:01:24 [INFO] [task_scheduler.cc:195] Sending 64 sample(s) to runner
        · tvm:contraction_abcd_eafc_bfde laeuft [ 4951s] … 2026-08-01 10:01:24 [INFO] [task_scheduler.cc:195] Sending 64 sample(s) to runner
        · tvm:contraction_abcd_eafc_bfde laeuft [ 4981s] … 2026-08-01 10:01:24 [INFO] [task_scheduler.cc:195] Sending 64 sample(s) to runner
        · tvm:contraction_abcd_eafc_bfde laeuft [ 5011s] … 2026-08-01 10:01:24 [INFO] [task_scheduler.cc:195] Sending 64 sample(s) to runner
        · tvm:contraction_abcd_eafc_bfde laeuft [ 5041s] … 2026-08-01 10:01:24 [INFO] [task_scheduler.cc:195] Sending 64 sample(s) to runner
        · tvm:contraction_abcd_eafc_bfde laeuft [ 5071s] … 2026-08-01 10:01:24 [INFO] [task_scheduler.cc:195] Sending 64 sample(s) to runner
        · tvm:contraction_abcd_eafc_bfde laeuft [ 5102s] … 2026-08-01 10:01:24 [INFO] [task_scheduler.cc:195] Sending 64 sample(s) to runner
        · tvm:contraction_abcd_eafc_bfde laeuft [ 5132s] … 2026-08-01 10:01:24 [INFO] [task_scheduler.cc:195] Sending 64 sample(s) to runner
        · tvm:contraction_abcd_eafc_bfde laeuft [ 5162s] … 2026-08-01 10:01:24 [INFO] [task_scheduler.cc:195] Sending 64 sample(s) to runner
        · tvm:contraction_abcd_eafc_bfde laeuft [ 5192s] … 2026-08-01 10:01:24 [INFO] [task_scheduler.cc:195] Sending 64 sample(s) to runner
        · tvm:contraction_abcd_eafc_bfde laeuft [ 5220s] … 2026-08-01 10:01:24 [INFO] [task_scheduler.cc:195] Sending 64 sample(s) to runner
        · tvm:contraction_abcd_eafc_bfde laeuft [ 5250s] … 2026-08-01 10:01:24 [INFO] [task_scheduler.cc:195] Sending 64 sample(s) to runner
        · tvm:contraction_abcd_eafc_bfde laeuft [ 5280s] … 2026-08-01 10:01:24 [INFO] [task_scheduler.cc:195] Sending 64 sample(s) to runner
        · tvm:contraction_abcd_eafc_bfde laeuft [ 5310s] … 2026-08-01 10:29:51 [INFO] [task_scheduler.cc:195] Sending 8 sample(s) to runner
        · tvm:contraction_abcd_eafc_bfde laeuft [ 5340s] … 2026-08-01 10:29:51 [INFO] [task_scheduler.cc:195] Sending 8 sample(s) to runner
        · tvm:contraction_abcd_eafc_bfde laeuft [ 5371s] … 2026-08-01 10:29:51 [INFO] [task_scheduler.cc:195] Sending 8 sample(s) to runner
        · tvm:contraction_abcd_eafc_bfde laeuft [ 5401s] … 2026-08-01 10:29:51 [INFO] [task_scheduler.cc:195] Sending 8 sample(s) to runner
        · tvm:contraction_abcd_eafc_bfde laeuft [ 5431s] … 2026-08-01 10:29:51 [INFO] [task_scheduler.cc:195] Sending 8 sample(s) to runner
        · tvm:contraction_abcd_eafc_bfde laeuft [ 5461s] … 2026-08-01 10:29:51 [INFO] [task_scheduler.cc:195] Sending 8 sample(s) to runner
        · tvm:contraction_abcd_eafc_bfde laeuft [ 5491s] … 2026-08-01 10:29:51 [INFO] [task_scheduler.cc:195] Sending 8 sample(s) to runner
        · tvm:contraction_abcd_eafc_bfde laeuft [ 5521s] … Total latency (us): 2.60624e+06
        · tvm:contraction_abcd_eafc_bfde laeuft [ 5551s] … Total latency (us): 2.60624e+06
        · tvm:contraction_abcd_eafc_bfde laeuft [ 5581s] … Total latency (us): 2.60624e+06
        · tvm:contraction_abcd_eafc_bfde laeuft [ 5611s] … Total latency (us): 2.60624e+06
        · tvm:contraction_abcd_eafc_bfde laeuft [ 5641s] … Total latency (us): 2.60624e+06
        · tvm:contraction_abcd_eafc_bfde laeuft [ 5671s] … Total latency (us): 2.60624e+06
        · tvm:contraction_abcd_eafc_bfde laeuft [ 5701s] … Total latency (us): 2.60624e+06
        · tvm:contraction_abcd_eafc_bfde laeuft [ 5731s] … Total latency (us): 2.60624e+06
        · tvm:contraction_abcd_eafc_bfde laeuft [ 5762s] … Total latency (us): 2.60624e+06
        · tvm:contraction_abcd_eafc_bfde laeuft [ 5792s] … Total latency (us): 2.60624e+06
  [tvm] 29/48 contraction_abcd_eafc_bfde             362.1 GFLOPS [ok]              5814s  DONE @ 2026-08-01 10:38:18
  [tvm] 30/48 contraction_abcd_eafd_fbec             ... START @ 2026-08-01 10:38:18
        · tvm:contraction_abcd_eafd_fbec laeuft [   30s] … 2026-08-01 10:38:26 [INFO] [task_scheduler.cc:195] Sending 64 sample(s) to runner
        · tvm:contraction_abcd_eafd_fbec laeuft [   60s] … 2026-08-01 10:38:26 [INFO] [task_scheduler.cc:195] Sending 64 sample(s) to runner
        · tvm:contraction_abcd_eafd_fbec laeuft [   90s] … 2026-08-01 10:38:26 [INFO] [task_scheduler.cc:195] Sending 64 sample(s) to runner
        · tvm:contraction_abcd_eafd_fbec laeuft [  120s] … 2026-08-01 10:38:26 [INFO] [task_scheduler.cc:195] Sending 64 sample(s) to runner
        · tvm:contraction_abcd_eafd_fbec laeuft [  151s] … 2026-08-01 10:38:26 [INFO] [task_scheduler.cc:195] Sending 64 sample(s) to runner
        · tvm:contraction_abcd_eafd_fbec laeuft [  181s] … 2026-08-01 10:38:26 [INFO] [task_scheduler.cc:195] Sending 64 sample(s) to runner
        · tvm:contraction_abcd_eafd_fbec laeuft [  211s] … 2026-08-01 10:38:26 [INFO] [task_scheduler.cc:195] Sending 64 sample(s) to runner
        · tvm:contraction_abcd_eafd_fbec laeuft [  241s] … 2026-08-01 10:38:26 [INFO] [task_scheduler.cc:195] Sending 64 sample(s) to runner
        · tvm:contraction_abcd_eafd_fbec laeuft [  271s] … 2026-08-01 10:38:26 [INFO] [task_scheduler.cc:195] Sending 64 sample(s) to runner
        · tvm:contraction_abcd_eafd_fbec laeuft [  301s] … 2026-08-01 10:38:26 [INFO] [task_scheduler.cc:195] Sending 64 sample(s) to runner
        · tvm:contraction_abcd_eafd_fbec laeuft [  331s] … 2026-08-01 10:38:26 [INFO] [task_scheduler.cc:195] Sending 64 sample(s) to runner
        · tvm:contraction_abcd_eafd_fbec laeuft [  361s] … 2026-08-01 10:38:26 [INFO] [task_scheduler.cc:195] Sending 64 sample(s) to runner
        · tvm:contraction_abcd_eafd_fbec laeuft [  391s] … 2026-08-01 10:38:26 [INFO] [task_scheduler.cc:195] Sending 64 sample(s) to runner
        · tvm:contraction_abcd_eafd_fbec laeuft [  421s] … 2026-08-01 10:38:26 [INFO] [task_scheduler.cc:195] Sending 64 sample(s) to runner
        · tvm:contraction_abcd_eafd_fbec laeuft [  452s] … 2026-08-01 10:38:26 [INFO] [task_scheduler.cc:195] Sending 64 sample(s) to runner
        · tvm:contraction_abcd_eafd_fbec laeuft [  482s] … 2026-08-01 10:38:26 [INFO] [task_scheduler.cc:195] Sending 64 sample(s) to runner
        · tvm:contraction_abcd_eafd_fbec laeuft [  512s] … 2026-08-01 10:38:26 [INFO] [task_scheduler.cc:195] Sending 64 sample(s) to runner
        · tvm:contraction_abcd_eafd_fbec laeuft [  542s] … 2026-08-01 10:38:26 [INFO] [task_scheduler.cc:195] Sending 64 sample(s) to runner
        · tvm:contraction_abcd_eafd_fbec laeuft [  572s] … 2026-08-01 10:38:26 [INFO] [task_scheduler.cc:195] Sending 64 sample(s) to runner
        · tvm:contraction_abcd_eafd_fbec laeuft [  600s] … 2026-08-01 10:38:26 [INFO] [task_scheduler.cc:195] Sending 64 sample(s) to runner
        · tvm:contraction_abcd_eafd_fbec laeuft [  630s] … 2026-08-01 10:38:26 [INFO] [task_scheduler.cc:195] Sending 64 sample(s) to runner
        · tvm:contraction_abcd_eafd_fbec laeuft [  660s] … 2026-08-01 10:38:26 [INFO] [task_scheduler.cc:195] Sending 64 sample(s) to runner
        · tvm:contraction_abcd_eafd_fbec laeuft [  690s] … 2026-08-01 10:38:26 [INFO] [task_scheduler.cc:195] Sending 64 sample(s) to runner
        · tvm:contraction_abcd_eafd_fbec laeuft [  720s] … 2026-08-01 10:38:26 [INFO] [task_scheduler.cc:195] Sending 64 sample(s) to runner
        · tvm:contraction_abcd_eafd_fbec laeuft [  751s] … 2026-08-01 10:38:26 [INFO] [task_scheduler.cc:195] Sending 64 sample(s) to runner
        · tvm:contraction_abcd_eafd_fbec laeuft [  781s] … 2026-08-01 10:38:26 [INFO] [task_scheduler.cc:195] Sending 64 sample(s) to runner
        · tvm:contraction_abcd_eafd_fbec laeuft [  811s] … 2026-08-01 10:38:26 [INFO] [task_scheduler.cc:195] Sending 64 sample(s) to runner
        · tvm:contraction_abcd_eafd_fbec laeuft [  841s] … 2026-08-01 10:38:26 [INFO] [task_scheduler.cc:195] Sending 64 sample(s) to runner
        · tvm:contraction_abcd_eafd_fbec laeuft [  871s] … 2026-08-01 10:38:26 [INFO] [task_scheduler.cc:195] Sending 64 sample(s) to runner
        · tvm:contraction_abcd_eafd_fbec laeuft [  901s] … 2026-08-01 10:38:26 [INFO] [task_scheduler.cc:195] Sending 64 sample(s) to runner
        · tvm:contraction_abcd_eafd_fbec laeuft [  931s] … 2026-08-01 10:38:26 [INFO] [task_scheduler.cc:195] Sending 64 sample(s) to runner
        · tvm:contraction_abcd_eafd_fbec laeuft [  961s] … 2026-08-01 10:38:26 [INFO] [task_scheduler.cc:195] Sending 64 sample(s) to runner
        · tvm:contraction_abcd_eafd_fbec laeuft [  991s] … 2026-08-01 10:38:26 [INFO] [task_scheduler.cc:195] Sending 64 sample(s) to runner
        · tvm:contraction_abcd_eafd_fbec laeuft [ 1021s] … 2026-08-01 10:38:26 [INFO] [task_scheduler.cc:195] Sending 64 sample(s) to runner
        · tvm:contraction_abcd_eafd_fbec laeuft [ 1052s] … 2026-08-01 10:38:26 [INFO] [task_scheduler.cc:195] Sending 64 sample(s) to runner
        · tvm:contraction_abcd_eafd_fbec laeuft [ 1082s] … 2026-08-01 10:38:26 [INFO] [task_scheduler.cc:195] Sending 64 sample(s) to runner
        · tvm:contraction_abcd_eafd_fbec laeuft [ 1112s] … 2026-08-01 10:38:26 [INFO] [task_scheduler.cc:195] Sending 64 sample(s) to runner
        · tvm:contraction_abcd_eafd_fbec laeuft [ 1142s] … 2026-08-01 10:38:26 [INFO] [task_scheduler.cc:195] Sending 64 sample(s) to runner
        · tvm:contraction_abcd_eafd_fbec laeuft [ 1172s] … 2026-08-01 10:38:26 [INFO] [task_scheduler.cc:195] Sending 64 sample(s) to runner
        · tvm:contraction_abcd_eafd_fbec laeuft [ 1200s] … 2026-08-01 10:38:26 [INFO] [task_scheduler.cc:195] Sending 64 sample(s) to runner
        · tvm:contraction_abcd_eafd_fbec laeuft [ 1230s] … 2026-08-01 10:38:26 [INFO] [task_scheduler.cc:195] Sending 64 sample(s) to runner
        · tvm:contraction_abcd_eafd_fbec laeuft [ 1260s] … 2026-08-01 10:38:26 [INFO] [task_scheduler.cc:195] Sending 64 sample(s) to runner
        · tvm:contraction_abcd_eafd_fbec laeuft [ 1290s] … 2026-08-01 10:38:26 [INFO] [task_scheduler.cc:195] Sending 64 sample(s) to runner
        · tvm:contraction_abcd_eafd_fbec laeuft [ 1320s] … 2026-08-01 10:38:26 [INFO] [task_scheduler.cc:195] Sending 64 sample(s) to runner
        · tvm:contraction_abcd_eafd_fbec laeuft [ 1351s] … 2026-08-01 10:38:26 [INFO] [task_scheduler.cc:195] Sending 64 sample(s) to runner
        · tvm:contraction_abcd_eafd_fbec laeuft [ 1381s] … 2026-08-01 10:38:26 [INFO] [task_scheduler.cc:195] Sending 64 sample(s) to runner
        · tvm:contraction_abcd_eafd_fbec laeuft [ 1411s] … 2026-08-01 10:38:26 [INFO] [task_scheduler.cc:195] Sending 64 sample(s) to runner
        · tvm:contraction_abcd_eafd_fbec laeuft [ 1441s] … 2026-08-01 10:38:26 [INFO] [task_scheduler.cc:195] Sending 64 sample(s) to runner
        · tvm:contraction_abcd_eafd_fbec laeuft [ 1471s] … 2026-08-01 10:38:26 [INFO] [task_scheduler.cc:195] Sending 64 sample(s) to runner
        · tvm:contraction_abcd_eafd_fbec laeuft [ 1501s] … 2026-08-01 10:38:26 [INFO] [task_scheduler.cc:195] Sending 64 sample(s) to runner
        · tvm:contraction_abcd_eafd_fbec laeuft [ 1531s] … 2026-08-01 10:38:26 [INFO] [task_scheduler.cc:195] Sending 64 sample(s) to runner
        · tvm:contraction_abcd_eafd_fbec laeuft [ 1561s] … 2026-08-01 10:38:26 [INFO] [task_scheduler.cc:195] Sending 64 sample(s) to runner
        · tvm:contraction_abcd_eafd_fbec laeuft [ 1591s] … 2026-08-01 10:38:26 [INFO] [task_scheduler.cc:195] Sending 64 sample(s) to runner
        · tvm:contraction_abcd_eafd_fbec laeuft [ 1622s] … 2026-08-01 10:38:26 [INFO] [task_scheduler.cc:195] Sending 64 sample(s) to runner
        · tvm:contraction_abcd_eafd_fbec laeuft [ 1652s] … 2026-08-01 10:38:26 [INFO] [task_scheduler.cc:195] Sending 64 sample(s) to runner
        · tvm:contraction_abcd_eafd_fbec laeuft [ 1682s] … 2026-08-01 10:38:26 [INFO] [task_scheduler.cc:195] Sending 64 sample(s) to runner
        · tvm:contraction_abcd_eafd_fbec laeuft [ 1712s] … 2026-08-01 10:38:26 [INFO] [task_scheduler.cc:195] Sending 64 sample(s) to runner
        · tvm:contraction_abcd_eafd_fbec laeuft [ 1742s] … 2026-08-01 10:38:26 [INFO] [task_scheduler.cc:195] Sending 64 sample(s) to runner
        · tvm:contraction_abcd_eafd_fbec laeuft [ 1770s] … 2026-08-01 10:38:26 [INFO] [task_scheduler.cc:195] Sending 64 sample(s) to runner
        · tvm:contraction_abcd_eafd_fbec laeuft [ 1800s] … 2026-08-01 11:08:15 [INFO] [task_scheduler.cc:195] Sending 64 sample(s) to runner
        · tvm:contraction_abcd_eafd_fbec laeuft [ 1830s] … 2026-08-01 11:08:15 [INFO] [task_scheduler.cc:195] Sending 64 sample(s) to runner
        · tvm:contraction_abcd_eafd_fbec laeuft [ 1860s] … 2026-08-01 11:08:15 [INFO] [task_scheduler.cc:195] Sending 64 sample(s) to runner
        · tvm:contraction_abcd_eafd_fbec laeuft [ 1890s] … 2026-08-01 11:08:15 [INFO] [task_scheduler.cc:195] Sending 64 sample(s) to runner
        · tvm:contraction_abcd_eafd_fbec laeuft [ 1921s] … 2026-08-01 11:08:15 [INFO] [task_scheduler.cc:195] Sending 64 sample(s) to runner
        · tvm:contraction_abcd_eafd_fbec laeuft [ 1951s] … 2026-08-01 11:08:15 [INFO] [task_scheduler.cc:195] Sending 64 sample(s) to runner
        · tvm:contraction_abcd_eafd_fbec laeuft [ 1981s] … 2026-08-01 11:08:15 [INFO] [task_scheduler.cc:195] Sending 64 sample(s) to runner
        · tvm:contraction_abcd_eafd_fbec laeuft [ 2011s] … 2026-08-01 11:08:15 [INFO] [task_scheduler.cc:195] Sending 64 sample(s) to runner
        · tvm:contraction_abcd_eafd_fbec laeuft [ 2041s] … 2026-08-01 11:08:15 [INFO] [task_scheduler.cc:195] Sending 64 sample(s) to runner
        · tvm:contraction_abcd_eafd_fbec laeuft [ 2071s] … 2026-08-01 11:08:15 [INFO] [task_scheduler.cc:195] Sending 64 sample(s) to runner
        · tvm:contraction_abcd_eafd_fbec laeuft [ 2101s] … 2026-08-01 11:08:15 [INFO] [task_scheduler.cc:195] Sending 64 sample(s) to runner
        · tvm:contraction_abcd_eafd_fbec laeuft [ 2131s] … 2026-08-01 11:08:15 [INFO] [task_scheduler.cc:195] Sending 64 sample(s) to runner
        · tvm:contraction_abcd_eafd_fbec laeuft [ 2161s] … 2026-08-01 11:08:15 [INFO] [task_scheduler.cc:195] Sending 64 sample(s) to runner
        · tvm:contraction_abcd_eafd_fbec laeuft [ 2191s] … 2026-08-01 11:08:15 [INFO] [task_scheduler.cc:195] Sending 64 sample(s) to runner
        · tvm:contraction_abcd_eafd_fbec laeuft [ 2221s] … 2026-08-01 11:08:15 [INFO] [task_scheduler.cc:195] Sending 64 sample(s) to runner
        · tvm:contraction_abcd_eafd_fbec laeuft [ 2252s] … 2026-08-01 11:08:15 [INFO] [task_scheduler.cc:195] Sending 64 sample(s) to runner
        · tvm:contraction_abcd_eafd_fbec laeuft [ 2282s] … 2026-08-01 11:08:15 [INFO] [task_scheduler.cc:195] Sending 64 sample(s) to runner
        · tvm:contraction_abcd_eafd_fbec laeuft [ 2312s] … 2026-08-01 11:08:15 [INFO] [task_scheduler.cc:195] Sending 64 sample(s) to runner
        · tvm:contraction_abcd_eafd_fbec laeuft [ 2342s] … 2026-08-01 11:08:15 [INFO] [task_scheduler.cc:195] Sending 64 sample(s) to runner
        · tvm:contraction_abcd_eafd_fbec laeuft [ 2372s] … 2026-08-01 11:08:15 [INFO] [task_scheduler.cc:195] Sending 64 sample(s) to runner
        · tvm:contraction_abcd_eafd_fbec laeuft [ 2402s] … 2026-08-01 11:08:15 [INFO] [task_scheduler.cc:195] Sending 64 sample(s) to runner
        · tvm:contraction_abcd_eafd_fbec laeuft [ 2432s] … 2026-08-01 11:08:15 [INFO] [task_scheduler.cc:195] Sending 64 sample(s) to runner
        · tvm:contraction_abcd_eafd_fbec laeuft [ 2460s] … 2026-08-01 11:08:15 [INFO] [task_scheduler.cc:195] Sending 64 sample(s) to runner
        · tvm:contraction_abcd_eafd_fbec laeuft [ 2490s] … 2026-08-01 11:08:15 [INFO] [task_scheduler.cc:195] Sending 64 sample(s) to runner
        · tvm:contraction_abcd_eafd_fbec laeuft [ 2520s] … 2026-08-01 11:08:15 [INFO] [task_scheduler.cc:195] Sending 64 sample(s) to runner
        · tvm:contraction_abcd_eafd_fbec laeuft [ 2550s] … 2026-08-01 11:08:15 [INFO] [task_scheduler.cc:195] Sending 64 sample(s) to runner
        · tvm:contraction_abcd_eafd_fbec laeuft [ 2580s] … 2026-08-01 11:08:15 [INFO] [task_scheduler.cc:195] Sending 64 sample(s) to runner
        · tvm:contraction_abcd_eafd_fbec laeuft [ 2610s] … 2026-08-01 11:08:15 [INFO] [task_scheduler.cc:195] Sending 64 sample(s) to runner
        · tvm:contraction_abcd_eafd_fbec laeuft [ 2640s] … 2026-08-01 11:08:15 [INFO] [task_scheduler.cc:195] Sending 64 sample(s) to runner
        · tvm:contraction_abcd_eafd_fbec laeuft [ 2670s] … 2026-08-01 11:08:15 [INFO] [task_scheduler.cc:195] Sending 64 sample(s) to runner
        · tvm:contraction_abcd_eafd_fbec laeuft [ 2701s] … 2026-08-01 11:08:15 [INFO] [task_scheduler.cc:195] Sending 64 sample(s) to runner
        · tvm:contraction_abcd_eafd_fbec laeuft [ 2731s] … 2026-08-01 11:08:15 [INFO] [task_scheduler.cc:195] Sending 64 sample(s) to runner
        · tvm:contraction_abcd_eafd_fbec laeuft [ 2761s] … 2026-08-01 11:08:15 [INFO] [task_scheduler.cc:195] Sending 64 sample(s) to runner
        · tvm:contraction_abcd_eafd_fbec laeuft [ 2791s] … 2026-08-01 11:08:15 [INFO] [task_scheduler.cc:195] Sending 64 sample(s) to runner
        · tvm:contraction_abcd_eafd_fbec laeuft [ 2821s] … 2026-08-01 11:08:15 [INFO] [task_scheduler.cc:195] Sending 64 sample(s) to runner
        · tvm:contraction_abcd_eafd_fbec laeuft [ 2851s] … 2026-08-01 11:08:15 [INFO] [task_scheduler.cc:195] Sending 64 sample(s) to runner
        · tvm:contraction_abcd_eafd_fbec laeuft [ 2881s] … 2026-08-01 11:08:15 [INFO] [task_scheduler.cc:195] Sending 64 sample(s) to runner
        · tvm:contraction_abcd_eafd_fbec laeuft [ 2911s] … 2026-08-01 11:08:15 [INFO] [task_scheduler.cc:195] Sending 64 sample(s) to runner
        · tvm:contraction_abcd_eafd_fbec laeuft [ 2941s] … 2026-08-01 11:08:15 [INFO] [task_scheduler.cc:195] Sending 64 sample(s) to runner
        · tvm:contraction_abcd_eafd_fbec laeuft [ 2971s] … 2026-08-01 11:08:15 [INFO] [task_scheduler.cc:195] Sending 64 sample(s) to runner
        · tvm:contraction_abcd_eafd_fbec laeuft [ 3001s] … 2026-08-01 11:08:15 [INFO] [task_scheduler.cc:195] Sending 64 sample(s) to runner
        · tvm:contraction_abcd_eafd_fbec laeuft [ 3031s] … 2026-08-01 11:08:15 [INFO] [task_scheduler.cc:195] Sending 64 sample(s) to runner
        · tvm:contraction_abcd_eafd_fbec laeuft [ 3061s] … 2026-08-01 11:08:15 [INFO] [task_scheduler.cc:195] Sending 64 sample(s) to runner
        · tvm:contraction_abcd_eafd_fbec laeuft [ 3092s] … 2026-08-01 11:08:15 [INFO] [task_scheduler.cc:195] Sending 64 sample(s) to runner
        · tvm:contraction_abcd_eafd_fbec laeuft [ 3122s] … 2026-08-01 11:08:15 [INFO] [task_scheduler.cc:195] Sending 64 sample(s) to runner
        · tvm:contraction_abcd_eafd_fbec laeuft [ 3152s] … 2026-08-01 11:08:15 [INFO] [task_scheduler.cc:195] Sending 64 sample(s) to runner
        · tvm:contraction_abcd_eafd_fbec laeuft [ 3182s] … 2026-08-01 11:08:15 [INFO] [task_scheduler.cc:195] Sending 64 sample(s) to runner
        · tvm:contraction_abcd_eafd_fbec laeuft [ 3212s] … 2026-08-01 11:08:15 [INFO] [task_scheduler.cc:195] Sending 64 sample(s) to runner
        · tvm:contraction_abcd_eafd_fbec laeuft [ 3242s] … 2026-08-01 11:08:15 [INFO] [task_scheduler.cc:195] Sending 64 sample(s) to runner
        · tvm:contraction_abcd_eafd_fbec laeuft [ 3272s] … 2026-08-01 11:08:15 [INFO] [task_scheduler.cc:195] Sending 64 sample(s) to runner
        · tvm:contraction_abcd_eafd_fbec laeuft [ 3300s] … 2026-08-01 11:08:15 [INFO] [task_scheduler.cc:195] Sending 64 sample(s) to runner
        · tvm:contraction_abcd_eafd_fbec laeuft [ 3330s] … 2026-08-01 11:08:15 [INFO] [task_scheduler.cc:195] Sending 64 sample(s) to runner
        · tvm:contraction_abcd_eafd_fbec laeuft [ 3360s] … 2026-08-01 11:08:15 [INFO] [task_scheduler.cc:195] Sending 64 sample(s) to runner
        · tvm:contraction_abcd_eafd_fbec laeuft [ 3390s] … 2026-08-01 11:08:15 [INFO] [task_scheduler.cc:195] Sending 64 sample(s) to runner
        · tvm:contraction_abcd_eafd_fbec laeuft [ 3420s] … 2026-08-01 11:08:15 [INFO] [task_scheduler.cc:195] Sending 64 sample(s) to runner
        · tvm:contraction_abcd_eafd_fbec laeuft [ 3451s] … 2026-08-01 11:08:15 [INFO] [task_scheduler.cc:195] Sending 64 sample(s) to runner
        · tvm:contraction_abcd_eafd_fbec laeuft [ 3481s] … 2026-08-01 11:08:15 [INFO] [task_scheduler.cc:195] Sending 64 sample(s) to runner
        · tvm:contraction_abcd_eafd_fbec laeuft [ 3511s] … 2026-08-01 11:08:15 [INFO] [task_scheduler.cc:195] Sending 64 sample(s) to runner
        · tvm:contraction_abcd_eafd_fbec laeuft [ 3541s] … 2026-08-01 11:08:15 [INFO] [task_scheduler.cc:195] Sending 64 sample(s) to runner
        · tvm:contraction_abcd_eafd_fbec laeuft [ 3571s] … 2026-08-01 11:08:15 [INFO] [task_scheduler.cc:195] Sending 64 sample(s) to runner
        · tvm:contraction_abcd_eafd_fbec laeuft [ 3601s] … 2026-08-01 11:08:15 [INFO] [task_scheduler.cc:195] Sending 64 sample(s) to runner
        · tvm:contraction_abcd_eafd_fbec laeuft [ 3631s] … 2026-08-01 11:38:35 [INFO] [task_scheduler.cc:195] Sending 64 sample(s) to runner
        · tvm:contraction_abcd_eafd_fbec laeuft [ 3661s] … 2026-08-01 11:38:35 [INFO] [task_scheduler.cc:195] Sending 64 sample(s) to runner
        · tvm:contraction_abcd_eafd_fbec laeuft [ 3691s] … 2026-08-01 11:38:35 [INFO] [task_scheduler.cc:195] Sending 64 sample(s) to runner
        · tvm:contraction_abcd_eafd_fbec laeuft [ 3721s] … 2026-08-01 11:38:35 [INFO] [task_scheduler.cc:195] Sending 64 sample(s) to runner
        · tvm:contraction_abcd_eafd_fbec laeuft [ 3752s] … 2026-08-01 11:38:35 [INFO] [task_scheduler.cc:195] Sending 64 sample(s) to runner
        · tvm:contraction_abcd_eafd_fbec laeuft [ 3782s] … 2026-08-01 11:38:35 [INFO] [task_scheduler.cc:195] Sending 64 sample(s) to runner
        · tvm:contraction_abcd_eafd_fbec laeuft [ 3812s] … 2026-08-01 11:38:35 [INFO] [task_scheduler.cc:195] Sending 64 sample(s) to runner
        · tvm:contraction_abcd_eafd_fbec laeuft [ 3842s] … 2026-08-01 11:38:35 [INFO] [task_scheduler.cc:195] Sending 64 sample(s) to runner
        · tvm:contraction_abcd_eafd_fbec laeuft [ 3870s] … 2026-08-01 11:38:35 [INFO] [task_scheduler.cc:195] Sending 64 sample(s) to runner
        · tvm:contraction_abcd_eafd_fbec laeuft [ 3900s] … 2026-08-01 11:38:35 [INFO] [task_scheduler.cc:195] Sending 64 sample(s) to runner
        · tvm:contraction_abcd_eafd_fbec laeuft [ 3930s] … 2026-08-01 11:38:35 [INFO] [task_scheduler.cc:195] Sending 64 sample(s) to runner
        · tvm:contraction_abcd_eafd_fbec laeuft [ 3960s] … 2026-08-01 11:38:35 [INFO] [task_scheduler.cc:195] Sending 64 sample(s) to runner
        · tvm:contraction_abcd_eafd_fbec laeuft [ 3990s] … 2026-08-01 11:38:35 [INFO] [task_scheduler.cc:195] Sending 64 sample(s) to runner
        · tvm:contraction_abcd_eafd_fbec laeuft [ 4021s] … 2026-08-01 11:38:35 [INFO] [task_scheduler.cc:195] Sending 64 sample(s) to runner
        · tvm:contraction_abcd_eafd_fbec laeuft [ 4051s] … 2026-08-01 11:38:35 [INFO] [task_scheduler.cc:195] Sending 64 sample(s) to runner
        · tvm:contraction_abcd_eafd_fbec laeuft [ 4081s] … 2026-08-01 11:38:35 [INFO] [task_scheduler.cc:195] Sending 64 sample(s) to runner
        · tvm:contraction_abcd_eafd_fbec laeuft [ 4111s] … 2026-08-01 11:38:35 [INFO] [task_scheduler.cc:195] Sending 64 sample(s) to runner
        · tvm:contraction_abcd_eafd_fbec laeuft [ 4141s] … 2026-08-01 11:38:35 [INFO] [task_scheduler.cc:195] Sending 64 sample(s) to runner
        · tvm:contraction_abcd_eafd_fbec laeuft [ 4171s] … 2026-08-01 11:38:35 [INFO] [task_scheduler.cc:195] Sending 64 sample(s) to runner
        · tvm:contraction_abcd_eafd_fbec laeuft [ 4201s] … 2026-08-01 11:38:35 [INFO] [task_scheduler.cc:195] Sending 64 sample(s) to runner
        · tvm:contraction_abcd_eafd_fbec laeuft [ 4231s] … 2026-08-01 11:38:35 [INFO] [task_scheduler.cc:195] Sending 64 sample(s) to runner
        · tvm:contraction_abcd_eafd_fbec laeuft [ 4261s] … 2026-08-01 11:38:35 [INFO] [task_scheduler.cc:195] Sending 64 sample(s) to runner
        · tvm:contraction_abcd_eafd_fbec laeuft [ 4291s] … 2026-08-01 11:38:35 [INFO] [task_scheduler.cc:195] Sending 64 sample(s) to runner
        · tvm:contraction_abcd_eafd_fbec laeuft [ 4322s] … 2026-08-01 11:38:35 [INFO] [task_scheduler.cc:195] Sending 64 sample(s) to runner
        · tvm:contraction_abcd_eafd_fbec laeuft [ 4352s] … 2026-08-01 11:38:35 [INFO] [task_scheduler.cc:195] Sending 64 sample(s) to runner
        · tvm:contraction_abcd_eafd_fbec laeuft [ 4382s] … 2026-08-01 11:38:35 [INFO] [task_scheduler.cc:195] Sending 64 sample(s) to runner
        · tvm:contraction_abcd_eafd_fbec laeuft [ 4412s] … 2026-08-01 11:38:35 [INFO] [task_scheduler.cc:195] Sending 64 sample(s) to runner
        · tvm:contraction_abcd_eafd_fbec laeuft [ 4442s] … 2026-08-01 11:38:35 [INFO] [task_scheduler.cc:195] Sending 64 sample(s) to runner
        · tvm:contraction_abcd_eafd_fbec laeuft [ 4472s] … 2026-08-01 11:38:35 [INFO] [task_scheduler.cc:195] Sending 64 sample(s) to runner
        · tvm:contraction_abcd_eafd_fbec laeuft [ 4502s] … 2026-08-01 11:38:35 [INFO] [task_scheduler.cc:195] Sending 64 sample(s) to runner
        · tvm:contraction_abcd_eafd_fbec laeuft [ 4532s] … 2026-08-01 11:38:35 [INFO] [task_scheduler.cc:195] Sending 64 sample(s) to runner
        · tvm:contraction_abcd_eafd_fbec laeuft [ 4562s] … 2026-08-01 11:38:35 [INFO] [task_scheduler.cc:195] Sending 64 sample(s) to runner
        · tvm:contraction_abcd_eafd_fbec laeuft [ 4592s] … 2026-08-01 11:38:35 [INFO] [task_scheduler.cc:195] Sending 64 sample(s) to runner
        · tvm:contraction_abcd_eafd_fbec laeuft [ 4622s] … 2026-08-01 11:38:35 [INFO] [task_scheduler.cc:195] Sending 64 sample(s) to runner
        · tvm:contraction_abcd_eafd_fbec laeuft [ 4652s] … 2026-08-01 11:38:35 [INFO] [task_scheduler.cc:195] Sending 64 sample(s) to runner
        · tvm:contraction_abcd_eafd_fbec laeuft [ 4682s] … 2026-08-01 11:38:35 [INFO] [task_scheduler.cc:195] Sending 64 sample(s) to runner
        · tvm:contraction_abcd_eafd_fbec laeuft [ 4710s] … 2026-08-01 11:38:35 [INFO] [task_scheduler.cc:195] Sending 64 sample(s) to runner
        · tvm:contraction_abcd_eafd_fbec laeuft [ 4740s] … 2026-08-01 11:38:35 [INFO] [task_scheduler.cc:195] Sending 64 sample(s) to runner
        · tvm:contraction_abcd_eafd_fbec laeuft [ 4770s] … 2026-08-01 11:38:35 [INFO] [task_scheduler.cc:195] Sending 64 sample(s) to runner
        · tvm:contraction_abcd_eafd_fbec laeuft [ 4800s] … 2026-08-01 11:38:35 [INFO] [task_scheduler.cc:195] Sending 64 sample(s) to runner
        · tvm:contraction_abcd_eafd_fbec laeuft [ 4830s] … 2026-08-01 11:38:35 [INFO] [task_scheduler.cc:195] Sending 64 sample(s) to runner
        · tvm:contraction_abcd_eafd_fbec laeuft [ 4860s] … 2026-08-01 11:38:35 [INFO] [task_scheduler.cc:195] Sending 64 sample(s) to runner
        · tvm:contraction_abcd_eafd_fbec laeuft [ 4890s] … 2026-08-01 11:38:35 [INFO] [task_scheduler.cc:195] Sending 64 sample(s) to runner
        · tvm:contraction_abcd_eafd_fbec laeuft [ 4920s] … 2026-08-01 11:38:35 [INFO] [task_scheduler.cc:195] Sending 64 sample(s) to runner
        · tvm:contraction_abcd_eafd_fbec laeuft [ 4950s] … 2026-08-01 11:38:35 [INFO] [task_scheduler.cc:195] Sending 64 sample(s) to runner
        · tvm:contraction_abcd_eafd_fbec laeuft [ 4981s] … 2026-08-01 11:38:35 [INFO] [task_scheduler.cc:195] Sending 64 sample(s) to runner
        · tvm:contraction_abcd_eafd_fbec laeuft [ 5011s] … 2026-08-01 11:38:35 [INFO] [task_scheduler.cc:195] Sending 64 sample(s) to runner
        · tvm:contraction_abcd_eafd_fbec laeuft [ 5041s] … 2026-08-01 11:38:35 [INFO] [task_scheduler.cc:195] Sending 64 sample(s) to runner
        · tvm:contraction_abcd_eafd_fbec laeuft [ 5071s] … 2026-08-01 11:38:35 [INFO] [task_scheduler.cc:195] Sending 64 sample(s) to runner
        · tvm:contraction_abcd_eafd_fbec laeuft [ 5101s] … 2026-08-01 11:38:35 [INFO] [task_scheduler.cc:195] Sending 64 sample(s) to runner
        · tvm:contraction_abcd_eafd_fbec laeuft [ 5131s] … 2026-08-01 11:38:35 [INFO] [task_scheduler.cc:195] Sending 64 sample(s) to runner
        · tvm:contraction_abcd_eafd_fbec laeuft [ 5161s] … 2026-08-01 12:04:04 [INFO] [task_scheduler.cc:195] Sending 8 sample(s) to runner
        · tvm:contraction_abcd_eafd_fbec laeuft [ 5191s] … 2026-08-01 12:04:04 [INFO] [task_scheduler.cc:195] Sending 8 sample(s) to runner
        · tvm:contraction_abcd_eafd_fbec laeuft [ 5221s] … Total latency (us): 1.09873e+06
        · tvm:contraction_abcd_eafd_fbec laeuft [ 5251s] … Total latency (us): 1.09873e+06
        · tvm:contraction_abcd_eafd_fbec laeuft [ 5282s] … Total latency (us): 1.09873e+06
        · tvm:contraction_abcd_eafd_fbec laeuft [ 5312s] … Total latency (us): 1.09873e+06
  [tvm] 30/48 contraction_abcd_eafd_fbec             933.5 GFLOPS [ok]              5331s  DONE @ 2026-08-01 12:07:09
----- Stufe TVM fertig in 1061.3 min @ 2026-08-01 12:07:09 -----

=== Matrix komplett @ 2026-08-01 12:07:09. Ergebnisse in gett_results/{torch,teir,tvm}.csv ===
